[2026-09-28T09:50:45Z] Starting MinerU server: /gpfs/home5/sfris1/multimodal-tip-of-tongue-for-scientific-papers/.venv-mineru/bin/mineru-router --host 127.0.0.1 --port 52887
[1;31m2026-09-28 11:50:48.037161969 [E:onnxruntime:Default, env.cc:298 ThreadMain] pthread_setaffinity_np failed for thread: 381137, index: 1, mask: {2, }, error code: 22 error msg: Invalid argument. Specify the number of threads explicitly so the affinity is not set.[m
[1;31m2026-09-28 11:50:48.037327244 [E:onnxruntime:Default, env.cc:298 ThreadMain] pthread_setaffinity_np failed for thread: 381141, index: 5, mask: {6, }, error code: 22 error msg: Invalid argument. Specify the number of threads explicitly so the affinity is not set.[m
[1;31m2026-09-28 11:50:48.037353786 [E:onnxruntime:Default, env.cc:298 ThreadMain] pthread_setaffinity_np failed for thread: 381142, index: 6, mask: {7, }, error code: 22 error msg: Invalid argument. Specify the number of threads explicitly so the affinity is not set.[m
[1;31m2026-09-28 11:50:48.037166422 [E:onnxruntime:Default, env.cc:298 ThreadMain] pthread_setaffinity_np failed for thread: 381138, index: 2, mask: {3, }, error code: 22 error msg: Invalid argument. Specify the number of threads explicitly so the affinity is not set.[m
[1;31m2026-09-28 11:50:48.037309817 [E:onnxruntime:Default, env.cc:298 ThreadMain] pthread_setaffinity_np failed for thread: 381140, index: 4, mask: {5, }, error code: 22 error msg: Invalid argument. Specify the number of threads explicitly so the affinity is not set.[m
[1;31m2026-09-28 11:50:48.037158013 [E:onnxruntime:Default, env.cc:298 ThreadMain] pthread_setaffinity_np failed for thread: 381136, index: 0, mask: {1, }, error code: 22 error msg: Invalid argument. Specify the number of threads explicitly so the affinity is not set.[m
[1;31m2026-09-28 11:50:48.037260584 [E:onnxruntime:Default, env.cc:298 ThreadMain] pthread_setaffinity_np failed for thread: 381139, index: 3, mask: {4, }, error code: 22 error msg: Invalid argument. Specify the number of threads explicitly so the affinity is not set.[m
[1;31m2026-09-28 11:50:48.037409696 [E:onnxruntime:Default, env.cc:298 ThreadMain] pthread_setaffinity_np failed for thread: 381143, index: 7, mask: {8, }, error code: 22 error msg: Invalid argument. Specify the number of threads explicitly so the affinity is not set.[m
[1;31m2026-09-28 11:50:48.037448027 [E:onnxruntime:Default, env.cc:298 ThreadMain] pthread_setaffinity_np failed for thread: 381144, index: 8, mask: {9, }, error code: 22 error msg: Invalid argument. Specify the number of threads explicitly so the affinity is not set.[m
[1;31m2026-09-28 11:50:48.037469622 [E:onnxruntime:Default, env.cc:298 ThreadMain] pthread_setaffinity_np failed for thread: 381145, index: 9, mask: {10, }, error code: 22 error msg: Invalid argument. Specify the number of threads explicitly so the affinity is not set.[m
[1;31m2026-09-28 11:50:48.037527155 [E:onnxruntime:Default, env.cc:298 ThreadMain] pthread_setaffinity_np failed for thread: 381146, index: 10, mask: {11, }, error code: 22 error msg: Invalid argument. Specify the number of threads explicitly so the affinity is not set.[m
[1;31m2026-09-28 11:50:48.037540881 [E:onnxruntime:Default, env.cc:298 ThreadMain] pthread_setaffinity_np failed for thread: 381147, index: 11, mask: {12, }, error code: 22 error msg: Invalid argument. Specify the number of threads explicitly so the affinity is not set.[m
[1;31m2026-09-28 11:50:48.037616817 [E:onnxruntime:Default, env.cc:298 ThreadMain] pthread_setaffinity_np failed for thread: 381148, index: 12, mask: {13, }, error code: 22 error msg: Invalid argument. Specify the number of threads explicitly so the affinity is not set.[m
[1;31m2026-09-28 11:50:48.037624873 [E:onnxruntime:Default, env.cc:298 ThreadMain] pthread_setaffinity_np failed for thread: 381149, index: 13, mask: {14, }, error code: 22 error msg: Invalid argument. Specify the number of threads explicitly so the affinity is not set.[m
[1;31m2026-09-28 11:50:48.037670790 [E:onnxruntime:Default, env.cc:298 ThreadMain] pthread_setaffinity_np failed for thread: 381150, index: 14, mask: {15, }, error code: 22 error msg: Invalid argument. Specify the number of threads explicitly so the affinity is not set.[m
[1;31m2026-09-28 11:50:48.037686863 [E:onnxruntime:Default, env.cc:298 ThreadMain] pthread_setaffinity_np failed for thread: 381151, index: 15, mask: {16, }, error code: 22 error msg: Invalid argument. Specify the number of threads explicitly so the affinity is not set.[m
[1;31m2026-09-28 11:50:48.037718683 [E:onnxruntime:Default, env.cc:298 ThreadMain] pthread_setaffinity_np failed for thread: 381152, index: 16, mask: {17, }, error code: 22 error msg: Invalid argument. Specify the number of threads explicitly so the affinity is not set.[m
[1;31m2026-09-28 11:50:48.037766580 [E:onnxruntime:Default, env.cc:298 ThreadMain] pthread_setaffinity_np failed for thread: 381153, index: 17, mask: {18, }, error code: 22 error msg: Invalid argument. Specify the number of threads explicitly so the affinity is not set.[m
[1;31m2026-09-28 11:50:48.037787806 [E:onnxruntime:Default, env.cc:298 ThreadMain] pthread_setaffinity_np failed for thread: 381154, index: 18, mask: {19, }, error code: 22 error msg: Invalid argument. Specify the number of threads explicitly so the affinity is not set.[m
[1;31m2026-09-28 11:50:48.037813876 [E:onnxruntime:Default, env.cc:298 ThreadMain] pthread_setaffinity_np failed for thread: 381155, index: 19, mask: {20, }, error code: 22 error msg: Invalid argument. Specify the number of threads explicitly so the affinity is not set.[m
[1;31m2026-09-28 11:50:48.056316927 [E:onnxruntime:Default, env.cc:298 ThreadMain] pthread_setaffinity_np failed for thread: 381174, index: 38, mask: {39, }, error code: 22 error msg: Invalid argument. Specify the number of threads explicitly so the affinity is not set.[m
[1;31m2026-09-28 11:50:48.060319851 [E:onnxruntime:Default, env.cc:298 ThreadMain] pthread_setaffinity_np failed for thread: 381179, index: 43, mask: {44, }, error code: 22 error msg: Invalid argument. Specify the number of threads explicitly so the affinity is not set.[m
[1;31m2026-09-28 11:50:48.037850789 [E:onnxruntime:Default, env.cc:298 ThreadMain] pthread_setaffinity_np failed for thread: 381156, index: 20, mask: {21, }, error code: 22 error msg: Invalid argument. Specify the number of threads explicitly so the affinity is not set.[m
[1;31m2026-09-28 11:50:48.037872170 [E:onnxruntime:Default, env.cc:298 ThreadMain] pthread_setaffinity_np failed for thread: 381157, index: 21, mask: {22, }, error code: 22 error msg: Invalid argument. Specify the number of threads explicitly so the affinity is not set.[m
[1;31m2026-09-28 11:50:48.037902922 [E:onnxruntime:Default, env.cc:298 ThreadMain] pthread_setaffinity_np failed for thread: 381158, index: 22, mask: {23, }, error code: 22 error msg: Invalid argument. Specify the number of threads explicitly so the affinity is not set.[m
[1;31m2026-09-28 11:50:48.037968584 [E:onnxruntime:Default, env.cc:298 ThreadMain] pthread_setaffinity_np failed for thread: 381160, index: 24, mask: {25, }, error code: 22 error msg: Invalid argument. Specify the number of threads explicitly so the affinity is not set.[m
[1;31m2026-09-28 11:50:48.037924753 [E:onnxruntime:Default, env.cc:298 ThreadMain] pthread_setaffinity_np failed for thread: 381159, index: 23, mask: {24, }, error code: 22 error msg: Invalid argument. Specify the number of threads explicitly so the affinity is not set.[m
[1;31m2026-09-28 11:50:48.037985316 [E:onnxruntime:Default, env.cc:298 ThreadMain] pthread_setaffinity_np failed for thread: 381161, index: 25, mask: {26, }, error code: 22 error msg: Invalid argument. Specify the number of threads explicitly so the affinity is not set.[m
[1;31m2026-09-28 11:50:48.038034640 [E:onnxruntime:Default, env.cc:298 ThreadMain] pthread_setaffinity_np failed for thread: 381163, index: 27, mask: {28, }, error code: 22 error msg: Invalid argument. Specify the number of threads explicitly so the affinity is not set.[m
[1;31m2026-09-28 11:50:48.038063328 [E:onnxruntime:Default, env.cc:298 ThreadMain] pthread_setaffinity_np failed for thread: 381164, index: 28, mask: {29, }, error code: 22 error msg: Invalid argument. Specify the number of threads explicitly so the affinity is not set.[m
[1;31m2026-09-28 11:50:48.038012407 [E:onnxruntime:Default, env.cc:298 ThreadMain] pthread_setaffinity_np failed for thread: 381162, index: 26, mask: {27, }, error code: 22 error msg: Invalid argument. Specify the number of threads explicitly so the affinity is not set.[m
[1;31m2026-09-28 11:50:48.038079230 [E:onnxruntime:Default, env.cc:298 ThreadMain] pthread_setaffinity_np failed for thread: 381165, index: 29, mask: {30, }, error code: 22 error msg: Invalid argument. Specify the number of threads explicitly so the affinity is not set.[m
[1;31m2026-09-28 11:50:48.081334191 [E:onnxruntime:Default, env.cc:298 ThreadMain] pthread_setaffinity_np failed for thread: 381172, index: 36, mask: {37, }, error code: 22 error msg: Invalid argument. Specify the number of threads explicitly so the affinity is not set.[m
[1;31m2026-09-28 11:50:48.038115095 [E:onnxruntime:Default, env.cc:298 ThreadMain] pthread_setaffinity_np failed for thread: 381166, index: 30, mask: {31, }, error code: 22 error msg: Invalid argument. Specify the number of threads explicitly so the affinity is not set.[m
[1;31m2026-09-28 11:50:48.038171612 [E:onnxruntime:Default, env.cc:298 ThreadMain] pthread_setaffinity_np failed for thread: 381168, index: 32, mask: {33, }, error code: 22 error msg: Invalid argument. Specify the number of threads explicitly so the affinity is not set.[m
[1;31m2026-09-28 11:50:48.038191143 [E:onnxruntime:Default, env.cc:298 ThreadMain] pthread_setaffinity_np failed for thread: 381169, index: 33, mask: {34, }, error code: 22 error msg: Invalid argument. Specify the number of threads explicitly so the affinity is not set.[m
[1;31m2026-09-28 11:50:48.038218650 [E:onnxruntime:Default, env.cc:298 ThreadMain] pthread_setaffinity_np failed for thread: 381170, index: 34, mask: {35, }, error code: 22 error msg: Invalid argument. Specify the number of threads explicitly so the affinity is not set.[m
[1;31m2026-09-28 11:50:48.038244453 [E:onnxruntime:Default, env.cc:298 ThreadMain] pthread_setaffinity_np failed for thread: 381171, index: 35, mask: {36, }, error code: 22 error msg: Invalid argument. Specify the number of threads explicitly so the affinity is not set.[m
[1;31m2026-09-28 11:50:48.060323703 [E:onnxruntime:Default, env.cc:298 ThreadMain] pthread_setaffinity_np failed for thread: 381176, index: 40, mask: {41, }, error code: 22 error msg: Invalid argument. Specify the number of threads explicitly so the affinity is not set.[m
[1;31m2026-09-28 11:50:48.060326061 [E:onnxruntime:Default, env.cc:298 ThreadMain] pthread_setaffinity_np failed for thread: 381180, index: 44, mask: {45, }, error code: 22 error msg: Invalid argument. Specify the number of threads explicitly so the affinity is not set.[m
[1;31m2026-09-28 11:50:48.038142440 [E:onnxruntime:Default, env.cc:298 ThreadMain] pthread_setaffinity_np failed for thread: 381167, index: 31, mask: {32, }, error code: 22 error msg: Invalid argument. Specify the number of threads explicitly so the affinity is not set.[m
[1;31m2026-09-28 11:50:48.090324260 [E:onnxruntime:Default, env.cc:298 ThreadMain] pthread_setaffinity_np failed for thread: 381183, index: 47, mask: {48, }, error code: 22 error msg: Invalid argument. Specify the number of threads explicitly so the affinity is not set.[m
[1;31m2026-09-28 11:50:48.099318706 [E:onnxruntime:Default, env.cc:298 ThreadMain] pthread_setaffinity_np failed for thread: 381173, index: 37, mask: {38, }, error code: 22 error msg: Invalid argument. Specify the number of threads explicitly so the affinity is not set.[m
[1;31m2026-09-28 11:50:48.108331706 [E:onnxruntime:Default, env.cc:298 ThreadMain] pthread_setaffinity_np failed for thread: 381177, index: 41, mask: {42, }, error code: 22 error msg: Invalid argument. Specify the number of threads explicitly so the affinity is not set.[m
[1;31m2026-09-28 11:50:48.108338929 [E:onnxruntime:Default, env.cc:298 ThreadMain] pthread_setaffinity_np failed for thread: 381182, index: 46, mask: {47, }, error code: 22 error msg: Invalid argument. Specify the number of threads explicitly so the affinity is not set.[m
[1;31m2026-09-28 11:50:48.108372181 [E:onnxruntime:Default, env.cc:298 ThreadMain] pthread_setaffinity_np failed for thread: 381184, index: 48, mask: {49, }, error code: 22 error msg: Invalid argument. Specify the number of threads explicitly so the affinity is not set.[m
[1;31m2026-09-28 11:50:48.108408014 [E:onnxruntime:Default, env.cc:298 ThreadMain] pthread_setaffinity_np failed for thread: 381187, index: 51, mask: {52, }, error code: 22 error msg: Invalid argument. Specify the number of threads explicitly so the affinity is not set.[m
[1;31m2026-09-28 11:50:48.108341792 [E:onnxruntime:Default, env.cc:298 ThreadMain] pthread_setaffinity_np failed for thread: 381188, index: 52, mask: {53, }, error code: 22 error msg: Invalid argument. Specify the number of threads explicitly so the affinity is not set.[m
[1;31m2026-09-28 11:50:48.108335400 [E:onnxruntime:Default, env.cc:298 ThreadMain] pthread_setaffinity_np failed for thread: 381178, index: 42, mask: {43, }, error code: 22 error msg: Invalid argument. Specify the number of threads explicitly so the affinity is not set.[m
[1;31m2026-09-28 11:50:48.108345107 [E:onnxruntime:Default, env.cc:298 ThreadMain] pthread_setaffinity_np failed for thread: 381175, index: 39, mask: {40, }, error code: 22 error msg: Invalid argument. Specify the number of threads explicitly so the affinity is not set.[m
[1;31m2026-09-28 11:50:48.124342721 [E:onnxruntime:Default, env.cc:298 ThreadMain] pthread_setaffinity_np failed for thread: 381181, index: 45, mask: {46, }, error code: 22 error msg: Invalid argument. Specify the number of threads explicitly so the affinity is not set.[m
[1;31m2026-09-28 11:50:48.133352502 [E:onnxruntime:Default, env.cc:298 ThreadMain] pthread_setaffinity_np failed for thread: 381185, index: 49, mask: {50, }, error code: 22 error msg: Invalid argument. Specify the number of threads explicitly so the affinity is not set.[m
[1;31m2026-09-28 11:50:48.134124153 [E:onnxruntime:Default, env.cc:298 ThreadMain] pthread_setaffinity_np failed for thread: 381186, index: 50, mask: {51, }, error code: 22 error msg: Invalid argument. Specify the number of threads explicitly so the affinity is not set.[m
Start MinerU Router Service: http://127.0.0.1:52887
API documentation: http://127.0.0.1:52887/docs
INFO:     Started server process [381016]
INFO:     Waiting for application startup.
[1;31m2026-09-28 11:50:50.648751368 [E:onnxruntime:Default, env.cc:298 ThreadMain] pthread_setaffinity_np failed for thread: 381252, index: 0, mask: {1, }, error code: 22 error msg: Invalid argument. Specify the number of threads explicitly so the affinity is not set.[m
[1;31m2026-09-28 11:50:50.648759414 [E:onnxruntime:Default, env.cc:298 ThreadMain] pthread_setaffinity_np failed for thread: 381253, index: 1, mask: {2, }, error code: 22 error msg: Invalid argument. Specify the number of threads explicitly so the affinity is not set.[m
[1;31m2026-09-28 11:50:50.648808291 [E:onnxruntime:Default, env.cc:298 ThreadMain] pthread_setaffinity_np failed for thread: 381255, index: 3, mask: {4, }, error code: 22 error msg: Invalid argument. Specify the number of threads explicitly so the affinity is not set.[m
[1;31m2026-09-28 11:50:50.648897673 [E:onnxruntime:Default, env.cc:298 ThreadMain] pthread_setaffinity_np failed for thread: 381254, index: 2, mask: {3, }, error code: 22 error msg: Invalid argument. Specify the number of threads explicitly so the affinity is not set.[m
[1;31m2026-09-28 11:50:50.667033216 [E:onnxruntime:Default, env.cc:298 ThreadMain] pthread_setaffinity_np failed for thread: 381269, index: 17, mask: {18, }, error code: 22 error msg: Invalid argument. Specify the number of threads explicitly so the affinity is not set.[m
[1;31m2026-09-28 11:50:50.667060542 [E:onnxruntime:Default, env.cc:298 ThreadMain] pthread_setaffinity_np failed for thread: 381270, index: 18, mask: {19, }, error code: 22 error msg: Invalid argument. Specify the number of threads explicitly so the affinity is not set.[m
[1;31m2026-09-28 11:50:50.648935404 [E:onnxruntime:Default, env.cc:298 ThreadMain] pthread_setaffinity_np failed for thread: 381257, index: 5, mask: {6, }, error code: 22 error msg: Invalid argument. Specify the number of threads explicitly so the affinity is not set.[m
[1;31m2026-09-28 11:50:50.648971251 [E:onnxruntime:Default, env.cc:298 ThreadMain] pthread_setaffinity_np failed for thread: 381258, index: 6, mask: {7, }, error code: 22 error msg: Invalid argument. Specify the number of threads explicitly so the affinity is not set.[m
[1;31m2026-09-28 11:50:50.667463093 [E:onnxruntime:Default, env.cc:298 ThreadMain] pthread_setaffinity_np failed for thread: 381274, index: 22, mask: {23, }, error code: 22 error msg: Invalid argument. Specify the number of threads explicitly so the affinity is not set.[m
[1;31m2026-09-28 11:50:50.667483166 [E:onnxruntime:Default, env.cc:298 ThreadMain] pthread_setaffinity_np failed for thread: 381304, index: 52, mask: {53, }, error code: 22 error msg: Invalid argument. Specify the number of threads explicitly so the affinity is not set.[m
[1;31m2026-09-28 11:50:50.649058979 [E:onnxruntime:Default, env.cc:298 ThreadMain] pthread_setaffinity_np failed for thread: 381260, index: 8, mask: {9, }, error code: 22 error msg: Invalid argument. Specify the number of threads explicitly so the affinity is not set.[m
[1;31m2026-09-28 11:50:50.649096545 [E:onnxruntime:Default, env.cc:298 ThreadMain] pthread_setaffinity_np failed for thread: 381262, index: 10, mask: {11, }, error code: 22 error msg: Invalid argument. Specify the number of threads explicitly so the affinity is not set.[m
[1;31m2026-09-28 11:50:50.649117703 [E:onnxruntime:Default, env.cc:298 ThreadMain] pthread_setaffinity_np failed for thread: 381263, index: 11, mask: {12, }, error code: 22 error msg: Invalid argument. Specify the number of threads explicitly so the affinity is not set.[m
[1;31m2026-09-28 11:50:50.649145839 [E:onnxruntime:Default, env.cc:298 ThreadMain] pthread_setaffinity_np failed for thread: 381264, index: 12, mask: {13, }, error code: 22 error msg: Invalid argument. Specify the number of threads explicitly so the affinity is not set.[m
[1;31m2026-09-28 11:50:50.649180016 [E:onnxruntime:Default, env.cc:298 ThreadMain] pthread_setaffinity_np failed for thread: 381265, index: 13, mask: {14, }, error code: 22 error msg: Invalid argument. Specify the number of threads explicitly so the affinity is not set.[m
[1;31m2026-09-28 11:50:50.667094590 [E:onnxruntime:Default, env.cc:298 ThreadMain] pthread_setaffinity_np failed for thread: 381271, index: 19, mask: {20, }, error code: 22 error msg: Invalid argument. Specify the number of threads explicitly so the affinity is not set.[m
[1;31m2026-09-28 11:50:50.667119265 [E:onnxruntime:Default, env.cc:298 ThreadMain] pthread_setaffinity_np failed for thread: 381272, index: 20, mask: {21, }, error code: 22 error msg: Invalid argument. Specify the number of threads explicitly so the affinity is not set.[m
[1;31m2026-09-28 11:50:50.648930221 [E:onnxruntime:Default, env.cc:298 ThreadMain] pthread_setaffinity_np failed for thread: 381256, index: 4, mask: {5, }, error code: 22 error msg: Invalid argument. Specify the number of threads explicitly so the affinity is not set.[m
[1;31m2026-09-28 11:50:50.673327099 [E:onnxruntime:Default, env.cc:298 ThreadMain] pthread_setaffinity_np failed for thread: 381273, index: 21, mask: {22, }, error code: 22 error msg: Invalid argument. Specify the number of threads explicitly so the affinity is not set.[m
[1;31m2026-09-28 11:50:50.675316372 [E:onnxruntime:Default, env.cc:298 ThreadMain] pthread_setaffinity_np failed for thread: 381292, index: 40, mask: {41, }, error code: 22 error msg: Invalid argument. Specify the number of threads explicitly so the affinity is not set.[m
[1;31m2026-09-28 11:50:50.667192996 [E:onnxruntime:Default, env.cc:298 ThreadMain] pthread_setaffinity_np failed for thread: 381290, index: 38, mask: {39, }, error code: 22 error msg: Invalid argument. Specify the number of threads explicitly so the affinity is not set.[m
[1;31m2026-09-28 11:50:50.667421305 [E:onnxruntime:Default, env.cc:298 ThreadMain] pthread_setaffinity_np failed for thread: 381268, index: 16, mask: {17, }, error code: 22 error msg: Invalid argument. Specify the number of threads explicitly so the affinity is not set.[m
[1;31m2026-09-28 11:50:50.667451141 [E:onnxruntime:Default, env.cc:298 ThreadMain] pthread_setaffinity_np failed for thread: 381285, index: 33, mask: {34, }, error code: 22 error msg: Invalid argument. Specify the number of threads explicitly so the affinity is not set.[m
[1;31m2026-09-28 11:50:50.699310037 [E:onnxruntime:Default, env.cc:298 ThreadMain] pthread_setaffinity_np failed for thread: 381277, index: 25, mask: {26, }, error code: 22 error msg: Invalid argument. Specify the number of threads explicitly so the affinity is not set.[m
[1;31m2026-09-28 11:50:50.648989206 [E:onnxruntime:Default, env.cc:298 ThreadMain] pthread_setaffinity_np failed for thread: 381259, index: 7, mask: {8, }, error code: 22 error msg: Invalid argument. Specify the number of threads explicitly so the affinity is not set.[m
[1;31m2026-09-28 11:50:50.706308785 [E:onnxruntime:Default, env.cc:298 ThreadMain] pthread_setaffinity_np failed for thread: 381289, index: 37, mask: {38, }, error code: 22 error msg: Invalid argument. Specify the number of threads explicitly so the affinity is not set.[m
[1;31m2026-09-28 11:50:50.649059579 [E:onnxruntime:Default, env.cc:298 ThreadMain] pthread_setaffinity_np failed for thread: 381261, index: 9, mask: {10, }, error code: 22 error msg: Invalid argument. Specify the number of threads explicitly so the affinity is not set.[m
[1;31m2026-09-28 11:50:50.680334911 [E:onnxruntime:Default, env.cc:298 ThreadMain] pthread_setaffinity_np failed for thread: 381294, index: 42, mask: {43, }, error code: 22 error msg: Invalid argument. Specify the number of threads explicitly so the affinity is not set.[m
[1;31m2026-09-28 11:50:50.684313807 [E:onnxruntime:Default, env.cc:298 ThreadMain] pthread_setaffinity_np failed for thread: 381295, index: 43, mask: {44, }, error code: 22 error msg: Invalid argument. Specify the number of threads explicitly so the affinity is not set.[m
[1;31m2026-09-28 11:50:50.711327425 [E:onnxruntime:Default, env.cc:298 ThreadMain] pthread_setaffinity_np failed for thread: 381278, index: 26, mask: {27, }, error code: 22 error msg: Invalid argument. Specify the number of threads explicitly so the affinity is not set.[m
[1;31m2026-09-28 11:50:50.667338887 [E:onnxruntime:Default, env.cc:298 ThreadMain] pthread_setaffinity_np failed for thread: 381281, index: 29, mask: {30, }, error code: 22 error msg: Invalid argument. Specify the number of threads explicitly so the affinity is not set.[m
[1;31m2026-09-28 11:50:50.690327195 [E:onnxruntime:Default, env.cc:298 ThreadMain] pthread_setaffinity_np failed for thread: 381288, index: 36, mask: {37, }, error code: 22 error msg: Invalid argument. Specify the number of threads explicitly so the affinity is not set.[m
[1;31m2026-09-28 11:50:50.727311351 [E:onnxruntime:Default, env.cc:298 ThreadMain] pthread_setaffinity_np failed for thread: 381279, index: 27, mask: {28, }, error code: 22 error msg: Invalid argument. Specify the number of threads explicitly so the affinity is not set.[m
[1;31m2026-09-28 11:50:50.732351441 [E:onnxruntime:Default, env.cc:298 ThreadMain] pthread_setaffinity_np failed for thread: 381299, index: 47, mask: {48, }, error code: 22 error msg: Invalid argument. Specify the number of threads explicitly so the affinity is not set.[m
[1;31m2026-09-28 11:50:50.732435906 [E:onnxruntime:Default, env.cc:298 ThreadMain] pthread_setaffinity_np failed for thread: 381293, index: 41, mask: {42, }, error code: 22 error msg: Invalid argument. Specify the number of threads explicitly so the affinity is not set.[m
[1;31m2026-09-28 11:50:50.732448042 [E:onnxruntime:Default, env.cc:298 ThreadMain] pthread_setaffinity_np failed for thread: 381283, index: 31, mask: {32, }, error code: 22 error msg: Invalid argument. Specify the number of threads explicitly so the affinity is not set.[m
[1;31m2026-09-28 11:50:50.739300776 [E:onnxruntime:Default, env.cc:298 ThreadMain] pthread_setaffinity_np failed for thread: 381280, index: 28, mask: {29, }, error code: 22 error msg: Invalid argument. Specify the number of threads explicitly so the affinity is not set.[m
[1;31m2026-09-28 11:50:50.741299628 [E:onnxruntime:Default, env.cc:298 ThreadMain] pthread_setaffinity_np failed for thread: 381301, index: 49, mask: {50, }, error code: 22 error msg: Invalid argument. Specify the number of threads explicitly so the affinity is not set.[m
[1;31m2026-09-28 11:50:50.732444554 [E:onnxruntime:Default, env.cc:298 ThreadMain] pthread_setaffinity_np failed for thread: 381282, index: 30, mask: {31, }, error code: 22 error msg: Invalid argument. Specify the number of threads explicitly so the affinity is not set.[m
[1;31m2026-09-28 11:50:50.732453444 [E:onnxruntime:Default, env.cc:298 ThreadMain] pthread_setaffinity_np failed for thread: 381291, index: 39, mask: {40, }, error code: 22 error msg: Invalid argument. Specify the number of threads explicitly so the affinity is not set.[m
[1;31m2026-09-28 11:50:50.748316690 [E:onnxruntime:Default, env.cc:298 ThreadMain] pthread_setaffinity_np failed for thread: 381302, index: 50, mask: {51, }, error code: 22 error msg: Invalid argument. Specify the number of threads explicitly so the affinity is not set.[m
[1;31m2026-09-28 11:50:50.748330518 [E:onnxruntime:Default, env.cc:298 ThreadMain] pthread_setaffinity_np failed for thread: 381287, index: 35, mask: {36, }, error code: 22 error msg: Invalid argument. Specify the number of threads explicitly so the affinity is not set.[m
[1;31m2026-09-28 11:50:50.732449550 [E:onnxruntime:Default, env.cc:298 ThreadMain] pthread_setaffinity_np failed for thread: 381267, index: 15, mask: {16, }, error code: 22 error msg: Invalid argument. Specify the number of threads explicitly so the affinity is not set.[m
[1;31m2026-09-28 11:50:50.732453381 [E:onnxruntime:Default, env.cc:298 ThreadMain] pthread_setaffinity_np failed for thread: 381266, index: 14, mask: {15, }, error code: 22 error msg: Invalid argument. Specify the number of threads explicitly so the affinity is not set.[m
[1;31m2026-09-28 11:50:50.732456867 [E:onnxruntime:Default, env.cc:298 ThreadMain] pthread_setaffinity_np failed for thread: 381276, index: 24, mask: {25, }, error code: 22 error msg: Invalid argument. Specify the number of threads explicitly so the affinity is not set.[m
[1;31m2026-09-28 11:50:50.732459296 [E:onnxruntime:Default, env.cc:298 ThreadMain] pthread_setaffinity_np failed for thread: 381275, index: 23, mask: {24, }, error code: 22 error msg: Invalid argument. Specify the number of threads explicitly so the affinity is not set.[m
[1;31m2026-09-28 11:50:50.732463393 [E:onnxruntime:Default, env.cc:298 ThreadMain] pthread_setaffinity_np failed for thread: 381297, index: 45, mask: {46, }, error code: 22 error msg: Invalid argument. Specify the number of threads explicitly so the affinity is not set.[m
[1;31m2026-09-28 11:50:50.732465755 [E:onnxruntime:Default, env.cc:298 ThreadMain] pthread_setaffinity_np failed for thread: 381284, index: 32, mask: {33, }, error code: 22 error msg: Invalid argument. Specify the number of threads explicitly so the affinity is not set.[m
[1;31m2026-09-28 11:50:50.732466925 [E:onnxruntime:Default, env.cc:298 ThreadMain] pthread_setaffinity_np failed for thread: 381286, index: 34, mask: {35, }, error code: 22 error msg: Invalid argument. Specify the number of threads explicitly so the affinity is not set.[m
[1;31m2026-09-28 11:50:50.732474636 [E:onnxruntime:Default, env.cc:298 ThreadMain] pthread_setaffinity_np failed for thread: 381296, index: 44, mask: {45, }, error code: 22 error msg: Invalid argument. Specify the number of threads explicitly so the affinity is not set.[m
[1;31m2026-09-28 11:50:50.732481727 [E:onnxruntime:Default, env.cc:298 ThreadMain] pthread_setaffinity_np failed for thread: 381303, index: 51, mask: {52, }, error code: 22 error msg: Invalid argument. Specify the number of threads explicitly so the affinity is not set.[m
[1;31m2026-09-28 11:50:50.732484466 [E:onnxruntime:Default, env.cc:298 ThreadMain] pthread_setaffinity_np failed for thread: 381298, index: 46, mask: {47, }, error code: 22 error msg: Invalid argument. Specify the number of threads explicitly so the affinity is not set.[m
[1;31m2026-09-28 11:50:50.732502761 [E:onnxruntime:Default, env.cc:298 ThreadMain] pthread_setaffinity_np failed for thread: 381300, index: 48, mask: {49, }, error code: 22 error msg: Invalid argument. Specify the number of threads explicitly so the affinity is not set.[m
2026-09-28 11:50:53.626 | INFO     | __main__:create_app:236 - Request concurrency limited to 3
Start MinerU FastAPI Service: http://127.0.0.1:41845
API documentation: http://127.0.0.1:41845/docs
INFO:     Started server process [381235]
INFO:     Waiting for application startup.
INFO:     Application startup complete.
INFO:     Uvicorn running on http://127.0.0.1:41845 (Press CTRL+C to quit)
INFO:     Application startup complete.
INFO:     Uvicorn running on http://127.0.0.1:52887 (Press CTRL+C to quit)
INFO:     127.0.0.1:55894 - "GET /health HTTP/1.1" 200 OK
[2026-09-28T09:50:55Z] MinerU server is ready at http://127.0.0.1:52887
INFO:     127.0.0.1:55908 - "GET /health HTTP/1.1" 200 OK
INFO:     127.0.0.1:55922 - "POST /tasks HTTP/1.1" 202 Accepted
INFO:     127.0.0.1:55922 - "GET /tasks/1645bbeb-8983-4c55-ba5b-551cf4e78f7e HTTP/1.1" 200 OK
INFO:     127.0.0.1:55924 - "POST /tasks HTTP/1.1" 202 Accepted
INFO:     127.0.0.1:55922 - "GET /tasks/e18f629e-2099-45e9-ac50-fe34bcf6feaa HTTP/1.1" 200 OK
2026-09-28 11:50:59.247 | INFO     | mineru.utils.engine_utils:get_vlm_engine:34 - Using vllm-async-engine as the inference engine for VLM.
INFO:     127.0.0.1:55922 - "GET /tasks/1645bbeb-8983-4c55-ba5b-551cf4e78f7e HTTP/1.1" 200 OK
INFO:     127.0.0.1:55924 - "GET /tasks/e18f629e-2099-45e9-ac50-fe34bcf6feaa HTTP/1.1" 200 OK
INFO:     127.0.0.1:55908 - "POST /tasks HTTP/1.1" 202 Accepted
INFO:     127.0.0.1:55908 - "GET /tasks/3b85e6a7-691d-4f13-a5ee-0fef18fab9c5 HTTP/1.1" 200 OK
2026-09-28 11:51:01.201 | INFO     | mineru.utils.engine_utils:get_vlm_engine:34 - Using vllm-async-engine as the inference engine for VLM.
WARNING 09-28 11:51:01 [config.py:70] Support for Transformers v4 is deprecated. The Transformers v4 codepath will become unmaintained in vLLM v0.22.0 and will be removed in vLLM v0.24.0. Please upgrade to Transformers v5: pip install --upgrade transformers
2026-09-28 11:51:04.467 | INFO     | mineru.backend.vlm.utils:enable_custom_logits_processors:56 - compute_capability: 8.0 >= 8.0 and vllm version: 0.21.0 >= 0.10.1, enable custom_logits_processors
INFO 09-28 11:51:04 [model.py:568] Resolved architecture: Qwen2VLForConditionalGeneration
INFO 09-28 11:51:04 [model.py:1697] Using max model len 8192
INFO 09-28 11:51:04 [scheduler.py:239] Chunked prefill is enabled with max_num_batched_tokens=2048.
INFO 09-28 11:51:04 [vllm.py:886] Asynchronous scheduling is enabled.
INFO 09-28 11:51:04 [kernel.py:212] Final IR op priority after setting platform defaults: IrOpPriorityConfig(rms_norm=['native'], fused_add_rms_norm=['native'])
The image processor of type `Qwen2VLImageProcessor` is now loaded as a fast processor by default, even if the model checkpoint was saved with a slow processor. This is a breaking change and may produce slightly different outputs. To continue using the slow processor, instantiate this class with `use_fast=False`. Note that this behavior will be extended to all models in a future release.
WARNING 09-28 11:51:09 [system_utils.py:157] We must use the `spawn` multiprocessing start method. Overriding VLLM_WORKER_MULTIPROC_METHOD to 'spawn'. See https://docs.vllm.ai/en/latest/usage/troubleshooting.html#python-multiprocessing for more information. Reasons: CUDA is initialized
[1;31m2026-09-28 11:51:10.447116158 [E:onnxruntime:Default, env.cc:298 ThreadMain] pthread_setaffinity_np failed for thread: 381438, index: 3, mask: {4, }, error code: 22 error msg: Invalid argument. Specify the number of threads explicitly so the affinity is not set.[m
[1;31m2026-09-28 11:51:10.447063672 [E:onnxruntime:Default, env.cc:298 ThreadMain] pthread_setaffinity_np failed for thread: 381437, index: 2, mask: {3, }, error code: 22 error msg: Invalid argument. Specify the number of threads explicitly so the affinity is not set.[m
[1;31m2026-09-28 11:51:10.446997059 [E:onnxruntime:Default, env.cc:298 ThreadMain] pthread_setaffinity_np failed for thread: 381436, index: 1, mask: {2, }, error code: 22 error msg: Invalid argument. Specify the number of threads explicitly so the affinity is not set.[m
[1;31m2026-09-28 11:51:10.447170980 [E:onnxruntime:Default, env.cc:298 ThreadMain] pthread_setaffinity_np failed for thread: 381441, index: 6, mask: {7, }, error code: 22 error msg: Invalid argument. Specify the number of threads explicitly so the affinity is not set.[m
[1;31m2026-09-28 11:51:10.446993907 [E:onnxruntime:Default, env.cc:298 ThreadMain] pthread_setaffinity_np failed for thread: 381435, index: 0, mask: {1, }, error code: 22 error msg: Invalid argument. Specify the number of threads explicitly so the affinity is not set.[m
[1;31m2026-09-28 11:51:10.447140618 [E:onnxruntime:Default, env.cc:298 ThreadMain] pthread_setaffinity_np failed for thread: 381440, index: 5, mask: {6, }, error code: 22 error msg: Invalid argument. Specify the number of threads explicitly so the affinity is not set.[m
[1;31m2026-09-28 11:51:10.465379888 [E:onnxruntime:Default, env.cc:298 ThreadMain] pthread_setaffinity_np failed for thread: 381457, index: 22, mask: {23, }, error code: 22 error msg: Invalid argument. Specify the number of threads explicitly so the affinity is not set.[m
[1;31m2026-09-28 11:51:10.465503749 [E:onnxruntime:Default, env.cc:298 ThreadMain] pthread_setaffinity_np failed for thread: 381459, index: 24, mask: {25, }, error code: 22 error msg: Invalid argument. Specify the number of threads explicitly so the affinity is not set.[m
[1;31m2026-09-28 11:51:10.465544304 [E:onnxruntime:Default, env.cc:298 ThreadMain] pthread_setaffinity_np failed for thread: 381460, index: 25, mask: {26, }, error code: 22 error msg: Invalid argument. Specify the number of threads explicitly so the affinity is not set.[m
[1;31m2026-09-28 11:51:10.465564397 [E:onnxruntime:Default, env.cc:298 ThreadMain] pthread_setaffinity_np failed for thread: 381461, index: 26, mask: {27, }, error code: 22 error msg: Invalid argument. Specify the number of threads explicitly so the affinity is not set.[m
[1;31m2026-09-28 11:51:10.465609959 [E:onnxruntime:Default, env.cc:298 ThreadMain] pthread_setaffinity_np failed for thread: 381462, index: 27, mask: {28, }, error code: 22 error msg: Invalid argument. Specify the number of threads explicitly so the affinity is not set.[m
[1;31m2026-09-28 11:51:10.447295997 [E:onnxruntime:Default, env.cc:298 ThreadMain] pthread_setaffinity_np failed for thread: 381439, index: 4, mask: {5, }, error code: 22 error msg: Invalid argument. Specify the number of threads explicitly so the affinity is not set.[m
[1;31m2026-09-28 11:51:10.447382883 [E:onnxruntime:Default, env.cc:298 ThreadMain] pthread_setaffinity_np failed for thread: 381443, index: 8, mask: {9, }, error code: 22 error msg: Invalid argument. Specify the number of threads explicitly so the affinity is not set.[m
[1;31m2026-09-28 11:51:10.465691380 [E:onnxruntime:Default, env.cc:298 ThreadMain] pthread_setaffinity_np failed for thread: 381465, index: 30, mask: {31, }, error code: 22 error msg: Invalid argument. Specify the number of threads explicitly so the affinity is not set.[m
[1;31m2026-09-28 11:51:10.465714518 [E:onnxruntime:Default, env.cc:298 ThreadMain] pthread_setaffinity_np failed for thread: 381466, index: 31, mask: {32, }, error code: 22 error msg: Invalid argument. Specify the number of threads explicitly so the affinity is not set.[m
[1;31m2026-09-28 11:51:10.465736753 [E:onnxruntime:Default, env.cc:298 ThreadMain] pthread_setaffinity_np failed for thread: 381467, index: 32, mask: {33, }, error code: 22 error msg: Invalid argument. Specify the number of threads explicitly so the affinity is not set.[m
[1;31m2026-09-28 11:51:10.447466249 [E:onnxruntime:Default, env.cc:298 ThreadMain] pthread_setaffinity_np failed for thread: 381447, index: 12, mask: {13, }, error code: 22 error msg: Invalid argument. Specify the number of threads explicitly so the affinity is not set.[m
[1;31m2026-09-28 11:51:10.447487348 [E:onnxruntime:Default, env.cc:298 ThreadMain] pthread_setaffinity_np failed for thread: 381448, index: 13, mask: {14, }, error code: 22 error msg: Invalid argument. Specify the number of threads explicitly so the affinity is not set.[m
[1;31m2026-09-28 11:51:10.466216617 [E:onnxruntime:Default, env.cc:298 ThreadMain] pthread_setaffinity_np failed for thread: 381486, index: 51, mask: {52, }, error code: 22 error msg: Invalid argument. Specify the number of threads explicitly so the affinity is not set.[m
[1;31m2026-09-28 11:51:10.447531252 [E:onnxruntime:Default, env.cc:298 ThreadMain] pthread_setaffinity_np failed for thread: 381450, index: 15, mask: {16, }, error code: 22 error msg: Invalid argument. Specify the number of threads explicitly so the affinity is not set.[m
[1;31m2026-09-28 11:51:10.447513102 [E:onnxruntime:Default, env.cc:298 ThreadMain] pthread_setaffinity_np failed for thread: 381449, index: 14, mask: {15, }, error code: 22 error msg: Invalid argument. Specify the number of threads explicitly so the affinity is not set.[m
[1;31m2026-09-28 11:51:10.447562760 [E:onnxruntime:Default, env.cc:298 ThreadMain] pthread_setaffinity_np failed for thread: 381451, index: 16, mask: {17, }, error code: 22 error msg: Invalid argument. Specify the number of threads explicitly so the affinity is not set.[m
[1;31m2026-09-28 11:51:10.447588701 [E:onnxruntime:Default, env.cc:298 ThreadMain] pthread_setaffinity_np failed for thread: 381452, index: 17, mask: {18, }, error code: 22 error msg: Invalid argument. Specify the number of threads explicitly so the affinity is not set.[m
[1;31m2026-09-28 11:51:10.447635817 [E:onnxruntime:Default, env.cc:298 ThreadMain] pthread_setaffinity_np failed for thread: 381454, index: 19, mask: {20, }, error code: 22 error msg: Invalid argument. Specify the number of threads explicitly so the affinity is not set.[m
[1;31m2026-09-28 11:51:10.447616682 [E:onnxruntime:Default, env.cc:298 ThreadMain] pthread_setaffinity_np failed for thread: 381453, index: 18, mask: {19, }, error code: 22 error msg: Invalid argument. Specify the number of threads explicitly so the affinity is not set.[m
[1;31m2026-09-28 11:51:10.447666151 [E:onnxruntime:Default, env.cc:298 ThreadMain] pthread_setaffinity_np failed for thread: 381455, index: 20, mask: {21, }, error code: 22 error msg: Invalid argument. Specify the number of threads explicitly so the affinity is not set.[m
[1;31m2026-09-28 11:51:10.465623998 [E:onnxruntime:Default, env.cc:298 ThreadMain] pthread_setaffinity_np failed for thread: 381463, index: 28, mask: {29, }, error code: 22 error msg: Invalid argument. Specify the number of threads explicitly so the affinity is not set.[m
[1;31m2026-09-28 11:51:10.465666621 [E:onnxruntime:Default, env.cc:298 ThreadMain] pthread_setaffinity_np failed for thread: 381464, index: 29, mask: {30, }, error code: 22 error msg: Invalid argument. Specify the number of threads explicitly so the affinity is not set.[m
[1;31m2026-09-28 11:51:10.447388010 [E:onnxruntime:Default, env.cc:298 ThreadMain] pthread_setaffinity_np failed for thread: 381444, index: 9, mask: {10, }, error code: 22 error msg: Invalid argument. Specify the number of threads explicitly so the affinity is not set.[m
[1;31m2026-09-28 11:51:10.447684958 [E:onnxruntime:Default, env.cc:298 ThreadMain] pthread_setaffinity_np failed for thread: 381456, index: 21, mask: {22, }, error code: 22 error msg: Invalid argument. Specify the number of threads explicitly so the affinity is not set.[m
[1;31m2026-09-28 11:51:10.447412069 [E:onnxruntime:Default, env.cc:298 ThreadMain] pthread_setaffinity_np failed for thread: 381445, index: 10, mask: {11, }, error code: 22 error msg: Invalid argument. Specify the number of threads explicitly so the affinity is not set.[m
[1;31m2026-09-28 11:51:10.447439225 [E:onnxruntime:Default, env.cc:298 ThreadMain] pthread_setaffinity_np failed for thread: 381446, index: 11, mask: {12, }, error code: 22 error msg: Invalid argument. Specify the number of threads explicitly so the affinity is not set.[m
[1;31m2026-09-28 11:51:10.465798599 [E:onnxruntime:Default, env.cc:298 ThreadMain] pthread_setaffinity_np failed for thread: 381469, index: 34, mask: {35, }, error code: 22 error msg: Invalid argument. Specify the number of threads explicitly so the affinity is not set.[m
[1;31m2026-09-28 11:51:10.465820043 [E:onnxruntime:Default, env.cc:298 ThreadMain] pthread_setaffinity_np failed for thread: 381470, index: 35, mask: {36, }, error code: 22 error msg: Invalid argument. Specify the number of threads explicitly so the affinity is not set.[m
[1;31m2026-09-28 11:51:10.465842383 [E:onnxruntime:Default, env.cc:298 ThreadMain] pthread_setaffinity_np failed for thread: 381471, index: 36, mask: {37, }, error code: 22 error msg: Invalid argument. Specify the number of threads explicitly so the affinity is not set.[m
[1;31m2026-09-28 11:51:10.465877309 [E:onnxruntime:Default, env.cc:298 ThreadMain] pthread_setaffinity_np failed for thread: 381472, index: 37, mask: {38, }, error code: 22 error msg: Invalid argument. Specify the number of threads explicitly so the affinity is not set.[m
[1;31m2026-09-28 11:51:10.465891341 [E:onnxruntime:Default, env.cc:298 ThreadMain] pthread_setaffinity_np failed for thread: 381473, index: 38, mask: {39, }, error code: 22 error msg: Invalid argument. Specify the number of threads explicitly so the affinity is not set.[m
[1;31m2026-09-28 11:51:10.465921791 [E:onnxruntime:Default, env.cc:298 ThreadMain] pthread_setaffinity_np failed for thread: 381474, index: 39, mask: {40, }, error code: 22 error msg: Invalid argument. Specify the number of threads explicitly so the affinity is not set.[m
[1;31m2026-09-28 11:51:10.465939751 [E:onnxruntime:Default, env.cc:298 ThreadMain] pthread_setaffinity_np failed for thread: 381475, index: 40, mask: {41, }, error code: 22 error msg: Invalid argument. Specify the number of threads explicitly so the affinity is not set.[m
[1;31m2026-09-28 11:51:10.465965696 [E:onnxruntime:Default, env.cc:298 ThreadMain] pthread_setaffinity_np failed for thread: 381476, index: 41, mask: {42, }, error code: 22 error msg: Invalid argument. Specify the number of threads explicitly so the affinity is not set.[m
[1;31m2026-09-28 11:51:10.465982673 [E:onnxruntime:Default, env.cc:298 ThreadMain] pthread_setaffinity_np failed for thread: 381477, index: 42, mask: {43, }, error code: 22 error msg: Invalid argument. Specify the number of threads explicitly so the affinity is not set.[m
[1;31m2026-09-28 11:51:10.466011397 [E:onnxruntime:Default, env.cc:298 ThreadMain] pthread_setaffinity_np failed for thread: 381478, index: 43, mask: {44, }, error code: 22 error msg: Invalid argument. Specify the number of threads explicitly so the affinity is not set.[m
[1;31m2026-09-28 11:51:10.466026128 [E:onnxruntime:Default, env.cc:298 ThreadMain] pthread_setaffinity_np failed for thread: 381479, index: 44, mask: {45, }, error code: 22 error msg: Invalid argument. Specify the number of threads explicitly so the affinity is not set.[m
[1;31m2026-09-28 11:51:10.466052116 [E:onnxruntime:Default, env.cc:298 ThreadMain] pthread_setaffinity_np failed for thread: 381480, index: 45, mask: {46, }, error code: 22 error msg: Invalid argument. Specify the number of threads explicitly so the affinity is not set.[m
[1;31m2026-09-28 11:51:10.466066505 [E:onnxruntime:Default, env.cc:298 ThreadMain] pthread_setaffinity_np failed for thread: 381481, index: 46, mask: {47, }, error code: 22 error msg: Invalid argument. Specify the number of threads explicitly so the affinity is not set.[m
[1;31m2026-09-28 11:51:10.466097112 [E:onnxruntime:Default, env.cc:298 ThreadMain] pthread_setaffinity_np failed for thread: 381482, index: 47, mask: {48, }, error code: 22 error msg: Invalid argument. Specify the number of threads explicitly so the affinity is not set.[m
[1;31m2026-09-28 11:51:10.466124894 [E:onnxruntime:Default, env.cc:298 ThreadMain] pthread_setaffinity_np failed for thread: 381483, index: 48, mask: {49, }, error code: 22 error msg: Invalid argument. Specify the number of threads explicitly so the affinity is not set.[m
[1;31m2026-09-28 11:51:10.466161373 [E:onnxruntime:Default, env.cc:298 ThreadMain] pthread_setaffinity_np failed for thread: 381484, index: 49, mask: {50, }, error code: 22 error msg: Invalid argument. Specify the number of threads explicitly so the affinity is not set.[m
[1;31m2026-09-28 11:51:10.466182029 [E:onnxruntime:Default, env.cc:298 ThreadMain] pthread_setaffinity_np failed for thread: 381485, index: 50, mask: {51, }, error code: 22 error msg: Invalid argument. Specify the number of threads explicitly so the affinity is not set.[m
[1;31m2026-09-28 11:51:10.447191453 [E:onnxruntime:Default, env.cc:298 ThreadMain] pthread_setaffinity_np failed for thread: 381442, index: 7, mask: {8, }, error code: 22 error msg: Invalid argument. Specify the number of threads explicitly so the affinity is not set.[m
[1;31m2026-09-28 11:51:10.465772352 [E:onnxruntime:Default, env.cc:298 ThreadMain] pthread_setaffinity_np failed for thread: 381468, index: 33, mask: {34, }, error code: 22 error msg: Invalid argument. Specify the number of threads explicitly so the affinity is not set.[m
[1;31m2026-09-28 11:51:10.551405303 [E:onnxruntime:Default, env.cc:298 ThreadMain] pthread_setaffinity_np failed for thread: 381487, index: 52, mask: {53, }, error code: 22 error msg: Invalid argument. Specify the number of threads explicitly so the affinity is not set.[m
[1;31m2026-09-28 11:51:10.553320012 [E:onnxruntime:Default, env.cc:298 ThreadMain] pthread_setaffinity_np failed for thread: 381458, index: 23, mask: {24, }, error code: 22 error msg: Invalid argument. Specify the number of threads explicitly so the affinity is not set.[m
WARNING 09-28 11:51:16 [config.py:70] Support for Transformers v4 is deprecated. The Transformers v4 codepath will become unmaintained in vLLM v0.22.0 and will be removed in vLLM v0.24.0. Please upgrade to Transformers v5: pip install --upgrade transformers
(EngineCore pid=381418) INFO 09-28 11:51:17 [core.py:109] Initializing a V1 LLM engine (v0.21.0) with config: model='/home/sfris1/.cache/huggingface/hub/models--opendatalab--MinerU2.5-Pro-2605-1.2B/snapshots/bff20d4ae2bf202df9f45284b4d43681555a97ed', speculative_config=None, tokenizer='/home/sfris1/.cache/huggingface/hub/models--opendatalab--MinerU2.5-Pro-2605-1.2B/snapshots/bff20d4ae2bf202df9f45284b4d43681555a97ed', skip_tokenizer_init=False, tokenizer_mode=auto, revision=None, tokenizer_revision=None, trust_remote_code=False, dtype=torch.bfloat16, max_seq_len=8192, download_dir=None, load_format=auto, tensor_parallel_size=1, pipeline_parallel_size=1, data_parallel_size=1, decode_context_parallel_size=1, dcp_comm_backend=ag_rs, disable_custom_all_reduce=False, quantization=None, quantization_config=None, enforce_eager=False, enable_return_routed_experts=False, kv_cache_dtype=auto, device_config=cuda, structured_outputs_config=StructuredOutputsConfig(backend='auto', disable_any_whitespace=False, disable_additional_properties=False, reasoning_parser='', reasoning_parser_plugin='', enable_in_reasoning=False), observability_config=ObservabilityConfig(show_hidden_metrics_for_version=None, otlp_traces_endpoint=None, collect_detailed_traces=None, kv_cache_metrics=False, kv_cache_metrics_sample=0.01, cudagraph_metrics=False, enable_layerwise_nvtx_tracing=False, enable_mfu_metrics=False, enable_mm_processor_stats=False, enable_logging_iteration_details=False), seed=0, served_model_name=/home/sfris1/.cache/huggingface/hub/models--opendatalab--MinerU2.5-Pro-2605-1.2B/snapshots/bff20d4ae2bf202df9f45284b4d43681555a97ed, enable_prefix_caching=True, enable_chunked_prefill=True, pooler_config=None, compilation_config={'mode': <CompilationMode.VLLM_COMPILE: 3>, 'debug_dump_path': None, 'cache_dir': '', 'compile_cache_save_format': 'binary', 'backend': 'inductor', 'custom_ops': ['none'], 'ir_enable_torch_wrap': True, 'splitting_ops': ['vllm::unified_attention_with_output', 'vllm::unified_mla_attention_with_output', 'vllm::mamba_mixer2', 'vllm::mamba_mixer', 'vllm::short_conv', 'vllm::linear_attention', 'vllm::plamo2_mamba_mixer', 'vllm::gdn_attention_core', 'vllm::gdn_attention_core_xpu', 'vllm::olmo_hybrid_gdn_full_forward', 'vllm::kda_attention', 'vllm::sparse_attn_indexer', 'vllm::rocm_aiter_sparse_attn_indexer', 'vllm::deepseek_v4_attention', 'vllm::unified_kv_cache_update', 'vllm::unified_mla_kv_cache_update'], 'compile_mm_encoder': False, 'cudagraph_mm_encoder': False, 'encoder_cudagraph_token_budgets': [], 'encoder_cudagraph_max_vision_items_per_batch': 0, 'encoder_cudagraph_max_frames_per_batch': None, 'compile_sizes': [], 'compile_ranges_endpoints': [2048], 'inductor_compile_config': {'enable_auto_functionalized_v2': False, 'size_asserts': False, 'alignment_asserts': False, 'scalar_asserts': False, 'combo_kernels': True, 'benchmark_combo_kernel': True}, 'inductor_passes': {}, 'cudagraph_mode': <CUDAGraphMode.FULL_AND_PIECEWISE: (2, 1)>, 'cudagraph_num_of_warmups': 1, 'cudagraph_capture_sizes': [1, 2, 4, 8, 16, 24, 32, 40, 48, 56, 64, 72, 80, 88, 96, 104, 112, 120, 128, 136, 144, 152, 160, 168, 176, 184, 192, 200, 208, 216, 224, 232, 240, 248, 256], 'cudagraph_copy_inputs': False, 'cudagraph_specialize_lora': True, 'use_inductor_graph_partition': False, 'pass_config': {'fuse_norm_quant': False, 'fuse_act_quant': False, 'fuse_attn_quant': False, 'enable_sp': False, 'fuse_gemm_comms': False, 'fuse_allreduce_rms': False, 'fuse_act_padding': False}, 'max_cudagraph_capture_size': 256, 'dynamic_shapes_config': {'type': <DynamicShapesType.BACKED: 'backed'>, 'evaluate_guards': False, 'assume_32_bit_indexing': False}, 'local_cache_dir': None, 'fast_moe_cold_start': False, 'static_all_moe_layers': []}, kernel_config=KernelConfig(ir_op_priority=IrOpPriorityConfig(rms_norm=['native'], fused_add_rms_norm=['native']), enable_flashinfer_autotune=False, moe_backend='auto')
(EngineCore pid=381418) INFO 09-28 11:51:19 [parallel_state.py:1410] world_size=1 rank=0 local_rank=0 distributed_init_method=tcp://145.136.62.60:52705 backend=nccl
(EngineCore pid=381418) INFO 09-28 11:51:19 [parallel_state.py:1723] rank 0 in world size 1 is assigned as DP rank 0, PP rank 0, PCP rank 0, TP rank 0, EP rank N/A, EPLB rank N/A
(EngineCore pid=381418) INFO 09-28 11:51:20 [topk_topp_sampler.py:45] Using FlashInfer for top-p & top-k sampling.
(EngineCore pid=381418) The image processor of type `Qwen2VLImageProcessor` is now loaded as a fast processor by default, even if the model checkpoint was saved with a slow processor. This is a breaking change and may produce slightly different outputs. To continue using the slow processor, instantiate this class with `use_fast=False`. Note that this behavior will be extended to all models in a future release.
(EngineCore pid=381418) INFO 09-28 11:51:23 [gpu_model_runner.py:4857] Starting to load model /home/sfris1/.cache/huggingface/hub/models--opendatalab--MinerU2.5-Pro-2605-1.2B/snapshots/bff20d4ae2bf202df9f45284b4d43681555a97ed...
(EngineCore pid=381418) INFO 09-28 11:51:24 [cuda.py:427] Using backend AttentionBackendEnum.FLASH_ATTN for vit attention
(EngineCore pid=381418) INFO 09-28 11:51:24 [mm_encoder_attention.py:372] Using AttentionBackendEnum.FLASH_ATTN for MMEncoderAttention.
(EngineCore pid=381418) INFO 09-28 11:51:24 [vllm.py:886] Asynchronous scheduling is enabled.
(EngineCore pid=381418) INFO 09-28 11:51:24 [kernel.py:212] Final IR op priority after setting platform defaults: IrOpPriorityConfig(rms_norm=['native'], fused_add_rms_norm=['native'])
(EngineCore pid=381418) INFO 09-28 11:51:24 [cuda.py:372] Using FLASH_ATTN attention backend out of potential backends: ['FLASH_ATTN', 'FLASHINFER', 'TRITON_ATTN', 'FLEX_ATTENTION'].
(EngineCore pid=381418) INFO 09-28 11:51:24 [flash_attn.py:641] Using FlashAttention version 2
(EngineCore pid=381418) INFO 09-28 11:51:24 [weight_utils.py:938] Filesystem type for checkpoints: GPFS. Checkpoint size: 2.15 GiB. Available RAM: 440.86 GiB.
(EngineCore pid=381418) INFO 09-28 11:51:24 [weight_utils.py:961] Auto-prefetch is disabled because the filesystem (GPFS) is not a recognized network FS (NFS/Lustre). If you want to force prefetching, start vLLM with --safetensors-load-strategy=prefetch.
(EngineCore pid=381418) Loading safetensors checkpoint shards:   0% Completed | 0/1 [00:00<?, ?it/s]
(EngineCore pid=381418) Loading safetensors checkpoint shards: 100% Completed | 1/1 [00:01<00:00,  1.21s/it]
(EngineCore pid=381418) Loading safetensors checkpoint shards: 100% Completed | 1/1 [00:01<00:00,  1.21s/it]
(EngineCore pid=381418) 
(EngineCore pid=381418) INFO 09-28 11:51:25 [default_loader.py:397] Loading weights took 1.25 seconds
(EngineCore pid=381418) INFO 09-28 11:51:26 [gpu_model_runner.py:4959] Model loading took 2.16 GiB memory and 1.657283 seconds
(EngineCore pid=381418) INFO 09-28 11:51:26 [gpu_model_runner.py:5920] Encoder cache will be initialized with a budget of 8192 tokens, and profiled with 1 video items of the maximum feature size.
(EngineCore pid=381418) INFO 09-28 11:51:30 [backends.py:1089] Using cache directory: /home/sfris1/.cache/vllm/torch_compile_cache/0b038e20d9/rank_0_0/backbone for vLLM's torch.compile
(EngineCore pid=381418) INFO 09-28 11:51:30 [backends.py:1148] Dynamo bytecode transform time: 2.54 s
(EngineCore pid=381418) INFO 09-28 11:51:32 [backends.py:292] Directly load the compiled graph(s) for compile range (1, 2048) from the cache, took 1.214 s
(EngineCore pid=381418) INFO 09-28 11:51:32 [decorators.py:311] Directly load AOT compilation from path /home/sfris1/.cache/vllm/torch_compile_cache/torch_aot_compile/f70690c7922ed7bf1ca527c9fdf3c62a797f1daf5f6eeccdde6c81f5df8e3ff8/rank_0_0/model
(EngineCore pid=381418) INFO 09-28 11:51:32 [monitor.py:53] torch.compile took 4.01 s in total
(EngineCore pid=381418) INFO 09-28 11:51:32 [monitor.py:81] Initial profiling/warmup run took 0.01 s
(EngineCore pid=381418) INFO 09-28 11:51:41 [gpu_model_runner.py:6063] Profiling CUDA graph memory: PIECEWISE=35 (largest=256), FULL=19 (largest=128)
(EngineCore pid=381418) INFO 09-28 11:51:42 [gpu_model_runner.py:6142] Estimated CUDA graph memory: 0.18 GiB total
(EngineCore pid=381418) INFO 09-28 11:51:42 [gpu_worker.py:462] Available KV cache memory: 16.11 GiB
(EngineCore pid=381418) INFO 09-28 11:51:42 [gpu_worker.py:477] CUDA graph memory profiling is enabled (default since v0.21.0). The current --gpu-memory-utilization=0.5000 is equivalent to --gpu-memory-utilization=0.4954 without CUDA graph memory profiling. To maintain the same effective KV cache size as before, increase --gpu-memory-utilization to 0.5046. To disable, set VLLM_MEMORY_PROFILER_ESTIMATE_CUDAGRAPHS=0.
(EngineCore pid=381418) INFO 09-28 11:51:42 [kv_cache_utils.py:1710] GPU KV cache size: 1,407,376 tokens
(EngineCore pid=381418) INFO 09-28 11:51:42 [kv_cache_utils.py:1711] Maximum concurrency for 8,192 tokens per request: 171.80x
(EngineCore pid=381418) INFO 09-28 11:51:42 [kernel_warmup.py:44] Skipping FlashInfer autotune because it is disabled.
(EngineCore pid=381418) Capturing CUDA graphs (mixed prefill-decode, PIECEWISE):   0%|          | 0/35 [00:00<?, ?it/s]Capturing CUDA graphs (mixed prefill-decode, PIECEWISE):  11%|█▏        | 4/35 [00:00<00:00, 36.11it/s]Capturing CUDA graphs (mixed prefill-decode, PIECEWISE):  23%|██▎       | 8/35 [00:00<00:00, 36.04it/s]Capturing CUDA graphs (mixed prefill-decode, PIECEWISE):  34%|███▍      | 12/35 [00:00<00:00, 36.05it/s]Capturing CUDA graphs (mixed prefill-decode, PIECEWISE):  46%|████▌     | 16/35 [00:00<00:00, 36.11it/s]Capturing CUDA graphs (mixed prefill-decode, PIECEWISE):  57%|█████▋    | 20/35 [00:00<00:00, 35.23it/s]Capturing CUDA graphs (mixed prefill-decode, PIECEWISE):  69%|██████▊   | 24/35 [00:00<00:00, 35.39it/s]Capturing CUDA graphs (mixed prefill-decode, PIECEWISE):  80%|████████  | 28/35 [00:00<00:00, 35.37it/s]Capturing CUDA graphs (mixed prefill-decode, PIECEWISE):  91%|█████████▏| 32/35 [00:00<00:00, 33.91it/s]Capturing CUDA graphs (mixed prefill-decode, PIECEWISE): 100%|██████████| 35/35 [00:01<00:00, 34.60it/s]
(EngineCore pid=381418) Capturing CUDA graphs (decode, FULL):   0%|          | 0/19 [00:00<?, ?it/s]Capturing CUDA graphs (decode, FULL):  21%|██        | 4/19 [00:00<00:00, 37.11it/s]Capturing CUDA graphs (decode, FULL):  42%|████▏     | 8/19 [00:00<00:00, 37.12it/s]Capturing CUDA graphs (decode, FULL):  63%|██████▎   | 12/19 [00:00<00:00, 37.19it/s]Capturing CUDA graphs (decode, FULL):  84%|████████▍ | 16/19 [00:00<00:00, 37.14it/s]Capturing CUDA graphs (decode, FULL): 100%|██████████| 19/19 [00:00<00:00, 37.32it/s]
(EngineCore pid=381418) INFO 09-28 11:51:44 [gpu_model_runner.py:6243] Graph capturing finished in 2 secs, took 0.25 GiB
(EngineCore pid=381418) INFO 09-28 11:51:44 [gpu_worker.py:621] CUDA graph pool memory: 0.25 GiB (actual), 0.18 GiB (estimated), difference: 0.07 GiB (26.6%).
(EngineCore pid=381418) INFO 09-28 11:51:44 [jit_monitor.py:54] Kernel JIT monitor activated — Triton JIT compilations during inference will be logged as warnings.
(EngineCore pid=381418) INFO 09-28 11:51:44 [core.py:299] init engine (profile, create kv cache, warmup model) took 18.43 s (compilation: 4.01 s)
(EngineCore pid=381418) INFO 09-28 11:51:45 [kernel.py:212] Final IR op priority after setting platform defaults: IrOpPriorityConfig(rms_norm=['native'], fused_add_rms_norm=['native'])
2026-09-28 11:51:45.266 | INFO     | mineru.backend.vlm.vlm_analyze:get_model:251 - get vllm-async-engine predictor cost: 44.15s
INFO:     127.0.0.1:55908 - "GET /tasks/e18f629e-2099-45e9-ac50-fe34bcf6feaa HTTP/1.1" 200 OK
INFO:     127.0.0.1:55922 - "GET /tasks/1645bbeb-8983-4c55-ba5b-551cf4e78f7e HTTP/1.1" 200 OK
2026-09-28 11:51:45.881 | INFO     | mineru.backend.hybrid.hybrid_analyze:aio_doc_analyze:1139 - Hybrid processing-window run. page_count=10, window_size=64, total_windows=1
2026-09-28 11:51:45.881 | INFO     | mineru.backend.hybrid.hybrid_analyze:get_batch_ratio:875 - hybrid batch ratio (auto, vram=40GB): 16
2026-09-28 11:51:46.372 | INFO     | mineru.backend.hybrid.hybrid_analyze:aio_doc_analyze:1139 - Hybrid processing-window run. page_count=10, window_size=64, total_windows=1
2026-09-28 11:51:46.372 | INFO     | mineru.backend.hybrid.hybrid_analyze:get_batch_ratio:875 - hybrid batch ratio (auto, vram=40GB): 16
INFO:     127.0.0.1:55924 - "GET /tasks/3b85e6a7-691d-4f13-a5ee-0fef18fab9c5 HTTP/1.1" 200 OK
2026-09-28 11:51:46.384 | INFO     | mineru.utils.engine_utils:get_vlm_engine:34 - Using vllm-async-engine as the inference engine for VLM.
[1;31m2026-09-28 11:51:46.615739665 [E:onnxruntime:Default, env.cc:298 ThreadMain] pthread_setaffinity_np failed for thread: 381729, index: 48, mask: {49, }, error code: 22 error msg: Invalid argument. Specify the number of threads explicitly so the affinity is not set.[m
[1;31m2026-09-28 11:51:46.620359690 [E:onnxruntime:Default, env.cc:298 ThreadMain] pthread_setaffinity_np failed for thread: 381731, index: 50, mask: {51, }, error code: 22 error msg: Invalid argument. Specify the number of threads explicitly so the affinity is not set.[m
[1;31m2026-09-28 11:51:46.620392696 [E:onnxruntime:Default, env.cc:298 ThreadMain] pthread_setaffinity_np failed for thread: 381732, index: 51, mask: {52, }, error code: 22 error msg: Invalid argument. Specify the number of threads explicitly so the affinity is not set.[m
[1;31m2026-09-28 11:51:46.624393394 [E:onnxruntime:Default, env.cc:298 ThreadMain] pthread_setaffinity_np failed for thread: 381722, index: 41, mask: {42, }, error code: 22 error msg: Invalid argument. Specify the number of threads explicitly so the affinity is not set.[m
[1;31m2026-09-28 11:51:46.624465221 [E:onnxruntime:Default, env.cc:298 ThreadMain] pthread_setaffinity_np failed for thread: 381702, index: 21, mask: {22, }, error code: 22 error msg: Invalid argument. Specify the number of threads explicitly so the affinity is not set.[m
[1;31m2026-09-28 11:51:46.633298961 [E:onnxruntime:Default, env.cc:298 ThreadMain] pthread_setaffinity_np failed for thread: 381701, index: 20, mask: {21, }, error code: 22 error msg: Invalid argument. Specify the number of threads explicitly so the affinity is not set.[m
[1;31m2026-09-28 11:51:46.638301549 [E:onnxruntime:Default, env.cc:298 ThreadMain] pthread_setaffinity_np failed for thread: 381709, index: 28, mask: {29, }, error code: 22 error msg: Invalid argument. Specify the number of threads explicitly so the affinity is not set.[m
[1;31m2026-09-28 11:51:46.639299475 [E:onnxruntime:Default, env.cc:298 ThreadMain] pthread_setaffinity_np failed for thread: 381711, index: 30, mask: {31, }, error code: 22 error msg: Invalid argument. Specify the number of threads explicitly so the affinity is not set.[m
[1;31m2026-09-28 11:51:46.640300780 [E:onnxruntime:Default, env.cc:298 ThreadMain] pthread_setaffinity_np failed for thread: 381683, index: 2, mask: {3, }, error code: 22 error msg: Invalid argument. Specify the number of threads explicitly so the affinity is not set.[m
[1;31m2026-09-28 11:51:46.641298480 [E:onnxruntime:Default, env.cc:298 ThreadMain] pthread_setaffinity_np failed for thread: 381715, index: 34, mask: {35, }, error code: 22 error msg: Invalid argument. Specify the number of threads explicitly so the affinity is not set.[m
[1;31m2026-09-28 11:51:46.642626001 [E:onnxruntime:Default, env.cc:298 ThreadMain] pthread_setaffinity_np failed for thread: 381726, index: 45, mask: {46, }, error code: 22 error msg: Invalid argument. Specify the number of threads explicitly so the affinity is not set.[m
[1;31m2026-09-28 11:51:46.626067449 [E:onnxruntime:Default, env.cc:298 ThreadMain] pthread_setaffinity_np failed for thread: 381692, index: 11, mask: {12, }, error code: 22 error msg: Invalid argument. Specify the number of threads explicitly so the affinity is not set.[m
[1;31m2026-09-28 11:51:46.626237533 [E:onnxruntime:Default, env.cc:298 ThreadMain] pthread_setaffinity_np failed for thread: 381721, index: 40, mask: {41, }, error code: 22 error msg: Invalid argument. Specify the number of threads explicitly so the affinity is not set.[m
[1;31m2026-09-28 11:51:46.626253385 [E:onnxruntime:Default, env.cc:298 ThreadMain] pthread_setaffinity_np failed for thread: 381719, index: 38, mask: {39, }, error code: 22 error msg: Invalid argument. Specify the number of threads explicitly so the affinity is not set.[m
[1;31m2026-09-28 11:51:46.647299329 [E:onnxruntime:Default, env.cc:298 ThreadMain] pthread_setaffinity_np failed for thread: 381713, index: 32, mask: {33, }, error code: 22 error msg: Invalid argument. Specify the number of threads explicitly so the affinity is not set.[m
[1;31m2026-09-28 11:51:46.650299096 [E:onnxruntime:Default, env.cc:298 ThreadMain] pthread_setaffinity_np failed for thread: 381685, index: 4, mask: {5, }, error code: 22 error msg: Invalid argument. Specify the number of threads explicitly so the affinity is not set.[m
[1;31m2026-09-28 11:51:46.652303617 [E:onnxruntime:Default, env.cc:298 ThreadMain] pthread_setaffinity_np failed for thread: 381688, index: 7, mask: {8, }, error code: 22 error msg: Invalid argument. Specify the number of threads explicitly so the affinity is not set.[m
[1;31m2026-09-28 11:51:46.652323007 [E:onnxruntime:Default, env.cc:298 ThreadMain] pthread_setaffinity_np failed for thread: 381690, index: 9, mask: {10, }, error code: 22 error msg: Invalid argument. Specify the number of threads explicitly so the affinity is not set.[m
[1;31m2026-09-28 11:51:46.626283615 [E:onnxruntime:Default, env.cc:298 ThreadMain] pthread_setaffinity_np failed for thread: 381687, index: 6, mask: {7, }, error code: 22 error msg: Invalid argument. Specify the number of threads explicitly so the affinity is not set.[m
[1;31m2026-09-28 11:51:46.626340666 [E:onnxruntime:Default, env.cc:298 ThreadMain] pthread_setaffinity_np failed for thread: 381708, index: 27, mask: {28, }, error code: 22 error msg: Invalid argument. Specify the number of threads explicitly so the affinity is not set.[m
[1;31m2026-09-28 11:51:46.626413144 [E:onnxruntime:Default, env.cc:298 ThreadMain] pthread_setaffinity_np failed for thread: 381691, index: 10, mask: {11, }, error code: 22 error msg: Invalid argument. Specify the number of threads explicitly so the affinity is not set.[m
[1;31m2026-09-28 11:51:46.626493226 [E:onnxruntime:Default, env.cc:298 ThreadMain] pthread_setaffinity_np failed for thread: 381730, index: 49, mask: {50, }, error code: 22 error msg: Invalid argument. Specify the number of threads explicitly so the affinity is not set.[m
[1;31m2026-09-28 11:51:46.668960863 [E:onnxruntime:Default, env.cc:298 ThreadMain] pthread_setaffinity_np failed for thread: 381696, index: 15, mask: {16, }, error code: 22 error msg: Invalid argument. Specify the number of threads explicitly so the affinity is not set.[m
[1;31m2026-09-28 11:51:46.626505425 [E:onnxruntime:Default, env.cc:298 ThreadMain] pthread_setaffinity_np failed for thread: 381704, index: 23, mask: {24, }, error code: 22 error msg: Invalid argument. Specify the number of threads explicitly so the affinity is not set.[m
[1;31m2026-09-28 11:51:46.626555052 [E:onnxruntime:Default, env.cc:298 ThreadMain] pthread_setaffinity_np failed for thread: 381712, index: 31, mask: {32, }, error code: 22 error msg: Invalid argument. Specify the number of threads explicitly so the affinity is not set.[m
[1;31m2026-09-28 11:51:46.626570835 [E:onnxruntime:Default, env.cc:298 ThreadMain] pthread_setaffinity_np failed for thread: 381720, index: 39, mask: {40, }, error code: 22 error msg: Invalid argument. Specify the number of threads explicitly so the affinity is not set.[m
[1;31m2026-09-28 11:51:46.675307127 [E:onnxruntime:Default, env.cc:298 ThreadMain] pthread_setaffinity_np failed for thread: 381686, index: 5, mask: {6, }, error code: 22 error msg: Invalid argument. Specify the number of threads explicitly so the affinity is not set.[m
[1;31m2026-09-28 11:51:46.675328977 [E:onnxruntime:Default, env.cc:298 ThreadMain] pthread_setaffinity_np failed for thread: 381710, index: 29, mask: {30, }, error code: 22 error msg: Invalid argument. Specify the number of threads explicitly so the affinity is not set.[m
[1;31m2026-09-28 11:51:46.675391409 [E:onnxruntime:Default, env.cc:298 ThreadMain] pthread_setaffinity_np failed for thread: 381694, index: 13, mask: {14, }, error code: 22 error msg: Invalid argument. Specify the number of threads explicitly so the affinity is not set.[m
[1;31m2026-09-28 11:51:46.626585300 [E:onnxruntime:Default, env.cc:298 ThreadMain] pthread_setaffinity_np failed for thread: 381707, index: 26, mask: {27, }, error code: 22 error msg: Invalid argument. Specify the number of threads explicitly so the affinity is not set.[m
[1;31m2026-09-28 11:51:46.682115144 [E:onnxruntime:Default, env.cc:298 ThreadMain] pthread_setaffinity_np failed for thread: 381714, index: 33, mask: {34, }, error code: 22 error msg: Invalid argument. Specify the number of threads explicitly so the affinity is not set.[m
[1;31m2026-09-28 11:51:46.626600647 [E:onnxruntime:Default, env.cc:298 ThreadMain] pthread_setaffinity_np failed for thread: 381703, index: 22, mask: {23, }, error code: 22 error msg: Invalid argument. Specify the number of threads explicitly so the affinity is not set.[m
[1;31m2026-09-28 11:51:46.626613844 [E:onnxruntime:Default, env.cc:298 ThreadMain] pthread_setaffinity_np failed for thread: 381698, index: 17, mask: {18, }, error code: 22 error msg: Invalid argument. Specify the number of threads explicitly so the affinity is not set.[m
[1;31m2026-09-28 11:51:46.631824773 [E:onnxruntime:Default, env.cc:298 ThreadMain] pthread_setaffinity_np failed for thread: 381697, index: 16, mask: {17, }, error code: 22 error msg: Invalid argument. Specify the number of threads explicitly so the affinity is not set.[m
[1;31m2026-09-28 11:51:46.624408903 [E:onnxruntime:Default, env.cc:298 ThreadMain] pthread_setaffinity_np failed for thread: 381727, index: 46, mask: {47, }, error code: 22 error msg: Invalid argument. Specify the number of threads explicitly so the affinity is not set.[m
[1;31m2026-09-28 11:51:46.632302095 [E:onnxruntime:Default, env.cc:298 ThreadMain] pthread_setaffinity_np failed for thread: 381718, index: 37, mask: {38, }, error code: 22 error msg: Invalid argument. Specify the number of threads explicitly so the affinity is not set.[m
[1;31m2026-09-28 11:51:46.632306713 [E:onnxruntime:Default, env.cc:298 ThreadMain] pthread_setaffinity_np failed for thread: 381706, index: 25, mask: {26, }, error code: 22 error msg: Invalid argument. Specify the number of threads explicitly so the affinity is not set.[m
[1;31m2026-09-28 11:51:46.632308549 [E:onnxruntime:Default, env.cc:298 ThreadMain] pthread_setaffinity_np failed for thread: 381728, index: 47, mask: {48, }, error code: 22 error msg: Invalid argument. Specify the number of threads explicitly so the affinity is not set.[m
[1;31m2026-09-28 11:51:46.632314969 [E:onnxruntime:Default, env.cc:298 ThreadMain] pthread_setaffinity_np failed for thread: 381725, index: 44, mask: {45, }, error code: 22 error msg: Invalid argument. Specify the number of threads explicitly so the affinity is not set.[m
[1;31m2026-09-28 11:51:46.632316561 [E:onnxruntime:Default, env.cc:298 ThreadMain] pthread_setaffinity_np failed for thread: 381684, index: 3, mask: {4, }, error code: 22 error msg: Invalid argument. Specify the number of threads explicitly so the affinity is not set.[m
[1;31m2026-09-28 11:51:46.632328393 [E:onnxruntime:Default, env.cc:298 ThreadMain] pthread_setaffinity_np failed for thread: 381717, index: 36, mask: {37, }, error code: 22 error msg: Invalid argument. Specify the number of threads explicitly so the affinity is not set.[m
[1;31m2026-09-28 11:51:46.632330512 [E:onnxruntime:Default, env.cc:298 ThreadMain] pthread_setaffinity_np failed for thread: 381689, index: 8, mask: {9, }, error code: 22 error msg: Invalid argument. Specify the number of threads explicitly so the affinity is not set.[m
[1;31m2026-09-28 11:51:46.632329844 [E:onnxruntime:Default, env.cc:298 ThreadMain] pthread_setaffinity_np failed for thread: 381716, index: 35, mask: {36, }, error code: 22 error msg: Invalid argument. Specify the number of threads explicitly so the affinity is not set.[m
[1;31m2026-09-28 11:51:46.632344911 [E:onnxruntime:Default, env.cc:298 ThreadMain] pthread_setaffinity_np failed for thread: 381681, index: 0, mask: {1, }, error code: 22 error msg: Invalid argument. Specify the number of threads explicitly so the affinity is not set.[m
[1;31m2026-09-28 11:51:46.632342717 [E:onnxruntime:Default, env.cc:298 ThreadMain] pthread_setaffinity_np failed for thread: 381682, index: 1, mask: {2, }, error code: 22 error msg: Invalid argument. Specify the number of threads explicitly so the affinity is not set.[m
[1;31m2026-09-28 11:51:46.632344376 [E:onnxruntime:Default, env.cc:298 ThreadMain] pthread_setaffinity_np failed for thread: 381733, index: 52, mask: {53, }, error code: 22 error msg: Invalid argument. Specify the number of threads explicitly so the affinity is not set.[m
[1;31m2026-09-28 11:51:46.632577452 [E:onnxruntime:Default, env.cc:298 ThreadMain] pthread_setaffinity_np failed for thread: 381723, index: 42, mask: {43, }, error code: 22 error msg: Invalid argument. Specify the number of threads explicitly so the affinity is not set.[m
[1;31m2026-09-28 11:51:46.633299676 [E:onnxruntime:Default, env.cc:298 ThreadMain] pthread_setaffinity_np failed for thread: 381700, index: 19, mask: {20, }, error code: 22 error msg: Invalid argument. Specify the number of threads explicitly so the affinity is not set.[m
[1;31m2026-09-28 11:51:46.625475577 [E:onnxruntime:Default, env.cc:298 ThreadMain] pthread_setaffinity_np failed for thread: 381724, index: 43, mask: {44, }, error code: 22 error msg: Invalid argument. Specify the number of threads explicitly so the affinity is not set.[m
[1;31m2026-09-28 11:51:46.663347646 [E:onnxruntime:Default, env.cc:298 ThreadMain] pthread_setaffinity_np failed for thread: 381693, index: 12, mask: {13, }, error code: 22 error msg: Invalid argument. Specify the number of threads explicitly so the affinity is not set.[m
[1;31m2026-09-28 11:51:46.663358911 [E:onnxruntime:Default, env.cc:298 ThreadMain] pthread_setaffinity_np failed for thread: 381699, index: 18, mask: {19, }, error code: 22 error msg: Invalid argument. Specify the number of threads explicitly so the affinity is not set.[m
[1;31m2026-09-28 11:51:46.675342190 [E:onnxruntime:Default, env.cc:298 ThreadMain] pthread_setaffinity_np failed for thread: 381695, index: 14, mask: {15, }, error code: 22 error msg: Invalid argument. Specify the number of threads explicitly so the affinity is not set.[m
[1;31m2026-09-28 11:51:46.632299918 [E:onnxruntime:Default, env.cc:298 ThreadMain] pthread_setaffinity_np failed for thread: 381705, index: 24, mask: {25, }, error code: 22 error msg: Invalid argument. Specify the number of threads explicitly so the affinity is not set.[m
2026-09-28 11:51:46.921 | INFO     | mineru.backend.hybrid.hybrid_analyze:aio_doc_analyze:1139 - Hybrid processing-window run. page_count=10, window_size=64, total_windows=1
2026-09-28 11:51:46.921 | INFO     | mineru.backend.hybrid.hybrid_analyze:get_batch_ratio:875 - hybrid batch ratio (auto, vram=40GB): 16
[1;31m2026-09-28 11:51:47.153457084 [E:onnxruntime:Default, env.cc:298 ThreadMain] pthread_setaffinity_np failed for thread: 381794, index: 25, mask: {26, }, error code: 22 error msg: Invalid argument. Specify the number of threads explicitly so the affinity is not set.[m
[1;31m2026-09-28 11:51:47.154333901 [E:onnxruntime:Default, env.cc:298 ThreadMain] pthread_setaffinity_np failed for thread: 381798, index: 29, mask: {30, }, error code: 22 error msg: Invalid argument. Specify the number of threads explicitly so the affinity is not set.[m
[1;31m2026-09-28 11:51:47.155325858 [E:onnxruntime:Default, env.cc:298 ThreadMain] pthread_setaffinity_np failed for thread: 381772, index: 3, mask: {4, }, error code: 22 error msg: Invalid argument. Specify the number of threads explicitly so the affinity is not set.[m
[1;31m2026-09-28 11:51:47.157391781 [E:onnxruntime:Default, env.cc:298 ThreadMain] pthread_setaffinity_np failed for thread: 381817, index: 48, mask: {49, }, error code: 22 error msg: Invalid argument. Specify the number of threads explicitly so the affinity is not set.[m
[1;31m2026-09-28 11:51:47.157425548 [E:onnxruntime:Default, env.cc:298 ThreadMain] pthread_setaffinity_np failed for thread: 381796, index: 27, mask: {28, }, error code: 22 error msg: Invalid argument. Specify the number of threads explicitly so the affinity is not set.[m
[1;31m2026-09-28 11:51:47.157460232 [E:onnxruntime:Default, env.cc:298 ThreadMain] pthread_setaffinity_np failed for thread: 381813, index: 44, mask: {45, }, error code: 22 error msg: Invalid argument. Specify the number of threads explicitly so the affinity is not set.[m
[1;31m2026-09-28 11:51:47.157482907 [E:onnxruntime:Default, env.cc:298 ThreadMain] pthread_setaffinity_np failed for thread: 381797, index: 28, mask: {29, }, error code: 22 error msg: Invalid argument. Specify the number of threads explicitly so the affinity is not set.[m
[1;31m2026-09-28 11:51:47.157977793 [E:onnxruntime:Default, env.cc:298 ThreadMain] pthread_setaffinity_np failed for thread: 381769, index: 0, mask: {1, }, error code: 22 error msg: Invalid argument. Specify the number of threads explicitly so the affinity is not set.[m
[1;31m2026-09-28 11:51:47.160514818 [E:onnxruntime:Default, env.cc:298 ThreadMain] pthread_setaffinity_np failed for thread: 381774, index: 5, mask: {6, }, error code: 22 error msg: Invalid argument. Specify the number of threads explicitly so the affinity is not set.[m
[1;31m2026-09-28 11:51:47.162600979 [E:onnxruntime:Default, env.cc:298 ThreadMain] pthread_setaffinity_np failed for thread: 381803, index: 34, mask: {35, }, error code: 22 error msg: Invalid argument. Specify the number of threads explicitly so the affinity is not set.[m
[1;31m2026-09-28 11:51:47.162677109 [E:onnxruntime:Default, env.cc:298 ThreadMain] pthread_setaffinity_np failed for thread: 381808, index: 39, mask: {40, }, error code: 22 error msg: Invalid argument. Specify the number of threads explicitly so the affinity is not set.[m
[1;31m2026-09-28 11:51:47.162676388 [E:onnxruntime:Default, env.cc:298 ThreadMain] pthread_setaffinity_np failed for thread: 381812, index: 43, mask: {44, }, error code: 22 error msg: Invalid argument. Specify the number of threads explicitly so the affinity is not set.[m
[1;31m2026-09-28 11:51:47.167968024 [E:onnxruntime:Default, env.cc:298 ThreadMain] pthread_setaffinity_np failed for thread: 381783, index: 14, mask: {15, }, error code: 22 error msg: Invalid argument. Specify the number of threads explicitly so the affinity is not set.[m
[1;31m2026-09-28 11:51:47.169298606 [E:onnxruntime:Default, env.cc:298 ThreadMain] pthread_setaffinity_np failed for thread: 381782, index: 13, mask: {14, }, error code: 22 error msg: Invalid argument. Specify the number of threads explicitly so the affinity is not set.[m
[1;31m2026-09-28 11:51:47.162685366 [E:onnxruntime:Default, env.cc:298 ThreadMain] pthread_setaffinity_np failed for thread: 381770, index: 1, mask: {2, }, error code: 22 error msg: Invalid argument. Specify the number of threads explicitly so the affinity is not set.[m
[1;31m2026-09-28 11:51:47.162694944 [E:onnxruntime:Default, env.cc:298 ThreadMain] pthread_setaffinity_np failed for thread: 381778, index: 9, mask: {10, }, error code: 22 error msg: Invalid argument. Specify the number of threads explicitly so the affinity is not set.[m
[1;31m2026-09-28 11:51:47.171300133 [E:onnxruntime:Default, env.cc:298 ThreadMain] pthread_setaffinity_np failed for thread: 381788, index: 19, mask: {20, }, error code: 22 error msg: Invalid argument. Specify the number of threads explicitly so the affinity is not set.[m
[1;31m2026-09-28 11:51:47.162696370 [E:onnxruntime:Default, env.cc:298 ThreadMain] pthread_setaffinity_np failed for thread: 381801, index: 32, mask: {33, }, error code: 22 error msg: Invalid argument. Specify the number of threads explicitly so the affinity is not set.[m
[1;31m2026-09-28 11:51:47.162702825 [E:onnxruntime:Default, env.cc:298 ThreadMain] pthread_setaffinity_np failed for thread: 381775, index: 6, mask: {7, }, error code: 22 error msg: Invalid argument. Specify the number of threads explicitly so the affinity is not set.[m
[1;31m2026-09-28 11:51:47.162726617 [E:onnxruntime:Default, env.cc:298 ThreadMain] pthread_setaffinity_np failed for thread: 381779, index: 10, mask: {11, }, error code: 22 error msg: Invalid argument. Specify the number of threads explicitly so the affinity is not set.[m
[1;31m2026-09-28 11:51:47.162739743 [E:onnxruntime:Default, env.cc:298 ThreadMain] pthread_setaffinity_np failed for thread: 381804, index: 35, mask: {36, }, error code: 22 error msg: Invalid argument. Specify the number of threads explicitly so the affinity is not set.[m
[1;31m2026-09-28 11:51:47.174347145 [E:onnxruntime:Default, env.cc:298 ThreadMain] pthread_setaffinity_np failed for thread: 381810, index: 41, mask: {42, }, error code: 22 error msg: Invalid argument. Specify the number of threads explicitly so the affinity is not set.[m
[1;31m2026-09-28 11:51:47.162767275 [E:onnxruntime:Default, env.cc:298 ThreadMain] pthread_setaffinity_np failed for thread: 381777, index: 8, mask: {9, }, error code: 22 error msg: Invalid argument. Specify the number of threads explicitly so the affinity is not set.[m
[1;31m2026-09-28 11:51:47.174378819 [E:onnxruntime:Default, env.cc:298 ThreadMain] pthread_setaffinity_np failed for thread: 381809, index: 40, mask: {41, }, error code: 22 error msg: Invalid argument. Specify the number of threads explicitly so the affinity is not set.[m
[1;31m2026-09-28 11:51:47.162684143 [E:onnxruntime:Default, env.cc:298 ThreadMain] pthread_setaffinity_np failed for thread: 381816, index: 47, mask: {48, }, error code: 22 error msg: Invalid argument. Specify the number of threads explicitly so the affinity is not set.[m
[1;31m2026-09-28 11:51:47.166304868 [E:onnxruntime:Default, env.cc:298 ThreadMain] pthread_setaffinity_np failed for thread: 381795, index: 26, mask: {27, }, error code: 22 error msg: Invalid argument. Specify the number of threads explicitly so the affinity is not set.[m
[1;31m2026-09-28 11:51:47.179468388 [E:onnxruntime:Default, env.cc:298 ThreadMain] pthread_setaffinity_np failed for thread: 381811, index: 42, mask: {43, }, error code: 22 error msg: Invalid argument. Specify the number of threads explicitly so the affinity is not set.[m
[1;31m2026-09-28 11:51:47.179524835 [E:onnxruntime:Default, env.cc:298 ThreadMain] pthread_setaffinity_np failed for thread: 381786, index: 17, mask: {18, }, error code: 22 error msg: Invalid argument. Specify the number of threads explicitly so the affinity is not set.[m
[1;31m2026-09-28 11:51:47.166325528 [E:onnxruntime:Default, env.cc:298 ThreadMain] pthread_setaffinity_np failed for thread: 381780, index: 11, mask: {12, }, error code: 22 error msg: Invalid argument. Specify the number of threads explicitly so the affinity is not set.[m
[1;31m2026-09-28 11:51:47.167299824 [E:onnxruntime:Default, env.cc:298 ThreadMain] pthread_setaffinity_np failed for thread: 381818, index: 49, mask: {50, }, error code: 22 error msg: Invalid argument. Specify the number of threads explicitly so the affinity is not set.[m
[1;31m2026-09-28 11:51:47.167315724 [E:onnxruntime:Default, env.cc:298 ThreadMain] pthread_setaffinity_np failed for thread: 381802, index: 33, mask: {34, }, error code: 22 error msg: Invalid argument. Specify the number of threads explicitly so the affinity is not set.[m
[1;31m2026-09-28 11:51:47.169298670 [E:onnxruntime:Default, env.cc:298 ThreadMain] pthread_setaffinity_np failed for thread: 381799, index: 30, mask: {31, }, error code: 22 error msg: Invalid argument. Specify the number of threads explicitly so the affinity is not set.[m
[1;31m2026-09-28 11:51:47.171299778 [E:onnxruntime:Default, env.cc:298 ThreadMain] pthread_setaffinity_np failed for thread: 381791, index: 22, mask: {23, }, error code: 22 error msg: Invalid argument. Specify the number of threads explicitly so the affinity is not set.[m
[1;31m2026-09-28 11:51:47.171300748 [E:onnxruntime:Default, env.cc:298 ThreadMain] pthread_setaffinity_np failed for thread: 381792, index: 23, mask: {24, }, error code: 22 error msg: Invalid argument. Specify the number of threads explicitly so the affinity is not set.[m
[1;31m2026-09-28 11:51:47.174301221 [E:onnxruntime:Default, env.cc:298 ThreadMain] pthread_setaffinity_np failed for thread: 381784, index: 15, mask: {16, }, error code: 22 error msg: Invalid argument. Specify the number of threads explicitly so the affinity is not set.[m
[1;31m2026-09-28 11:51:47.174326286 [E:onnxruntime:Default, env.cc:298 ThreadMain] pthread_setaffinity_np failed for thread: 381805, index: 36, mask: {37, }, error code: 22 error msg: Invalid argument. Specify the number of threads explicitly so the affinity is not set.[m
[1;31m2026-09-28 11:51:47.174341259 [E:onnxruntime:Default, env.cc:298 ThreadMain] pthread_setaffinity_np failed for thread: 381776, index: 7, mask: {8, }, error code: 22 error msg: Invalid argument. Specify the number of threads explicitly so the affinity is not set.[m
[1;31m2026-09-28 11:51:47.166317895 [E:onnxruntime:Default, env.cc:298 ThreadMain] pthread_setaffinity_np failed for thread: 381793, index: 24, mask: {25, }, error code: 22 error msg: Invalid argument. Specify the number of threads explicitly so the affinity is not set.[m
[1;31m2026-09-28 11:51:47.162698953 [E:onnxruntime:Default, env.cc:298 ThreadMain] pthread_setaffinity_np failed for thread: 381771, index: 2, mask: {3, }, error code: 22 error msg: Invalid argument. Specify the number of threads explicitly so the affinity is not set.[m
[1;31m2026-09-28 11:51:47.211378616 [E:onnxruntime:Default, env.cc:298 ThreadMain] pthread_setaffinity_np failed for thread: 381773, index: 4, mask: {5, }, error code: 22 error msg: Invalid argument. Specify the number of threads explicitly so the affinity is not set.[m
[1;31m2026-09-28 11:51:47.162744412 [E:onnxruntime:Default, env.cc:298 ThreadMain] pthread_setaffinity_np failed for thread: 381820, index: 51, mask: {52, }, error code: 22 error msg: Invalid argument. Specify the number of threads explicitly so the affinity is not set.[m
[1;31m2026-09-28 11:51:47.179322829 [E:onnxruntime:Default, env.cc:298 ThreadMain] pthread_setaffinity_np failed for thread: 381800, index: 31, mask: {32, }, error code: 22 error msg: Invalid argument. Specify the number of threads explicitly so the affinity is not set.[m
[1;31m2026-09-28 11:51:47.218292988 [E:onnxruntime:Default, env.cc:298 ThreadMain] pthread_setaffinity_np failed for thread: 381789, index: 20, mask: {21, }, error code: 22 error msg: Invalid argument. Specify the number of threads explicitly so the affinity is not set.[m
[1;31m2026-09-28 11:51:47.223313807 [E:onnxruntime:Default, env.cc:298 ThreadMain] pthread_setaffinity_np failed for thread: 381781, index: 12, mask: {13, }, error code: 22 error msg: Invalid argument. Specify the number of threads explicitly so the affinity is not set.[m
[1;31m2026-09-28 11:51:47.223367958 [E:onnxruntime:Default, env.cc:298 ThreadMain] pthread_setaffinity_np failed for thread: 381821, index: 52, mask: {53, }, error code: 22 error msg: Invalid argument. Specify the number of threads explicitly so the affinity is not set.[m
[1;31m2026-09-28 11:51:47.179357187 [E:onnxruntime:Default, env.cc:298 ThreadMain] pthread_setaffinity_np failed for thread: 381819, index: 50, mask: {51, }, error code: 22 error msg: Invalid argument. Specify the number of threads explicitly so the affinity is not set.[m
[1;31m2026-09-28 11:51:47.179381342 [E:onnxruntime:Default, env.cc:298 ThreadMain] pthread_setaffinity_np failed for thread: 381807, index: 38, mask: {39, }, error code: 22 error msg: Invalid argument. Specify the number of threads explicitly so the affinity is not set.[m
[1;31m2026-09-28 11:51:47.179400000 [E:onnxruntime:Default, env.cc:298 ThreadMain] pthread_setaffinity_np failed for thread: 381785, index: 16, mask: {17, }, error code: 22 error msg: Invalid argument. Specify the number of threads explicitly so the affinity is not set.[m
[1;31m2026-09-28 11:51:47.179446291 [E:onnxruntime:Default, env.cc:298 ThreadMain] pthread_setaffinity_np failed for thread: 381815, index: 46, mask: {47, }, error code: 22 error msg: Invalid argument. Specify the number of threads explicitly so the affinity is not set.[m
[1;31m2026-09-28 11:51:47.232317786 [E:onnxruntime:Default, env.cc:298 ThreadMain] pthread_setaffinity_np failed for thread: 381790, index: 21, mask: {22, }, error code: 22 error msg: Invalid argument. Specify the number of threads explicitly so the affinity is not set.[m
[1;31m2026-09-28 11:51:47.179530566 [E:onnxruntime:Default, env.cc:298 ThreadMain] pthread_setaffinity_np failed for thread: 381814, index: 45, mask: {46, }, error code: 22 error msg: Invalid argument. Specify the number of threads explicitly so the affinity is not set.[m
[1;31m2026-09-28 11:51:47.166300176 [E:onnxruntime:Default, env.cc:298 ThreadMain] pthread_setaffinity_np failed for thread: 381806, index: 37, mask: {38, }, error code: 22 error msg: Invalid argument. Specify the number of threads explicitly so the affinity is not set.[m
[1;31m2026-09-28 11:51:47.179337903 [E:onnxruntime:Default, env.cc:298 ThreadMain] pthread_setaffinity_np failed for thread: 381787, index: 18, mask: {19, }, error code: 22 error msg: Invalid argument. Specify the number of threads explicitly so the affinity is not set.[m
INFO:     127.0.0.1:55922 - "GET /tasks/e18f629e-2099-45e9-ac50-fe34bcf6feaa HTTP/1.1" 200 OK
INFO:     127.0.0.1:55908 - "GET /tasks/1645bbeb-8983-4c55-ba5b-551cf4e78f7e HTTP/1.1" 200 OK
[1;31m2026-09-28 11:51:47.741670859 [E:onnxruntime:Default, env.cc:298 ThreadMain] pthread_setaffinity_np failed for thread: 381877, index: 21, mask: {22, }, error code: 22 error msg: Invalid argument. Specify the number of threads explicitly so the affinity is not set.[m
[1;31m2026-09-28 11:51:47.743433402 [E:onnxruntime:Default, env.cc:298 ThreadMain] pthread_setaffinity_np failed for thread: 381898, index: 42, mask: {43, }, error code: 22 error msg: Invalid argument. Specify the number of threads explicitly so the affinity is not set.[m
[1;31m2026-09-28 11:51:47.744384375 [E:onnxruntime:Default, env.cc:298 ThreadMain] pthread_setaffinity_np failed for thread: 381901, index: 45, mask: {46, }, error code: 22 error msg: Invalid argument. Specify the number of threads explicitly so the affinity is not set.[m
[1;31m2026-09-28 11:51:47.746308779 [E:onnxruntime:Default, env.cc:298 ThreadMain] pthread_setaffinity_np failed for thread: 381897, index: 41, mask: {42, }, error code: 22 error msg: Invalid argument. Specify the number of threads explicitly so the affinity is not set.[m
[1;31m2026-09-28 11:51:47.741854554 [E:onnxruntime:Default, env.cc:298 ThreadMain] pthread_setaffinity_np failed for thread: 381889, index: 33, mask: {34, }, error code: 22 error msg: Invalid argument. Specify the number of threads explicitly so the affinity is not set.[m
[1;31m2026-09-28 11:51:47.746710124 [E:onnxruntime:Default, env.cc:298 ThreadMain] pthread_setaffinity_np failed for thread: 381899, index: 43, mask: {44, }, error code: 22 error msg: Invalid argument. Specify the number of threads explicitly so the affinity is not set.[m
[1;31m2026-09-28 11:51:47.749304501 [E:onnxruntime:Default, env.cc:298 ThreadMain] pthread_setaffinity_np failed for thread: 381903, index: 47, mask: {48, }, error code: 22 error msg: Invalid argument. Specify the number of threads explicitly so the affinity is not set.[m
[1;31m2026-09-28 11:51:47.746316623 [E:onnxruntime:Default, env.cc:298 ThreadMain] pthread_setaffinity_np failed for thread: 381900, index: 44, mask: {45, }, error code: 22 error msg: Invalid argument. Specify the number of threads explicitly so the affinity is not set.[m
[1;31m2026-09-28 11:51:47.746318088 [E:onnxruntime:Default, env.cc:298 ThreadMain] pthread_setaffinity_np failed for thread: 381894, index: 38, mask: {39, }, error code: 22 error msg: Invalid argument. Specify the number of threads explicitly so the affinity is not set.[m
[1;31m2026-09-28 11:51:47.746319595 [E:onnxruntime:Default, env.cc:298 ThreadMain] pthread_setaffinity_np failed for thread: 381907, index: 51, mask: {52, }, error code: 22 error msg: Invalid argument. Specify the number of threads explicitly so the affinity is not set.[m
[1;31m2026-09-28 11:51:47.741832514 [E:onnxruntime:Default, env.cc:298 ThreadMain] pthread_setaffinity_np failed for thread: 381908, index: 52, mask: {53, }, error code: 22 error msg: Invalid argument. Specify the number of threads explicitly so the affinity is not set.[m
[1;31m2026-09-28 11:51:47.751301358 [E:onnxruntime:Default, env.cc:298 ThreadMain] pthread_setaffinity_np failed for thread: 381902, index: 46, mask: {47, }, error code: 22 error msg: Invalid argument. Specify the number of threads explicitly so the affinity is not set.[m
[1;31m2026-09-28 11:51:47.751305064 [E:onnxruntime:Default, env.cc:298 ThreadMain] pthread_setaffinity_np failed for thread: 381904, index: 48, mask: {49, }, error code: 22 error msg: Invalid argument. Specify the number of threads explicitly so the affinity is not set.[m
[1;31m2026-09-28 11:51:47.751305208 [E:onnxruntime:Default, env.cc:298 ThreadMain] pthread_setaffinity_np failed for thread: 381895, index: 39, mask: {40, }, error code: 22 error msg: Invalid argument. Specify the number of threads explicitly so the affinity is not set.[m
[1;31m2026-09-28 11:51:47.751305968 [E:onnxruntime:Default, env.cc:298 ThreadMain] pthread_setaffinity_np failed for thread: 381893, index: 37, mask: {38, }, error code: 22 error msg: Invalid argument. Specify the number of threads explicitly so the affinity is not set.[m
[1;31m2026-09-28 11:51:47.754305266 [E:onnxruntime:Default, env.cc:298 ThreadMain] pthread_setaffinity_np failed for thread: 381891, index: 35, mask: {36, }, error code: 22 error msg: Invalid argument. Specify the number of threads explicitly so the affinity is not set.[m
[1;31m2026-09-28 11:51:47.756302474 [E:onnxruntime:Default, env.cc:298 ThreadMain] pthread_setaffinity_np failed for thread: 381890, index: 34, mask: {35, }, error code: 22 error msg: Invalid argument. Specify the number of threads explicitly so the affinity is not set.[m
[1;31m2026-09-28 11:51:47.763330377 [E:onnxruntime:Default, env.cc:298 ThreadMain] pthread_setaffinity_np failed for thread: 381857, index: 1, mask: {2, }, error code: 22 error msg: Invalid argument. Specify the number of threads explicitly so the affinity is not set.[m
[1;31m2026-09-28 11:51:47.773322960 [E:onnxruntime:Default, env.cc:298 ThreadMain] pthread_setaffinity_np failed for thread: 381896, index: 40, mask: {41, }, error code: 22 error msg: Invalid argument. Specify the number of threads explicitly so the affinity is not set.[m
[1;31m2026-09-28 11:51:47.776349969 [E:onnxruntime:Default, env.cc:298 ThreadMain] pthread_setaffinity_np failed for thread: 381885, index: 29, mask: {30, }, error code: 22 error msg: Invalid argument. Specify the number of threads explicitly so the affinity is not set.[m
[1;31m2026-09-28 11:51:47.780316752 [E:onnxruntime:Default, env.cc:298 ThreadMain] pthread_setaffinity_np failed for thread: 381892, index: 36, mask: {37, }, error code: 22 error msg: Invalid argument. Specify the number of threads explicitly so the affinity is not set.[m
[1;31m2026-09-28 11:51:47.785310818 [E:onnxruntime:Default, env.cc:298 ThreadMain] pthread_setaffinity_np failed for thread: 381863, index: 7, mask: {8, }, error code: 22 error msg: Invalid argument. Specify the number of threads explicitly so the affinity is not set.[m
[1;31m2026-09-28 11:51:47.790310244 [E:onnxruntime:Default, env.cc:298 ThreadMain] pthread_setaffinity_np failed for thread: 381881, index: 25, mask: {26, }, error code: 22 error msg: Invalid argument. Specify the number of threads explicitly so the affinity is not set.[m
[1;31m2026-09-28 11:51:47.790341340 [E:onnxruntime:Default, env.cc:298 ThreadMain] pthread_setaffinity_np failed for thread: 381864, index: 8, mask: {9, }, error code: 22 error msg: Invalid argument. Specify the number of threads explicitly so the affinity is not set.[m
[1;31m2026-09-28 11:51:47.799371336 [E:onnxruntime:Default, env.cc:298 ThreadMain] pthread_setaffinity_np failed for thread: 381888, index: 32, mask: {33, }, error code: 22 error msg: Invalid argument. Specify the number of threads explicitly so the affinity is not set.[m
[1;31m2026-09-28 11:51:47.812318162 [E:onnxruntime:Default, env.cc:298 ThreadMain] pthread_setaffinity_np failed for thread: 381868, index: 12, mask: {13, }, error code: 22 error msg: Invalid argument. Specify the number of threads explicitly so the affinity is not set.[m
[1;31m2026-09-28 11:51:47.821327759 [E:onnxruntime:Default, env.cc:298 ThreadMain] pthread_setaffinity_np failed for thread: 381878, index: 22, mask: {23, }, error code: 22 error msg: Invalid argument. Specify the number of threads explicitly so the affinity is not set.[m
[1;31m2026-09-28 11:51:47.830362735 [E:onnxruntime:Default, env.cc:298 ThreadMain] pthread_setaffinity_np failed for thread: 381870, index: 14, mask: {15, }, error code: 22 error msg: Invalid argument. Specify the number of threads explicitly so the affinity is not set.[m
[1;31m2026-09-28 11:51:47.835448742 [E:onnxruntime:Default, env.cc:298 ThreadMain] pthread_setaffinity_np failed for thread: 381872, index: 16, mask: {17, }, error code: 22 error msg: Invalid argument. Specify the number of threads explicitly so the affinity is not set.[m
[1;31m2026-09-28 11:51:47.844312153 [E:onnxruntime:Default, env.cc:298 ThreadMain] pthread_setaffinity_np failed for thread: 381884, index: 28, mask: {29, }, error code: 22 error msg: Invalid argument. Specify the number of threads explicitly so the affinity is not set.[m
[1;31m2026-09-28 11:51:47.844363733 [E:onnxruntime:Default, env.cc:298 ThreadMain] pthread_setaffinity_np failed for thread: 381882, index: 26, mask: {27, }, error code: 22 error msg: Invalid argument. Specify the number of threads explicitly so the affinity is not set.[m
[1;31m2026-09-28 11:51:47.857307958 [E:onnxruntime:Default, env.cc:298 ThreadMain] pthread_setaffinity_np failed for thread: 381874, index: 18, mask: {19, }, error code: 22 error msg: Invalid argument. Specify the number of threads explicitly so the affinity is not set.[m
[1;31m2026-09-28 11:51:47.857384651 [E:onnxruntime:Default, env.cc:298 ThreadMain] pthread_setaffinity_np failed for thread: 381862, index: 6, mask: {7, }, error code: 22 error msg: Invalid argument. Specify the number of threads explicitly so the affinity is not set.[m
[1;31m2026-09-28 11:51:47.870323900 [E:onnxruntime:Default, env.cc:298 ThreadMain] pthread_setaffinity_np failed for thread: 381859, index: 3, mask: {4, }, error code: 22 error msg: Invalid argument. Specify the number of threads explicitly so the affinity is not set.[m
[1;31m2026-09-28 11:51:47.870405392 [E:onnxruntime:Default, env.cc:298 ThreadMain] pthread_setaffinity_np failed for thread: 381880, index: 24, mask: {25, }, error code: 22 error msg: Invalid argument. Specify the number of threads explicitly so the affinity is not set.[m
[1;31m2026-09-28 11:51:47.874400001 [E:onnxruntime:Default, env.cc:298 ThreadMain] pthread_setaffinity_np failed for thread: 381905, index: 49, mask: {50, }, error code: 22 error msg: Invalid argument. Specify the number of threads explicitly so the affinity is not set.[m
[1;31m2026-09-28 11:51:47.874414053 [E:onnxruntime:Default, env.cc:298 ThreadMain] pthread_setaffinity_np failed for thread: 381866, index: 10, mask: {11, }, error code: 22 error msg: Invalid argument. Specify the number of threads explicitly so the affinity is not set.[m
[1;31m2026-09-28 11:51:47.874404310 [E:onnxruntime:Default, env.cc:298 ThreadMain] pthread_setaffinity_np failed for thread: 381871, index: 15, mask: {16, }, error code: 22 error msg: Invalid argument. Specify the number of threads explicitly so the affinity is not set.[m
[1;31m2026-09-28 11:51:47.874426535 [E:onnxruntime:Default, env.cc:298 ThreadMain] pthread_setaffinity_np failed for thread: 381873, index: 17, mask: {18, }, error code: 22 error msg: Invalid argument. Specify the number of threads explicitly so the affinity is not set.[m
[1;31m2026-09-28 11:51:47.874420263 [E:onnxruntime:Default, env.cc:298 ThreadMain] pthread_setaffinity_np failed for thread: 381887, index: 31, mask: {32, }, error code: 22 error msg: Invalid argument. Specify the number of threads explicitly so the affinity is not set.[m
[1;31m2026-09-28 11:51:47.874463855 [E:onnxruntime:Default, env.cc:298 ThreadMain] pthread_setaffinity_np failed for thread: 381861, index: 5, mask: {6, }, error code: 22 error msg: Invalid argument. Specify the number of threads explicitly so the affinity is not set.[m
[1;31m2026-09-28 11:51:47.876328427 [E:onnxruntime:Default, env.cc:298 ThreadMain] pthread_setaffinity_np failed for thread: 381883, index: 27, mask: {28, }, error code: 22 error msg: Invalid argument. Specify the number of threads explicitly so the affinity is not set.[m
[1;31m2026-09-28 11:51:47.874405189 [E:onnxruntime:Default, env.cc:298 ThreadMain] pthread_setaffinity_np failed for thread: 381906, index: 50, mask: {51, }, error code: 22 error msg: Invalid argument. Specify the number of threads explicitly so the affinity is not set.[m
[1;31m2026-09-28 11:51:47.876390173 [E:onnxruntime:Default, env.cc:298 ThreadMain] pthread_setaffinity_np failed for thread: 381865, index: 9, mask: {10, }, error code: 22 error msg: Invalid argument. Specify the number of threads explicitly so the affinity is not set.[m
[1;31m2026-09-28 11:51:47.874420987 [E:onnxruntime:Default, env.cc:298 ThreadMain] pthread_setaffinity_np failed for thread: 381879, index: 23, mask: {24, }, error code: 22 error msg: Invalid argument. Specify the number of threads explicitly so the affinity is not set.[m
[1;31m2026-09-28 11:51:47.874414947 [E:onnxruntime:Default, env.cc:298 ThreadMain] pthread_setaffinity_np failed for thread: 381875, index: 19, mask: {20, }, error code: 22 error msg: Invalid argument. Specify the number of threads explicitly so the affinity is not set.[m
[1;31m2026-09-28 11:51:47.883467647 [E:onnxruntime:Default, env.cc:298 ThreadMain] pthread_setaffinity_np failed for thread: 381869, index: 13, mask: {14, }, error code: 22 error msg: Invalid argument. Specify the number of threads explicitly so the affinity is not set.[m
[1;31m2026-09-28 11:51:47.876367712 [E:onnxruntime:Default, env.cc:298 ThreadMain] pthread_setaffinity_np failed for thread: 381886, index: 30, mask: {31, }, error code: 22 error msg: Invalid argument. Specify the number of threads explicitly so the affinity is not set.[m
[1;31m2026-09-28 11:51:47.883357234 [E:onnxruntime:Default, env.cc:298 ThreadMain] pthread_setaffinity_np failed for thread: 381858, index: 2, mask: {3, }, error code: 22 error msg: Invalid argument. Specify the number of threads explicitly so the affinity is not set.[m
[1;31m2026-09-28 11:51:47.883445196 [E:onnxruntime:Default, env.cc:298 ThreadMain] pthread_setaffinity_np failed for thread: 381860, index: 4, mask: {5, }, error code: 22 error msg: Invalid argument. Specify the number of threads explicitly so the affinity is not set.[m
[1;31m2026-09-28 11:51:47.883421286 [E:onnxruntime:Default, env.cc:298 ThreadMain] pthread_setaffinity_np failed for thread: 381856, index: 0, mask: {1, }, error code: 22 error msg: Invalid argument. Specify the number of threads explicitly so the affinity is not set.[m
[1;31m2026-09-28 11:51:47.900283777 [E:onnxruntime:Default, env.cc:298 ThreadMain] pthread_setaffinity_np failed for thread: 381867, index: 11, mask: {12, }, error code: 22 error msg: Invalid argument. Specify the number of threads explicitly so the affinity is not set.[m
[1;31m2026-09-28 11:51:47.876344952 [E:onnxruntime:Default, env.cc:298 ThreadMain] pthread_setaffinity_np failed for thread: 381876, index: 20, mask: {21, }, error code: 22 error msg: Invalid argument. Specify the number of threads explicitly so the affinity is not set.[m
INFO:     127.0.0.1:55908 - "GET /tasks/3b85e6a7-691d-4f13-a5ee-0fef18fab9c5 HTTP/1.1" 200 OK
INFO:     127.0.0.1:55908 - "GET /tasks/e18f629e-2099-45e9-ac50-fe34bcf6feaa HTTP/1.1" 200 OK
INFO:     127.0.0.1:55922 - "GET /tasks/1645bbeb-8983-4c55-ba5b-551cf4e78f7e HTTP/1.1" 200 OK
INFO:     127.0.0.1:55908 - "GET /tasks/3b85e6a7-691d-4f13-a5ee-0fef18fab9c5 HTTP/1.1" 200 OK
2026-09-28 11:51:50.983 | INFO     | mineru.backend.hybrid.hybrid_analyze:aio_doc_analyze:1161 - Hybrid processing window 1/1: pages 1-10/10 (10 pages)
INFO:     127.0.0.1:55908 - "GET /tasks/e18f629e-2099-45e9-ac50-fe34bcf6feaa HTTP/1.1" 200 OK
INFO:     127.0.0.1:55922 - "GET /tasks/1645bbeb-8983-4c55-ba5b-551cf4e78f7e HTTP/1.1" 200 OK
2026-09-28 11:51:51.426 | INFO     | mineru.backend.hybrid.hybrid_analyze:aio_doc_analyze:1161 - Hybrid processing window 1/1: pages 1-10/10 (10 pages)
2026-09-28 11:51:51.819 | INFO     | mineru.backend.hybrid.hybrid_analyze:aio_doc_analyze:1161 - Hybrid processing window 1/1: pages 1-10/10 (10 pages)
INFO:     127.0.0.1:55908 - "GET /tasks/3b85e6a7-691d-4f13-a5ee-0fef18fab9c5 HTTP/1.1" 200 OK
Layout Predict:   0%|          | 0/10 [00:00<?, ?it/s]
Layout Predict:   0%|          | 0/10 [00:00<?, ?it/s][A

Layout Predict:   0%|          | 0/10 [00:00<?, ?it/s][A[AINFO:     127.0.0.1:55908 - "GET /tasks/e18f629e-2099-45e9-ac50-fe34bcf6feaa HTTP/1.1" 200 OK
INFO:     127.0.0.1:55922 - "GET /tasks/1645bbeb-8983-4c55-ba5b-551cf4e78f7e HTTP/1.1" 200 OK

Layout Predict:  80%|████████  | 8/10 [00:00<00:00,  8.18it/s][A

Layout Predict:  80%|████████  | 8/10 [00:00<00:00,  8.10it/s][A[ALayout Predict:  80%|████████  | 8/10 [00:00<00:00,  8.05it/s]

Layout Predict: 100%|██████████| 10/10 [00:01<00:00,  8.88it/s][A[ALayout Predict: 100%|██████████| 10/10 [00:01<00:00,  8.66it/s]
Layout Predict: 100%|██████████| 10/10 [00:01<00:00,  8.80it/s]Layout Predict: 100%|██████████| 10/10 [00:01<00:00,  8.61it/s]

Layout Predict: 100%|██████████| 10/10 [00:01<00:00,  8.70it/s][ALayout Predict: 100%|██████████| 10/10 [00:01<00:00,  8.53it/s]
INFO:     127.0.0.1:55908 - "GET /tasks/3b85e6a7-691d-4f13-a5ee-0fef18fab9c5 HTTP/1.1" 200 OK
Table orientation det:   0%|          | 0/4 [00:00<?, ?it/s]
Table orientation det:   0%|          | 0/4 [00:00<?, ?it/s][A

Table orientation det:   0%|          | 0/8 [00:00<?, ?it/s][A[ATable orientation det:  50%|█████     | 2/4 [00:00<00:00,  6.35it/s]

Table orientation det:  12%|█▎        | 1/8 [00:00<00:02,  2.93it/s][A[A
Table orientation det:  25%|██▌       | 1/4 [00:00<00:01,  2.89it/s][ATable orientation det:  75%|███████▌  | 3/4 [00:00<00:00,  7.44it/s]Table orientation score: 100%|██████████| 4/4 [00:00<00:00,  7.44it/s]Table orientation score: 100%|██████████| 4/4 [00:00<00:00,  7.44it/s]Table orientation: 100%|██████████| 4/4 [00:00<00:00,  7.44it/s]      Table orientation: 100%|██████████| 4/4 [00:00<00:00,  7.44it/s]Table orientation: 100%|██████████| 4/4 [00:00<00:00,  7.80it/s]
External Layout Extraction:   0%|          | 0/20 [00:00<?, ?it/s]INFO:     127.0.0.1:55908 - "GET /tasks/e18f629e-2099-45e9-ac50-fe34bcf6feaa HTTP/1.1" 200 OK
INFO:     127.0.0.1:55922 - "GET /tasks/1645bbeb-8983-4c55-ba5b-551cf4e78f7e HTTP/1.1" 200 OK
INFO:     127.0.0.1:55908 - "GET /tasks/3b85e6a7-691d-4f13-a5ee-0fef18fab9c5 HTTP/1.1" 200 OK


Table orientation det:  38%|███▊      | 3/8 [00:02<00:04,  1.02it/s][A[AINFO:     127.0.0.1:55908 - "GET /tasks/e18f629e-2099-45e9-ac50-fe34bcf6feaa HTTP/1.1" 200 OK
INFO:     127.0.0.1:55922 - "GET /tasks/1645bbeb-8983-4c55-ba5b-551cf4e78f7e HTTP/1.1" 200 OK
INFO:     127.0.0.1:47670 - "GET /tasks/3b85e6a7-691d-4f13-a5ee-0fef18fab9c5 HTTP/1.1" 200 OK
INFO:     127.0.0.1:55908 - "GET /tasks/e18f629e-2099-45e9-ac50-fe34bcf6feaa HTTP/1.1" 200 OK
INFO:     127.0.0.1:55922 - "GET /tasks/1645bbeb-8983-4c55-ba5b-551cf4e78f7e HTTP/1.1" 200 OK
INFO:     127.0.0.1:47670 - "GET /tasks/3b85e6a7-691d-4f13-a5ee-0fef18fab9c5 HTTP/1.1" 200 OK

Table orientation det:  75%|███████▌  | 3/4 [00:06<00:02,  2.51s/it][A

Table orientation det:  50%|█████     | 4/8 [00:06<00:08,  2.10s/it][A[A
Table orientation det: 100%|██████████| 4/4 [00:06<00:00,  1.68s/it][A
Table orientation score: 100%|██████████| 4/4 [00:06<00:00,  1.68s/it][A
Table orientation score: 100%|██████████| 4/4 [00:06<00:00,  1.68s/it][A
Table orientation: 100%|██████████| 4/4 [00:06<00:00,  1.68s/it]      [A
Table orientation: 100%|██████████| 4/4 [00:06<00:00,  1.68s/it][ATable orientation: 100%|██████████| 4/4 [00:06<00:00,  1.75s/it]

External Layout Extraction:   0%|          | 0/43 [00:00<?, ?it/s][A(EngineCore pid=381418) WARNING 09-28 11:52:01 [jit_monitor.py:103] Triton kernel JIT compilation during inference: _compute_slot_mapping_kernel. This causes a latency spike; consider extending warmup to cover this shape/config.


Table orientation det:  75%|███████▌  | 6/8 [00:07<00:02,  1.09s/it][A[A

Table orientation det:  88%|████████▊ | 7/8 [00:07<00:00,  1.19it/s][A[A

Table orientation score: 100%|██████████| 8/8 [00:07<00:00,  1.19it/s][A[A

Table orientation score: 100%|██████████| 8/8 [00:07<00:00,  1.19it/s][A[A

Table orientation: 100%|██████████| 8/8 [00:07<00:00,  1.19it/s]      [A[A

Table orientation: 100%|██████████| 8/8 [00:07<00:00,  1.19it/s][A[ATable orientation: 100%|██████████| 8/8 [00:07<00:00,  1.09it/s]


External Layout Extraction:   0%|          | 0/18 [00:00<?, ?it/s][A[A(EngineCore pid=381418) WARNING 09-28 11:52:01 [jit_monitor.py:103] Triton kernel JIT compilation during inference: rotary_kernel. This causes a latency spike; consider extending warmup to cover this shape/config.
External Layout Extraction:  20%|██        | 4/20 [00:07<00:29,  1.87s/it]
External Layout Extraction:   7%|▋         | 3/43 [00:01<00:14,  2.70it/s][A
External Layout Extraction:  30%|███       | 13/43 [00:01<00:02, 12.61it/s][A

External Layout Extraction:  17%|█▋        | 3/18 [00:00<00:04,  3.17it/s][A[AExternal Layout Extraction:  40%|████      | 8/20 [00:07<00:09,  1.21it/s]
External Layout Extraction:  56%|█████▌    | 24/43 [00:01<00:00, 25.12it/s][AExternal Layout Extraction:  55%|█████▌    | 11/20 [00:07<00:04,  1.93it/s]

External Layout Extraction:  28%|██▊       | 5/18 [00:01<00:02,  4.80it/s][A[A
External Layout Extraction:  79%|███████▉  | 34/43 [00:01<00:00, 36.49it/s][A

External Layout Extraction:  61%|██████    | 11/18 [00:01<00:00, 12.64it/s][A[AExternal Layout Extraction:  70%|███████   | 14/20 [00:08<00:02,  2.88it/s]INFO:     127.0.0.1:55908 - "GET /tasks/e18f629e-2099-45e9-ac50-fe34bcf6feaa HTTP/1.1" 200 OK
INFO:     127.0.0.1:55922 - "GET /tasks/1645bbeb-8983-4c55-ba5b-551cf4e78f7e HTTP/1.1" 200 OK
INFO:     127.0.0.1:47670 - "GET /tasks/3b85e6a7-691d-4f13-a5ee-0fef18fab9c5 HTTP/1.1" 200 OK
External Layout Extraction:  85%|████████▌ | 17/20 [00:08<00:00,  3.80it/s]External Layout Extraction: 100%|██████████| 20/20 [00:08<00:00,  4.67it/s]External Layout Extraction: 100%|██████████| 20/20 [00:08<00:00,  2.30it/s]


External Layout Extraction:  83%|████████▎ | 15/18 [00:01<00:00,  8.62it/s][A[AMFR Predict:   0%|          | 0/95 [00:00<?, ?it/s]MFR Predict:  67%|██████▋   | 64/95 [00:00<00:00, 74.90it/s]
External Layout Extraction:  98%|█████████▊| 42/43 [00:03<00:00,  9.56it/s][A

External Layout Extraction: 100%|██████████| 18/18 [00:03<00:00,  4.26it/s][A[AExternal Layout Extraction: 100%|██████████| 18/18 [00:03<00:00,  5.16it/s]
INFO:     127.0.0.1:55908 - "GET /tasks/e18f629e-2099-45e9-ac50-fe34bcf6feaa HTTP/1.1" 200 OK
INFO:     127.0.0.1:55922 - "GET /tasks/3b85e6a7-691d-4f13-a5ee-0fef18fab9c5 HTTP/1.1" 200 OK
INFO:     127.0.0.1:47670 - "GET /tasks/1645bbeb-8983-4c55-ba5b-551cf4e78f7e HTTP/1.1" 200 OK


MFR Predict:   0%|          | 0/38 [00:00<?, ?it/s][A[A

MFR Predict:  84%|████████▍ | 32/38 [00:00<00:00, 55.32it/s][A[AExternal Layout Extraction: 100%|██████████| 43/43 [00:04<00:00,  9.30it/s]

MFR Predict:   0%|          | 0/64 [00:00<?, ?it/s][A
MFR Predict:  50%|█████     | 32/64 [00:00<00:00, 89.05it/s][AMFR Predict: 100%|██████████| 95/95 [00:03<00:00, 25.77it/s]MFR Predict: 100%|██████████| 95/95 [00:03<00:00, 29.71it/s]
OCR-det:   0%|          | 0/147 [00:00<?, ?it/s]INFO:     127.0.0.1:55908 - "GET /tasks/e18f629e-2099-45e9-ac50-fe34bcf6feaa HTTP/1.1" 200 OK
INFO:     127.0.0.1:55922 - "GET /tasks/1645bbeb-8983-4c55-ba5b-551cf4e78f7e HTTP/1.1" 200 OK
INFO:     127.0.0.1:47670 - "GET /tasks/3b85e6a7-691d-4f13-a5ee-0fef18fab9c5 HTTP/1.1" 200 OK

MFR Predict: 100%|██████████| 64/64 [00:01<00:00, 41.44it/s][AMFR Predict: 100%|██████████| 64/64 [00:01<00:00, 45.05it/s]

OCR-det:   0%|          | 0/124 [00:00<?, ?it/s][AOCR-det:   1%|          | 1/147 [00:00<01:40,  1.45it/s]OCR-det:   3%|▎         | 4/147 [00:00<00:24,  5.76it/s]

MFR Predict: 100%|██████████| 38/38 [00:02<00:00, 12.02it/s][A[AMFR Predict: 100%|██████████| 38/38 [00:02<00:00, 14.99it/s]


OCR-det:   0%|          | 0/152 [00:00<?, ?it/s][A[AOCR-det:   5%|▍         | 7/147 [00:01<00:15,  8.94it/s]
OCR-det:   1%|          | 1/124 [00:00<01:12,  1.69it/s][AOCR-det:  10%|█         | 15/147 [00:01<00:07, 18.80it/s]
OCR-det:   2%|▏         | 3/124 [00:00<00:23,  5.25it/s][AOCR-det:  13%|█▎        | 19/147 [00:01<00:06, 19.74it/s]
OCR-det:   4%|▍         | 5/124 [00:00<00:14,  8.24it/s][AOCR-det:  16%|█▋        | 24/147 [00:01<00:05, 24.40it/s]
OCR-det:   7%|▋         | 9/124 [00:00<00:08, 13.68it/s][A

OCR-det:   3%|▎         | 5/152 [00:00<00:20,  7.22it/s][A[AOCR-det:  20%|██        | 30/147 [00:01<00:03, 31.30it/s]
OCR-det:  18%|█▊        | 22/124 [00:01<00:03, 31.80it/s][A

OCR-det:   6%|▌         | 9/152 [00:00<00:12, 11.48it/s][A[AOCR-det:  29%|██▊       | 42/147 [00:01<00:02, 44.16it/s]
OCR-det:  27%|██▋       | 33/124 [00:01<00:01, 46.83it/s][AOCR-det:  34%|███▍      | 50/147 [00:01<00:01, 51.66it/s]

OCR-det:   8%|▊         | 12/152 [00:00<00:10, 13.97it/s][A[A

OCR-det:  16%|█▌        | 24/152 [00:01<00:03, 32.34it/s][A[A
OCR-det:  33%|███▎      | 41/124 [00:01<00:01, 44.02it/s][AOCR-det:  39%|███▉      | 57/147 [00:02<00:02, 43.57it/s]

OCR-det:  22%|██▏       | 34/152 [00:01<00:02, 39.70it/s][A[AINFO:     127.0.0.1:55908 - "GET /tasks/e18f629e-2099-45e9-ac50-fe34bcf6feaa HTTP/1.1" 200 OK
INFO:     127.0.0.1:55922 - "GET /tasks/3b85e6a7-691d-4f13-a5ee-0fef18fab9c5 HTTP/1.1" 200 OK
INFO:     127.0.0.1:47670 - "GET /tasks/1645bbeb-8983-4c55-ba5b-551cf4e78f7e HTTP/1.1" 200 OK

OCR-det:  40%|███▉      | 49/124 [00:01<00:01, 39.10it/s][AOCR-det:  46%|████▌     | 67/147 [00:02<00:01, 41.37it/s]

OCR-det:  27%|██▋       | 41/152 [00:01<00:03, 36.89it/s][A[AOCR-det:  52%|█████▏    | 77/147 [00:02<00:01, 50.96it/s]

OCR-det:  38%|███▊      | 58/152 [00:01<00:01, 60.26it/s][A[AOCR-det:  57%|█████▋    | 84/147 [00:02<00:01, 52.23it/s]
OCR-det:  44%|████▎     | 54/124 [00:02<00:02, 27.37it/s][A

OCR-det:  45%|████▍     | 68/152 [00:01<00:01, 49.63it/s][A[A
OCR-det:  48%|████▊     | 60/124 [00:02<00:02, 29.77it/s][AOCR-det:  62%|██████▏   | 91/147 [00:02<00:01, 35.67it/s]
OCR-det:  52%|█████▏    | 65/124 [00:02<00:02, 29.42it/s][A

OCR-det:  52%|█████▏    | 79/152 [00:02<00:01, 47.07it/s][A[AOCR-det:  65%|██████▌   | 96/147 [00:03<00:01, 34.12it/s]
OCR-det:  56%|█████▌    | 69/124 [00:02<00:02, 24.33it/s][A

OCR-det:  56%|█████▌    | 85/152 [00:02<00:01, 40.92it/s][A[AOCR-det:  71%|███████▏  | 105/147 [00:03<00:01, 37.44it/s]

OCR-det:  59%|█████▉    | 90/152 [00:02<00:01, 41.05it/s][A[A
OCR-det:  58%|█████▊    | 72/124 [00:02<00:02, 22.36it/s][AOCR-det:  75%|███████▍  | 110/147 [00:03<00:01, 36.63it/s]

OCR-det:  67%|██████▋   | 102/152 [00:02<00:00, 51.26it/s][A[A
OCR-det:  64%|██████▎   | 79/124 [00:03<00:01, 27.42it/s][AOCR-det:  78%|███████▊  | 115/147 [00:03<00:00, 34.03it/s]
OCR-det:  68%|██████▊   | 84/124 [00:03<00:01, 27.79it/s][A

OCR-det:  71%|███████   | 108/152 [00:02<00:01, 41.13it/s][A[AOCR-det:  81%|████████  | 119/147 [00:03<00:01, 27.52it/s]
OCR-det:  73%|███████▎  | 91/124 [00:03<00:01, 32.09it/s][A

OCR-det:  78%|███████▊  | 119/152 [00:03<00:00, 46.95it/s][A[AOCR-det:  89%|████████▉ | 131/147 [00:04<00:00, 42.33it/s]OCR-det:  95%|█████████▍| 139/147 [00:04<00:00, 43.18it/s]

OCR-det:  83%|████████▎ | 126/152 [00:03<00:00, 43.11it/s][A[A
OCR-det:  77%|███████▋  | 95/124 [00:03<00:01, 26.11it/s][AINFO:     127.0.0.1:55908 - "GET /tasks/e18f629e-2099-45e9-ac50-fe34bcf6feaa HTTP/1.1" 200 OK
INFO:     127.0.0.1:55922 - "GET /tasks/3b85e6a7-691d-4f13-a5ee-0fef18fab9c5 HTTP/1.1" 200 OK
INFO:     127.0.0.1:47670 - "GET /tasks/1645bbeb-8983-4c55-ba5b-551cf4e78f7e HTTP/1.1" 200 OK


OCR-det:  87%|████████▋ | 132/152 [00:03<00:00, 45.53it/s][A[A
OCR-det:  79%|███████▉  | 98/124 [00:03<00:01, 24.39it/s][A
OCR-det:  83%|████████▎ | 103/124 [00:03<00:00, 27.58it/s][A

OCR-det:  90%|█████████ | 137/152 [00:03<00:00, 37.97it/s][A[A
OCR-det:  85%|████████▌ | 106/124 [00:04<00:00, 27.26it/s][AOCR-det: 100%|██████████| 147/147 [00:04<00:00, 30.62it/s]OCR-det: 100%|██████████| 147/147 [00:04<00:00, 31.59it/s]
Processing pages:   0%|          | 0/10 [00:00<?, ?it/s]

OCR-det:  94%|█████████▍| 143/152 [00:03<00:00, 33.73it/s][A[AProcessing pages:  10%|█         | 1/10 [00:00<00:04,  1.94it/s]
OCR-det:  88%|████████▊ | 109/124 [00:04<00:01, 12.80it/s][AProcessing pages:  20%|██        | 2/10 [00:00<00:02,  3.15it/s]

OCR-det:  99%|█████████▊| 150/152 [00:04<00:00, 20.29it/s][A[A
OCR-det:  93%|█████████▎| 115/124 [00:04<00:00, 16.98it/s][AProcessing pages:  30%|███       | 3/10 [00:00<00:01,  4.19it/s]OCR-det: 100%|██████████| 152/152 [00:04<00:00, 32.62it/s]

OCR-det:  97%|█████████▋| 120/124 [00:05<00:00, 19.13it/s][AProcessing pages:  40%|████      | 4/10 [00:01<00:01,  3.85it/s]
OCR-det:  99%|█████████▉| 123/124 [00:05<00:00, 15.60it/s][AProcessing pages:  50%|█████     | 5/10 [00:01<00:01,  3.55it/s]OCR-det: 100%|██████████| 124/124 [00:05<00:00, 21.89it/s]
Processing pages:  60%|██████    | 6/10 [00:01<00:01,  3.74it/s]Processing pages:  70%|███████   | 7/10 [00:01<00:00,  4.40it/s]Processing pages:  80%|████████  | 8/10 [00:01<00:00,  5.15it/s]Processing pages:  90%|█████████ | 9/10 [00:02<00:00,  5.47it/s]Processing pages: 100%|██████████| 10/10 [00:02<00:00,  6.15it/s]Processing pages: 100%|██████████| 10/10 [00:02<00:00,  4.48it/s]
INFO:     127.0.0.1:55908 - "GET /tasks/e18f629e-2099-45e9-ac50-fe34bcf6feaa HTTP/1.1" 200 OK
INFO:     127.0.0.1:55922 - "GET /tasks/3b85e6a7-691d-4f13-a5ee-0fef18fab9c5 HTTP/1.1" 200 OK
INFO:     127.0.0.1:47670 - "GET /tasks/1645bbeb-8983-4c55-ba5b-551cf4e78f7e HTTP/1.1" 200 OK
Processing pages:   0%|          | 0/10 [00:00<?, ?it/s]Processing pages:  10%|█         | 1/10 [00:00<00:01,  7.19it/s]Processing pages:  20%|██        | 2/10 [00:00<00:01,  7.20it/s]Processing pages:  30%|███       | 3/10 [00:00<00:00,  7.02it/s]Processing pages:  40%|████      | 4/10 [00:00<00:00,  7.12it/s]Processing pages:  50%|█████     | 5/10 [00:00<00:00,  7.21it/s]Processing pages:  60%|██████    | 6/10 [00:00<00:00,  7.38it/s]Processing pages:  70%|███████   | 7/10 [00:00<00:00,  7.31it/s]Processing pages:  80%|████████  | 8/10 [00:01<00:00,  7.43it/s]Processing pages:  90%|█████████ | 9/10 [00:01<00:00,  7.26it/s]Processing pages: 100%|██████████| 10/10 [00:01<00:00,  6.27it/s]Processing pages: 100%|██████████| 10/10 [00:01<00:00,  6.90it/s]
Processing pages:   0%|          | 0/10 [00:00<?, ?it/s]
OCR-rec Predict:   0%|          | 0/1 [00:00<?, ?it/s][A
OCR-rec Predict: 100%|██████████| 1/1 [00:00<00:00,  7.36it/s][AOCR-rec Predict: 100%|██████████| 1/1 [00:00<00:00,  7.34it/s]
Processing pages:  10%|█         | 1/10 [00:00<00:01,  4.53it/s]Processing pages:  20%|██        | 2/10 [00:00<00:01,  5.91it/s]Processing pages:  30%|███       | 3/10 [00:00<00:01,  3.59it/s]Processing pages:  40%|████      | 4/10 [00:00<00:01,  4.45it/s]Processing pages:  50%|█████     | 5/10 [00:01<00:00,  5.16it/s]Processing pages:  60%|██████    | 6/10 [00:01<00:00,  5.59it/s]Processing pages:  70%|███████   | 7/10 [00:01<00:00,  6.42it/s]Processing pages:  80%|████████  | 8/10 [00:01<00:00,  5.96it/s]Processing pages:  90%|█████████ | 9/10 [00:01<00:00,  5.41it/s]Processing pages: 100%|██████████| 10/10 [00:01<00:00,  5.65it/s]Processing pages: 100%|██████████| 10/10 [00:01<00:00,  5.32it/s]
INFO:     127.0.0.1:55908 - "GET /tasks/e18f629e-2099-45e9-ac50-fe34bcf6feaa HTTP/1.1" 200 OK
INFO:     127.0.0.1:55922 - "GET /tasks/3b85e6a7-691d-4f13-a5ee-0fef18fab9c5 HTTP/1.1" 200 OK
INFO:     127.0.0.1:47670 - "GET /tasks/1645bbeb-8983-4c55-ba5b-551cf4e78f7e HTTP/1.1" 200 OK
INFO:     127.0.0.1:55908 - "GET /tasks/e18f629e-2099-45e9-ac50-fe34bcf6feaa/result HTTP/1.1" 200 OK
INFO:     127.0.0.1:55908 - "POST /tasks HTTP/1.1" 202 Accepted
INFO:     127.0.0.1:55908 - "GET /tasks/38b4d7d7-4726-4c2c-a928-995ab020136b HTTP/1.1" 200 OK
2026-09-28 11:52:19.657 | INFO     | mineru.utils.engine_utils:get_vlm_engine:34 - Using vllm-async-engine as the inference engine for VLM.
2026-09-28 11:52:21.273 | INFO     | mineru.backend.hybrid.hybrid_analyze:aio_doc_analyze:1139 - Hybrid processing-window run. page_count=10, window_size=64, total_windows=1
2026-09-28 11:52:21.274 | INFO     | mineru.backend.hybrid.hybrid_analyze:get_batch_ratio:875 - hybrid batch ratio (auto, vram=40GB): 16
INFO:     127.0.0.1:55908 - "GET /tasks/1645bbeb-8983-4c55-ba5b-551cf4e78f7e HTTP/1.1" 200 OK
INFO:     127.0.0.1:55922 - "GET /tasks/3b85e6a7-691d-4f13-a5ee-0fef18fab9c5 HTTP/1.1" 200 OK
INFO:     127.0.0.1:47670 - "GET /tasks/38b4d7d7-4726-4c2c-a928-995ab020136b HTTP/1.1" 200 OK
INFO:     127.0.0.1:55908 - "GET /tasks/1645bbeb-8983-4c55-ba5b-551cf4e78f7e/result HTTP/1.1" 200 OK
INFO:     127.0.0.1:55922 - "GET /tasks/3b85e6a7-691d-4f13-a5ee-0fef18fab9c5/result HTTP/1.1" 200 OK
INFO:     127.0.0.1:55908 - "POST /tasks HTTP/1.1" 202 Accepted
INFO:     127.0.0.1:55908 - "GET /tasks/9269cfb3-fa8f-437e-9e59-1c84114625b8 HTTP/1.1" 200 OK
INFO:     127.0.0.1:55922 - "POST /tasks HTTP/1.1" 202 Accepted
INFO:     127.0.0.1:55908 - "GET /tasks/c4af4f42-b326-4e2e-b987-4ade60a0da71 HTTP/1.1" 200 OK
2026-09-28 11:52:21.827 | INFO     | mineru.utils.engine_utils:get_vlm_engine:34 - Using vllm-async-engine as the inference engine for VLM.
2026-09-28 11:52:21.873 | INFO     | mineru.utils.engine_utils:get_vlm_engine:34 - Using vllm-async-engine as the inference engine for VLM.
2026-09-28 11:52:22.381 | INFO     | mineru.backend.hybrid.hybrid_analyze:aio_doc_analyze:1139 - Hybrid processing-window run. page_count=10, window_size=64, total_windows=1
2026-09-28 11:52:22.382 | INFO     | mineru.backend.hybrid.hybrid_analyze:get_batch_ratio:875 - hybrid batch ratio (auto, vram=40GB): 16
2026-09-28 11:52:23.295 | INFO     | mineru.backend.hybrid.hybrid_analyze:aio_doc_analyze:1139 - Hybrid processing-window run. page_count=10, window_size=64, total_windows=1
2026-09-28 11:52:23.295 | INFO     | mineru.backend.hybrid.hybrid_analyze:get_batch_ratio:875 - hybrid batch ratio (auto, vram=40GB): 16
2026-09-28 11:52:23.296 | INFO     | mineru.backend.hybrid.hybrid_analyze:aio_doc_analyze:1161 - Hybrid processing window 1/1: pages 1-10/10 (10 pages)
2026-09-28 11:52:23.297 | INFO     | mineru.backend.hybrid.hybrid_analyze:aio_doc_analyze:1161 - Hybrid processing window 1/1: pages 1-10/10 (10 pages)
Layout Predict:   0%|          | 0/10 [00:00<?, ?it/s]
INFO:     127.0.0.1:55908 - "GET /tasks/38b4d7d7-4726-4c2c-a928-995ab020136b HTTP/1.1" 200 OK
Layout Predict:   0%|          | 0/10 [00:00<?, ?it/s][ALayout Predict:  80%|████████  | 8/10 [00:00<00:00, 19.28it/s]
Layout Predict:  80%|████████  | 8/10 [00:00<00:00, 19.19it/s][AINFO:     127.0.0.1:55908 - "GET /tasks/9269cfb3-fa8f-437e-9e59-1c84114625b8 HTTP/1.1" 200 OK
INFO:     127.0.0.1:55908 - "GET /tasks/c4af4f42-b326-4e2e-b987-4ade60a0da71 HTTP/1.1" 200 OK

Layout Predict: 100%|██████████| 10/10 [00:00<00:00, 18.17it/s][ALayout Predict: 100%|██████████| 10/10 [00:00<00:00, 18.40it/s]
Layout Predict: 100%|██████████| 10/10 [00:00<00:00, 17.84it/s]Layout Predict: 100%|██████████| 10/10 [00:00<00:00, 18.14it/s]
Table orientation det:   0%|          | 0/8 [00:00<?, ?it/s]
Table orientation det:   0%|          | 0/7 [00:00<?, ?it/s][A
Table orientation det:  14%|█▍        | 1/7 [00:00<00:00,  8.04it/s][ATable orientation det:  25%|██▌       | 2/8 [00:00<00:00, 12.64it/s]
Table orientation det:  29%|██▊       | 2/7 [00:00<00:00,  5.65it/s][A2026-09-28 11:52:24.223 | INFO     | mineru.backend.hybrid.hybrid_analyze:aio_doc_analyze:1161 - Hybrid processing window 1/1: pages 1-10/10 (10 pages)


Layout Predict:   0%|          | 0/10 [00:00<?, ?it/s][A[ATable orientation det:  50%|█████     | 4/8 [00:00<00:00, 10.31it/s]Table orientation det:  75%|███████▌  | 6/8 [00:00<00:00, 11.41it/s]
Table orientation det:  43%|████▎     | 3/7 [00:00<00:00,  5.39it/s][A

Layout Predict:  80%|████████  | 8/10 [00:00<00:00, 25.79it/s][A[ATable orientation det: 100%|██████████| 8/8 [00:00<00:00, 12.04it/s]Table orientation score: 100%|██████████| 8/8 [00:00<00:00, 12.04it/s]Table orientation score: 100%|██████████| 8/8 [00:00<00:00, 12.04it/s]Table orientation: 100%|██████████| 8/8 [00:00<00:00, 12.04it/s]      Table orientation: 100%|██████████| 8/8 [00:00<00:00, 12.04it/s]Table orientation: 100%|██████████| 8/8 [00:00<00:00, 11.66it/s]
External Layout Extraction:   0%|          | 0/19 [00:00<?, ?it/s]
Table orientation det:  71%|███████▏  | 5/7 [00:00<00:00,  6.63it/s][ALayout Predict: 100%|██████████| 10/10 [00:00<00:00, 19.45it/s]


Table orientation det:   0%|          | 0/7 [00:00<?, ?it/s][A[A
Table orientation det:  86%|████████▌ | 6/7 [00:00<00:00,  7.20it/s][A
Table orientation score: 100%|██████████| 7/7 [00:00<00:00,  7.20it/s][A
Table orientation score: 100%|██████████| 7/7 [00:00<00:00,  7.20it/s][A
Table orientation: 100%|██████████| 7/7 [00:00<00:00,  7.20it/s]      [A
Table orientation: 100%|██████████| 7/7 [00:00<00:00,  7.20it/s][ATable orientation: 100%|██████████| 7/7 [00:00<00:00,  7.08it/s]
External Layout Extraction:  11%|█         | 2/19 [00:00<00:02,  6.55it/s]
External Layout Extraction:   0%|          | 0/24 [00:00<?, ?it/s][A

Table orientation det:  43%|████▎     | 3/7 [00:00<00:00, 17.25it/s][A[A

Table orientation det:  71%|███████▏  | 5/7 [00:00<00:00, 13.68it/s][A[A
External Layout Extraction:  25%|██▌       | 6/24 [00:00<00:01, 17.99it/s][A

Table orientation det: 100%|██████████| 7/7 [00:00<00:00, 15.14it/s][A[A

Table orientation score: 100%|██████████| 7/7 [00:00<00:00, 15.14it/s][A[A

Table orientation score: 100%|██████████| 7/7 [00:00<00:00, 15.14it/s][A[A

Table orientation: 100%|██████████| 7/7 [00:00<00:00, 15.14it/s]      [A[A

Table orientation: 100%|██████████| 7/7 [00:00<00:00, 15.14it/s][A[ATable orientation: 100%|██████████| 7/7 [00:00<00:00, 15.07it/s]


External Layout Extraction:   0%|          | 0/19 [00:00<?, ?it/s][A[AExternal Layout Extraction:  32%|███▏      | 6/19 [00:00<00:01,  9.24it/s]INFO:     127.0.0.1:55908 - "GET /tasks/38b4d7d7-4726-4c2c-a928-995ab020136b HTTP/1.1" 200 OK


External Layout Extraction:  32%|███▏      | 6/19 [00:00<00:00, 32.29it/s][A[AExternal Layout Extraction:  37%|███▋      | 7/19 [00:00<00:01,  7.80it/s]
External Layout Extraction:  38%|███▊      | 9/24 [00:00<00:00, 15.29it/s][A

External Layout Extraction:  53%|█████▎    | 10/19 [00:00<00:00, 26.25it/s][A[A
External Layout Extraction:  50%|█████     | 12/24 [00:00<00:00, 15.68it/s][A

External Layout Extraction:  74%|███████▎  | 14/19 [00:00<00:00, 28.95it/s][A[A
External Layout Extraction:  67%|██████▋   | 16/24 [00:00<00:00, 20.38it/s][AINFO:     127.0.0.1:55908 - "GET /tasks/9269cfb3-fa8f-437e-9e59-1c84114625b8 HTTP/1.1" 200 OK
External Layout Extraction:  74%|███████▎  | 14/19 [00:01<00:00, 13.31it/s]INFO:     127.0.0.1:55908 - "GET /tasks/c4af4f42-b326-4e2e-b987-4ade60a0da71 HTTP/1.1" 200 OK
External Layout Extraction:  84%|████████▍ | 16/19 [00:01<00:00, 13.96it/s]
External Layout Extraction:  79%|███████▉  | 19/24 [00:01<00:00, 16.80it/s][A

External Layout Extraction:  89%|████████▉ | 17/19 [00:00<00:00, 17.46it/s][A[A
External Layout Extraction:  88%|████████▊ | 21/24 [00:01<00:00, 17.35it/s][AExternal Layout Extraction: 100%|██████████| 19/19 [00:01<00:00, 18.55it/s]


MFR Predict:   0%|          | 0/93 [00:00<?, ?it/s][A[AExternal Layout Extraction: 100%|██████████| 19/19 [00:02<00:00,  7.70it/s]External Layout Extraction: 100%|██████████| 19/19 [00:02<00:00,  8.99it/s]
MFR Predict:   0%|          | 0/56 [00:00<?, ?it/s]MFR Predict:  57%|█████▋    | 32/56 [00:00<00:00, 88.25it/s]INFO:     127.0.0.1:55908 - "GET /tasks/38b4d7d7-4726-4c2c-a928-995ab020136b HTTP/1.1" 200 OK


MFR Predict:  69%|██████▉   | 64/93 [00:01<00:00, 53.82it/s][A[AINFO:     127.0.0.1:55908 - "GET /tasks/9269cfb3-fa8f-437e-9e59-1c84114625b8 HTTP/1.1" 200 OK
INFO:     127.0.0.1:55908 - "GET /tasks/c4af4f42-b326-4e2e-b987-4ade60a0da71 HTTP/1.1" 200 OK
MFR Predict: 100%|██████████| 56/56 [00:01<00:00, 41.92it/s]MFR Predict: 100%|██████████| 56/56 [00:01<00:00, 46.05it/s]
OCR-det:   0%|          | 0/169 [00:00<?, ?it/s]OCR-det:   2%|▏         | 3/169 [00:00<00:38,  4.35it/s]OCR-det:   5%|▍         | 8/169 [00:00<00:13, 12.07it/s]
External Layout Extraction:  96%|█████████▌| 23/24 [00:04<00:00,  2.55it/s][A

MFR Predict: 100%|██████████| 93/93 [00:02<00:00, 32.39it/s][A[AMFR Predict: 100%|██████████| 93/93 [00:02<00:00, 35.29it/s]
OCR-det:   8%|▊         | 13/169 [00:00<00:08, 17.37it/s]

OCR-det:   0%|          | 0/156 [00:00<?, ?it/s][A[AOCR-det:  11%|█         | 18/169 [00:01<00:07, 19.68it/s]OCR-det:  16%|█▌        | 27/169 [00:01<00:04, 30.87it/s]INFO:     127.0.0.1:55908 - "GET /tasks/38b4d7d7-4726-4c2c-a928-995ab020136b HTTP/1.1" 200 OK
External Layout Extraction: 100%|██████████| 24/24 [00:04<00:00,  5.27it/s]

MFR Predict:   0%|          | 0/77 [00:00<?, ?it/s][AOCR-det:  22%|██▏       | 37/169 [00:01<00:03, 36.10it/s]INFO:     127.0.0.1:55908 - "GET /tasks/9269cfb3-fa8f-437e-9e59-1c84114625b8 HTTP/1.1" 200 OK
INFO:     127.0.0.1:55908 - "GET /tasks/c4af4f42-b326-4e2e-b987-4ade60a0da71 HTTP/1.1" 200 OK


OCR-det:   1%|          | 1/156 [00:00<02:11,  1.18it/s][A[AOCR-det:  26%|██▌       | 44/169 [00:01<00:04, 30.61it/s]

OCR-det:   4%|▍         | 6/156 [00:00<00:19,  7.88it/s][A[AOCR-det:  36%|███▌      | 60/169 [00:01<00:02, 49.51it/s]

OCR-det:   8%|▊         | 12/156 [00:01<00:09, 15.49it/s][A[AOCR-det:  44%|████▍     | 74/169 [00:02<00:01, 55.73it/s]

OCR-det:  12%|█▏        | 19/156 [00:01<00:06, 21.03it/s][A[A

OCR-det:  21%|██        | 32/156 [00:01<00:03, 36.77it/s][A[AOCR-det:  50%|█████     | 85/169 [00:02<00:01, 47.80it/s]
MFR Predict:  83%|████████▎ | 64/77 [00:01<00:00, 59.73it/s][A

OCR-det:  28%|██▊       | 43/156 [00:01<00:02, 49.17it/s][A[AOCR-det:  54%|█████▍    | 92/169 [00:02<00:01, 45.75it/s]OCR-det:  60%|██████    | 102/169 [00:02<00:01, 53.85it/s]

OCR-det:  33%|███▎      | 52/156 [00:01<00:02, 42.86it/s][A[AOCR-det:  69%|██████▊   | 116/169 [00:02<00:00, 59.15it/s]

OCR-det:  42%|████▏     | 65/156 [00:02<00:01, 53.06it/s][A[AOCR-det:  74%|███████▍  | 125/169 [00:03<00:00, 60.77it/s]

OCR-det:  53%|█████▎    | 82/156 [00:02<00:01, 67.20it/s][A[AOCR-det:  79%|███████▉  | 134/169 [00:03<00:00, 66.09it/s]

OCR-det:  58%|█████▊    | 90/156 [00:02<00:00, 68.97it/s][A[AINFO:     127.0.0.1:55908 - "GET /tasks/38b4d7d7-4726-4c2c-a928-995ab020136b HTTP/1.1" 200 OK
OCR-det:  85%|████████▌ | 144/169 [00:03<00:00, 57.05it/s]

OCR-det:  63%|██████▎   | 98/156 [00:02<00:00, 62.23it/s][A[AOCR-det:  91%|█████████ | 153/169 [00:03<00:00, 53.85it/s]

OCR-det:  69%|██████▊   | 107/156 [00:02<00:00, 51.80it/s][A[AINFO:     127.0.0.1:55908 - "GET /tasks/9269cfb3-fa8f-437e-9e59-1c84114625b8 HTTP/1.1" 200 OK
INFO:     127.0.0.1:55908 - "GET /tasks/c4af4f42-b326-4e2e-b987-4ade60a0da71 HTTP/1.1" 200 OK


OCR-det:  77%|███████▋  | 120/156 [00:02<00:00, 53.71it/s][A[A
MFR Predict: 100%|██████████| 77/77 [00:02<00:00, 27.08it/s][AMFR Predict: 100%|██████████| 77/77 [00:02<00:00, 31.34it/s]
OCR-det:  95%|█████████▍| 160/169 [00:03<00:00, 37.70it/s]
OCR-det:   0%|          | 0/162 [00:00<?, ?it/s][A

OCR-det:  82%|████████▏ | 128/156 [00:03<00:00, 55.99it/s][A[AOCR-det:  98%|█████████▊| 165/169 [00:04<00:00, 33.23it/s]

OCR-det:  86%|████████▌ | 134/156 [00:03<00:00, 45.87it/s][A[AOCR-det: 100%|██████████| 169/169 [00:04<00:00, 30.56it/s]OCR-det: 100%|██████████| 169/169 [00:04<00:00, 38.59it/s]
Processing pages:   0%|          | 0/10 [00:00<?, ?it/s]

OCR-det:  91%|█████████ | 142/156 [00:03<00:00, 42.74it/s][A[AProcessing pages:  10%|█         | 1/10 [00:00<00:01,  6.09it/s]

OCR-det:  94%|█████████▍| 147/156 [00:03<00:00, 37.95it/s][A[AProcessing pages:  20%|██        | 2/10 [00:00<00:01,  5.86it/s]
OCR-det:   4%|▍         | 7/162 [00:00<00:18,  8.35it/s][AProcessing pages:  30%|███       | 3/10 [00:00<00:01,  6.17it/s]

OCR-det:  99%|█████████▊| 154/156 [00:04<00:00, 31.60it/s][A[A
OCR-det:   7%|▋         | 11/162 [00:00<00:12, 12.23it/s][AProcessing pages:  40%|████      | 4/10 [00:00<00:01,  4.80it/s]OCR-det: 100%|██████████| 156/156 [00:04<00:00, 36.21it/s]

OCR-det:   9%|▊         | 14/162 [00:01<00:14, 10.42it/s][AProcessing pages:  50%|█████     | 5/10 [00:01<00:01,  4.62it/s]
OCR-det:  12%|█▏        | 19/162 [00:01<00:09, 14.77it/s][AProcessing pages:  60%|██████    | 6/10 [00:01<00:00,  5.35it/s]Processing pages:  70%|███████   | 7/10 [00:01<00:00,  5.99it/s]
OCR-det:  15%|█▍        | 24/162 [00:01<00:07, 17.58it/s][AProcessing pages:  80%|████████  | 8/10 [00:01<00:00,  6.50it/s]
OCR-det:  19%|█▉        | 31/162 [00:01<00:05, 23.08it/s][AProcessing pages:  90%|█████████ | 9/10 [00:01<00:00,  6.19it/s]
OCR-det:  24%|██▍       | 39/162 [00:02<00:03, 31.64it/s][AProcessing pages: 100%|██████████| 10/10 [00:01<00:00,  6.29it/s]Processing pages: 100%|██████████| 10/10 [00:01<00:00,  5.83it/s]
INFO:     127.0.0.1:55908 - "GET /tasks/38b4d7d7-4726-4c2c-a928-995ab020136b HTTP/1.1" 200 OK
Processing pages:   0%|          | 0/10 [00:00<?, ?it/s]INFO:     127.0.0.1:40568 - "GET /tasks/9269cfb3-fa8f-437e-9e59-1c84114625b8 HTTP/1.1" 200 OK
Processing pages:  10%|█         | 1/10 [00:00<00:03,  2.39it/s]
OCR-det:  36%|███▋      | 59/162 [00:02<00:03, 32.19it/s][AProcessing pages:  20%|██        | 2/10 [00:00<00:02,  3.79it/s]
OCR-det:  40%|████      | 65/162 [00:02<00:02, 32.46it/s][AProcessing pages:  30%|███       | 3/10 [00:00<00:01,  4.43it/s]
OCR-det:  44%|████▍     | 71/162 [00:03<00:02, 31.69it/s][AProcessing pages:  40%|████      | 4/10 [00:00<00:01,  5.08it/s]
OCR-det:  46%|████▋     | 75/162 [00:03<00:02, 31.86it/s][AProcessing pages:  50%|█████     | 5/10 [00:01<00:00,  5.41it/s]Processing pages:  60%|██████    | 6/10 [00:01<00:00,  5.85it/s]
OCR-det:  50%|█████     | 81/162 [00:03<00:03, 27.00it/s][AProcessing pages:  70%|███████   | 7/10 [00:01<00:00,  6.29it/s]Processing pages:  80%|████████  | 8/10 [00:01<00:00,  6.60it/s]
OCR-det:  58%|█████▊    | 94/162 [00:03<00:01, 35.37it/s][AProcessing pages:  90%|█████████ | 9/10 [00:01<00:00,  6.57it/s]
OCR-det:  64%|██████▎   | 103/162 [00:03<00:01, 38.27it/s][AProcessing pages: 100%|██████████| 10/10 [00:01<00:00,  6.25it/s]Processing pages: 100%|██████████| 10/10 [00:01<00:00,  5.50it/s]
OCR-rec Predict:   0%|          | 0/1 [00:00<?, ?it/s]INFO:     127.0.0.1:40574 - "GET /tasks/c4af4f42-b326-4e2e-b987-4ade60a0da71 HTTP/1.1" 200 OK
INFO:     127.0.0.1:55908 - "GET /tasks/38b4d7d7-4726-4c2c-a928-995ab020136b HTTP/1.1" 200 OK
INFO:     127.0.0.1:40568 - "GET /tasks/9269cfb3-fa8f-437e-9e59-1c84114625b8 HTTP/1.1" 200 OK
OCR-rec Predict: 100%|██████████| 1/1 [00:00<00:00,  2.57it/s]OCR-rec Predict: 100%|██████████| 1/1 [00:00<00:00,  2.57it/s]
INFO:     127.0.0.1:55908 - "GET /tasks/9269cfb3-fa8f-437e-9e59-1c84114625b8/result HTTP/1.1" 200 OK

OCR-det:  77%|███████▋  | 124/162 [00:04<00:01, 26.60it/s][A
OCR-det:  79%|███████▉  | 128/162 [00:05<00:01, 26.26it/s][AINFO:     127.0.0.1:55908 - "POST /tasks HTTP/1.1" 202 Accepted
2026-09-28 11:52:37.122 | INFO     | mineru.utils.engine_utils:get_vlm_engine:34 - Using vllm-async-engine as the inference engine for VLM.
INFO:     127.0.0.1:55908 - "GET /tasks/52a2e9b7-8c9a-4c50-82ba-47f21019ff3b HTTP/1.1" 200 OK

OCR-det:  85%|████████▌ | 138/162 [00:05<00:00, 30.76it/s][A
OCR-det:  89%|████████▉ | 144/162 [00:05<00:00, 33.94it/s][A
OCR-det:  92%|█████████▏| 149/162 [00:05<00:00, 34.85it/s][A
OCR-det:  96%|█████████▌| 155/162 [00:05<00:00, 34.43it/s][A2026-09-28 11:52:37.709 | INFO     | mineru.backend.hybrid.hybrid_analyze:aio_doc_analyze:1139 - Hybrid processing-window run. page_count=10, window_size=64, total_windows=1
2026-09-28 11:52:37.709 | INFO     | mineru.backend.hybrid.hybrid_analyze:get_batch_ratio:875 - hybrid batch ratio (auto, vram=40GB): 16
OCR-det: 100%|██████████| 162/162 [00:05<00:00, 28.14it/s]
Processing pages:   0%|          | 0/10 [00:00<?, ?it/s]Processing pages:  10%|█         | 1/10 [00:00<00:01,  7.00it/s]Processing pages:  20%|██        | 2/10 [00:00<00:01,  7.28it/s]Processing pages:  30%|███       | 3/10 [00:00<00:00,  7.26it/s]Processing pages:  40%|████      | 4/10 [00:00<00:00,  7.24it/s]Processing pages:  50%|█████     | 5/10 [00:00<00:00,  7.21it/s]Processing pages:  60%|██████    | 6/10 [00:00<00:00,  6.03it/s]Processing pages:  70%|███████   | 7/10 [00:01<00:00,  6.25it/s]Processing pages:  80%|████████  | 8/10 [00:01<00:00,  3.90it/s]Processing pages:  90%|█████████ | 9/10 [00:01<00:00,  4.48it/s]Processing pages: 100%|██████████| 10/10 [00:01<00:00,  4.98it/s]Processing pages: 100%|██████████| 10/10 [00:01<00:00,  5.48it/s]
OCR-rec Predict:   0%|          | 0/1 [00:00<?, ?it/s]2026-09-28 11:52:39.635 | INFO     | mineru.backend.hybrid.hybrid_analyze:aio_doc_analyze:1161 - Hybrid processing window 1/1: pages 1-10/10 (10 pages)

Layout Predict:   0%|          | 0/10 [00:00<?, ?it/s][AINFO:     127.0.0.1:40574 - "GET /tasks/52a2e9b7-8c9a-4c50-82ba-47f21019ff3b HTTP/1.1" 200 OK
INFO:     127.0.0.1:40568 - "GET /tasks/38b4d7d7-4726-4c2c-a928-995ab020136b HTTP/1.1" 200 OK
INFO:     127.0.0.1:55908 - "GET /tasks/c4af4f42-b326-4e2e-b987-4ade60a0da71 HTTP/1.1" 200 OK
OCR-rec Predict: 100%|██████████| 1/1 [00:00<00:00, 42.84it/s]
INFO:     127.0.0.1:55908 - "GET /tasks/c4af4f42-b326-4e2e-b987-4ade60a0da71/result HTTP/1.1" 200 OK
INFO:     127.0.0.1:55908 - "POST /tasks HTTP/1.1" 202 Accepted
INFO:     127.0.0.1:55908 - "GET /tasks/d226e449-d073-448a-91b5-48f5204834db HTTP/1.1" 200 OK
2026-09-28 11:52:40.498 | INFO     | mineru.utils.engine_utils:get_vlm_engine:34 - Using vllm-async-engine as the inference engine for VLM.

Layout Predict:  80%|████████  | 8/10 [00:00<00:00,  8.84it/s][A
Layout Predict: 100%|██████████| 10/10 [00:01<00:00,  9.32it/s][ALayout Predict: 100%|██████████| 10/10 [00:01<00:00,  9.20it/s]
2026-09-28 11:52:40.981 | INFO     | mineru.backend.hybrid.hybrid_analyze:aio_doc_analyze:1139 - Hybrid processing-window run. page_count=9, window_size=64, total_windows=1
2026-09-28 11:52:40.981 | INFO     | mineru.backend.hybrid.hybrid_analyze:get_batch_ratio:875 - hybrid batch ratio (auto, vram=40GB): 16
Table orientation det:   0%|          | 0/4 [00:00<?, ?it/s]Table orientation det: 100%|██████████| 4/4 [00:00<00:00, 24.84it/s]Table orientation score: 100%|██████████| 4/4 [00:00<00:00, 24.84it/s]Table orientation score: 100%|██████████| 4/4 [00:00<00:00, 24.84it/s]Table orientation: 100%|██████████| 4/4 [00:00<00:00, 24.84it/s]      Table orientation: 100%|██████████| 4/4 [00:00<00:00, 24.84it/s]Table orientation: 100%|██████████| 4/4 [00:00<00:00, 24.75it/s]
External Layout Extraction:   0%|          | 0/35 [00:00<?, ?it/s]External Layout Extraction:  17%|█▋        | 6/35 [00:00<00:01, 24.06it/s]External Layout Extraction:  46%|████▌     | 16/35 [00:00<00:00, 50.84it/s]INFO:     127.0.0.1:55908 - "GET /tasks/52a2e9b7-8c9a-4c50-82ba-47f21019ff3b HTTP/1.1" 200 OK
INFO:     127.0.0.1:40568 - "GET /tasks/38b4d7d7-4726-4c2c-a928-995ab020136b HTTP/1.1" 200 OK
External Layout Extraction:  74%|███████▍  | 26/35 [00:00<00:00, 46.64it/s]2026-09-28 11:52:41.773 | INFO     | mineru.backend.hybrid.hybrid_analyze:aio_doc_analyze:1161 - Hybrid processing window 1/1: pages 1-9/9 (9 pages)

Layout Predict:   0%|          | 0/9 [00:00<?, ?it/s][AINFO:     127.0.0.1:55908 - "GET /tasks/38b4d7d7-4726-4c2c-a928-995ab020136b/result HTTP/1.1" 200 OK
External Layout Extraction:  94%|█████████▍| 33/35 [00:00<00:00, 52.17it/s]INFO:     127.0.0.1:55908 - "POST /tasks HTTP/1.1" 202 Accepted

Layout Predict:  89%|████████▉ | 8/9 [00:00<00:00, 23.59it/s][AINFO:     127.0.0.1:55908 - "GET /tasks/6dce1baa-9878-4de7-beb2-c3116be7fd7d HTTP/1.1" 200 OK
2026-09-28 11:52:42.176 | INFO     | mineru.utils.engine_utils:get_vlm_engine:34 - Using vllm-async-engine as the inference engine for VLM.
Layout Predict: 100%|██████████| 9/9 [00:00<00:00, 17.12it/s]
2026-09-28 11:52:42.731 | INFO     | mineru.backend.hybrid.hybrid_analyze:aio_doc_analyze:1139 - Hybrid processing-window run. page_count=10, window_size=64, total_windows=1
2026-09-28 11:52:42.731 | INFO     | mineru.backend.hybrid.hybrid_analyze:get_batch_ratio:875 - hybrid batch ratio (auto, vram=40GB): 16
INFO:     127.0.0.1:55908 - "GET /tasks/d226e449-d073-448a-91b5-48f5204834db HTTP/1.1" 200 OK
External Layout Extraction: 100%|██████████| 35/35 [00:01<00:00, 22.16it/s]
Table orientation det:   0%|          | 0/7 [00:00<?, ?it/s]
MFR Predict:   0%|          | 0/87 [00:00<?, ?it/s][ATable orientation det:  29%|██▊       | 2/7 [00:00<00:00, 10.60it/s]Table orientation det:  57%|█████▋    | 4/7 [00:00<00:00, 11.83it/s]Table orientation det:  86%|████████▌ | 6/7 [00:00<00:00, 12.25it/s]Table orientation score: 100%|██████████| 7/7 [00:00<00:00, 12.25it/s]Table orientation score: 100%|██████████| 7/7 [00:00<00:00, 12.25it/s]Table orientation: 100%|██████████| 7/7 [00:00<00:00, 12.25it/s]      Table orientation: 100%|██████████| 7/7 [00:00<00:00, 12.25it/s]Table orientation: 100%|██████████| 7/7 [00:00<00:00, 12.40it/s]
External Layout Extraction:   0%|          | 0/7 [00:00<?, ?it/s]2026-09-28 11:52:43.611 | INFO     | mineru.backend.hybrid.hybrid_analyze:aio_doc_analyze:1161 - Hybrid processing window 1/1: pages 1-10/10 (10 pages)


Layout Predict:   0%|          | 0/10 [00:00<?, ?it/s][A[AINFO:     127.0.0.1:55908 - "GET /tasks/52a2e9b7-8c9a-4c50-82ba-47f21019ff3b HTTP/1.1" 200 OK

MFR Predict:  74%|███████▎  | 64/87 [00:00<00:00, 74.13it/s][AExternal Layout Extraction:  14%|█▍        | 1/7 [00:00<00:02,  2.89it/s]External Layout Extraction:  29%|██▊       | 2/7 [00:00<00:01,  3.36it/s]INFO:     127.0.0.1:55908 - "GET /tasks/6dce1baa-9878-4de7-beb2-c3116be7fd7d HTTP/1.1" 200 OK
External Layout Extraction:  57%|█████▋    | 4/7 [00:00<00:00,  4.73it/s]

Layout Predict:  80%|████████  | 8/10 [00:00<00:00,  9.82it/s][A[AExternal Layout Extraction:  71%|███████▏  | 5/7 [00:01<00:00,  3.72it/s]

Layout Predict: 100%|██████████| 10/10 [00:01<00:00,  9.14it/s][A[ALayout Predict: 100%|██████████| 10/10 [00:01<00:00,  9.29it/s]


Table orientation det:   0%|          | 0/5 [00:00<?, ?it/s][A[AINFO:     127.0.0.1:55908 - "GET /tasks/d226e449-d073-448a-91b5-48f5204834db HTTP/1.1" 200 OK


Table orientation det:  40%|████      | 2/5 [00:00<00:00, 17.09it/s][A[A

Table orientation det:  80%|████████  | 4/5 [00:00<00:00, 12.06it/s][A[A

Table orientation score: 100%|██████████| 5/5 [00:00<00:00, 12.06it/s][A[A

Table orientation score: 100%|██████████| 5/5 [00:00<00:00, 12.06it/s][A[A

Table orientation: 100%|██████████| 5/5 [00:00<00:00, 12.06it/s]      [A[A

Table orientation: 100%|██████████| 5/5 [00:00<00:00, 12.06it/s][A[ATable orientation: 100%|██████████| 5/5 [00:00<00:00, 13.80it/s]


External Layout Extraction:   0%|          | 0/15 [00:00<?, ?it/s][A[A
MFR Predict: 100%|██████████| 87/87 [00:02<00:00, 33.62it/s][AMFR Predict: 100%|██████████| 87/87 [00:02<00:00, 38.22it/s]
External Layout Extraction:  86%|████████▌ | 6/7 [00:01<00:00,  3.15it/s]
OCR-det:   0%|          | 0/160 [00:00<?, ?it/s][A

External Layout Extraction:  27%|██▋       | 4/15 [00:00<00:00, 16.21it/s][A[A

External Layout Extraction:  40%|████      | 6/15 [00:00<00:00, 16.01it/s][A[AExternal Layout Extraction: 100%|██████████| 7/7 [00:02<00:00,  2.61it/s]External Layout Extraction: 100%|██████████| 7/7 [00:02<00:00,  3.06it/s]
INFO:     127.0.0.1:55908 - "GET /tasks/52a2e9b7-8c9a-4c50-82ba-47f21019ff3b HTTP/1.1" 200 OK
MFR Predict:   0%|          | 0/4 [00:00<?, ?it/s]

External Layout Extraction:  67%|██████▋   | 10/15 [00:00<00:00, 15.45it/s][A[A
OCR-det:   1%|          | 1/160 [00:00<01:38,  1.62it/s][AMFR Predict:  50%|█████     | 2/4 [00:00<00:00, 13.47it/s]
OCR-det:   5%|▌         | 8/160 [00:00<00:10, 13.94it/s][A
OCR-det:  10%|█         | 16/160 [00:00<00:05, 26.47it/s][A

External Layout Extraction:  80%|████████  | 12/15 [00:01<00:00, 10.06it/s][A[A
OCR-det:  14%|█▍        | 22/160 [00:01<00:04, 30.63it/s][AINFO:     127.0.0.1:55908 - "GET /tasks/6dce1baa-9878-4de7-beb2-c3116be7fd7d HTTP/1.1" 200 OK
MFR Predict: 100%|██████████| 4/4 [00:00<00:00,  7.06it/s]MFR Predict: 100%|██████████| 4/4 [00:00<00:00,  7.60it/s]
OCR-det:   0%|          | 0/130 [00:00<?, ?it/s]
OCR-det:  23%|██▎       | 37/160 [00:01<00:02, 54.21it/s][A
OCR-det:  32%|███▏      | 51/160 [00:01<00:01, 71.90it/s][A
OCR-det:  41%|████▏     | 66/160 [00:01<00:01, 79.90it/s][A

External Layout Extraction:  93%|█████████▎| 14/15 [00:01<00:00,  6.39it/s][A[A
OCR-det:  48%|████▊     | 76/160 [00:01<00:01, 73.90it/s][AINFO:     127.0.0.1:55908 - "GET /tasks/d226e449-d073-448a-91b5-48f5204834db HTTP/1.1" 200 OK
OCR-det:   2%|▏         | 3/130 [00:00<00:22,  5.69it/s]

External Layout Extraction: 100%|██████████| 15/15 [00:01<00:00,  6.72it/s][A[AExternal Layout Extraction: 100%|██████████| 15/15 [00:01<00:00,  8.68it/s]


MFR Predict:   0%|          | 0/29 [00:00<?, ?it/s][A[A
OCR-det:  61%|██████    | 97/160 [00:01<00:00, 80.53it/s][AOCR-det:   5%|▍         | 6/130 [00:00<00:13,  9.13it/s]OCR-det:   8%|▊         | 10/130 [00:00<00:08, 14.24it/s]
OCR-det:  68%|██████▊   | 108/160 [00:02<00:00, 67.28it/s][AOCR-det:  14%|█▍        | 18/130 [00:00<00:04, 26.36it/s]

MFR Predict:  55%|█████▌    | 16/29 [00:00<00:00, 42.77it/s][A[A
OCR-det:  74%|███████▍  | 118/160 [00:02<00:00, 63.48it/s][AOCR-det:  24%|██▍       | 31/130 [00:01<00:02, 44.86it/s]
OCR-det:  79%|███████▉  | 126/160 [00:02<00:00, 59.95it/s][AOCR-det:  32%|███▏      | 42/130 [00:01<00:01, 53.71it/s]
OCR-det:  84%|████████▍ | 135/160 [00:02<00:00, 63.26it/s][AOCR-det:  38%|███▊      | 50/130 [00:01<00:01, 54.16it/s]INFO:     127.0.0.1:55908 - "GET /tasks/52a2e9b7-8c9a-4c50-82ba-47f21019ff3b HTTP/1.1" 200 OK
OCR-det:  43%|████▎     | 56/130 [00:01<00:01, 54.40it/s]OCR-det:  51%|█████     | 66/130 [00:01<00:01, 50.60it/s]
OCR-det:  89%|████████▉ | 142/160 [00:02<00:00, 40.54it/s][AOCR-det:  57%|█████▋    | 74/130 [00:01<00:01, 51.29it/s]INFO:     127.0.0.1:55908 - "GET /tasks/6dce1baa-9878-4de7-beb2-c3116be7fd7d HTTP/1.1" 200 OK

OCR-det:  92%|█████████▎| 148/160 [00:03<00:00, 41.37it/s][AOCR-det:  63%|██████▎   | 82/130 [00:02<00:00, 52.05it/s]
OCR-det:  99%|█████████▉| 158/160 [00:03<00:00, 46.98it/s][AOCR-det: 100%|██████████| 160/160 [00:03<00:00, 49.30it/s]

Processing pages:   0%|          | 0/10 [00:00<?, ?it/s][AOCR-det:  71%|███████   | 92/130 [00:02<00:00, 52.55it/s]OCR-det:  75%|███████▌  | 98/130 [00:02<00:00, 52.60it/s]
Processing pages:  10%|█         | 1/10 [00:00<00:02,  4.19it/s][A

MFR Predict: 100%|██████████| 29/29 [00:01<00:00, 14.04it/s][A[AMFR Predict: 100%|██████████| 29/29 [00:01<00:00, 15.79it/s]


OCR-det:   0%|          | 0/156 [00:00<?, ?it/s][A[AOCR-det:  80%|████████  | 104/130 [00:02<00:00, 45.52it/s]
Processing pages:  20%|██        | 2/10 [00:00<00:01,  4.69it/s][A
Processing pages:  30%|███       | 3/10 [00:00<00:01,  5.80it/s][AOCR-det:  90%|█████████ | 117/130 [00:02<00:00, 44.37it/s]
Processing pages:  40%|████      | 4/10 [00:00<00:01,  5.88it/s][AOCR-det:  95%|█████████▍| 123/130 [00:02<00:00, 46.87it/s]
Processing pages:  50%|█████     | 5/10 [00:00<00:00,  6.28it/s][AOCR-det: 100%|██████████| 130/130 [00:03<00:00, 46.28it/s]OCR-det: 100%|██████████| 130/130 [00:03<00:00, 41.88it/s]

Processing pages:  60%|██████    | 6/10 [00:01<00:00,  6.05it/s][A
Processing pages:  70%|███████   | 7/10 [00:01<00:00,  6.80it/s][A
Processing pages:  80%|████████  | 8/10 [00:01<00:00,  6.94it/s][A
Processing pages:  90%|█████████ | 9/10 [00:01<00:00,  7.35it/s][A

OCR-det:   1%|▏         | 2/156 [00:01<01:23,  1.84it/s][A[A
Processing pages: 100%|██████████| 10/10 [00:01<00:00,  6.62it/s][AProcessing pages: 100%|██████████| 10/10 [00:01<00:00,  6.28it/s]
OCR-rec Predict:   0%|          | 0/1 [00:00<?, ?it/s]INFO:     127.0.0.1:55908 - "GET /tasks/d226e449-d073-448a-91b5-48f5204834db HTTP/1.1" 200 OK

Processing pages:   0%|          | 0/9 [00:00<?, ?it/s][AINFO:     127.0.0.1:40946 - "GET /tasks/52a2e9b7-8c9a-4c50-82ba-47f21019ff3b HTTP/1.1" 200 OK
OCR-rec Predict: 100%|██████████| 1/1 [00:00<00:00, 16.64it/s]


OCR-det:   4%|▍         | 7/156 [00:01<00:23,  6.26it/s][A[A
Processing pages:  11%|█         | 1/9 [00:00<00:01,  6.13it/s][A

OCR-det:   8%|▊         | 12/156 [00:01<00:12, 11.51it/s][A[A
Processing pages:  22%|██▏       | 2/9 [00:00<00:01,  6.38it/s][A

OCR-det:  10%|█         | 16/156 [00:01<00:09, 14.62it/s][A[A
Processing pages:  33%|███▎      | 3/9 [00:00<00:01,  4.17it/s][A

OCR-det:  12%|█▏        | 19/156 [00:01<00:11, 11.86it/s][A[A
Processing pages:  44%|████▍     | 4/9 [00:00<00:01,  4.67it/s][A
Processing pages:  56%|█████▌    | 5/9 [00:00<00:00,  5.55it/s][A

OCR-det:  21%|██        | 33/156 [00:02<00:04, 25.26it/s][A[A
Processing pages:  67%|██████▋   | 6/9 [00:01<00:00,  6.12it/s][A

OCR-det:  31%|███▏      | 49/156 [00:02<00:02, 40.64it/s][A[A
Processing pages:  78%|███████▊  | 7/9 [00:01<00:00,  5.97it/s][A

OCR-det:  35%|███▌      | 55/156 [00:02<00:02, 40.29it/s][A[A
Processing pages:  89%|████████▉ | 8/9 [00:01<00:00,  6.13it/s][A

OCR-det:  40%|████      | 63/156 [00:02<00:02, 40.46it/s][A[A
Processing pages: 100%|██████████| 9/9 [00:01<00:00,  5.77it/s][AProcessing pages: 100%|██████████| 9/9 [00:01<00:00,  5.60it/s]
INFO:     127.0.0.1:55908 - "GET /tasks/6dce1baa-9878-4de7-beb2-c3116be7fd7d HTTP/1.1" 200 OK


OCR-det:  44%|████▎     | 68/156 [00:03<00:04, 18.08it/s][A[AINFO:     127.0.0.1:40946 - "GET /tasks/52a2e9b7-8c9a-4c50-82ba-47f21019ff3b HTTP/1.1" 200 OK
INFO:     127.0.0.1:55908 - "GET /tasks/d226e449-d073-448a-91b5-48f5204834db HTTP/1.1" 200 OK
INFO:     127.0.0.1:40946 - "GET /tasks/52a2e9b7-8c9a-4c50-82ba-47f21019ff3b/result HTTP/1.1" 200 OK
INFO:     127.0.0.1:55908 - "GET /tasks/d226e449-d073-448a-91b5-48f5204834db/result HTTP/1.1" 200 OK


OCR-det:  47%|████▋     | 73/156 [00:03<00:04, 20.27it/s][A[A

OCR-det:  51%|█████▏    | 80/156 [00:03<00:02, 25.64it/s][A[A

OCR-det:  66%|██████▌   | 103/156 [00:04<00:01, 47.24it/s][A[AINFO:     127.0.0.1:40946 - "POST /tasks HTTP/1.1" 202 Accepted
INFO:     127.0.0.1:40946 - "GET /tasks/9beb9f5b-271a-41fc-a553-24dae5f1f400 HTTP/1.1" 200 OK
2026-09-28 11:52:53.036 | INFO     | mineru.utils.engine_utils:get_vlm_engine:34 - Using vllm-async-engine as the inference engine for VLM.
INFO:     127.0.0.1:55908 - "POST /tasks HTTP/1.1" 202 Accepted


OCR-det:  71%|███████   | 111/156 [00:04<00:01, 41.94it/s][A[A

OCR-det:  75%|███████▌  | 117/156 [00:04<00:01, 35.88it/s][A[A

OCR-det:  78%|███████▊  | 122/156 [00:04<00:01, 30.40it/s][A[A

OCR-det:  83%|████████▎ | 130/156 [00:04<00:00, 35.54it/s][A[A2026-09-28 11:52:53.851 | INFO     | mineru.backend.hybrid.hybrid_analyze:aio_doc_analyze:1139 - Hybrid processing-window run. page_count=9, window_size=64, total_windows=1
2026-09-28 11:52:53.851 | INFO     | mineru.backend.hybrid.hybrid_analyze:get_batch_ratio:875 - hybrid batch ratio (auto, vram=40GB): 16
INFO:     127.0.0.1:40946 - "GET /tasks/6dce1baa-9878-4de7-beb2-c3116be7fd7d HTTP/1.1" 200 OK
INFO:     127.0.0.1:55908 - "GET /tasks/0209643c-60b5-4e96-98c0-c8b8af98ffeb HTTP/1.1" 200 OK


OCR-det:  90%|█████████ | 141/156 [00:05<00:00, 46.20it/s][A[A2026-09-28 11:52:53.901 | INFO     | mineru.utils.engine_utils:get_vlm_engine:34 - Using vllm-async-engine as the inference engine for VLM.


OCR-det:  95%|█████████▍| 148/156 [00:05<00:00, 42.53it/s][A[A2026-09-28 11:52:54.272 | INFO     | mineru.backend.hybrid.hybrid_analyze:aio_doc_analyze:1139 - Hybrid processing-window run. page_count=6, window_size=64, total_windows=1
2026-09-28 11:52:54.272 | INFO     | mineru.backend.hybrid.hybrid_analyze:get_batch_ratio:875 - hybrid batch ratio (auto, vram=40GB): 16


OCR-det:  99%|█████████▊| 154/156 [00:05<00:00, 37.36it/s][A[AOCR-det: 100%|██████████| 156/156 [00:05<00:00, 28.04it/s]
Processing pages:   0%|          | 0/10 [00:00<?, ?it/s]Processing pages:  10%|█         | 1/10 [00:00<00:01,  6.71it/s]Processing pages:  20%|██        | 2/10 [00:00<00:01,  4.22it/s]Processing pages:  30%|███       | 3/10 [00:00<00:01,  4.65it/s]Processing pages:  40%|████      | 4/10 [00:00<00:01,  5.38it/s]Processing pages:  50%|█████     | 5/10 [00:00<00:00,  5.83it/s]Processing pages:  60%|██████    | 6/10 [00:01<00:00,  6.30it/s]Processing pages:  70%|███████   | 7/10 [00:01<00:00,  6.77it/s]Processing pages:  80%|████████  | 8/10 [00:01<00:00,  6.87it/s]Processing pages:  90%|█████████ | 9/10 [00:01<00:00,  6.76it/s]Processing pages: 100%|██████████| 10/10 [00:01<00:00,  6.62it/s]Processing pages: 100%|██████████| 10/10 [00:01<00:00,  6.11it/s]
2026-09-28 11:52:56.028 | INFO     | mineru.backend.hybrid.hybrid_analyze:aio_doc_analyze:1161 - Hybrid processing window 1/1: pages 1-9/9 (9 pages)
2026-09-28 11:52:56.029 | INFO     | mineru.backend.hybrid.hybrid_analyze:aio_doc_analyze:1161 - Hybrid processing window 1/1: pages 1-6/6 (6 pages)
Layout Predict:   0%|          | 0/9 [00:00<?, ?it/s]INFO:     127.0.0.1:38250 - "GET /tasks/0209643c-60b5-4e96-98c0-c8b8af98ffeb HTTP/1.1" 200 OK

Layout Predict:   0%|          | 0/6 [00:00<?, ?it/s][AINFO:     127.0.0.1:40946 - "GET /tasks/6dce1baa-9878-4de7-beb2-c3116be7fd7d HTTP/1.1" 200 OK
INFO:     127.0.0.1:55908 - "GET /tasks/9beb9f5b-271a-41fc-a553-24dae5f1f400 HTTP/1.1" 200 OK

Layout Predict: 100%|██████████| 6/6 [00:00<00:00,  8.86it/s][ALayout Predict: 100%|██████████| 6/6 [00:00<00:00,  8.86it/s]

Table orientation det:   0%|          | 0/2 [00:00<?, ?it/s][ALayout Predict:  89%|████████▉ | 8/9 [00:00<00:00, 11.37it/s]Layout Predict: 100%|██████████| 9/9 [00:00<00:00, 11.46it/s]
Table orientation det:   0%|          | 0/4 [00:00<?, ?it/s]
Table orientation det: 100%|██████████| 2/2 [00:00<00:00, 16.26it/s][A
Table orientation score: 100%|██████████| 2/2 [00:00<00:00, 16.26it/s][A
Table orientation score: 100%|██████████| 2/2 [00:00<00:00, 16.26it/s][A
Table orientation: 100%|██████████| 2/2 [00:00<00:00, 16.26it/s]      [A
Table orientation: 100%|██████████| 2/2 [00:00<00:00, 16.26it/s][ATable orientation: 100%|██████████| 2/2 [00:00<00:00, 16.19it/s]

External Layout Extraction:   0%|          | 0/4 [00:00<?, ?it/s][ATable orientation det:  25%|██▌       | 1/4 [00:00<00:00,  8.81it/s]Table orientation det:  75%|███████▌  | 3/4 [00:00<00:00, 11.91it/s]
External Layout Extraction:  50%|█████     | 2/4 [00:00<00:00,  8.04it/s][ATable orientation score: 100%|██████████| 4/4 [00:00<00:00, 11.91it/s]Table orientation score: 100%|██████████| 4/4 [00:00<00:00, 11.91it/s]Table orientation: 100%|██████████| 4/4 [00:00<00:00, 11.91it/s]      Table orientation: 100%|██████████| 4/4 [00:00<00:00, 11.91it/s]Table orientation: 100%|██████████| 4/4 [00:00<00:00, 11.47it/s]
External Layout Extraction:   0%|          | 0/22 [00:00<?, ?it/s]External Layout Extraction:  32%|███▏      | 7/22 [00:00<00:00, 29.28it/s]
External Layout Extraction:  75%|███████▌  | 3/4 [00:00<00:00,  3.96it/s][AExternal Layout Extraction:  45%|████▌     | 10/22 [00:00<00:00, 28.14it/s]External Layout Extraction:  68%|██████▊   | 15/22 [00:00<00:00, 33.09it/s]
External Layout Extraction: 100%|██████████| 4/4 [00:00<00:00,  4.67it/s][AExternal Layout Extraction: 100%|██████████| 4/4 [00:00<00:00,  4.82it/s]

MFR Predict:   0%|          | 0/3 [00:00<?, ?it/s][AExternal Layout Extraction:  86%|████████▋ | 19/22 [00:00<00:00, 29.42it/s]
MFR Predict:  67%|██████▋   | 2/3 [00:00<00:00, 16.85it/s][AMFR Predict: 100%|██████████| 3/3 [00:00<00:00, 10.47it/s]

OCR-det:   0%|          | 0/88 [00:00<?, ?it/s][AINFO:     127.0.0.1:55908 - "GET /tasks/0209643c-60b5-4e96-98c0-c8b8af98ffeb HTTP/1.1" 200 OK
INFO:     127.0.0.1:40946 - "GET /tasks/9beb9f5b-271a-41fc-a553-24dae5f1f400 HTTP/1.1" 200 OK
INFO:     127.0.0.1:38250 - "GET /tasks/6dce1baa-9878-4de7-beb2-c3116be7fd7d HTTP/1.1" 200 OK
INFO:     127.0.0.1:55908 - "GET /tasks/6dce1baa-9878-4de7-beb2-c3116be7fd7d/result HTTP/1.1" 200 OK
INFO:     127.0.0.1:55908 - "POST /tasks HTTP/1.1" 202 Accepted
INFO:     127.0.0.1:55908 - "GET /tasks/bdf6d99e-862e-4ba4-bc36-e53a6a149aa5 HTTP/1.1" 200 OK
2026-09-28 11:52:58.460 | INFO     | mineru.utils.engine_utils:get_vlm_engine:34 - Using vllm-async-engine as the inference engine for VLM.

OCR-det:   6%|▌         | 5/88 [00:00<00:09,  8.74it/s][A
OCR-det:  11%|█▏        | 10/88 [00:00<00:04, 16.71it/s][A
OCR-det:  19%|█▉        | 17/88 [00:00<00:03, 21.69it/s][A
OCR-det:  23%|██▎       | 20/88 [00:01<00:02, 22.77it/s][A2026-09-28 11:52:59.063 | INFO     | mineru.backend.hybrid.hybrid_analyze:aio_doc_analyze:1139 - Hybrid processing-window run. page_count=10, window_size=64, total_windows=1
2026-09-28 11:52:59.064 | INFO     | mineru.backend.hybrid.hybrid_analyze:get_batch_ratio:875 - hybrid batch ratio (auto, vram=40GB): 16

OCR-det:  36%|███▋      | 32/88 [00:01<00:01, 38.94it/s][A
OCR-det:  47%|████▋     | 41/88 [00:01<00:00, 48.97it/s][A
OCR-det:  58%|█████▊    | 51/88 [00:01<00:00, 53.25it/s][AExternal Layout Extraction: 100%|██████████| 22/22 [00:02<00:00,  9.52it/s]
MFR Predict:   0%|          | 0/61 [00:00<?, ?it/s]
OCR-det:  65%|██████▍   | 57/88 [00:01<00:00, 42.66it/s][A2026-09-28 11:52:59.998 | INFO     | mineru.backend.hybrid.hybrid_analyze:aio_doc_analyze:1161 - Hybrid processing window 1/1: pages 1-10/10 (10 pages)


Layout Predict:   0%|          | 0/10 [00:00<?, ?it/s][A[AINFO:     127.0.0.1:55908 - "GET /tasks/0209643c-60b5-4e96-98c0-c8b8af98ffeb HTTP/1.1" 200 OK
INFO:     127.0.0.1:40946 - "GET /tasks/9beb9f5b-271a-41fc-a553-24dae5f1f400 HTTP/1.1" 200 OK

OCR-det:  70%|███████   | 62/88 [00:02<00:00, 27.37it/s][AMFR Predict:  52%|█████▏    | 32/61 [00:00<00:00, 50.47it/s]
OCR-det:  75%|███████▌  | 66/88 [00:02<00:00, 29.19it/s][AINFO:     127.0.0.1:55908 - "GET /tasks/bdf6d99e-862e-4ba4-bc36-e53a6a149aa5 HTTP/1.1" 200 OK

OCR-det:  83%|████████▎ | 73/88 [00:02<00:00, 33.36it/s][A

Layout Predict:  80%|████████  | 8/10 [00:00<00:00, 21.62it/s][A[A
OCR-det:  97%|█████████▋| 85/88 [00:02<00:00, 47.30it/s][ALayout Predict: 100%|██████████| 10/10 [00:00<00:00, 19.15it/s]
OCR-det: 100%|██████████| 88/88 [00:02<00:00, 33.95it/s]

Processing pages:   0%|          | 0/6 [00:00<?, ?it/s][A

OCR-det:   0%|          | 0/163 [00:00<?, ?it/s][A[A
Processing pages:  17%|█▋        | 1/6 [00:00<00:00,  5.21it/s][A
Processing pages:  33%|███▎      | 2/6 [00:00<00:00,  5.81it/s][A
Processing pages:  50%|█████     | 3/6 [00:00<00:00,  5.35it/s][A
Processing pages:  67%|██████▋   | 4/6 [00:00<00:00,  5.24it/s][A
Processing pages:  83%|████████▎ | 5/6 [00:00<00:00,  5.41it/s][A
Processing pages: 100%|██████████| 6/6 [00:01<00:00,  6.01it/s][AProcessing pages: 100%|██████████| 6/6 [00:01<00:00,  5.68it/s]
INFO:     127.0.0.1:55908 - "GET /tasks/0209643c-60b5-4e96-98c0-c8b8af98ffeb HTTP/1.1" 200 OK
INFO:     127.0.0.1:40946 - "GET /tasks/9beb9f5b-271a-41fc-a553-24dae5f1f400 HTTP/1.1" 200 OK


OCR-det:   1%|          | 1/163 [00:01<03:46,  1.40s/it][A[AINFO:     127.0.0.1:55908 - "GET /tasks/0209643c-60b5-4e96-98c0-c8b8af98ffeb/result HTTP/1.1" 200 OK
MFR Predict: 100%|██████████| 61/61 [00:02<00:00, 21.48it/s]MFR Predict: 100%|██████████| 61/61 [00:02<00:00, 23.62it/s]
OCR-det:   0%|          | 0/137 [00:00<?, ?it/s]

OCR-det:   7%|▋         | 12/163 [00:01<00:14, 10.08it/s][A[A

OCR-det:  11%|█         | 18/163 [00:01<00:09, 15.00it/s][A[AINFO:     127.0.0.1:55908 - "POST /tasks HTTP/1.1" 202 Accepted
INFO:     127.0.0.1:40946 - "GET /tasks/bdf6d99e-862e-4ba4-bc36-e53a6a149aa5 HTTP/1.1" 200 OK
INFO:     127.0.0.1:55908 - "GET /tasks/56b5958f-ea99-4b63-ba45-a5573296c79e HTTP/1.1" 200 OK
2026-09-28 11:53:02.517 | INFO     | mineru.utils.engine_utils:get_vlm_engine:34 - Using vllm-async-engine as the inference engine for VLM.


OCR-det:  18%|█▊        | 30/163 [00:01<00:05, 23.62it/s][A[A

OCR-det:  24%|██▍       | 39/163 [00:02<00:03, 31.83it/s][A[AOCR-det:   4%|▎         | 5/137 [00:00<00:20,  6.31it/s]

OCR-det:  39%|███▊      | 63/163 [00:02<00:01, 57.01it/s][A[AOCR-det:  10%|█         | 14/137 [00:00<00:07, 16.68it/s]

OCR-det:  44%|████▍     | 72/163 [00:02<00:01, 52.05it/s][A[A2026-09-28 11:53:03.181 | INFO     | mineru.backend.hybrid.hybrid_analyze:aio_doc_analyze:1139 - Hybrid processing-window run. page_count=10, window_size=64, total_windows=1
2026-09-28 11:53:03.181 | INFO     | mineru.backend.hybrid.hybrid_analyze:get_batch_ratio:875 - hybrid batch ratio (auto, vram=40GB): 16
OCR-det:  18%|█▊        | 25/137 [00:01<00:03, 28.85it/s]

OCR-det:  51%|█████     | 83/163 [00:02<00:01, 58.79it/s][A[A

OCR-det:  59%|█████▉    | 96/163 [00:02<00:00, 68.50it/s][A[AOCR-det:  23%|██▎       | 31/137 [00:01<00:03, 31.61it/s]OCR-det:  34%|███▍      | 47/137 [00:01<00:01, 51.62it/s]

OCR-det:  65%|██████▌   | 106/163 [00:03<00:01, 55.37it/s][A[A

OCR-det:  72%|███████▏  | 117/163 [00:03<00:00, 58.20it/s][A[AOCR-det:  39%|███▉      | 54/137 [00:01<00:02, 36.81it/s]2026-09-28 11:53:04.028 | INFO     | mineru.backend.hybrid.hybrid_analyze:aio_doc_analyze:1161 - Hybrid processing window 1/1: pages 1-10/10 (10 pages)

Layout Predict:   0%|          | 0/10 [00:00<?, ?it/s][AINFO:     127.0.0.1:55908 - "GET /tasks/9beb9f5b-271a-41fc-a553-24dae5f1f400 HTTP/1.1" 200 OK


OCR-det:  76%|███████▌  | 124/163 [00:03<00:00, 47.80it/s][A[AOCR-det:  44%|████▍     | 60/137 [00:02<00:02, 32.60it/s]

OCR-det:  80%|███████▉  | 130/163 [00:03<00:00, 45.31it/s][A[A
Layout Predict:  80%|████████  | 8/10 [00:00<00:00, 24.25it/s][AOCR-det:  49%|████▉     | 67/137 [00:02<00:02, 34.06it/s]INFO:     127.0.0.1:55908 - "GET /tasks/bdf6d99e-862e-4ba4-bc36-e53a6a149aa5 HTTP/1.1" 200 OK
INFO:     127.0.0.1:55908 - "GET /tasks/56b5958f-ea99-4b63-ba45-a5573296c79e HTTP/1.1" 200 OK
OCR-det:  55%|█████▌    | 76/137 [00:02<00:01, 42.26it/s]Layout Predict: 100%|██████████| 10/10 [00:00<00:00, 20.66it/s]

Table orientation det:   0%|          | 0/2 [00:00<?, ?it/s][A

OCR-det:  83%|████████▎ | 136/163 [00:03<00:00, 37.19it/s][A[AOCR-det:  62%|██████▏   | 85/137 [00:02<00:01, 49.48it/s]
Table orientation det:  50%|█████     | 1/2 [00:00<00:00,  9.38it/s][A

OCR-det:  87%|████████▋ | 141/163 [00:03<00:00, 38.30it/s][A[A
Table orientation det: 100%|██████████| 2/2 [00:00<00:00,  9.72it/s][A
Table orientation score: 100%|██████████| 2/2 [00:00<00:00,  9.72it/s][A
Table orientation score: 100%|██████████| 2/2 [00:00<00:00,  9.72it/s][A
Table orientation: 100%|██████████| 2/2 [00:00<00:00,  9.72it/s]      [A
Table orientation: 100%|██████████| 2/2 [00:00<00:00,  9.72it/s][ATable orientation: 100%|██████████| 2/2 [00:00<00:00,  9.62it/s]

External Layout Extraction:   0%|          | 0/41 [00:00<?, ?it/s][AOCR-det:  67%|██████▋   | 92/137 [00:02<00:00, 47.54it/s]

OCR-det:  94%|█████████▍| 153/163 [00:04<00:00, 50.06it/s][A[AOCR-det:  74%|███████▎  | 101/137 [00:02<00:00, 53.18it/s]

OCR-det:  98%|█████████▊| 160/163 [00:04<00:00, 51.09it/s][A[AOCR-det: 100%|██████████| 163/163 [00:04<00:00, 37.56it/s]
OCR-det:  82%|████████▏ | 112/137 [00:02<00:00, 63.17it/s]
External Layout Extraction:   7%|▋         | 3/41 [00:00<00:04,  9.33it/s][A

Processing pages:   0%|          | 0/10 [00:00<?, ?it/s][A[AOCR-det:  88%|████████▊ | 120/137 [00:02<00:00, 63.87it/s]

Processing pages:  10%|█         | 1/10 [00:00<00:01,  5.47it/s][A[AOCR-det:  93%|█████████▎| 127/137 [00:03<00:00, 51.61it/s]

Processing pages:  20%|██        | 2/10 [00:00<00:01,  5.48it/s][A[A

Processing pages:  30%|███       | 3/10 [00:00<00:01,  5.75it/s][A[AOCR-det:  99%|█████████▊| 135/137 [00:03<00:00, 40.11it/s]

Processing pages:  40%|████      | 4/10 [00:00<00:01,  5.96it/s][A[AOCR-det: 100%|██████████| 137/137 [00:03<00:00, 37.84it/s]


Processing pages:  50%|█████     | 5/10 [00:00<00:00,  5.85it/s][A[A

Processing pages:  60%|██████    | 6/10 [00:01<00:00,  6.05it/s][A[A

Processing pages:  70%|███████   | 7/10 [00:01<00:00,  6.14it/s][A[A

Processing pages:  90%|█████████ | 9/10 [00:01<00:00,  7.00it/s][A[A

Processing pages: 100%|██████████| 10/10 [00:01<00:00,  6.90it/s][A[AProcessing pages: 100%|██████████| 10/10 [00:01<00:00,  6.37it/s]
OCR-rec Predict:   0%|          | 0/1 [00:00<?, ?it/s]INFO:     127.0.0.1:55908 - "GET /tasks/9beb9f5b-271a-41fc-a553-24dae5f1f400 HTTP/1.1" 200 OK
INFO:     127.0.0.1:40946 - "GET /tasks/bdf6d99e-862e-4ba4-bc36-e53a6a149aa5 HTTP/1.1" 200 OK


Processing pages:   0%|          | 0/9 [00:00<?, ?it/s][A[AINFO:     127.0.0.1:49914 - "GET /tasks/56b5958f-ea99-4b63-ba45-a5573296c79e HTTP/1.1" 200 OK
OCR-rec Predict: 100%|██████████| 1/1 [00:00<00:00, 10.68it/s]


Processing pages:  11%|█         | 1/9 [00:00<00:03,  2.38it/s][A[A

Processing pages:  22%|██▏       | 2/9 [00:00<00:01,  3.84it/s][A[A

Processing pages:  33%|███▎      | 3/9 [00:00<00:01,  4.82it/s][A[A

Processing pages:  44%|████▍     | 4/9 [00:00<00:00,  5.49it/s][A[A

Processing pages:  56%|█████▌    | 5/9 [00:00<00:00,  6.02it/s][A[A

Processing pages:  67%|██████▋   | 6/9 [00:01<00:00,  6.49it/s][A[A

Processing pages:  78%|███████▊  | 7/9 [00:01<00:00,  6.87it/s][A[A

Processing pages:  89%|████████▉ | 8/9 [00:01<00:00,  7.03it/s][A[A

Processing pages: 100%|██████████| 9/9 [00:01<00:00,  7.17it/s][A[AProcessing pages: 100%|██████████| 9/9 [00:01<00:00,  5.92it/s]

External Layout Extraction: 100%|██████████| 41/41 [00:03<00:00, 11.83it/s][AExternal Layout Extraction: 100%|██████████| 41/41 [00:03<00:00, 11.75it/s]
INFO:     127.0.0.1:49914 - "GET /tasks/56b5958f-ea99-4b63-ba45-a5573296c79e HTTP/1.1" 200 OK
INFO:     127.0.0.1:40946 - "GET /tasks/bdf6d99e-862e-4ba4-bc36-e53a6a149aa5 HTTP/1.1" 200 OK
INFO:     127.0.0.1:55908 - "GET /tasks/9beb9f5b-271a-41fc-a553-24dae5f1f400 HTTP/1.1" 200 OK
MFR Predict:   0%|          | 0/90 [00:00<?, ?it/s]INFO:     127.0.0.1:40946 - "GET /tasks/bdf6d99e-862e-4ba4-bc36-e53a6a149aa5/result HTTP/1.1" 200 OK
INFO:     127.0.0.1:55908 - "GET /tasks/9beb9f5b-271a-41fc-a553-24dae5f1f400/result HTTP/1.1" 200 OK
INFO:     127.0.0.1:40946 - "POST /tasks HTTP/1.1" 202 Accepted
INFO:     127.0.0.1:40946 - "GET /tasks/02a4bbaa-d858-41c0-96e8-a00a32879e39 HTTP/1.1" 200 OK
2026-09-28 11:53:09.316 | INFO     | mineru.utils.engine_utils:get_vlm_engine:34 - Using vllm-async-engine as the inference engine for VLM.
MFR Predict:  71%|███████   | 64/90 [00:00<00:00, 82.05it/s]2026-09-28 11:53:10.103 | INFO     | mineru.backend.hybrid.hybrid_analyze:aio_doc_analyze:1139 - Hybrid processing-window run. page_count=10, window_size=64, total_windows=1
2026-09-28 11:53:10.103 | INFO     | mineru.backend.hybrid.hybrid_analyze:get_batch_ratio:875 - hybrid batch ratio (auto, vram=40GB): 16
INFO:     127.0.0.1:55908 - "POST /tasks HTTP/1.1" 202 Accepted
INFO:     127.0.0.1:55908 - "GET /tasks/8d66a392-fd48-4020-a7db-50f41519d986 HTTP/1.1" 200 OK
2026-09-28 11:53:10.414 | INFO     | mineru.utils.engine_utils:get_vlm_engine:34 - Using vllm-async-engine as the inference engine for VLM.
MFR Predict: 100%|██████████| 90/90 [00:02<00:00, 31.83it/s]MFR Predict: 100%|██████████| 90/90 [00:02<00:00, 36.61it/s]
2026-09-28 11:53:11.496 | INFO     | mineru.backend.hybrid.hybrid_analyze:aio_doc_analyze:1139 - Hybrid processing-window run. page_count=10, window_size=64, total_windows=1
2026-09-28 11:53:11.496 | INFO     | mineru.backend.hybrid.hybrid_analyze:get_batch_ratio:875 - hybrid batch ratio (auto, vram=40GB): 16
2026-09-28 11:53:11.498 | INFO     | mineru.backend.hybrid.hybrid_analyze:aio_doc_analyze:1161 - Hybrid processing window 1/1: pages 1-10/10 (10 pages)
Layout Predict:   0%|          | 0/10 [00:00<?, ?it/s]INFO:     127.0.0.1:40946 - "GET /tasks/02a4bbaa-d858-41c0-96e8-a00a32879e39 HTTP/1.1" 200 OK
INFO:     127.0.0.1:55908 - "GET /tasks/56b5958f-ea99-4b63-ba45-a5573296c79e HTTP/1.1" 200 OK

OCR-det:   0%|          | 0/141 [00:00<?, ?it/s][ALayout Predict:  80%|████████  | 8/10 [00:00<00:00, 32.40it/s]Layout Predict: 100%|██████████| 10/10 [00:00<00:00, 28.98it/s]
Table orientation det:   0%|          | 0/3 [00:00<?, ?it/s]Table orientation det:  67%|██████▋   | 2/3 [00:00<00:00, 14.48it/s]Table orientation score: 100%|██████████| 3/3 [00:00<00:00, 14.48it/s]Table orientation score: 100%|██████████| 3/3 [00:00<00:00, 14.48it/s]Table orientation: 100%|██████████| 3/3 [00:00<00:00, 14.48it/s]      Table orientation: 100%|██████████| 3/3 [00:00<00:00, 14.48it/s]Table orientation: 100%|██████████| 3/3 [00:00<00:00, 18.38it/s]
External Layout Extraction:   0%|          | 0/21 [00:00<?, ?it/s]External Layout Extraction:  24%|██▍       | 5/21 [00:00<00:00, 20.57it/s]
OCR-det:   1%|▏         | 2/141 [00:00<00:49,  2.80it/s][AINFO:     127.0.0.1:55908 - "GET /tasks/8d66a392-fd48-4020-a7db-50f41519d986 HTTP/1.1" 200 OK

OCR-det:   2%|▏         | 3/141 [00:00<00:35,  3.89it/s][AExternal Layout Extraction:  71%|███████▏  | 15/21 [00:00<00:00, 44.85it/s]2026-09-28 11:53:12.444 | INFO     | mineru.backend.hybrid.hybrid_analyze:aio_doc_analyze:1161 - Hybrid processing window 1/1: pages 1-10/10 (10 pages)


Layout Predict:   0%|          | 0/10 [00:00<?, ?it/s][A[A
OCR-det:   4%|▎         | 5/141 [00:00<00:21,  6.25it/s][A
OCR-det:   8%|▊         | 11/141 [00:01<00:07, 16.72it/s][A
OCR-det:  13%|█▎        | 18/141 [00:01<00:04, 28.16it/s][A

Layout Predict:  80%|████████  | 8/10 [00:00<00:00, 19.45it/s][A[A
OCR-det:  26%|██▌       | 37/141 [00:01<00:01, 63.08it/s][A
OCR-det:  34%|███▍      | 48/141 [00:01<00:01, 71.41it/s][A

Layout Predict: 100%|██████████| 10/10 [00:00<00:00, 17.19it/s][A[ALayout Predict: 100%|██████████| 10/10 [00:00<00:00, 17.67it/s]


Table orientation det:   0%|          | 0/10 [00:00<?, ?it/s][A[A
OCR-det:  42%|████▏     | 59/141 [00:01<00:01, 77.06it/s][A

Table orientation det:  10%|█         | 1/10 [00:00<00:01,  8.39it/s][A[A

Table orientation det:  30%|███       | 3/10 [00:00<00:00, 13.12it/s][A[A
OCR-det:  49%|████▉     | 69/141 [00:01<00:01, 70.65it/s][A

Table orientation det:  50%|█████     | 5/10 [00:00<00:00, 13.98it/s][A[A
OCR-det:  55%|█████▍    | 77/141 [00:01<00:00, 67.60it/s][AINFO:     127.0.0.1:55908 - "GET /tasks/02a4bbaa-d858-41c0-96e8-a00a32879e39 HTTP/1.1" 200 OK
INFO:     127.0.0.1:40946 - "GET /tasks/56b5958f-ea99-4b63-ba45-a5573296c79e HTTP/1.1" 200 OK


Table orientation det:  70%|███████   | 7/10 [00:00<00:00, 12.44it/s][A[A
OCR-det:  62%|██████▏   | 87/141 [00:02<00:00, 61.29it/s][A
OCR-det:  68%|██████▊   | 96/141 [00:02<00:00, 67.43it/s][A

Table orientation det:  90%|█████████ | 9/10 [00:00<00:00, 11.72it/s][A[A
OCR-det:  79%|███████▊  | 111/141 [00:02<00:00, 85.90it/s][A

Table orientation score: 100%|██████████| 10/10 [00:00<00:00, 11.72it/s][A[A

Table orientation score: 100%|██████████| 10/10 [00:00<00:00, 11.72it/s][A[A

Table orientation: 100%|██████████| 10/10 [00:00<00:00, 11.72it/s]      [A[A

Table orientation: 100%|██████████| 10/10 [00:00<00:00, 11.72it/s][A[ATable orientation: 100%|██████████| 10/10 [00:00<00:00, 11.75it/s]


External Layout Extraction:   0%|          | 0/10 [00:00<?, ?it/s][A[A
OCR-det:  86%|████████▌ | 121/141 [00:02<00:00, 73.84it/s][A
OCR-det:  94%|█████████▍| 133/141 [00:02<00:00, 78.52it/s][A

External Layout Extraction:  10%|█         | 1/10 [00:00<00:02,  3.11it/s][A[AOCR-det: 100%|██████████| 141/141 [00:02<00:00, 52.04it/s]
INFO:     127.0.0.1:55908 - "GET /tasks/8d66a392-fd48-4020-a7db-50f41519d986 HTTP/1.1" 200 OK

Processing pages:   0%|          | 0/10 [00:00<?, ?it/s][A
Processing pages:  10%|█         | 1/10 [00:00<00:01,  6.99it/s][A
Processing pages:  20%|██        | 2/10 [00:00<00:01,  7.44it/s][A
Processing pages:  30%|███       | 3/10 [00:00<00:00,  7.49it/s][A
Processing pages:  40%|████      | 4/10 [00:00<00:00,  7.31it/s][A
Processing pages:  50%|█████     | 5/10 [00:00<00:00,  7.51it/s][A
Processing pages:  60%|██████    | 6/10 [00:00<00:00,  7.52it/s][A
Processing pages:  70%|███████   | 7/10 [00:00<00:00,  7.79it/s][A
Processing pages:  80%|████████  | 8/10 [00:01<00:00,  7.62it/s][A
Processing pages:  90%|█████████ | 9/10 [00:01<00:00,  7.28it/s][AProcessing pages: 100%|██████████| 10/10 [00:01<00:00,  7.67it/s]


External Layout Extraction:  20%|██        | 2/10 [00:01<00:07,  1.04it/s][A[AINFO:     127.0.0.1:40946 - "GET /tasks/56b5958f-ea99-4b63-ba45-a5573296c79e HTTP/1.1" 200 OK
INFO:     127.0.0.1:55908 - "GET /tasks/02a4bbaa-d858-41c0-96e8-a00a32879e39 HTTP/1.1" 200 OK


External Layout Extraction: 100%|██████████| 10/10 [00:02<00:00,  5.92it/s][A[AExternal Layout Extraction: 100%|██████████| 10/10 [00:02<00:00,  4.67it/s]
External Layout Extraction: 100%|██████████| 21/21 [00:03<00:00,  4.03it/s]External Layout Extraction: 100%|██████████| 21/21 [00:03<00:00,  5.25it/s]
MFR Predict:   0%|          | 0/47 [00:00<?, ?it/s]
MFR Predict:   0%|          | 0/4 [00:00<?, ?it/s][AINFO:     127.0.0.1:55908 - "GET /tasks/8d66a392-fd48-4020-a7db-50f41519d986 HTTP/1.1" 200 OK
MFR Predict:  68%|██████▊   | 32/47 [00:00<00:00, 86.76it/s]
MFR Predict:  50%|█████     | 2/4 [00:00<00:00,  5.65it/s][A
MFR Predict: 100%|██████████| 4/4 [00:00<00:00,  4.04it/s][AMFR Predict: 100%|██████████| 4/4 [00:00<00:00,  4.22it/s]

OCR-det:   0%|          | 0/156 [00:00<?, ?it/s][AMFR Predict: 100%|██████████| 47/47 [00:01<00:00, 31.99it/s]MFR Predict: 100%|██████████| 47/47 [00:01<00:00, 36.72it/s]
OCR-det:   0%|          | 0/159 [00:00<?, ?it/s]INFO:     127.0.0.1:55908 - "GET /tasks/56b5958f-ea99-4b63-ba45-a5573296c79e HTTP/1.1" 200 OK
INFO:     127.0.0.1:40946 - "GET /tasks/02a4bbaa-d858-41c0-96e8-a00a32879e39 HTTP/1.1" 200 OK
INFO:     127.0.0.1:55908 - "GET /tasks/56b5958f-ea99-4b63-ba45-a5573296c79e/result HTTP/1.1" 200 OK

OCR-det:   1%|▏         | 2/156 [00:00<00:52,  2.91it/s][AINFO:     127.0.0.1:55908 - "POST /tasks HTTP/1.1" 202 Accepted
2026-09-28 11:53:18.033 | INFO     | mineru.utils.engine_utils:get_vlm_engine:34 - Using vllm-async-engine as the inference engine for VLM.
INFO:     127.0.0.1:55908 - "GET /tasks/4c07c083-0fcd-495a-aca9-0387c5195ef9 HTTP/1.1" 200 OK

OCR-det:   5%|▌         | 8/156 [00:00<00:14, 10.39it/s][A
OCR-det:  13%|█▎        | 20/156 [00:01<00:04, 27.54it/s][AOCR-det:   3%|▎         | 4/159 [00:00<00:33,  4.68it/s]
OCR-det:  18%|█▊        | 28/156 [00:01<00:03, 33.88it/s][A
OCR-det:  26%|██▌       | 40/156 [00:01<00:02, 49.66it/s][AOCR-det:   8%|▊         | 13/159 [00:01<00:09, 15.37it/s]
OCR-det:  33%|███▎      | 51/156 [00:01<00:01, 57.69it/s][AOCR-det:  11%|█▏        | 18/159 [00:01<00:07, 20.00it/s]
OCR-det:  40%|███▉      | 62/156 [00:01<00:01, 68.17it/s][AOCR-det:  19%|█▉        | 30/159 [00:01<00:04, 30.03it/s]
OCR-det:  47%|████▋     | 74/156 [00:01<00:01, 59.95it/s][A2026-09-28 11:53:18.930 | INFO     | mineru.backend.hybrid.hybrid_analyze:aio_doc_analyze:1139 - Hybrid processing-window run. page_count=10, window_size=64, total_windows=1
2026-09-28 11:53:18.931 | INFO     | mineru.backend.hybrid.hybrid_analyze:get_batch_ratio:875 - hybrid batch ratio (auto, vram=40GB): 16
INFO:     127.0.0.1:55908 - "GET /tasks/8d66a392-fd48-4020-a7db-50f41519d986 HTTP/1.1" 200 OK
OCR-det:  30%|██▉       | 47/159 [00:01<00:02, 46.94it/s]
OCR-det:  56%|█████▌    | 87/156 [00:01<00:01, 68.52it/s][AOCR-det:  40%|███▉      | 63/159 [00:01<00:01, 63.54it/s]
OCR-det:  63%|██████▎   | 99/156 [00:02<00:00, 73.28it/s][AOCR-det:  47%|████▋     | 74/159 [00:01<00:01, 65.00it/s]
OCR-det:  71%|███████   | 111/156 [00:02<00:00, 79.27it/s][AOCR-det:  55%|█████▌    | 88/159 [00:02<00:01, 60.58it/s]INFO:     127.0.0.1:55908 - "GET /tasks/02a4bbaa-d858-41c0-96e8-a00a32879e39 HTTP/1.1" 200 OK

OCR-det:  79%|███████▉  | 123/156 [00:02<00:00, 59.16it/s][A2026-09-28 11:53:19.738 | INFO     | mineru.backend.hybrid.hybrid_analyze:aio_doc_analyze:1161 - Hybrid processing window 1/1: pages 1-10/10 (10 pages)


Layout Predict:   0%|          | 0/10 [00:00<?, ?it/s][A[AOCR-det:  64%|██████▎   | 101/159 [00:02<00:00, 63.43it/s]
OCR-det:  84%|████████▍ | 131/156 [00:02<00:00, 58.95it/s][AOCR-det:  69%|██████▊   | 109/159 [00:02<00:00, 66.24it/s]
OCR-det:  88%|████████▊ | 138/156 [00:02<00:00, 56.17it/s][AOCR-det:  74%|███████▎  | 117/159 [00:02<00:00, 66.08it/s]INFO:     127.0.0.1:55908 - "GET /tasks/4c07c083-0fcd-495a-aca9-0387c5195ef9 HTTP/1.1" 200 OK


Layout Predict:  80%|████████  | 8/10 [00:00<00:00, 24.33it/s][A[AOCR-det:  81%|████████  | 128/159 [00:02<00:00, 73.17it/s]Layout Predict: 100%|██████████| 10/10 [00:00<00:00, 21.66it/s]


Table orientation det:   0%|          | 0/6 [00:00<?, ?it/s][A[A
OCR-det:  94%|█████████▎| 146/156 [00:03<00:00, 44.37it/s][AOCR-det:  88%|████████▊ | 140/159 [00:02<00:00, 65.54it/s]
OCR-det:  98%|█████████▊| 153/156 [00:03<00:00, 48.81it/s][A

Table orientation det:  33%|███▎      | 2/6 [00:00<00:00, 13.97it/s][A[AOCR-det: 100%|██████████| 156/156 [00:03<00:00, 47.64it/s]

Processing pages:   0%|          | 0/10 [00:00<?, ?it/s][A

Table orientation det:  83%|████████▎ | 5/6 [00:00<00:00, 20.56it/s][A[AOCR-det:  94%|█████████▎| 149/159 [00:03<00:00, 57.35it/s]

Table orientation score: 100%|██████████| 6/6 [00:00<00:00, 20.56it/s][A[A

Table orientation score: 100%|██████████| 6/6 [00:00<00:00, 20.56it/s][A[A

Table orientation: 100%|██████████| 6/6 [00:00<00:00, 20.56it/s]      [A[A

Table orientation: 100%|██████████| 6/6 [00:00<00:00, 20.56it/s][A[ATable orientation: 100%|██████████| 6/6 [00:00<00:00, 16.74it/s]

Processing pages:  10%|█         | 1/10 [00:00<00:01,  5.55it/s][A
Processing pages:  20%|██        | 2/10 [00:00<00:01,  7.21it/s][AOCR-det:  98%|█████████▊| 156/159 [00:03<00:00, 46.35it/s]OCR-det: 100%|██████████| 159/159 [00:03<00:00, 46.90it/s]

Processing pages:  30%|███       | 3/10 [00:00<00:01,  5.78it/s][A
Processing pages:  40%|████      | 4/10 [00:00<00:00,  6.13it/s][A
Processing pages:  50%|█████     | 5/10 [00:00<00:00,  6.37it/s][A
Processing pages:  60%|██████    | 6/10 [00:00<00:00,  6.53it/s][A
Processing pages:  70%|███████   | 7/10 [00:01<00:00,  6.55it/s][A
Processing pages:  80%|████████  | 8/10 [00:01<00:00,  6.51it/s][A
Processing pages:  90%|█████████ | 9/10 [00:01<00:00,  6.52it/s][A
Processing pages: 100%|██████████| 10/10 [00:01<00:00,  6.42it/s][AProcessing pages: 100%|██████████| 10/10 [00:01<00:00,  6.39it/s]
INFO:     127.0.0.1:55908 - "GET /tasks/8d66a392-fd48-4020-a7db-50f41519d986 HTTP/1.1" 200 OK
Processing pages:   0%|          | 0/10 [00:00<?, ?it/s]INFO:     127.0.0.1:40946 - "GET /tasks/02a4bbaa-d858-41c0-96e8-a00a32879e39 HTTP/1.1" 200 OK
Processing pages:  10%|█         | 1/10 [00:00<00:03,  2.39it/s]Processing pages:  20%|██        | 2/10 [00:00<00:02,  3.84it/s]Processing pages:  30%|███       | 3/10 [00:00<00:01,  4.84it/s]Processing pages:  40%|████      | 4/10 [00:00<00:01,  5.56it/s]Processing pages:  50%|█████     | 5/10 [00:00<00:00,  6.24it/s]Processing pages:  60%|██████    | 6/10 [00:01<00:00,  7.11it/s]Processing pages:  70%|███████   | 7/10 [00:01<00:00,  6.97it/s]Processing pages:  80%|████████  | 8/10 [00:01<00:00,  7.25it/s]Processing pages:  90%|█████████ | 9/10 [00:01<00:00,  7.21it/s]Processing pages: 100%|██████████| 10/10 [00:01<00:00,  6.84it/s]Processing pages: 100%|██████████| 10/10 [00:01<00:00,  6.04it/s]
INFO:     127.0.0.1:55908 - "GET /tasks/4c07c083-0fcd-495a-aca9-0387c5195ef9 HTTP/1.1" 200 OK
INFO:     127.0.0.1:40946 - "GET /tasks/02a4bbaa-d858-41c0-96e8-a00a32879e39 HTTP/1.1" 200 OK
INFO:     127.0.0.1:55908 - "GET /tasks/8d66a392-fd48-4020-a7db-50f41519d986 HTTP/1.1" 200 OK
External Layout Extraction:   0%|          | 0/7 [00:00<?, ?it/s]INFO:     127.0.0.1:55908 - "GET /tasks/8d66a392-fd48-4020-a7db-50f41519d986/result HTTP/1.1" 200 OK
INFO:     127.0.0.1:55908 - "POST /tasks HTTP/1.1" 202 Accepted
INFO:     127.0.0.1:55908 - "GET /tasks/34e65fa0-ff84-4a47-a9b7-8ac5b6a248a0 HTTP/1.1" 200 OK
2026-09-28 11:53:24.799 | INFO     | mineru.utils.engine_utils:get_vlm_engine:34 - Using vllm-async-engine as the inference engine for VLM.
2026-09-28 11:53:25.254 | INFO     | mineru.backend.hybrid.hybrid_analyze:aio_doc_analyze:1139 - Hybrid processing-window run. page_count=9, window_size=64, total_windows=1
2026-09-28 11:53:25.254 | INFO     | mineru.backend.hybrid.hybrid_analyze:get_batch_ratio:875 - hybrid batch ratio (auto, vram=40GB): 16
External Layout Extraction:  71%|███████▏  | 5/7 [00:00<00:00,  6.30it/s]INFO:     127.0.0.1:55908 - "GET /tasks/4c07c083-0fcd-495a-aca9-0387c5195ef9 HTTP/1.1" 200 OK
External Layout Extraction:  86%|████████▌ | 6/7 [00:01<00:00,  3.79it/s]2026-09-28 11:53:26.016 | INFO     | mineru.backend.hybrid.hybrid_analyze:aio_doc_analyze:1161 - Hybrid processing window 1/1: pages 1-9/9 (9 pages)

Layout Predict:   0%|          | 0/9 [00:00<?, ?it/s][AINFO:     127.0.0.1:55908 - "GET /tasks/02a4bbaa-d858-41c0-96e8-a00a32879e39 HTTP/1.1" 200 OK
INFO:     127.0.0.1:55908 - "GET /tasks/02a4bbaa-d858-41c0-96e8-a00a32879e39/result HTTP/1.1" 200 OK
INFO:     127.0.0.1:55908 - "POST /tasks HTTP/1.1" 202 Accepted

Layout Predict:  89%|████████▉ | 8/9 [00:00<00:00, 24.76it/s][AINFO:     127.0.0.1:55908 - "GET /tasks/ef78b7f9-ce7f-4403-bfc7-8c72aae07f93 HTTP/1.1" 200 OK
2026-09-28 11:53:26.462 | INFO     | mineru.utils.engine_utils:get_vlm_engine:34 - Using vllm-async-engine as the inference engine for VLM.
Layout Predict: 100%|██████████| 9/9 [00:00<00:00, 15.81it/s]
2026-09-28 11:53:27.045 | INFO     | mineru.backend.hybrid.hybrid_analyze:aio_doc_analyze:1139 - Hybrid processing-window run. page_count=10, window_size=64, total_windows=1
2026-09-28 11:53:27.045 | INFO     | mineru.backend.hybrid.hybrid_analyze:get_batch_ratio:875 - hybrid batch ratio (auto, vram=40GB): 16
INFO:     127.0.0.1:55908 - "GET /tasks/34e65fa0-ff84-4a47-a9b7-8ac5b6a248a0 HTTP/1.1" 200 OK
External Layout Extraction: 100%|██████████| 7/7 [00:02<00:00,  2.10it/s]External Layout Extraction: 100%|██████████| 7/7 [00:02<00:00,  2.72it/s]
Table orientation det:   0%|          | 0/6 [00:00<?, ?it/s]
MFR Predict:   0%|          | 0/2 [00:00<?, ?it/s][ATable orientation det:  33%|███▎      | 2/6 [00:00<00:00, 15.78it/s]Table orientation det:  83%|████████▎ | 5/6 [00:00<00:00, 18.25it/s]
MFR Predict:  50%|█████     | 1/2 [00:00<00:00,  4.16it/s][ATable orientation score: 100%|██████████| 6/6 [00:00<00:00, 18.25it/s]Table orientation score: 100%|██████████| 6/6 [00:00<00:00, 18.25it/s]Table orientation: 100%|██████████| 6/6 [00:00<00:00, 18.25it/s]      Table orientation: 100%|██████████| 6/6 [00:00<00:00, 18.25it/s]Table orientation: 100%|██████████| 6/6 [00:00<00:00, 15.68it/s]
External Layout Extraction:   0%|          | 0/7 [00:00<?, ?it/s]INFO:     127.0.0.1:55908 - "GET /tasks/4c07c083-0fcd-495a-aca9-0387c5195ef9 HTTP/1.1" 200 OK
External Layout Extraction:  14%|█▍        | 1/7 [00:00<00:01,  3.10it/s]2026-09-28 11:53:27.936 | INFO     | mineru.backend.hybrid.hybrid_analyze:aio_doc_analyze:1161 - Hybrid processing window 1/1: pages 1-10/10 (10 pages)


Layout Predict:   0%|          | 0/10 [00:00<?, ?it/s][A[AExternal Layout Extraction:  29%|██▊       | 2/7 [00:00<00:01,  3.91it/s]External Layout Extraction:  43%|████▎     | 3/7 [00:00<00:00,  4.09it/s]INFO:     127.0.0.1:55908 - "GET /tasks/ef78b7f9-ce7f-4403-bfc7-8c72aae07f93 HTTP/1.1" 200 OK
External Layout Extraction:  57%|█████▋    | 4/7 [00:01<00:01,  2.71it/s]

Layout Predict:  80%|████████  | 8/10 [00:00<00:00,  8.28it/s][A[AINFO:     127.0.0.1:55908 - "GET /tasks/34e65fa0-ff84-4a47-a9b7-8ac5b6a248a0 HTTP/1.1" 200 OK


Layout Predict: 100%|██████████| 10/10 [00:01<00:00,  8.24it/s][A[ALayout Predict: 100%|██████████| 10/10 [00:01<00:00,  8.24it/s]


Table orientation det:   0%|          | 0/6 [00:00<?, ?it/s][A[AExternal Layout Extraction:  71%|███████▏  | 5/7 [00:01<00:00,  2.51it/s]External Layout Extraction: 100%|██████████| 7/7 [00:01<00:00,  3.93it/s]
MFR Predict:   0%|          | 0/11 [00:00<?, ?it/s]

Table orientation det:  17%|█▋        | 1/6 [00:00<00:00,  6.74it/s][A[A

Table orientation det:  67%|██████▋   | 4/6 [00:00<00:00, 16.62it/s][A[A

Table orientation det: 100%|██████████| 6/6 [00:00<00:00, 16.41it/s][A[A

Table orientation score: 100%|██████████| 6/6 [00:00<00:00, 16.41it/s][A[A

Table orientation score: 100%|██████████| 6/6 [00:00<00:00, 16.41it/s][A[A

Table orientation: 100%|██████████| 6/6 [00:00<00:00, 16.41it/s]      [A[A

Table orientation: 100%|██████████| 6/6 [00:00<00:00, 16.41it/s][A[ATable orientation: 100%|██████████| 6/6 [00:00<00:00, 15.30it/s]


External Layout Extraction:   0%|          | 0/22 [00:00<?, ?it/s][A[AINFO:     127.0.0.1:55908 - "GET /tasks/4c07c083-0fcd-495a-aca9-0387c5195ef9 HTTP/1.1" 200 OK
MFR Predict:  73%|███████▎  | 8/11 [00:00<00:00, 17.01it/s]

External Layout Extraction:  27%|██▋       | 6/22 [00:00<00:00, 19.75it/s][A[AMFR Predict: 100%|██████████| 11/11 [00:00<00:00, 12.48it/s]MFR Predict: 100%|██████████| 11/11 [00:00<00:00, 13.24it/s]


External Layout Extraction:  41%|████      | 9/22 [00:00<00:00, 14.65it/s][A[AOCR-det:   0%|          | 0/135 [00:00<?, ?it/s]

External Layout Extraction:  50%|█████     | 11/22 [00:00<00:00, 15.43it/s][A[AINFO:     127.0.0.1:55908 - "GET /tasks/ef78b7f9-ce7f-4403-bfc7-8c72aae07f93 HTTP/1.1" 200 OK


External Layout Extraction:  68%|██████▊   | 15/22 [00:00<00:00, 17.75it/s][A[A

External Layout Extraction:  82%|████████▏ | 18/22 [00:00<00:00, 20.13it/s][A[AOCR-det:   2%|▏         | 3/135 [00:00<00:24,  5.33it/s]OCR-det:   4%|▍         | 6/135 [00:00<00:13,  9.69it/s]OCR-det:   7%|▋         | 10/135 [00:00<00:08, 15.39it/s]INFO:     127.0.0.1:55908 - "GET /tasks/34e65fa0-ff84-4a47-a9b7-8ac5b6a248a0 HTTP/1.1" 200 OK
OCR-det:  11%|█         | 15/135 [00:00<00:05, 22.35it/s]OCR-det:  21%|██▏       | 29/135 [00:01<00:02, 43.18it/s]OCR-det:  29%|██▉       | 39/135 [00:01<00:01, 52.75it/s]

External Layout Extraction:  95%|█████████▌| 21/22 [00:01<00:00,  7.41it/s][A[AOCR-det:  36%|███▌      | 48/135 [00:01<00:01, 58.76it/s]External Layout Extraction: 100%|██████████| 22/22 [00:01<00:00, 11.11it/s]


MFR Predict:   0%|          | 0/110 [00:00<?, ?it/s][A[AOCR-det:  41%|████▏     | 56/135 [00:01<00:01, 60.50it/s]INFO:     127.0.0.1:55908 - "GET /tasks/4c07c083-0fcd-495a-aca9-0387c5195ef9 HTTP/1.1" 200 OK

MFR Predict: 100%|██████████| 2/2 [00:04<00:00,  2.76s/it][AMFR Predict: 100%|██████████| 2/2 [00:04<00:00,  2.38s/it]
OCR-det:  47%|████▋     | 63/135 [00:01<00:01, 42.92it/s]
OCR-det:   0%|          | 0/185 [00:00<?, ?it/s][A

MFR Predict:  58%|█████▊    | 64/110 [00:00<00:00, 132.67it/s][A[AOCR-det:  56%|█████▌    | 75/135 [00:01<00:01, 47.87it/s]OCR-det:  62%|██████▏   | 84/135 [00:02<00:01, 47.76it/s]INFO:     127.0.0.1:55908 - "GET /tasks/ef78b7f9-ce7f-4403-bfc7-8c72aae07f93 HTTP/1.1" 200 OK
OCR-det:  73%|███████▎  | 98/135 [00:02<00:00, 62.76it/s]OCR-det:  79%|███████▊  | 106/135 [00:02<00:00, 58.92it/s]
OCR-det:   2%|▏         | 4/185 [00:00<00:32,  5.53it/s][A
OCR-det:   6%|▋         | 12/185 [00:00<00:09, 17.30it/s][AOCR-det:  92%|█████████▏| 124/135 [00:02<00:00, 65.85it/s]
OCR-det:  10%|▉         | 18/185 [00:00<00:06, 24.33it/s][AOCR-det:  98%|█████████▊| 132/135 [00:02<00:00, 62.65it/s]OCR-det: 100%|██████████| 135/135 [00:02<00:00, 47.40it/s]
Processing pages:   0%|          | 0/9 [00:00<?, ?it/s]
OCR-det:  12%|█▏        | 23/185 [00:01<00:06, 24.88it/s][AProcessing pages:  11%|█         | 1/9 [00:00<00:01,  4.64it/s]
OCR-det:  19%|█▉        | 35/185 [00:01<00:04, 35.50it/s][AProcessing pages:  22%|██▏       | 2/9 [00:00<00:01,  4.63it/s]
OCR-det:  28%|██▊       | 51/185 [00:01<00:02, 45.15it/s][AProcessing pages:  33%|███▎      | 3/9 [00:00<00:01,  5.05it/s]
OCR-det:  32%|███▏      | 59/185 [00:01<00:02, 42.60it/s][AProcessing pages:  44%|████▍     | 4/9 [00:00<00:00,  5.34it/s]
OCR-det:  40%|████      | 74/185 [00:02<00:02, 52.87it/s][AProcessing pages:  56%|█████▌    | 5/9 [00:01<00:00,  4.99it/s]
OCR-det:  45%|████▍     | 83/185 [00:02<00:01, 53.94it/s][AProcessing pages:  67%|██████▋   | 6/9 [00:01<00:00,  4.94it/s]
OCR-det:  49%|████▉     | 91/185 [00:02<00:01, 50.28it/s][AProcessing pages:  78%|███████▊  | 7/9 [00:01<00:00,  4.56it/s]
OCR-det:  56%|█████▌    | 103/185 [00:02<00:01, 48.46it/s][AProcessing pages:  89%|████████▉ | 8/9 [00:01<00:00,  4.34it/s]
OCR-det:  62%|██████▏   | 115/185 [00:02<00:01, 51.32it/s][A
OCR-det:  66%|██████▋   | 123/185 [00:02<00:01, 55.48it/s][AProcessing pages: 100%|██████████| 9/9 [00:01<00:00,  4.43it/s]Processing pages: 100%|██████████| 9/9 [00:01<00:00,  4.65it/s]
INFO:     127.0.0.1:55908 - "GET /tasks/34e65fa0-ff84-4a47-a9b7-8ac5b6a248a0 HTTP/1.1" 200 OK
INFO:     127.0.0.1:60940 - "GET /tasks/4c07c083-0fcd-495a-aca9-0387c5195ef9 HTTP/1.1" 200 OK
INFO:     127.0.0.1:60952 - "GET /tasks/ef78b7f9-ce7f-4403-bfc7-8c72aae07f93 HTTP/1.1" 200 OK

OCR-det:  71%|███████▏  | 132/185 [00:03<00:01, 31.20it/s][A
OCR-det:  75%|███████▍  | 138/185 [00:03<00:01, 33.63it/s][A
OCR-det:  79%|███████▉  | 146/185 [00:03<00:00, 39.89it/s][A
OCR-det:  84%|████████▍ | 155/185 [00:03<00:00, 47.86it/s][A
OCR-det:  88%|████████▊ | 162/185 [00:04<00:00, 51.35it/s][A
OCR-det:  93%|█████████▎| 172/185 [00:04<00:00, 58.59it/s][A
OCR-det:  99%|█████████▉| 184/185 [00:04<00:00, 60.64it/s][AOCR-det: 100%|██████████| 185/185 [00:04<00:00, 42.39it/s]
Processing pages:   0%|          | 0/10 [00:00<?, ?it/s]

MFR Predict: 100%|██████████| 110/110 [00:04<00:00, 19.63it/s][A[AMFR Predict: 100%|██████████| 110/110 [00:04<00:00, 23.06it/s]
Processing pages:  10%|█         | 1/10 [00:00<00:01,  6.59it/s]
OCR-det:   0%|          | 0/138 [00:00<?, ?it/s][AProcessing pages:  20%|██        | 2/10 [00:00<00:01,  6.99it/s]Processing pages:  30%|███       | 3/10 [00:00<00:01,  4.44it/s]Processing pages:  40%|████      | 4/10 [00:00<00:01,  4.47it/s]Processing pages:  50%|█████     | 5/10 [00:00<00:00,  5.10it/s]Processing pages:  60%|██████    | 6/10 [00:01<00:00,  5.66it/s]Processing pages:  70%|███████   | 7/10 [00:01<00:00,  6.06it/s]
OCR-det:   1%|          | 1/138 [00:01<02:32,  1.12s/it][AProcessing pages:  80%|████████  | 8/10 [00:01<00:00,  6.24it/s]
OCR-det:   7%|▋         | 9/138 [00:01<00:13,  9.33it/s][AProcessing pages:  90%|█████████ | 9/10 [00:01<00:00,  5.94it/s]
OCR-det:  12%|█▏        | 16/138 [00:01<00:07, 15.80it/s][AProcessing pages: 100%|██████████| 10/10 [00:01<00:00,  5.76it/s]Processing pages: 100%|██████████| 10/10 [00:01<00:00,  5.61it/s]
INFO:     127.0.0.1:55908 - "GET /tasks/34e65fa0-ff84-4a47-a9b7-8ac5b6a248a0 HTTP/1.1" 200 OK
INFO:     127.0.0.1:60940 - "GET /tasks/4c07c083-0fcd-495a-aca9-0387c5195ef9 HTTP/1.1" 200 OK
INFO:     127.0.0.1:60952 - "GET /tasks/ef78b7f9-ce7f-4403-bfc7-8c72aae07f93 HTTP/1.1" 200 OK

OCR-det:  16%|█▌        | 22/138 [00:02<00:09, 12.80it/s][AINFO:     127.0.0.1:55908 - "GET /tasks/34e65fa0-ff84-4a47-a9b7-8ac5b6a248a0/result HTTP/1.1" 200 OK

OCR-det:  28%|██▊       | 39/138 [00:02<00:03, 29.44it/s][AINFO:     127.0.0.1:55908 - "POST /tasks HTTP/1.1" 202 Accepted
INFO:     127.0.0.1:55908 - "GET /tasks/c6bc8f03-3014-4c1f-9a8a-e6d941b12d4a HTTP/1.1" 200 OK
2026-09-28 11:53:38.780 | INFO     | mineru.utils.engine_utils:get_vlm_engine:34 - Using vllm-async-engine as the inference engine for VLM.

OCR-det:  34%|███▍      | 47/138 [00:02<00:02, 32.37it/s][A
OCR-det:  41%|████▏     | 57/138 [00:02<00:01, 41.02it/s][A
OCR-det:  56%|█████▌    | 77/138 [00:02<00:00, 63.92it/s][A
OCR-det:  67%|██████▋   | 93/138 [00:02<00:00, 67.42it/s][A
OCR-det:  75%|███████▍  | 103/138 [00:02<00:00, 68.74it/s][A2026-09-28 11:53:39.500 | INFO     | mineru.backend.hybrid.hybrid_analyze:aio_doc_analyze:1139 - Hybrid processing-window run. page_count=10, window_size=64, total_windows=1
2026-09-28 11:53:39.501 | INFO     | mineru.backend.hybrid.hybrid_analyze:get_batch_ratio:875 - hybrid batch ratio (auto, vram=40GB): 16

OCR-det:  82%|████████▏ | 113/138 [00:03<00:00, 68.96it/s][A
OCR-det:  88%|████████▊ | 121/138 [00:03<00:00, 59.39it/s][A
OCR-det:  97%|█████████▋| 134/138 [00:03<00:00, 70.54it/s][AOCR-det: 100%|██████████| 138/138 [00:03<00:00, 40.11it/s]
Processing pages:   0%|          | 0/10 [00:00<?, ?it/s]Processing pages:  10%|█         | 1/10 [00:00<00:02,  3.32it/s]Processing pages:  20%|██        | 2/10 [00:00<00:01,  4.55it/s]Processing pages:  30%|███       | 3/10 [00:00<00:01,  5.32it/s]Processing pages:  40%|████      | 4/10 [00:00<00:00,  6.07it/s]Processing pages:  50%|█████     | 5/10 [00:00<00:00,  6.29it/s]Processing pages:  60%|██████    | 6/10 [00:01<00:00,  6.78it/s]Processing pages:  70%|███████   | 7/10 [00:01<00:00,  6.84it/s]Processing pages:  80%|████████  | 8/10 [00:01<00:00,  7.12it/s]Processing pages:  90%|█████████ | 9/10 [00:01<00:00,  7.13it/s]Processing pages: 100%|██████████| 10/10 [00:01<00:00,  6.87it/s]Processing pages: 100%|██████████| 10/10 [00:01<00:00,  6.30it/s]
2026-09-28 11:53:41.614 | INFO     | mineru.backend.hybrid.hybrid_analyze:aio_doc_analyze:1161 - Hybrid processing window 1/1: pages 1-10/10 (10 pages)
Layout Predict:   0%|          | 0/10 [00:00<?, ?it/s]INFO:     127.0.0.1:55908 - "GET /tasks/4c07c083-0fcd-495a-aca9-0387c5195ef9 HTTP/1.1" 200 OK
INFO:     127.0.0.1:60940 - "GET /tasks/ef78b7f9-ce7f-4403-bfc7-8c72aae07f93 HTTP/1.1" 200 OK
INFO:     127.0.0.1:60952 - "GET /tasks/c6bc8f03-3014-4c1f-9a8a-e6d941b12d4a HTTP/1.1" 200 OK
INFO:     127.0.0.1:55908 - "GET /tasks/4c07c083-0fcd-495a-aca9-0387c5195ef9/result HTTP/1.1" 200 OK
INFO:     127.0.0.1:55908 - "POST /tasks HTTP/1.1" 202 Accepted
INFO:     127.0.0.1:55908 - "GET /tasks/cda25622-7322-48f2-b38f-ea6e435b7d8d HTTP/1.1" 200 OK
Layout Predict:  80%|████████  | 8/10 [00:00<00:00, 10.55it/s]2026-09-28 11:53:42.425 | INFO     | mineru.utils.engine_utils:get_vlm_engine:34 - Using vllm-async-engine as the inference engine for VLM.
Layout Predict: 100%|██████████| 10/10 [00:01<00:00,  9.83it/s]Layout Predict: 100%|██████████| 10/10 [00:01<00:00,  9.99it/s]
2026-09-28 11:53:43.013 | INFO     | mineru.backend.hybrid.hybrid_analyze:aio_doc_analyze:1139 - Hybrid processing-window run. page_count=10, window_size=64, total_windows=1
2026-09-28 11:53:43.013 | INFO     | mineru.backend.hybrid.hybrid_analyze:get_batch_ratio:875 - hybrid batch ratio (auto, vram=40GB): 16
Table orientation det:   0%|          | 0/4 [00:00<?, ?it/s]Table orientation det: 100%|██████████| 4/4 [00:00<00:00, 33.23it/s]Table orientation score: 100%|██████████| 4/4 [00:00<00:00, 33.23it/s]Table orientation score: 100%|██████████| 4/4 [00:00<00:00, 33.23it/s]Table orientation: 100%|██████████| 4/4 [00:00<00:00, 33.23it/s]      Table orientation: 100%|██████████| 4/4 [00:00<00:00, 33.23it/s]Table orientation: 100%|██████████| 4/4 [00:00<00:00, 33.05it/s]
External Layout Extraction:   0%|          | 0/16 [00:00<?, ?it/s]External Layout Extraction:  31%|███▏      | 5/16 [00:00<00:00, 33.17it/s]External Layout Extraction:  69%|██████▉   | 11/16 [00:00<00:00, 37.94it/s]INFO:     127.0.0.1:55908 - "GET /tasks/ef78b7f9-ce7f-4403-bfc7-8c72aae07f93 HTTP/1.1" 200 OK
INFO:     127.0.0.1:60940 - "GET /tasks/c6bc8f03-3014-4c1f-9a8a-e6d941b12d4a HTTP/1.1" 200 OK
INFO:     127.0.0.1:55908 - "GET /tasks/ef78b7f9-ce7f-4403-bfc7-8c72aae07f93/result HTTP/1.1" 200 OK
2026-09-28 11:53:43.905 | INFO     | mineru.backend.hybrid.hybrid_analyze:aio_doc_analyze:1161 - Hybrid processing window 1/1: pages 1-10/10 (10 pages)

Layout Predict:   0%|          | 0/10 [00:00<?, ?it/s][AINFO:     127.0.0.1:55908 - "POST /tasks HTTP/1.1" 202 Accepted
INFO:     127.0.0.1:55908 - "GET /tasks/313e0e36-12ae-4db6-85a7-2552cacef1a2 HTTP/1.1" 200 OK
2026-09-28 11:53:44.055 | INFO     | mineru.utils.engine_utils:get_vlm_engine:34 - Using vllm-async-engine as the inference engine for VLM.

Layout Predict:  80%|████████  | 8/10 [00:00<00:00, 17.65it/s][A
Layout Predict: 100%|██████████| 10/10 [00:00<00:00, 16.48it/s][ALayout Predict: 100%|██████████| 10/10 [00:00<00:00, 16.74it/s]
2026-09-28 11:53:44.642 | INFO     | mineru.backend.hybrid.hybrid_analyze:aio_doc_analyze:1139 - Hybrid processing-window run. page_count=10, window_size=64, total_windows=1
2026-09-28 11:53:44.642 | INFO     | mineru.backend.hybrid.hybrid_analyze:get_batch_ratio:875 - hybrid batch ratio (auto, vram=40GB): 16
INFO:     127.0.0.1:55908 - "GET /tasks/cda25622-7322-48f2-b38f-ea6e435b7d8d HTTP/1.1" 200 OK
External Layout Extraction: 100%|██████████| 16/16 [00:01<00:00,  8.40it/s]External Layout Extraction: 100%|██████████| 16/16 [00:01<00:00, 10.61it/s]
Table orientation det:   0%|          | 0/5 [00:00<?, ?it/s]
MFR Predict:   0%|          | 0/67 [00:00<?, ?it/s][ATable orientation det:  20%|██        | 1/5 [00:00<00:00,  7.04it/s]Table orientation det:  40%|████      | 2/5 [00:00<00:00,  5.59it/s]Table orientation det:  80%|████████  | 4/5 [00:00<00:00,  9.37it/s]Table orientation score: 100%|██████████| 5/5 [00:00<00:00,  9.37it/s]Table orientation score: 100%|██████████| 5/5 [00:00<00:00,  9.37it/s]Table orientation: 100%|██████████| 5/5 [00:00<00:00,  9.37it/s]      Table orientation: 100%|██████████| 5/5 [00:00<00:00,  9.37it/s]Table orientation: 100%|██████████| 5/5 [00:00<00:00,  7.91it/s]
External Layout Extraction:   0%|          | 0/20 [00:00<?, ?it/s]INFO:     127.0.0.1:55908 - "GET /tasks/c6bc8f03-3014-4c1f-9a8a-e6d941b12d4a HTTP/1.1" 200 OK
2026-09-28 11:53:45.646 | INFO     | mineru.backend.hybrid.hybrid_analyze:aio_doc_analyze:1161 - Hybrid processing window 1/1: pages 1-10/10 (10 pages)


Layout Predict:   0%|          | 0/10 [00:00<?, ?it/s][A[AExternal Layout Extraction:  10%|█         | 2/20 [00:00<00:03,  5.71it/s]
MFR Predict:  96%|█████████▌| 64/67 [00:00<00:00, 64.52it/s][AExternal Layout Extraction:  30%|███       | 6/20 [00:00<00:01, 11.05it/s]INFO:     127.0.0.1:55908 - "GET /tasks/313e0e36-12ae-4db6-85a7-2552cacef1a2 HTTP/1.1" 200 OK
External Layout Extraction:  60%|██████    | 12/20 [00:00<00:00, 22.08it/s]

Layout Predict:  80%|████████  | 8/10 [00:00<00:00, 11.93it/s][A[AMFR Predict: 100%|██████████| 67/67 [00:01<00:00, 40.42it/s]


Layout Predict: 100%|██████████| 10/10 [00:00<00:00, 12.76it/s][A[ALayout Predict: 100%|██████████| 10/10 [00:00<00:00, 12.55it/s]

Table orientation det:   0%|          | 0/3 [00:00<?, ?it/s][A

OCR-det:   0%|          | 0/157 [00:00<?, ?it/s][A[AExternal Layout Extraction:  80%|████████  | 16/20 [00:01<00:00, 12.79it/s]
Table orientation det:  67%|██████▋   | 2/3 [00:00<00:00, 19.73it/s][AINFO:     127.0.0.1:55908 - "GET /tasks/cda25622-7322-48f2-b38f-ea6e435b7d8d HTTP/1.1" 200 OK

Table orientation score: 100%|██████████| 3/3 [00:00<00:00, 19.73it/s][A
Table orientation score: 100%|██████████| 3/3 [00:00<00:00, 19.73it/s][A
Table orientation: 100%|██████████| 3/3 [00:00<00:00, 19.73it/s]      [A
Table orientation: 100%|██████████| 3/3 [00:00<00:00, 19.73it/s][ATable orientation: 100%|██████████| 3/3 [00:00<00:00, 13.74it/s]

External Layout Extraction:   0%|          | 0/21 [00:00<?, ?it/s][A
External Layout Extraction:  29%|██▊       | 6/21 [00:00<00:00, 28.41it/s][A
External Layout Extraction:  76%|███████▌  | 16/21 [00:00<00:00, 55.10it/s][AExternal Layout Extraction:  95%|█████████▌| 19/20 [00:01<00:00,  9.59it/s]

OCR-det:   1%|▏         | 2/157 [00:00<00:56,  2.74it/s][A[A

OCR-det:   6%|▌         | 9/157 [00:00<00:10, 13.66it/s][A[A

OCR-det:  14%|█▍        | 22/157 [00:01<00:04, 29.90it/s][A[A

OCR-det:  24%|██▍       | 38/157 [00:01<00:02, 52.02it/s][A[AINFO:     127.0.0.1:55908 - "GET /tasks/c6bc8f03-3014-4c1f-9a8a-e6d941b12d4a HTTP/1.1" 200 OK


OCR-det:  32%|███▏      | 50/157 [00:01<00:01, 63.37it/s][A[AINFO:     127.0.0.1:55908 - "GET /tasks/313e0e36-12ae-4db6-85a7-2552cacef1a2 HTTP/1.1" 200 OK


OCR-det:  39%|███▉      | 62/157 [00:01<00:01, 52.52it/s][A[A

OCR-det:  48%|████▊     | 76/157 [00:01<00:01, 60.30it/s][A[A

OCR-det:  57%|█████▋    | 90/157 [00:01<00:00, 73.53it/s][A[A

OCR-det:  68%|██████▊   | 107/157 [00:01<00:00, 92.69it/s][A[A

OCR-det:  76%|███████▌  | 119/157 [00:02<00:00, 84.27it/s][A[AINFO:     127.0.0.1:55908 - "GET /tasks/cda25622-7322-48f2-b38f-ea6e435b7d8d HTTP/1.1" 200 OK


OCR-det:  83%|████████▎ | 130/157 [00:02<00:00, 70.87it/s][A[A

OCR-det:  94%|█████████▎| 147/157 [00:02<00:00, 84.19it/s][A[A

OCR-det: 100%|██████████| 157/157 [00:02<00:00, 79.56it/s][A[AOCR-det: 100%|██████████| 157/157 [00:02<00:00, 59.29it/s]


Processing pages:   0%|          | 0/10 [00:00<?, ?it/s][A[A

Processing pages:  10%|█         | 1/10 [00:00<00:01,  6.95it/s][A[A

Processing pages:  20%|██        | 2/10 [00:00<00:01,  6.77it/s][A[A

Processing pages:  30%|███       | 3/10 [00:00<00:01,  6.75it/s][A[A

Processing pages:  40%|████      | 4/10 [00:00<00:00,  6.81it/s][A[A

Processing pages:  50%|█████     | 5/10 [00:00<00:00,  6.88it/s][A[A

Processing pages:  60%|██████    | 6/10 [00:00<00:00,  5.34it/s][A[A

Processing pages:  70%|███████   | 7/10 [00:01<00:00,  5.31it/s][A[A

Processing pages:  80%|████████  | 8/10 [00:01<00:00,  5.72it/s][A[A

Processing pages:  90%|█████████ | 9/10 [00:01<00:00,  6.01it/s][A[A

Processing pages: 100%|██████████| 10/10 [00:01<00:00,  6.04it/s][A[AProcessing pages: 100%|██████████| 10/10 [00:01<00:00,  6.07it/s]
INFO:     127.0.0.1:55908 - "GET /tasks/c6bc8f03-3014-4c1f-9a8a-e6d941b12d4a HTTP/1.1" 200 OK
External Layout Extraction: 100%|██████████| 21/21 [00:04<00:00,  4.60it/s]
INFO:     127.0.0.1:50212 - "GET /tasks/313e0e36-12ae-4db6-85a7-2552cacef1a2 HTTP/1.1" 200 OK
External Layout Extraction: 100%|██████████| 20/20 [00:05<00:00,  3.37it/s]
INFO:     127.0.0.1:50218 - "GET /tasks/cda25622-7322-48f2-b38f-ea6e435b7d8d HTTP/1.1" 200 OK
MFR Predict:   0%|          | 0/16 [00:00<?, ?it/s]
MFR Predict:   0%|          | 0/37 [00:00<?, ?it/s][AMFR Predict:  50%|█████     | 8/16 [00:00<00:00, 34.93it/s]
MFR Predict:  86%|████████▋ | 32/37 [00:00<00:00, 62.15it/s][AMFR Predict: 100%|██████████| 16/16 [00:00<00:00, 15.25it/s]MFR Predict: 100%|██████████| 16/16 [00:00<00:00, 16.65it/s]
OCR-det:   0%|          | 0/141 [00:00<?, ?it/s]MFR Predict: 100%|██████████| 37/37 [00:01<00:00, 26.52it/s]

OCR-det:   0%|          | 0/177 [00:00<?, ?it/s][AINFO:     127.0.0.1:55908 - "GET /tasks/c6bc8f03-3014-4c1f-9a8a-e6d941b12d4a HTTP/1.1" 200 OK
OCR-det:   4%|▎         | 5/141 [00:00<00:15,  8.90it/s]INFO:     127.0.0.1:55908 - "GET /tasks/c6bc8f03-3014-4c1f-9a8a-e6d941b12d4a/result HTTP/1.1" 200 OK
OCR-det:  12%|█▏        | 17/141 [00:00<00:04, 29.84it/s]INFO:     127.0.0.1:55908 - "POST /tasks HTTP/1.1" 202 Accepted
INFO:     127.0.0.1:55908 - "GET /tasks/2060aa20-1083-46ee-9337-0224ea3827f8 HTTP/1.1" 200 OK
INFO:     127.0.0.1:50212 - "GET /tasks/cda25622-7322-48f2-b38f-ea6e435b7d8d HTTP/1.1" 200 OK
INFO:     127.0.0.1:55908 - "GET /tasks/313e0e36-12ae-4db6-85a7-2552cacef1a2 HTTP/1.1" 200 OK
2026-09-28 11:53:53.305 | INFO     | mineru.utils.engine_utils:get_vlm_engine:34 - Using vllm-async-engine as the inference engine for VLM.
OCR-det:  26%|██▌       | 37/141 [00:01<00:02, 39.32it/s]OCR-det:  42%|████▏     | 59/141 [00:01<00:01, 64.49it/s]
OCR-det:   2%|▏         | 3/177 [00:00<00:51,  3.35it/s][AOCR-det:  50%|█████     | 71/141 [00:01<00:00, 70.78it/s]
OCR-det:   3%|▎         | 6/177 [00:01<00:24,  6.95it/s][A
OCR-det:  14%|█▍        | 25/177 [00:01<00:04, 34.41it/s][AOCR-det:  57%|█████▋    | 81/141 [00:01<00:01, 57.67it/s]
OCR-det:  21%|██        | 37/177 [00:01<00:03, 40.98it/s][A2026-09-28 11:53:54.153 | INFO     | mineru.backend.hybrid.hybrid_analyze:aio_doc_analyze:1139 - Hybrid processing-window run. page_count=10, window_size=64, total_windows=1
2026-09-28 11:53:54.154 | INFO     | mineru.backend.hybrid.hybrid_analyze:get_batch_ratio:875 - hybrid batch ratio (auto, vram=40GB): 16
OCR-det:  65%|██████▍   | 91/141 [00:01<00:00, 53.32it/s]
OCR-det:  29%|██▉       | 52/177 [00:01<00:02, 56.22it/s][AOCR-det:  71%|███████   | 100/141 [00:02<00:00, 54.19it/s]
OCR-det:  36%|███▌      | 63/177 [00:01<00:01, 65.44it/s][A
OCR-det:  46%|████▌     | 81/177 [00:01<00:01, 86.81it/s][AOCR-det:  79%|███████▉  | 112/141 [00:02<00:00, 60.00it/s]OCR-det:  87%|████████▋ | 123/141 [00:02<00:00, 61.91it/s]
OCR-det:  53%|█████▎    | 94/177 [00:01<00:01, 80.14it/s][A
OCR-det:  60%|█████▉    | 106/177 [00:02<00:01, 67.84it/s][AOCR-det:  92%|█████████▏| 130/141 [00:02<00:00, 44.13it/s]2026-09-28 11:53:55.014 | INFO     | mineru.backend.hybrid.hybrid_analyze:aio_doc_analyze:1161 - Hybrid processing window 1/1: pages 1-10/10 (10 pages)


Layout Predict:   0%|          | 0/10 [00:00<?, ?it/s][A[A
OCR-det:  65%|██████▍   | 115/177 [00:02<00:00, 66.48it/s][AOCR-det:  97%|█████████▋| 137/141 [00:02<00:00, 44.17it/s]INFO:     127.0.0.1:55908 - "GET /tasks/2060aa20-1083-46ee-9337-0224ea3827f8 HTTP/1.1" 200 OK
OCR-det: 100%|██████████| 141/141 [00:02<00:00, 48.56it/s]

OCR-det:  69%|██████▉   | 123/177 [00:02<00:00, 59.77it/s][AINFO:     127.0.0.1:55908 - "GET /tasks/cda25622-7322-48f2-b38f-ea6e435b7d8d HTTP/1.1" 200 OK
INFO:     127.0.0.1:50212 - "GET /tasks/313e0e36-12ae-4db6-85a7-2552cacef1a2 HTTP/1.1" 200 OK
Processing pages:   0%|          | 0/10 [00:00<?, ?it/s]

Layout Predict:  80%|████████  | 8/10 [00:00<00:00, 23.84it/s][A[AProcessing pages:  10%|█         | 1/10 [00:00<00:01,  5.04it/s]
OCR-det:  75%|███████▌  | 133/177 [00:02<00:00, 54.09it/s][A
OCR-det:  85%|████████▍ | 150/177 [00:02<00:00, 75.21it/s][ALayout Predict: 100%|██████████| 10/10 [00:00<00:00, 17.51it/s]
Processing pages:  20%|██        | 2/10 [00:00<00:01,  4.79it/s]Processing pages:  30%|███       | 3/10 [00:00<00:01,  5.41it/s]
OCR-det:  92%|█████████▏| 162/177 [00:03<00:00, 60.00it/s][AProcessing pages:  40%|████      | 4/10 [00:00<00:00,  6.03it/s]
OCR-det:  97%|█████████▋| 172/177 [00:03<00:00, 62.24it/s][AProcessing pages:  50%|█████     | 5/10 [00:00<00:00,  6.22it/s]OCR-det: 100%|██████████| 177/177 [00:03<00:00, 52.12it/s]
Processing pages:  60%|██████    | 6/10 [00:01<00:00,  6.45it/s]Processing pages:  70%|███████   | 7/10 [00:01<00:00,  6.67it/s]Processing pages:  80%|████████  | 8/10 [00:01<00:00,  7.23it/s]Processing pages:  90%|█████████ | 9/10 [00:01<00:00,  7.03it/s]Processing pages: 100%|██████████| 10/10 [00:01<00:00,  6.85it/s]
Processing pages:   0%|          | 0/10 [00:00<?, ?it/s]
Table orientation det:   0%|          | 0/6 [00:00<?, ?it/s][AProcessing pages:  10%|█         | 1/10 [00:00<00:01,  5.83it/s]
Table orientation det:  50%|█████     | 3/6 [00:00<00:00, 16.73it/s][A
Table orientation det: 100%|██████████| 6/6 [00:00<00:00, 22.48it/s][A
Table orientation score: 100%|██████████| 6/6 [00:00<00:00, 22.48it/s][A
Table orientation score: 100%|██████████| 6/6 [00:00<00:00, 22.48it/s][A
Table orientation: 100%|██████████| 6/6 [00:00<00:00, 22.48it/s]      [A
Table orientation: 100%|██████████| 6/6 [00:00<00:00, 22.48it/s][ATable orientation: 100%|██████████| 6/6 [00:00<00:00, 21.31it/s]
Processing pages:  20%|██        | 2/10 [00:00<00:01,  5.35it/s]Processing pages:  30%|███       | 3/10 [00:00<00:01,  6.34it/s]Processing pages:  40%|████      | 4/10 [00:00<00:01,  3.88it/s]Processing pages:  50%|█████     | 5/10 [00:01<00:01,  4.66it/s]Processing pages:  60%|██████    | 6/10 [00:01<00:00,  5.22it/s]Processing pages:  70%|███████   | 7/10 [00:01<00:00,  5.86it/s]Processing pages:  80%|████████  | 8/10 [00:01<00:00,  6.23it/s]Processing pages:  90%|█████████ | 9/10 [00:01<00:00,  6.41it/s]Processing pages: 100%|██████████| 10/10 [00:01<00:00,  6.95it/s]Processing pages: 100%|██████████| 10/10 [00:01<00:00,  5.82it/s]
OCR-rec Predict:   0%|          | 0/1 [00:00<?, ?it/s]INFO:     127.0.0.1:55908 - "GET /tasks/2060aa20-1083-46ee-9337-0224ea3827f8 HTTP/1.1" 200 OK
INFO:     127.0.0.1:50212 - "GET /tasks/cda25622-7322-48f2-b38f-ea6e435b7d8d HTTP/1.1" 200 OK
INFO:     127.0.0.1:35988 - "GET /tasks/313e0e36-12ae-4db6-85a7-2552cacef1a2 HTTP/1.1" 200 OK

External Layout Extraction:   0%|          | 0/7 [00:00<?, ?it/s][AOCR-rec Predict: 100%|██████████| 1/1 [00:00<00:00,  2.58it/s]OCR-rec Predict: 100%|██████████| 1/1 [00:00<00:00,  2.58it/s]

External Layout Extraction:  14%|█▍        | 1/7 [00:00<00:02,  2.43it/s][AINFO:     127.0.0.1:55908 - "GET /tasks/313e0e36-12ae-4db6-85a7-2552cacef1a2/result HTTP/1.1" 200 OK
INFO:     127.0.0.1:55908 - "POST /tasks HTTP/1.1" 202 Accepted
INFO:     127.0.0.1:55908 - "GET /tasks/58fac0be-79df-4296-9d7c-4d68d5614450 HTTP/1.1" 200 OK
2026-09-28 11:53:59.550 | INFO     | mineru.utils.engine_utils:get_vlm_engine:34 - Using vllm-async-engine as the inference engine for VLM.
2026-09-28 11:54:00.066 | INFO     | mineru.backend.hybrid.hybrid_analyze:aio_doc_analyze:1139 - Hybrid processing-window run. page_count=10, window_size=64, total_windows=1
2026-09-28 11:54:00.067 | INFO     | mineru.backend.hybrid.hybrid_analyze:get_batch_ratio:875 - hybrid batch ratio (auto, vram=40GB): 16

External Layout Extraction:  57%|█████▋    | 4/7 [00:01<00:00,  3.27it/s][AINFO:     127.0.0.1:55908 - "GET /tasks/2060aa20-1083-46ee-9337-0224ea3827f8 HTTP/1.1" 200 OK

External Layout Extraction:  86%|████████▌ | 6/7 [00:01<00:00,  3.89it/s][AINFO:     127.0.0.1:55908 - "GET /tasks/cda25622-7322-48f2-b38f-ea6e435b7d8d HTTP/1.1" 200 OK
2026-09-28 11:54:00.880 | INFO     | mineru.backend.hybrid.hybrid_analyze:aio_doc_analyze:1161 - Hybrid processing window 1/1: pages 1-10/10 (10 pages)
Layout Predict:   0%|          | 0/10 [00:00<?, ?it/s]INFO:     127.0.0.1:55908 - "GET /tasks/cda25622-7322-48f2-b38f-ea6e435b7d8d/result HTTP/1.1" 200 OK
INFO:     127.0.0.1:55908 - "POST /tasks HTTP/1.1" 202 Accepted
INFO:     127.0.0.1:55908 - "GET /tasks/53a1237e-c5cb-4db4-ac44-e87952c98050 HTTP/1.1" 200 OK
2026-09-28 11:54:01.248 | INFO     | mineru.utils.engine_utils:get_vlm_engine:34 - Using vllm-async-engine as the inference engine for VLM.
Layout Predict:  80%|████████  | 8/10 [00:00<00:00, 18.23it/s]Layout Predict: 100%|██████████| 10/10 [00:00<00:00, 15.28it/s]Layout Predict: 100%|██████████| 10/10 [00:00<00:00, 15.89it/s]
2026-09-28 11:54:01.871 | INFO     | mineru.backend.hybrid.hybrid_analyze:aio_doc_analyze:1139 - Hybrid processing-window run. page_count=8, window_size=64, total_windows=1
2026-09-28 11:54:01.871 | INFO     | mineru.backend.hybrid.hybrid_analyze:get_batch_ratio:875 - hybrid batch ratio (auto, vram=40GB): 16
INFO:     127.0.0.1:55908 - "GET /tasks/58fac0be-79df-4296-9d7c-4d68d5614450 HTTP/1.1" 200 OK
Table orientation det:   0%|          | 0/2 [00:00<?, ?it/s]Table orientation score: 100%|██████████| 2/2 [00:00<00:00, 27.27it/s]Table orientation score: 100%|██████████| 2/2 [00:00<00:00, 27.22it/s]Table orientation: 100%|██████████| 2/2 [00:00<00:00, 27.20it/s]      Table orientation: 100%|██████████| 2/2 [00:00<00:00, 27.18it/s]Table orientation: 100%|██████████| 2/2 [00:00<00:00, 27.15it/s]
External Layout Extraction:   0%|          | 0/2 [00:00<?, ?it/s]
External Layout Extraction: 100%|██████████| 7/7 [00:03<00:00,  1.54it/s][AExternal Layout Extraction: 100%|██████████| 7/7 [00:03<00:00,  1.97it/s]

MFR Predict:   0%|          | 0/10 [00:00<?, ?it/s][AINFO:     127.0.0.1:55908 - "GET /tasks/2060aa20-1083-46ee-9337-0224ea3827f8 HTTP/1.1" 200 OK
2026-09-28 11:54:02.683 | INFO     | mineru.backend.hybrid.hybrid_analyze:aio_doc_analyze:1161 - Hybrid processing window 1/1: pages 1-8/8 (8 pages)


Layout Predict:   0%|          | 0/8 [00:00<?, ?it/s][A[A
MFR Predict:  80%|████████  | 8/10 [00:00<00:00, 12.67it/s][AINFO:     127.0.0.1:55908 - "GET /tasks/53a1237e-c5cb-4db4-ac44-e87952c98050 HTTP/1.1" 200 OK


Layout Predict: 100%|██████████| 8/8 [00:00<00:00, 12.90it/s][A[ALayout Predict: 100%|██████████| 8/8 [00:00<00:00, 12.89it/s]


Table orientation det:   0%|          | 0/3 [00:00<?, ?it/s][A[A

Table orientation det:  67%|██████▋   | 2/3 [00:00<00:00, 12.79it/s][A[A

Table orientation score: 100%|██████████| 3/3 [00:00<00:00, 12.79it/s][A[A

Table orientation score: 100%|██████████| 3/3 [00:00<00:00, 12.79it/s][A[A

Table orientation: 100%|██████████| 3/3 [00:00<00:00, 12.79it/s]      [A[A

Table orientation: 100%|██████████| 3/3 [00:00<00:00, 12.79it/s][A[ATable orientation: 100%|██████████| 3/3 [00:00<00:00, 11.48it/s]


External Layout Extraction:   0%|          | 0/8 [00:00<?, ?it/s][A[A

External Layout Extraction:  12%|█▎        | 1/8 [00:00<00:01,  5.01it/s][A[AINFO:     127.0.0.1:55908 - "GET /tasks/58fac0be-79df-4296-9d7c-4d68d5614450 HTTP/1.1" 200 OK


External Layout Extraction:  25%|██▌       | 2/8 [00:00<00:01,  3.19it/s][A[A
MFR Predict: 100%|██████████| 10/10 [00:01<00:00,  4.77it/s][AMFR Predict: 100%|██████████| 10/10 [00:01<00:00,  5.61it/s]

OCR-det:   0%|          | 0/162 [00:00<?, ?it/s][A

External Layout Extraction:  50%|█████     | 4/8 [00:00<00:00,  6.10it/s][A[AExternal Layout Extraction:  50%|█████     | 1/2 [00:02<00:02,  2.37s/it]INFO:     127.0.0.1:55908 - "GET /tasks/2060aa20-1083-46ee-9337-0224ea3827f8 HTTP/1.1" 200 OK
External Layout Extraction: 100%|██████████| 2/2 [00:02<00:00,  1.06s/it]External Layout Extraction: 100%|██████████| 2/2 [00:02<00:00,  1.26s/it]
OCR-det:   0%|          | 0/176 [00:00<?, ?it/s]

External Layout Extraction:  88%|████████▊ | 7/8 [00:01<00:00,  7.42it/s][A[A
OCR-det:   2%|▏         | 3/162 [00:00<00:36,  4.35it/s][A

External Layout Extraction: 100%|██████████| 8/8 [00:01<00:00,  5.01it/s][A[AExternal Layout Extraction: 100%|██████████| 8/8 [00:01<00:00,  5.27it/s]

OCR-det:   6%|▌         | 9/162 [00:00<00:12, 12.06it/s][A

MFR Predict:   0%|          | 0/7 [00:00<?, ?it/s][A[AINFO:     127.0.0.1:55908 - "GET /tasks/53a1237e-c5cb-4db4-ac44-e87952c98050 HTTP/1.1" 200 OK

OCR-det:  17%|█▋        | 27/162 [00:01<00:03, 36.91it/s][AOCR-det:   1%|          | 1/176 [00:00<02:11,  1.33it/s]OCR-det:   2%|▏         | 4/176 [00:00<00:31,  5.55it/s]
OCR-det:  22%|██▏       | 35/162 [00:01<00:03, 40.01it/s][A

MFR Predict:  57%|█████▋    | 4/7 [00:00<00:00, 11.69it/s][A[AOCR-det:   7%|▋         | 12/176 [00:01<00:08, 18.23it/s]
OCR-det:  28%|██▊       | 45/162 [00:01<00:02, 51.17it/s][A
OCR-det:  38%|███▊      | 61/162 [00:01<00:01, 71.07it/s][AOCR-det:  15%|█▌        | 27/176 [00:01<00:03, 37.92it/s]INFO:     127.0.0.1:55908 - "GET /tasks/58fac0be-79df-4296-9d7c-4d68d5614450 HTTP/1.1" 200 OK

OCR-det:  45%|████▌     | 73/162 [00:01<00:01, 68.34it/s][AOCR-det:  24%|██▍       | 42/176 [00:01<00:02, 50.35it/s]
OCR-det:  51%|█████     | 82/162 [00:01<00:01, 70.91it/s][AOCR-det:  33%|███▎      | 58/176 [00:01<00:01, 68.01it/s]
OCR-det:  56%|█████▌    | 91/162 [00:01<00:01, 65.25it/s][AOCR-det:  39%|███▊      | 68/176 [00:01<00:01, 63.14it/s]
OCR-det:  63%|██████▎   | 102/162 [00:02<00:00, 72.38it/s][AOCR-det:  46%|████▌     | 81/176 [00:01<00:01, 72.44it/s]
OCR-det:  68%|██████▊   | 110/162 [00:02<00:00, 72.82it/s][AINFO:     127.0.0.1:55908 - "GET /tasks/2060aa20-1083-46ee-9337-0224ea3827f8 HTTP/1.1" 200 OK
OCR-det:  51%|█████     | 90/176 [00:01<00:01, 73.42it/s]
OCR-det:  73%|███████▎  | 119/162 [00:02<00:00, 73.55it/s][A
OCR-det:  79%|███████▉  | 128/162 [00:02<00:00, 72.85it/s][AOCR-det:  61%|██████    | 107/176 [00:02<00:00, 87.91it/s]

MFR Predict: 100%|██████████| 7/7 [00:01<00:00,  3.96it/s][A[AMFR Predict: 100%|██████████| 7/7 [00:01<00:00,  4.47it/s]


OCR-det:   0%|          | 0/113 [00:00<?, ?it/s][A[A
OCR-det:  85%|████████▍ | 137/162 [00:02<00:00, 72.91it/s][AOCR-det:  68%|██████▊   | 119/176 [00:02<00:00, 82.29it/s]
OCR-det:  90%|████████▉ | 145/162 [00:02<00:00, 66.13it/s][AOCR-det:  74%|███████▍  | 131/176 [00:02<00:00, 73.42it/s]
OCR-det:  98%|█████████▊| 159/162 [00:02<00:00, 80.30it/s][AOCR-det: 100%|██████████| 162/162 [00:02<00:00, 57.24it/s]
OCR-det:  81%|████████▏ | 143/176 [00:02<00:00, 80.29it/s]
Processing pages:   0%|          | 0/10 [00:00<?, ?it/s][A
Processing pages:  10%|█         | 1/10 [00:00<00:01,  5.79it/s][A

OCR-det:   2%|▏         | 2/113 [00:00<00:31,  3.52it/s][A[A

OCR-det:   9%|▉         | 10/113 [00:00<00:05, 18.83it/s][A[AOCR-det:  89%|████████▉ | 157/176 [00:02<00:00, 63.12it/s]
Processing pages:  20%|██        | 2/10 [00:00<00:01,  5.05it/s][A
Processing pages:  30%|███       | 3/10 [00:00<00:01,  4.87it/s][A

OCR-det:  18%|█▊        | 20/113 [00:01<00:03, 24.04it/s][A[AOCR-det:  95%|█████████▌| 168/176 [00:03<00:00, 46.85it/s]
Processing pages:  40%|████      | 4/10 [00:00<00:01,  5.10it/s][AOCR-det: 100%|██████████| 176/176 [00:03<00:00, 51.98it/s]


OCR-det:  27%|██▋       | 31/113 [00:01<00:02, 31.90it/s][A[A
Processing pages:  50%|█████     | 5/10 [00:01<00:01,  4.87it/s][A

OCR-det:  33%|███▎      | 37/113 [00:01<00:02, 32.57it/s][A[A
Processing pages:  60%|██████    | 6/10 [00:01<00:00,  5.20it/s][A

OCR-det:  46%|████▌     | 52/113 [00:01<00:01, 47.28it/s][A[A
Processing pages:  70%|███████   | 7/10 [00:01<00:00,  5.45it/s][A

OCR-det:  53%|█████▎    | 60/113 [00:01<00:01, 47.49it/s][A[A
Processing pages:  80%|████████  | 8/10 [00:01<00:00,  5.81it/s][A

OCR-det:  62%|██████▏   | 70/113 [00:01<00:00, 47.56it/s][A[A
Processing pages:  90%|█████████ | 9/10 [00:01<00:00,  5.67it/s][A

OCR-det:  67%|██████▋   | 76/113 [00:02<00:00, 44.99it/s][A[A
Processing pages: 100%|██████████| 10/10 [00:01<00:00,  5.37it/s][AProcessing pages: 100%|██████████| 10/10 [00:01<00:00,  5.32it/s]
INFO:     127.0.0.1:55908 - "GET /tasks/53a1237e-c5cb-4db4-ac44-e87952c98050 HTTP/1.1" 200 OK
Processing pages:   0%|          | 0/10 [00:00<?, ?it/s]INFO:     127.0.0.1:54792 - "GET /tasks/58fac0be-79df-4296-9d7c-4d68d5614450 HTTP/1.1" 200 OK
Processing pages:  10%|█         | 1/10 [00:00<00:01,  6.42it/s]

OCR-det:  72%|███████▏  | 81/113 [00:02<00:01, 20.31it/s][A[AProcessing pages:  20%|██        | 2/10 [00:00<00:01,  5.85it/s]

OCR-det:  78%|███████▊  | 88/113 [00:03<00:01, 24.07it/s][A[AProcessing pages:  30%|███       | 3/10 [00:00<00:01,  5.61it/s]

OCR-det:  81%|████████▏ | 92/113 [00:03<00:00, 23.21it/s][A[AProcessing pages:  40%|████      | 4/10 [00:00<00:01,  5.87it/s]

OCR-det:  89%|████████▉ | 101/113 [00:03<00:00, 28.28it/s][A[AProcessing pages:  50%|█████     | 5/10 [00:00<00:00,  5.85it/s]

OCR-det:  93%|█████████▎| 105/113 [00:03<00:00, 26.43it/s][A[AProcessing pages:  60%|██████    | 6/10 [00:01<00:00,  5.73it/s]Processing pages:  70%|███████   | 7/10 [00:01<00:00,  5.98it/s]

OCR-det:  97%|█████████▋| 110/113 [00:03<00:00, 24.20it/s][A[AOCR-det: 100%|██████████| 113/113 [00:03<00:00, 28.70it/s]
Processing pages:  80%|████████  | 8/10 [00:01<00:00,  5.76it/s]Processing pages:  90%|█████████ | 9/10 [00:01<00:00,  5.92it/s]Processing pages: 100%|██████████| 10/10 [00:01<00:00,  6.06it/s]Processing pages: 100%|██████████| 10/10 [00:01<00:00,  5.91it/s]
INFO:     127.0.0.1:54794 - "GET /tasks/2060aa20-1083-46ee-9337-0224ea3827f8 HTTP/1.1" 200 OK
INFO:     127.0.0.1:55908 - "GET /tasks/53a1237e-c5cb-4db4-ac44-e87952c98050 HTTP/1.1" 200 OK
Processing pages:   0%|          | 0/8 [00:00<?, ?it/s]Processing pages:  12%|█▎        | 1/8 [00:00<00:00,  7.24it/s]Processing pages:  25%|██▌       | 2/8 [00:00<00:01,  3.23it/s]Processing pages:  38%|███▊      | 3/8 [00:00<00:01,  4.26it/s]Processing pages:  50%|█████     | 4/8 [00:00<00:00,  5.00it/s]Processing pages:  62%|██████▎   | 5/8 [00:01<00:00,  5.45it/s]Processing pages:  75%|███████▌  | 6/8 [00:01<00:00,  5.69it/s]Processing pages:  88%|████████▊ | 7/8 [00:01<00:00,  6.31it/s]Processing pages: 100%|██████████| 8/8 [00:01<00:00,  6.28it/s]Processing pages: 100%|██████████| 8/8 [00:01<00:00,  5.48it/s]
INFO:     127.0.0.1:55908 - "GET /tasks/58fac0be-79df-4296-9d7c-4d68d5614450 HTTP/1.1" 200 OK
INFO:     127.0.0.1:55908 - "GET /tasks/53a1237e-c5cb-4db4-ac44-e87952c98050 HTTP/1.1" 200 OK
INFO:     127.0.0.1:54792 - "GET /tasks/2060aa20-1083-46ee-9337-0224ea3827f8/result HTTP/1.1" 200 OK
INFO:     127.0.0.1:55908 - "GET /tasks/53a1237e-c5cb-4db4-ac44-e87952c98050/result HTTP/1.1" 200 OK
INFO:     127.0.0.1:55908 - "POST /tasks HTTP/1.1" 202 Accepted
INFO:     127.0.0.1:54792 - "POST /tasks HTTP/1.1" 202 Accepted
INFO:     127.0.0.1:55908 - "GET /tasks/61d093ef-f65b-4ddd-afd0-e24be0400300 HTTP/1.1" 200 OK
INFO:     127.0.0.1:54792 - "GET /tasks/5dde01af-c046-440c-8611-61f04e679c35 HTTP/1.1" 200 OK
2026-09-28 11:54:13.857 | INFO     | mineru.utils.engine_utils:get_vlm_engine:34 - Using vllm-async-engine as the inference engine for VLM.
2026-09-28 11:54:14.415 | INFO     | mineru.backend.hybrid.hybrid_analyze:aio_doc_analyze:1139 - Hybrid processing-window run. page_count=10, window_size=64, total_windows=1
2026-09-28 11:54:14.415 | INFO     | mineru.backend.hybrid.hybrid_analyze:get_batch_ratio:875 - hybrid batch ratio (auto, vram=40GB): 16
2026-09-28 11:54:14.423 | INFO     | mineru.utils.engine_utils:get_vlm_engine:34 - Using vllm-async-engine as the inference engine for VLM.
2026-09-28 11:54:14.684 | INFO     | mineru.backend.hybrid.hybrid_analyze:aio_doc_analyze:1139 - Hybrid processing-window run. page_count=6, window_size=64, total_windows=1
2026-09-28 11:54:14.685 | INFO     | mineru.backend.hybrid.hybrid_analyze:get_batch_ratio:875 - hybrid batch ratio (auto, vram=40GB): 16
INFO:     127.0.0.1:55908 - "GET /tasks/58fac0be-79df-4296-9d7c-4d68d5614450 HTTP/1.1" 200 OK
INFO:     127.0.0.1:55908 - "GET /tasks/58fac0be-79df-4296-9d7c-4d68d5614450/result HTTP/1.1" 200 OK
INFO:     127.0.0.1:55908 - "POST /tasks HTTP/1.1" 202 Accepted
INFO:     127.0.0.1:55908 - "GET /tasks/b5bbcefd-e8e6-4211-bb67-a1b44e88976e HTTP/1.1" 200 OK
2026-09-28 11:54:14.999 | INFO     | mineru.utils.engine_utils:get_vlm_engine:34 - Using vllm-async-engine as the inference engine for VLM.
2026-09-28 11:54:15.886 | INFO     | mineru.backend.hybrid.hybrid_analyze:aio_doc_analyze:1139 - Hybrid processing-window run. page_count=10, window_size=64, total_windows=1
2026-09-28 11:54:15.886 | INFO     | mineru.backend.hybrid.hybrid_analyze:get_batch_ratio:875 - hybrid batch ratio (auto, vram=40GB): 16
2026-09-28 11:54:15.888 | INFO     | mineru.backend.hybrid.hybrid_analyze:aio_doc_analyze:1161 - Hybrid processing window 1/1: pages 1-10/10 (10 pages)
2026-09-28 11:54:15.888 | INFO     | mineru.backend.hybrid.hybrid_analyze:aio_doc_analyze:1161 - Hybrid processing window 1/1: pages 1-6/6 (6 pages)
Layout Predict:   0%|          | 0/10 [00:00<?, ?it/s]
INFO:     127.0.0.1:54792 - "GET /tasks/5dde01af-c046-440c-8611-61f04e679c35 HTTP/1.1" 200 OK
Layout Predict:   0%|          | 0/6 [00:00<?, ?it/s][AINFO:     127.0.0.1:55908 - "GET /tasks/61d093ef-f65b-4ddd-afd0-e24be0400300 HTTP/1.1" 200 OK

Layout Predict: 100%|██████████| 6/6 [00:00<00:00, 19.20it/s][ALayout Predict: 100%|██████████| 6/6 [00:00<00:00, 19.19it/s]

Table orientation det:   0%|          | 0/3 [00:00<?, ?it/s][ALayout Predict:  80%|████████  | 8/10 [00:00<00:00, 22.97it/s]
Table orientation det: 100%|██████████| 3/3 [00:00<00:00, 24.59it/s][A
Table orientation score: 100%|██████████| 3/3 [00:00<00:00, 24.59it/s][A
Table orientation score: 100%|██████████| 3/3 [00:00<00:00, 24.59it/s][A
Table orientation: 100%|██████████| 3/3 [00:00<00:00, 24.59it/s]      [A
Table orientation: 100%|██████████| 3/3 [00:00<00:00, 24.59it/s][ATable orientation: 100%|██████████| 3/3 [00:00<00:00, 24.46it/s]

External Layout Extraction:   0%|          | 0/5 [00:00<?, ?it/s][ALayout Predict: 100%|██████████| 10/10 [00:00<00:00, 20.37it/s]
Table orientation det:   0%|          | 0/6 [00:00<?, ?it/s]
External Layout Extraction:  20%|██        | 1/5 [00:00<00:00,  4.80it/s][ATable orientation det:  50%|█████     | 3/6 [00:00<00:00, 16.82it/s]
External Layout Extraction:  60%|██████    | 3/5 [00:00<00:00,  9.94it/s][ATable orientation det:  83%|████████▎ | 5/6 [00:00<00:00, 14.33it/s]Table orientation det:  86%|████████▌ | 6/7 [00:00<00:00, 14.33it/s]Table orientation score:  86%|████████▌ | 6/7 [00:00<00:00, 14.33it/s]Table orientation score:  86%|████████▌ | 6/7 [00:00<00:00, 14.33it/s]INFO:     127.0.0.1:55908 - "GET /tasks/b5bbcefd-e8e6-4211-bb67-a1b44e88976e HTTP/1.1" 200 OK
2026-09-28 11:54:16.876 | INFO     | mineru.backend.hybrid.hybrid_analyze:aio_doc_analyze:1161 - Hybrid processing window 1/1: pages 1-10/10 (10 pages)


Layout Predict:   0%|          | 0/10 [00:00<?, ?it/s][A[ATable orientation score: 100%|██████████| 7/7 [00:00<00:00, 11.65it/s]Table orientation score:  18%|█▊        | 7/38 [00:00<00:02, 11.65it/s]Table orientation rec:  18%|█▊        | 7/38 [00:00<00:02, 11.65it/s]  Table orientation rec:  18%|█▊        | 7/38 [00:00<00:02, 11.65it/s]Table orientation rec:  50%|█████     | 19/38 [00:00<00:00, 38.46it/s]Table orientation rec: 100%|██████████| 38/38 [00:00<00:00, 70.60it/s]Table orientation: 100%|██████████| 38/38 [00:00<00:00, 70.60it/s]    Table orientation: 100%|██████████| 38/38 [00:00<00:00, 70.60it/s]Table orientation: 100%|██████████| 38/38 [00:00<00:00, 47.07it/s]
External Layout Extraction:   0%|          | 0/36 [00:00<?, ?it/s]

Layout Predict:  80%|████████  | 8/10 [00:00<00:00, 21.25it/s][A[ALayout Predict: 100%|██████████| 10/10 [00:00<00:00, 18.59it/s]


Table orientation det:   0%|          | 0/3 [00:00<?, ?it/s][A[AExternal Layout Extraction:   8%|▊         | 3/36 [00:00<00:03,  9.46it/s]

Table orientation det:  33%|███▎      | 1/3 [00:00<00:00,  7.82it/s][A[AExternal Layout Extraction:  64%|██████▍   | 23/36 [00:00<00:00, 67.05it/s]

Table orientation det: 100%|██████████| 3/3 [00:00<00:00, 13.37it/s][A[A

Table orientation score: 100%|██████████| 3/3 [00:00<00:00, 13.37it/s][A[A

Table orientation score: 100%|██████████| 3/3 [00:00<00:00, 13.37it/s][A[A

Table orientation: 100%|██████████| 3/3 [00:00<00:00, 13.37it/s]      [A[A

Table orientation: 100%|██████████| 3/3 [00:00<00:00, 13.37it/s][A[ATable orientation: 100%|██████████| 3/3 [00:00<00:00, 12.45it/s]


External Layout Extraction:   0%|          | 0/16 [00:00<?, ?it/s][A[A

External Layout Extraction:  12%|█▎        | 2/16 [00:00<00:01, 12.03it/s][A[AINFO:     127.0.0.1:55908 - "GET /tasks/5dde01af-c046-440c-8611-61f04e679c35 HTTP/1.1" 200 OK
INFO:     127.0.0.1:54792 - "GET /tasks/61d093ef-f65b-4ddd-afd0-e24be0400300 HTTP/1.1" 200 OK


External Layout Extraction:  38%|███▊      | 6/16 [00:00<00:00, 24.73it/s][A[A

External Layout Extraction:  81%|████████▏ | 13/16 [00:00<00:00, 41.41it/s][A[A
External Layout Extraction: 100%|██████████| 5/5 [00:01<00:00,  2.36it/s][AExternal Layout Extraction: 100%|██████████| 5/5 [00:01<00:00,  2.79it/s]

MFR Predict:   0%|          | 0/11 [00:00<?, ?it/s][A
MFR Predict:  73%|███████▎  | 8/11 [00:00<00:00, 47.27it/s][AExternal Layout Extraction:  97%|█████████▋| 35/36 [00:01<00:00, 21.11it/s]External Layout Extraction: 100%|██████████| 36/36 [00:01<00:00, 23.33it/s]
MFR Predict: 100%|██████████| 11/11 [00:00<00:00, 18.20it/s]
MFR Predict:   0%|          | 0/96 [00:00<?, ?it/s]
OCR-det:   0%|          | 0/92 [00:00<?, ?it/s][AINFO:     127.0.0.1:55908 - "GET /tasks/b5bbcefd-e8e6-4211-bb67-a1b44e88976e HTTP/1.1" 200 OK

OCR-det:   3%|▎         | 3/92 [00:00<00:10,  8.36it/s][A
OCR-det:   7%|▋         | 6/92 [00:00<00:06, 14.27it/s][A
OCR-det:  14%|█▍        | 13/92 [00:00<00:02, 28.79it/s][AMFR Predict:  67%|██████▋   | 64/96 [00:00<00:00, 93.59it/s]
OCR-det:  25%|██▌       | 23/92 [00:00<00:01, 47.49it/s][A
OCR-det:  35%|███▍      | 32/92 [00:00<00:01, 47.31it/s][A
OCR-det:  42%|████▏     | 39/92 [00:01<00:01, 50.33it/s][AINFO:     127.0.0.1:55908 - "GET /tasks/5dde01af-c046-440c-8611-61f04e679c35 HTTP/1.1" 200 OK
INFO:     127.0.0.1:54792 - "GET /tasks/61d093ef-f65b-4ddd-afd0-e24be0400300 HTTP/1.1" 200 OK

OCR-det:  55%|█████▌    | 51/92 [00:01<00:00, 66.17it/s][A
OCR-det:  64%|██████▍   | 59/92 [00:01<00:00, 65.58it/s][A
OCR-det:  73%|███████▎  | 67/92 [00:01<00:00, 68.10it/s][A
OCR-det:  82%|████████▏ | 75/92 [00:01<00:00, 71.12it/s][A
OCR-det:  90%|█████████ | 83/92 [00:01<00:00, 64.40it/s][A
OCR-det: 100%|██████████| 92/92 [00:01<00:00, 58.51it/s][AOCR-det: 100%|██████████| 92/92 [00:01<00:00, 51.72it/s]

Processing pages:   0%|          | 0/6 [00:00<?, ?it/s][A
Processing pages:  17%|█▋        | 1/6 [00:00<00:00,  6.26it/s][A
Processing pages:  33%|███▎      | 2/6 [00:00<00:00,  5.82it/s][AMFR Predict: 100%|██████████| 96/96 [00:02<00:00, 39.21it/s]MFR Predict: 100%|██████████| 96/96 [00:02<00:00, 44.36it/s]
OCR-det:   0%|          | 0/141 [00:00<?, ?it/s]
Processing pages:  50%|█████     | 3/6 [00:00<00:00,  6.40it/s][A
Processing pages:  67%|██████▋   | 4/6 [00:00<00:00,  7.15it/s][A
Processing pages:  83%|████████▎ | 5/6 [00:00<00:00,  6.65it/s][AProcessing pages: 100%|██████████| 6/6 [00:00<00:00,  7.54it/s]

OCR-rec Predict:   0%|          | 0/1 [00:00<?, ?it/s][AINFO:     127.0.0.1:55908 - "GET /tasks/b5bbcefd-e8e6-4211-bb67-a1b44e88976e HTTP/1.1" 200 OK
External Layout Extraction: 100%|██████████| 16/16 [00:03<00:00,  4.25it/s]


MFR Predict:   0%|          | 0/52 [00:00<?, ?it/s][A[A
OCR-rec Predict: 100%|██████████| 1/1 [00:00<00:00,  9.58it/s][AOCR-rec Predict: 100%|██████████| 1/1 [00:00<00:00,  9.56it/s]
INFO:     127.0.0.1:55908 - "GET /tasks/5dde01af-c046-440c-8611-61f04e679c35 HTTP/1.1" 200 OK
INFO:     127.0.0.1:54792 - "GET /tasks/61d093ef-f65b-4ddd-afd0-e24be0400300 HTTP/1.1" 200 OK
INFO:     127.0.0.1:55908 - "GET /tasks/61d093ef-f65b-4ddd-afd0-e24be0400300/result HTTP/1.1" 200 OK


MFR Predict:  62%|██████▏   | 32/52 [00:00<00:00, 55.07it/s][A[AINFO:     127.0.0.1:55908 - "POST /tasks HTTP/1.1" 202 Accepted
INFO:     127.0.0.1:55908 - "GET /tasks/d72e7e83-f41c-4540-8440-fed00cab7fcb HTTP/1.1" 200 OK
2026-09-28 11:54:22.196 | INFO     | mineru.utils.engine_utils:get_vlm_engine:34 - Using vllm-async-engine as the inference engine for VLM.
OCR-det:   1%|          | 1/141 [00:01<02:47,  1.20s/it]OCR-det:   1%|▏         | 2/141 [00:01<01:18,  1.77it/s]OCR-det:   4%|▎         | 5/141 [00:01<00:25,  5.31it/s]OCR-det:   9%|▉         | 13/141 [00:01<00:08, 15.49it/s]OCR-det:  13%|█▎        | 18/141 [00:01<00:05, 21.11it/s]

MFR Predict: 100%|██████████| 52/52 [00:01<00:00, 36.55it/s][A[AMFR Predict: 100%|██████████| 52/52 [00:01<00:00, 38.96it/s]
OCR-det:  24%|██▍       | 34/141 [00:01<00:02, 43.99it/s]
OCR-det:   0%|          | 0/172 [00:00<?, ?it/s][A2026-09-28 11:54:22.990 | INFO     | mineru.backend.hybrid.hybrid_analyze:aio_doc_analyze:1139 - Hybrid processing-window run. page_count=10, window_size=64, total_windows=1
2026-09-28 11:54:22.990 | INFO     | mineru.backend.hybrid.hybrid_analyze:get_batch_ratio:875 - hybrid batch ratio (auto, vram=40GB): 16
OCR-det:  29%|██▉       | 41/141 [00:01<00:02, 45.15it/s]OCR-det:  33%|███▎      | 47/141 [00:02<00:02, 41.91it/s]OCR-det:  40%|████      | 57/141 [00:02<00:01, 50.15it/s]INFO:     127.0.0.1:55908 - "GET /tasks/b5bbcefd-e8e6-4211-bb67-a1b44e88976e HTTP/1.1" 200 OK
OCR-det:  57%|█████▋    | 80/141 [00:02<00:00, 82.92it/s]OCR-det:  73%|███████▎  | 103/141 [00:02<00:00, 110.20it/s]
OCR-det:   1%|          | 2/172 [00:00<01:01,  2.77it/s][AOCR-det:  82%|████████▏ | 116/141 [00:02<00:00, 99.34it/s] 
OCR-det:   2%|▏         | 4/172 [00:00<00:32,  5.14it/s][AINFO:     127.0.0.1:55908 - "GET /tasks/5dde01af-c046-440c-8611-61f04e679c35 HTTP/1.1" 200 OK

OCR-det:   6%|▋         | 11/172 [00:01<00:10, 14.80it/s][A2026-09-28 11:54:24.107 | INFO     | mineru.backend.hybrid.hybrid_analyze:aio_doc_analyze:1161 - Hybrid processing window 1/1: pages 1-10/10 (10 pages)


Layout Predict:   0%|          | 0/10 [00:00<?, ?it/s][A[AOCR-det:  92%|█████████▏| 130/141 [00:03<00:00, 64.31it/s]INFO:     127.0.0.1:55908 - "GET /tasks/d72e7e83-f41c-4540-8440-fed00cab7fcb HTTP/1.1" 200 OK

OCR-det:   9%|▉         | 16/172 [00:01<00:08, 18.70it/s][A
OCR-det:  14%|█▍        | 24/172 [00:01<00:04, 29.64it/s][A

Layout Predict:  80%|████████  | 8/10 [00:00<00:00, 29.02it/s][A[AOCR-det:  99%|█████████▊| 139/141 [00:03<00:00, 53.92it/s]OCR-det: 100%|██████████| 141/141 [00:03<00:00, 41.20it/s]
Processing pages:   0%|          | 0/10 [00:00<?, ?it/s]
OCR-det:  21%|██        | 36/172 [00:01<00:03, 39.71it/s][ALayout Predict: 100%|██████████| 10/10 [00:00<00:00, 20.68it/s]

OCR-det:  31%|███▏      | 54/172 [00:01<00:01, 65.64it/s][AProcessing pages:  10%|█         | 1/10 [00:00<00:01,  4.95it/s]Processing pages:  20%|██        | 2/10 [00:00<00:01,  5.07it/s]
OCR-det:  38%|███▊      | 65/172 [00:01<00:02, 50.61it/s][AProcessing pages:  30%|███       | 3/10 [00:00<00:01,  5.32it/s]Processing pages:  40%|████      | 4/10 [00:00<00:00,  6.43it/s]
OCR-det:  44%|████▍     | 76/172 [00:02<00:01, 49.53it/s][AProcessing pages:  50%|█████     | 5/10 [00:00<00:00,  6.33it/s]
OCR-det:  52%|█████▏    | 90/172 [00:02<00:01, 51.88it/s][AProcessing pages:  60%|██████    | 6/10 [00:01<00:00,  6.12it/s]
OCR-det:  56%|█████▋    | 97/172 [00:02<00:01, 50.49it/s][AProcessing pages:  70%|███████   | 7/10 [00:01<00:00,  6.10it/s]
OCR-det:  60%|██████    | 104/172 [00:02<00:01, 48.98it/s][AProcessing pages:  80%|████████  | 8/10 [00:01<00:00,  6.48it/s]
OCR-det:  68%|██████▊   | 117/172 [00:02<00:00, 57.98it/s][AProcessing pages:  90%|█████████ | 9/10 [00:01<00:00,  6.22it/s]
OCR-det:  72%|███████▏  | 124/172 [00:03<00:00, 54.13it/s][AProcessing pages: 100%|██████████| 10/10 [00:01<00:00,  5.78it/s]Processing pages: 100%|██████████| 10/10 [00:01<00:00,  5.92it/s]
INFO:     127.0.0.1:55908 - "GET /tasks/b5bbcefd-e8e6-4211-bb67-a1b44e88976e HTTP/1.1" 200 OK
INFO:     127.0.0.1:54792 - "GET /tasks/5dde01af-c046-440c-8611-61f04e679c35 HTTP/1.1" 200 OK
INFO:     127.0.0.1:34738 - "GET /tasks/d72e7e83-f41c-4540-8440-fed00cab7fcb HTTP/1.1" 200 OK
Table orientation det:   0%|          | 0/4 [00:00<?, ?it/s]Table orientation det:  25%|██▌       | 1/4 [00:00<00:01,  2.39it/s]
OCR-det:  81%|████████▏ | 140/172 [00:03<00:00, 38.63it/s][ATable orientation score: 100%|██████████| 4/4 [00:00<00:00,  2.39it/s]Table orientation score: 100%|██████████| 4/4 [00:00<00:00,  2.39it/s]Table orientation: 100%|██████████| 4/4 [00:00<00:00,  2.39it/s]      Table orientation: 100%|██████████| 4/4 [00:00<00:00,  2.39it/s]Table orientation: 100%|██████████| 4/4 [00:00<00:00,  7.77it/s]
External Layout Extraction:   0%|          | 0/6 [00:00<?, ?it/s]
OCR-det:  91%|█████████▏| 157/172 [00:03<00:00, 52.88it/s][A
OCR-det:  97%|█████████▋| 166/172 [00:03<00:00, 58.16it/s][AOCR-det: 100%|██████████| 172/172 [00:03<00:00, 43.16it/s]
External Layout Extraction:  17%|█▋        | 1/6 [00:00<00:01,  4.01it/s]
Processing pages:   0%|          | 0/10 [00:00<?, ?it/s][A
Processing pages:  10%|█         | 1/10 [00:00<00:01,  5.81it/s][A
Processing pages:  20%|██        | 2/10 [00:00<00:01,  6.40it/s][A
Processing pages:  30%|███       | 3/10 [00:00<00:01,  6.50it/s][A
Processing pages:  40%|████      | 4/10 [00:00<00:00,  6.68it/s][A
Processing pages:  50%|█████     | 5/10 [00:00<00:00,  6.71it/s][A
Processing pages:  60%|██████    | 6/10 [00:00<00:00,  6.76it/s][A
Processing pages:  70%|███████   | 7/10 [00:01<00:00,  6.93it/s][A
Processing pages:  80%|████████  | 8/10 [00:01<00:00,  7.19it/s][A
Processing pages:  90%|█████████ | 9/10 [00:01<00:00,  7.72it/s][A
Processing pages: 100%|██████████| 10/10 [00:01<00:00,  7.41it/s][AProcessing pages: 100%|██████████| 10/10 [00:01<00:00,  7.01it/s]
INFO:     127.0.0.1:55908 - "GET /tasks/b5bbcefd-e8e6-4211-bb67-a1b44e88976e HTTP/1.1" 200 OK
INFO:     127.0.0.1:34738 - "GET /tasks/d72e7e83-f41c-4540-8440-fed00cab7fcb HTTP/1.1" 200 OK
INFO:     127.0.0.1:54792 - "GET /tasks/5dde01af-c046-440c-8611-61f04e679c35 HTTP/1.1" 200 OK
External Layout Extraction: 100%|██████████| 6/6 [00:02<00:00,  2.78it/s]External Layout Extraction: 100%|██████████| 6/6 [00:02<00:00,  2.82it/s]
MFR Predict:   0%|          | 0/7 [00:00<?, ?it/s]INFO:     127.0.0.1:55908 - "GET /tasks/5dde01af-c046-440c-8611-61f04e679c35/result HTTP/1.1" 200 OK
INFO:     127.0.0.1:55908 - "POST /tasks HTTP/1.1" 202 Accepted
INFO:     127.0.0.1:55908 - "GET /tasks/c1256424-f6f5-4fb6-ac61-bd777c9067e3 HTTP/1.1" 200 OK
MFR Predict:  57%|█████▋    | 4/7 [00:00<00:00, 17.98it/s]2026-09-28 11:54:29.187 | INFO     | mineru.utils.engine_utils:get_vlm_engine:34 - Using vllm-async-engine as the inference engine for VLM.
MFR Predict: 100%|██████████| 7/7 [00:00<00:00,  8.03it/s]MFR Predict: 100%|██████████| 7/7 [00:00<00:00,  8.87it/s]
OCR-det:   0%|          | 0/138 [00:00<?, ?it/s]2026-09-28 11:54:29.928 | INFO     | mineru.backend.hybrid.hybrid_analyze:aio_doc_analyze:1139 - Hybrid processing-window run. page_count=10, window_size=64, total_windows=1
2026-09-28 11:54:29.929 | INFO     | mineru.backend.hybrid.hybrid_analyze:get_batch_ratio:875 - hybrid batch ratio (auto, vram=40GB): 16
OCR-det:   1%|▏         | 2/138 [00:00<00:42,  3.23it/s]INFO:     127.0.0.1:55908 - "GET /tasks/b5bbcefd-e8e6-4211-bb67-a1b44e88976e HTTP/1.1" 200 OK
INFO:     127.0.0.1:54792 - "GET /tasks/d72e7e83-f41c-4540-8440-fed00cab7fcb HTTP/1.1" 200 OK
OCR-det:   3%|▎         | 4/138 [00:00<00:21,  6.16it/s]INFO:     127.0.0.1:55908 - "GET /tasks/b5bbcefd-e8e6-4211-bb67-a1b44e88976e/result HTTP/1.1" 200 OK
OCR-det:   7%|▋         | 9/138 [00:00<00:11, 11.72it/s]INFO:     127.0.0.1:55908 - "POST /tasks HTTP/1.1" 202 Accepted
INFO:     127.0.0.1:55908 - "GET /tasks/3c4bc4ea-807e-4758-a4e2-4538009f626d HTTP/1.1" 200 OK
2026-09-28 11:54:30.836 | INFO     | mineru.utils.engine_utils:get_vlm_engine:34 - Using vllm-async-engine as the inference engine for VLM.
OCR-det:  10%|█         | 14/138 [00:01<00:07, 16.70it/s]OCR-det:  19%|█▉        | 26/138 [00:01<00:03, 35.26it/s]OCR-det:  28%|██▊       | 39/138 [00:01<00:01, 52.86it/s]OCR-det:  34%|███▍      | 47/138 [00:01<00:02, 45.38it/s]2026-09-28 11:54:31.435 | INFO     | mineru.backend.hybrid.hybrid_analyze:aio_doc_analyze:1139 - Hybrid processing-window run. page_count=10, window_size=64, total_windows=1
2026-09-28 11:54:31.436 | INFO     | mineru.backend.hybrid.hybrid_analyze:get_batch_ratio:875 - hybrid batch ratio (auto, vram=40GB): 16
2026-09-28 11:54:31.437 | INFO     | mineru.backend.hybrid.hybrid_analyze:aio_doc_analyze:1161 - Hybrid processing window 1/1: pages 1-10/10 (10 pages)

Layout Predict:   0%|          | 0/10 [00:00<?, ?it/s][AINFO:     127.0.0.1:55908 - "GET /tasks/c1256424-f6f5-4fb6-ac61-bd777c9067e3 HTTP/1.1" 200 OK
OCR-det:  38%|███▊      | 53/138 [00:01<00:01, 45.67it/s]OCR-det:  45%|████▍     | 62/138 [00:01<00:01, 51.42it/s]
Layout Predict:  80%|████████  | 8/10 [00:00<00:00, 31.05it/s][AOCR-det:  53%|█████▎    | 73/138 [00:01<00:01, 62.41it/s]Layout Predict: 100%|██████████| 10/10 [00:00<00:00, 26.60it/s]

Table orientation det:   0%|          | 0/3 [00:00<?, ?it/s][AOCR-det:  59%|█████▉    | 82/138 [00:02<00:00, 66.67it/s]
Table orientation det:  33%|███▎      | 1/3 [00:00<00:00,  8.04it/s][AOCR-det:  65%|██████▌   | 90/138 [00:02<00:00, 67.54it/s]
Table orientation det:  67%|██████▋   | 2/3 [00:00<00:00,  7.64it/s][A
Table orientation score: 100%|██████████| 3/3 [00:00<00:00,  7.64it/s][A
Table orientation score: 100%|██████████| 3/3 [00:00<00:00,  7.64it/s][A
Table orientation: 100%|██████████| 3/3 [00:00<00:00,  7.64it/s]      [A
Table orientation: 100%|██████████| 3/3 [00:00<00:00,  7.64it/s][ATable orientation: 100%|██████████| 3/3 [00:00<00:00,  8.96it/s]

External Layout Extraction:   0%|          | 0/4 [00:00<?, ?it/s][AOCR-det:  71%|███████   | 98/138 [00:02<00:00, 55.05it/s]2026-09-28 11:54:32.389 | INFO     | mineru.backend.hybrid.hybrid_analyze:aio_doc_analyze:1161 - Hybrid processing window 1/1: pages 1-10/10 (10 pages)


Layout Predict:   0%|          | 0/10 [00:00<?, ?it/s][A[AOCR-det:  76%|███████▌  | 105/138 [00:02<00:00, 43.77it/s]INFO:     127.0.0.1:55908 - "GET /tasks/d72e7e83-f41c-4540-8440-fed00cab7fcb HTTP/1.1" 200 OK

External Layout Extraction:  25%|██▌       | 1/4 [00:00<00:00,  3.04it/s][AOCR-det:  81%|████████  | 112/138 [00:02<00:00, 46.60it/s]INFO:     127.0.0.1:55908 - "GET /tasks/3c4bc4ea-807e-4758-a4e2-4538009f626d HTTP/1.1" 200 OK
OCR-det:  87%|████████▋ | 120/138 [00:03<00:00, 43.53it/s]

Layout Predict:  80%|████████  | 8/10 [00:00<00:00, 19.02it/s][A[AOCR-det:  91%|█████████▏| 126/138 [00:03<00:00, 46.06it/s]

Layout Predict: 100%|██████████| 10/10 [00:00<00:00, 17.64it/s][A[ALayout Predict: 100%|██████████| 10/10 [00:00<00:00, 17.94it/s]


Table orientation det:   0%|          | 0/4 [00:00<?, ?it/s][A[A
External Layout Extraction:  50%|█████     | 2/4 [00:00<00:00,  2.33it/s][AOCR-det:  98%|█████████▊| 135/138 [00:03<00:00, 48.73it/s]

Table orientation det:  50%|█████     | 2/4 [00:00<00:00, 16.21it/s][A[A

Table orientation score: 100%|██████████| 4/4 [00:00<00:00, 16.21it/s][A[A

Table orientation score: 100%|██████████| 4/4 [00:00<00:00, 16.21it/s][A[A

Table orientation: 100%|██████████| 4/4 [00:00<00:00, 16.21it/s]      [A[A

Table orientation: 100%|██████████| 4/4 [00:00<00:00, 16.21it/s][A[ATable orientation: 100%|██████████| 4/4 [00:00<00:00, 22.35it/s]


External Layout Extraction:   0%|          | 0/13 [00:00<?, ?it/s][A[AOCR-det: 100%|██████████| 138/138 [00:03<00:00, 40.75it/s]
Processing pages:   0%|          | 0/10 [00:00<?, ?it/s]Processing pages:  10%|█         | 1/10 [00:00<00:01,  8.71it/s]Processing pages:  20%|██        | 2/10 [00:00<00:01,  7.30it/s]Processing pages:  30%|███       | 3/10 [00:00<00:00,  7.65it/s]Processing pages:  40%|████      | 4/10 [00:00<00:00,  7.61it/s]Processing pages:  50%|█████     | 5/10 [00:00<00:00,  7.27it/s]Processing pages:  60%|██████    | 6/10 [00:00<00:00,  7.28it/s]Processing pages:  70%|███████   | 7/10 [00:00<00:00,  7.24it/s]Processing pages:  90%|█████████ | 9/10 [00:01<00:00,  9.51it/s]Processing pages: 100%|██████████| 10/10 [00:01<00:00,  8.71it/s]Processing pages: 100%|██████████| 10/10 [00:01<00:00,  8.12it/s]
OCR-rec Predict:   0%|          | 0/2 [00:00<?, ?it/s]INFO:     127.0.0.1:55908 - "GET /tasks/c1256424-f6f5-4fb6-ac61-bd777c9067e3 HTTP/1.1" 200 OK


External Layout Extraction:  54%|█████▍    | 7/13 [00:01<00:01,  5.33it/s][A[A
External Layout Extraction: 100%|██████████| 4/4 [00:02<00:00,  1.62it/s][AExternal Layout Extraction: 100%|██████████| 4/4 [00:02<00:00,  1.75it/s]
INFO:     127.0.0.1:55908 - "GET /tasks/d72e7e83-f41c-4540-8440-fed00cab7fcb HTTP/1.1" 200 OK

MFR Predict:   0%|          | 0/13 [00:00<?, ?it/s][AOCR-rec Predict: 100%|██████████| 2/2 [00:00<00:00, 18.35it/s]OCR-rec Predict: 100%|██████████| 2/2 [00:00<00:00, 18.31it/s]
INFO:     127.0.0.1:55908 - "GET /tasks/3c4bc4ea-807e-4758-a4e2-4538009f626d HTTP/1.1" 200 OK


External Layout Extraction:  92%|█████████▏| 12/13 [00:01<00:00,  7.05it/s][A[A
MFR Predict:  62%|██████▏   | 8/13 [00:00<00:00, 14.36it/s][A
MFR Predict: 100%|██████████| 13/13 [00:00<00:00, 12.84it/s][AMFR Predict: 100%|██████████| 13/13 [00:00<00:00, 13.09it/s]
OCR-det:   0%|          | 0/126 [00:00<?, ?it/s]

External Layout Extraction: 100%|██████████| 13/13 [00:02<00:00,  3.91it/s][A[AExternal Layout Extraction: 100%|██████████| 13/13 [00:02<00:00,  4.57it/s]

MFR Predict:   0%|          | 0/40 [00:00<?, ?it/s][AOCR-det:   1%|          | 1/126 [00:00<01:19,  1.57it/s]OCR-det:   3%|▎         | 4/126 [00:00<00:18,  6.71it/s]OCR-det:  10%|▉         | 12/126 [00:00<00:05, 21.27it/s]INFO:     127.0.0.1:55908 - "GET /tasks/c1256424-f6f5-4fb6-ac61-bd777c9067e3 HTTP/1.1" 200 OK
INFO:     127.0.0.1:55908 - "GET /tasks/d72e7e83-f41c-4540-8440-fed00cab7fcb HTTP/1.1" 200 OK
OCR-det:  19%|█▉        | 24/126 [00:00<00:02, 40.70it/s]INFO:     127.0.0.1:55908 - "GET /tasks/d72e7e83-f41c-4540-8440-fed00cab7fcb/result HTTP/1.1" 200 OK

MFR Predict:  80%|████████  | 32/40 [00:00<00:00, 60.86it/s][AOCR-det:  29%|██▉       | 37/126 [00:01<00:01, 59.91it/s]INFO:     127.0.0.1:55908 - "POST /tasks HTTP/1.1" 202 Accepted
INFO:     127.0.0.1:55908 - "GET /tasks/f4d5466b-d8bc-4257-a2ac-0a05de75a1b3 HTTP/1.1" 200 OK
2026-09-28 11:54:36.785 | INFO     | mineru.utils.engine_utils:get_vlm_engine:34 - Using vllm-async-engine as the inference engine for VLM.
OCR-det:  37%|███▋      | 47/126 [00:01<00:01, 50.58it/s]OCR-det:  44%|████▍     | 56/126 [00:01<00:01, 49.10it/s]OCR-det:  50%|█████     | 63/126 [00:01<00:01, 52.70it/s]OCR-det:  60%|█████▉    | 75/126 [00:01<00:00, 62.57it/s]OCR-det:  68%|██████▊   | 86/126 [00:01<00:00, 63.41it/s]OCR-det:  74%|███████▍  | 93/126 [00:02<00:00, 61.39it/s]2026-09-28 11:54:37.806 | INFO     | mineru.backend.hybrid.hybrid_analyze:aio_doc_analyze:1139 - Hybrid processing-window run. page_count=10, window_size=64, total_windows=1
2026-09-28 11:54:37.806 | INFO     | mineru.backend.hybrid.hybrid_analyze:get_batch_ratio:875 - hybrid batch ratio (auto, vram=40GB): 16
INFO:     127.0.0.1:55908 - "GET /tasks/3c4bc4ea-807e-4758-a4e2-4538009f626d HTTP/1.1" 200 OK

MFR Predict: 100%|██████████| 40/40 [00:01<00:00, 18.86it/s][AMFR Predict: 100%|██████████| 40/40 [00:01<00:00, 22.60it/s]

OCR-det:   0%|          | 0/159 [00:00<?, ?it/s][AOCR-det:  79%|███████▉  | 100/126 [00:02<00:00, 45.91it/s]OCR-det:  87%|████████▋ | 109/126 [00:02<00:00, 53.18it/s]OCR-det:  92%|█████████▏| 116/126 [00:02<00:00, 45.44it/s]OCR-det:  98%|█████████▊| 124/126 [00:02<00:00, 50.47it/s]OCR-det: 100%|██████████| 126/126 [00:02<00:00, 44.71it/s]
Processing pages:   0%|          | 0/10 [00:00<?, ?it/s]
OCR-det:   3%|▎         | 4/159 [00:00<00:23,  6.59it/s][AProcessing pages:  10%|█         | 1/10 [00:00<00:01,  4.76it/s]
OCR-det:   4%|▍         | 7/159 [00:00<00:15,  9.70it/s][A
OCR-det:  10%|█         | 16/159 [00:00<00:06, 21.58it/s][AProcessing pages:  20%|██        | 2/10 [00:00<00:02,  3.34it/s]
OCR-det:  14%|█▍        | 23/159 [00:01<00:05, 26.52it/s][AProcessing pages:  30%|███       | 3/10 [00:00<00:01,  4.04it/s]
OCR-det:  22%|██▏       | 35/159 [00:01<00:03, 38.18it/s][AProcessing pages:  40%|████      | 4/10 [00:00<00:01,  4.78it/s]
OCR-det:  31%|███▏      | 50/159 [00:01<00:02, 51.64it/s][AProcessing pages:  50%|█████     | 5/10 [00:01<00:00,  5.10it/s]
OCR-det:  39%|███▉      | 62/159 [00:01<00:01, 60.57it/s][A
OCR-det:  48%|████▊     | 76/159 [00:01<00:01, 72.72it/s][AProcessing pages:  70%|███████   | 7/10 [00:01<00:00,  6.03it/s]
OCR-det:  56%|█████▌    | 89/159 [00:01<00:00, 73.93it/s][AProcessing pages:  80%|████████  | 8/10 [00:01<00:00,  5.96it/s]
OCR-det:  63%|██████▎   | 100/159 [00:02<00:00, 67.04it/s][AProcessing pages:  90%|█████████ | 9/10 [00:01<00:00,  5.75it/s]
OCR-det:  70%|███████   | 112/159 [00:02<00:00, 66.41it/s][AProcessing pages: 100%|██████████| 10/10 [00:01<00:00,  5.55it/s]Processing pages: 100%|██████████| 10/10 [00:01<00:00,  5.23it/s]
2026-09-28 11:54:40.339 | INFO     | mineru.backend.hybrid.hybrid_analyze:aio_doc_analyze:1161 - Hybrid processing window 1/1: pages 1-10/10 (10 pages)
INFO:     127.0.0.1:55908 - "GET /tasks/c1256424-f6f5-4fb6-ac61-bd777c9067e3 HTTP/1.1" 200 OK
Layout Predict:   0%|          | 0/10 [00:00<?, ?it/s]INFO:     127.0.0.1:56604 - "GET /tasks/f4d5466b-d8bc-4257-a2ac-0a05de75a1b3 HTTP/1.1" 200 OK
INFO:     127.0.0.1:56616 - "GET /tasks/3c4bc4ea-807e-4758-a4e2-4538009f626d HTTP/1.1" 200 OK

OCR-det:  77%|███████▋  | 123/159 [00:02<00:00, 39.31it/s][A
OCR-det:  83%|████████▎ | 132/159 [00:03<00:00, 45.64it/s][ALayout Predict:  80%|████████  | 8/10 [00:00<00:00, 13.04it/s]
OCR-det:  91%|█████████ | 144/159 [00:03<00:00, 54.53it/s][ALayout Predict: 100%|██████████| 10/10 [00:00<00:00, 13.89it/s]Layout Predict: 100%|██████████| 10/10 [00:00<00:00, 13.67it/s]
Table orientation det:   0%|          | 0/4 [00:00<?, ?it/s]
OCR-det:  96%|█████████▌| 152/159 [00:03<00:00, 56.09it/s][AOCR-det: 100%|██████████| 159/159 [00:03<00:00, 47.58it/s]

Processing pages:   0%|          | 0/10 [00:00<?, ?it/s][ATable orientation det:  50%|█████     | 2/4 [00:00<00:00, 12.08it/s]
Processing pages:  10%|█         | 1/10 [00:00<00:01,  6.77it/s][ATable orientation det: 100%|██████████| 4/4 [00:00<00:00, 11.47it/s]Table orientation score: 100%|██████████| 4/4 [00:00<00:00, 11.47it/s]Table orientation score: 100%|██████████| 4/4 [00:00<00:00, 11.47it/s]Table orientation: 100%|██████████| 4/4 [00:00<00:00, 11.47it/s]      Table orientation: 100%|██████████| 4/4 [00:00<00:00, 11.47it/s]Table orientation: 100%|██████████| 4/4 [00:00<00:00, 11.53it/s]

Processing pages:  20%|██        | 2/10 [00:00<00:01,  6.59it/s][A
Processing pages:  30%|███       | 3/10 [00:00<00:01,  6.88it/s][A
Processing pages:  40%|████      | 4/10 [00:00<00:00,  7.73it/s][A
Processing pages:  50%|█████     | 5/10 [00:00<00:00,  5.56it/s][A
Processing pages:  60%|██████    | 6/10 [00:01<00:00,  5.09it/s][A
Processing pages:  70%|███████   | 7/10 [00:01<00:00,  6.05it/s][A
Processing pages:  80%|████████  | 8/10 [00:01<00:00,  6.57it/s][A
Processing pages:  90%|█████████ | 9/10 [00:01<00:00,  6.77it/s][AProcessing pages: 100%|██████████| 10/10 [00:01<00:00,  6.65it/s]
INFO:     127.0.0.1:56616 - "GET /tasks/3c4bc4ea-807e-4758-a4e2-4538009f626d HTTP/1.1" 200 OK
INFO:     127.0.0.1:56604 - "GET /tasks/f4d5466b-d8bc-4257-a2ac-0a05de75a1b3 HTTP/1.1" 200 OK
INFO:     127.0.0.1:55908 - "GET /tasks/c1256424-f6f5-4fb6-ac61-bd777c9067e3 HTTP/1.1" 200 OK
External Layout Extraction:   0%|          | 0/5 [00:00<?, ?it/s]INFO:     127.0.0.1:55908 - "GET /tasks/c1256424-f6f5-4fb6-ac61-bd777c9067e3/result HTTP/1.1" 200 OK
INFO:     127.0.0.1:55908 - "POST /tasks HTTP/1.1" 202 Accepted
INFO:     127.0.0.1:55908 - "GET /tasks/07d444ca-aa9a-4023-aecf-7cb9e5caba4b HTTP/1.1" 200 OK
2026-09-28 11:54:43.588 | INFO     | mineru.utils.engine_utils:get_vlm_engine:34 - Using vllm-async-engine as the inference engine for VLM.
2026-09-28 11:54:44.300 | INFO     | mineru.backend.hybrid.hybrid_analyze:aio_doc_analyze:1139 - Hybrid processing-window run. page_count=10, window_size=64, total_windows=1
2026-09-28 11:54:44.300 | INFO     | mineru.backend.hybrid.hybrid_analyze:get_batch_ratio:875 - hybrid batch ratio (auto, vram=40GB): 16
External Layout Extraction: 100%|██████████| 5/5 [00:01<00:00,  4.11it/s]External Layout Extraction: 100%|██████████| 5/5 [00:01<00:00,  4.11it/s]
MFR Predict:   0%|          | 0/2 [00:00<?, ?it/s]MFR Predict: 100%|██████████| 2/2 [00:00<00:00,  8.37it/s]MFR Predict: 100%|██████████| 2/2 [00:00<00:00,  8.36it/s]
OCR-det:   0%|          | 0/140 [00:00<?, ?it/s]INFO:     127.0.0.1:55908 - "GET /tasks/3c4bc4ea-807e-4758-a4e2-4538009f626d HTTP/1.1" 200 OK
INFO:     127.0.0.1:56604 - "GET /tasks/f4d5466b-d8bc-4257-a2ac-0a05de75a1b3 HTTP/1.1" 200 OK
INFO:     127.0.0.1:55908 - "GET /tasks/3c4bc4ea-807e-4758-a4e2-4538009f626d/result HTTP/1.1" 200 OK
INFO:     127.0.0.1:55908 - "POST /tasks HTTP/1.1" 202 Accepted
INFO:     127.0.0.1:55908 - "GET /tasks/061bacf8-fbd3-471a-84b0-8c2676e7b4a4 HTTP/1.1" 200 OK
2026-09-28 11:54:45.066 | INFO     | mineru.utils.engine_utils:get_vlm_engine:34 - Using vllm-async-engine as the inference engine for VLM.
OCR-det:   1%|          | 1/140 [00:00<02:04,  1.11it/s]OCR-det:   3%|▎         | 4/140 [00:01<00:28,  4.76it/s]2026-09-28 11:54:45.771 | INFO     | mineru.backend.hybrid.hybrid_analyze:aio_doc_analyze:1139 - Hybrid processing-window run. page_count=10, window_size=64, total_windows=1
2026-09-28 11:54:45.771 | INFO     | mineru.backend.hybrid.hybrid_analyze:get_batch_ratio:875 - hybrid batch ratio (auto, vram=40GB): 16
2026-09-28 11:54:45.773 | INFO     | mineru.backend.hybrid.hybrid_analyze:aio_doc_analyze:1161 - Hybrid processing window 1/1: pages 1-10/10 (10 pages)
INFO:     127.0.0.1:55908 - "GET /tasks/07d444ca-aa9a-4023-aecf-7cb9e5caba4b HTTP/1.1" 200 OK

Layout Predict:   0%|          | 0/10 [00:00<?, ?it/s][AOCR-det:   6%|▋         | 9/140 [00:01<00:11, 11.66it/s]OCR-det:  13%|█▎        | 18/140 [00:01<00:05, 24.04it/s]
Layout Predict:  80%|████████  | 8/10 [00:00<00:00, 27.36it/s][AOCR-det:  19%|█▉        | 27/140 [00:01<00:03, 34.27it/s]Layout Predict: 100%|██████████| 10/10 [00:00<00:00, 23.40it/s]

Table orientation det:   0%|          | 0/2 [00:00<?, ?it/s][AOCR-det:  25%|██▌       | 35/140 [00:01<00:02, 42.39it/s]
Table orientation score: 100%|██████████| 2/2 [00:00<00:00, 25.42it/s][A
Table orientation score: 100%|██████████| 2/2 [00:00<00:00, 25.38it/s][A
Table orientation: 100%|██████████| 2/2 [00:00<00:00, 25.35it/s]      [A
Table orientation: 100%|██████████| 2/2 [00:00<00:00, 25.33it/s][ATable orientation: 100%|██████████| 2/2 [00:00<00:00, 25.29it/s]

External Layout Extraction:   0%|          | 0/11 [00:00<?, ?it/s][AOCR-det:  39%|███▊      | 54/140 [00:01<00:01, 70.50it/s]OCR-det:  47%|████▋     | 66/140 [00:01<00:01, 72.08it/s]
External Layout Extraction:   9%|▉         | 1/11 [00:00<00:03,  2.79it/s][AOCR-det:  57%|█████▋    | 80/140 [00:02<00:00, 66.00it/s]
External Layout Extraction:  55%|█████▍    | 6/11 [00:00<00:00, 15.63it/s][AINFO:     127.0.0.1:55908 - "GET /tasks/f4d5466b-d8bc-4257-a2ac-0a05de75a1b3 HTTP/1.1" 200 OK
2026-09-28 11:54:46.948 | INFO     | mineru.backend.hybrid.hybrid_analyze:aio_doc_analyze:1161 - Hybrid processing window 1/1: pages 1-10/10 (10 pages)


Layout Predict:   0%|          | 0/10 [00:00<?, ?it/s][A[AINFO:     127.0.0.1:55908 - "GET /tasks/061bacf8-fbd3-471a-84b0-8c2676e7b4a4 HTTP/1.1" 200 OK
OCR-det:  66%|██████▌   | 92/140 [00:02<00:00, 53.77it/s]
External Layout Extraction:  82%|████████▏ | 9/11 [00:00<00:00,  9.30it/s][A

Layout Predict:  80%|████████  | 8/10 [00:00<00:00, 25.35it/s][A[AOCR-det:  74%|███████▎  | 103/140 [00:02<00:00, 53.04it/s]OCR-det:  80%|████████  | 112/140 [00:02<00:00, 56.88it/s]Layout Predict: 100%|██████████| 10/10 [00:00<00:00, 21.51it/s]


Table orientation det:   0%|          | 0/6 [00:00<?, ?it/s][A[A

Table orientation det:  33%|███▎      | 2/6 [00:00<00:00, 18.16it/s][A[AOCR-det:  86%|████████▋ | 121/140 [00:02<00:00, 60.25it/s]
External Layout Extraction: 100%|██████████| 11/11 [00:01<00:00,  8.31it/s][AExternal Layout Extraction: 100%|██████████| 11/11 [00:01<00:00,  8.65it/s]

MFR Predict:   0%|          | 0/58 [00:00<?, ?it/s][A

Table orientation det:  83%|████████▎ | 5/6 [00:00<00:00, 21.52it/s][A[A

Table orientation score: 100%|██████████| 6/6 [00:00<00:00, 21.52it/s][A[A

Table orientation score: 100%|██████████| 6/6 [00:00<00:00, 21.52it/s][A[A

Table orientation: 100%|██████████| 6/6 [00:00<00:00, 21.52it/s]      [A[A

Table orientation: 100%|██████████| 6/6 [00:00<00:00, 21.52it/s][A[ATable orientation: 100%|██████████| 6/6 [00:00<00:00, 17.69it/s]


External Layout Extraction:   0%|          | 0/6 [00:00<?, ?it/s][A[AINFO:     127.0.0.1:55908 - "GET /tasks/07d444ca-aa9a-4023-aecf-7cb9e5caba4b HTTP/1.1" 200 OK
OCR-det:  94%|█████████▎| 131/140 [00:03<00:00, 47.66it/s]
MFR Predict:  55%|█████▌    | 32/58 [00:00<00:00, 93.87it/s][AOCR-det: 100%|██████████| 140/140 [00:03<00:00, 52.41it/s]OCR-det: 100%|██████████| 140/140 [00:03<00:00, 42.43it/s]
Processing pages:   0%|          | 0/10 [00:00<?, ?it/s]Processing pages:  10%|█         | 1/10 [00:00<00:01,  6.93it/s]Processing pages:  20%|██        | 2/10 [00:00<00:01,  5.79it/s]Processing pages:  30%|███       | 3/10 [00:00<00:01,  5.81it/s]Processing pages:  40%|████      | 4/10 [00:00<00:00,  6.13it/s]Processing pages:  50%|█████     | 5/10 [00:00<00:00,  6.06it/s]Processing pages:  60%|██████    | 6/10 [00:00<00:00,  5.95it/s]Processing pages:  70%|███████   | 7/10 [00:01<00:00,  5.65it/s]Processing pages:  80%|████████  | 8/10 [00:01<00:00,  5.88it/s]Processing pages:  90%|█████████ | 9/10 [00:01<00:00,  6.23it/s]
MFR Predict: 100%|██████████| 58/58 [00:02<00:00, 25.33it/s][AMFR Predict: 100%|██████████| 58/58 [00:02<00:00, 28.81it/s]
Processing pages: 100%|██████████| 10/10 [00:01<00:00,  5.81it/s]Processing pages: 100%|██████████| 10/10 [00:01<00:00,  5.92it/s]
INFO:     127.0.0.1:55908 - "GET /tasks/f4d5466b-d8bc-4257-a2ac-0a05de75a1b3 HTTP/1.1" 200 OK
INFO:     127.0.0.1:56604 - "GET /tasks/061bacf8-fbd3-471a-84b0-8c2676e7b4a4 HTTP/1.1" 200 OK


External Layout Extraction: 100%|██████████| 6/6 [00:02<00:00,  2.51it/s][A[AExternal Layout Extraction: 100%|██████████| 6/6 [00:02<00:00,  2.51it/s]
INFO:     127.0.0.1:55908 - "GET /tasks/07d444ca-aa9a-4023-aecf-7cb9e5caba4b HTTP/1.1" 200 OK
OCR-det:   0%|          | 0/140 [00:00<?, ?it/s]
OCR-det:   0%|          | 0/134 [00:00<?, ?it/s][A
OCR-det:   1%|          | 1/134 [00:00<01:14,  1.79it/s][AOCR-det:   4%|▎         | 5/140 [00:00<00:16,  8.03it/s]
OCR-det:   3%|▎         | 4/134 [00:00<00:18,  6.96it/s][AOCR-det:   7%|▋         | 10/140 [00:00<00:08, 15.55it/s]
OCR-det:  13%|█▎        | 17/134 [00:00<00:03, 32.77it/s][AOCR-det:  11%|█▏        | 16/140 [00:00<00:05, 24.71it/s]
OCR-det:  26%|██▌       | 35/134 [00:00<00:01, 64.29it/s][AOCR-det:  26%|██▌       | 36/140 [00:00<00:01, 59.27it/s]OCR-det:  36%|███▋      | 51/140 [00:01<00:01, 78.78it/s]
OCR-det:  35%|███▌      | 47/134 [00:01<00:01, 68.93it/s][A
OCR-det:  43%|████▎     | 57/134 [00:01<00:01, 67.98it/s][AOCR-det:  47%|████▋     | 66/140 [00:01<00:00, 77.43it/s]
OCR-det:  50%|█████     | 67/134 [00:01<00:01, 63.63it/s][AOCR-det:  61%|██████▏   | 86/140 [00:01<00:00, 82.78it/s]INFO:     127.0.0.1:55908 - "GET /tasks/f4d5466b-d8bc-4257-a2ac-0a05de75a1b3 HTTP/1.1" 200 OK
INFO:     127.0.0.1:56604 - "GET /tasks/061bacf8-fbd3-471a-84b0-8c2676e7b4a4 HTTP/1.1" 200 OK

OCR-det:  57%|█████▋    | 76/134 [00:01<00:00, 62.58it/s][AINFO:     127.0.0.1:55908 - "GET /tasks/f4d5466b-d8bc-4257-a2ac-0a05de75a1b3/result HTTP/1.1" 200 OK
OCR-det:  70%|███████   | 98/140 [00:01<00:00, 89.13it/s]
OCR-det:  62%|██████▏   | 83/134 [00:01<00:00, 61.80it/s][AINFO:     127.0.0.1:55908 - "POST /tasks HTTP/1.1" 202 Accepted
INFO:     127.0.0.1:55908 - "GET /tasks/76028342-60b5-4141-9090-62173ae3382c HTTP/1.1" 200 OK
2026-09-28 11:54:52.039 | INFO     | mineru.utils.engine_utils:get_vlm_engine:34 - Using vllm-async-engine as the inference engine for VLM.
OCR-det:  77%|███████▋  | 108/140 [00:01<00:00, 72.15it/s]OCR-det:  85%|████████▌ | 119/140 [00:02<00:00, 67.74it/s]
OCR-det:  67%|██████▋   | 90/134 [00:02<00:01, 41.53it/s][A
OCR-det:  73%|███████▎  | 98/134 [00:02<00:00, 47.61it/s][AOCR-det:  91%|█████████ | 127/140 [00:02<00:00, 57.88it/s]
OCR-det:  81%|████████  | 108/134 [00:02<00:00, 54.66it/s][AOCR-det:  96%|█████████▋| 135/140 [00:02<00:00, 57.34it/s]
OCR-det: 100%|██████████| 134/134 [00:02<00:00, 83.90it/s][AOCR-det: 100%|██████████| 134/134 [00:02<00:00, 55.31it/s]
OCR-det: 100%|██████████| 140/140 [00:02<00:00, 55.31it/s]
2026-09-28 11:54:52.972 | INFO     | mineru.backend.hybrid.hybrid_analyze:aio_doc_analyze:1139 - Hybrid processing-window run. page_count=10, window_size=64, total_windows=1
2026-09-28 11:54:52.973 | INFO     | mineru.backend.hybrid.hybrid_analyze:get_batch_ratio:875 - hybrid batch ratio (auto, vram=40GB): 16
Processing pages:   0%|          | 0/10 [00:00<?, ?it/s]INFO:     127.0.0.1:55908 - "GET /tasks/07d444ca-aa9a-4023-aecf-7cb9e5caba4b HTTP/1.1" 200 OK
Processing pages:  10%|█         | 1/10 [00:00<00:01,  7.19it/s]Processing pages:  20%|██        | 2/10 [00:00<00:01,  6.81it/s]Processing pages:  30%|███       | 3/10 [00:00<00:00,  7.41it/s]Processing pages:  40%|████      | 4/10 [00:00<00:00,  8.14it/s]Processing pages:  50%|█████     | 5/10 [00:00<00:00,  6.79it/s]Processing pages:  60%|██████    | 6/10 [00:00<00:00,  5.13it/s]Processing pages:  70%|███████   | 7/10 [00:01<00:00,  5.52it/s]Processing pages:  80%|████████  | 8/10 [00:01<00:00,  5.93it/s]Processing pages:  90%|█████████ | 9/10 [00:01<00:00,  6.19it/s]Processing pages: 100%|██████████| 10/10 [00:01<00:00,  6.26it/s]Processing pages: 100%|██████████| 10/10 [00:01<00:00,  6.29it/s]
Processing pages:   0%|          | 0/10 [00:00<?, ?it/s]Processing pages:  10%|█         | 1/10 [00:00<00:01,  6.63it/s]Processing pages:  20%|██        | 2/10 [00:00<00:01,  6.45it/s]Processing pages:  30%|███       | 3/10 [00:00<00:01,  3.60it/s]Processing pages:  40%|████      | 4/10 [00:00<00:01,  4.44it/s]Processing pages:  50%|█████     | 5/10 [00:01<00:01,  4.65it/s]Processing pages:  60%|██████    | 6/10 [00:01<00:00,  4.85it/s]Processing pages:  70%|███████   | 7/10 [00:01<00:00,  5.46it/s]Processing pages:  80%|████████  | 8/10 [00:01<00:00,  6.01it/s]Processing pages:  90%|█████████ | 9/10 [00:01<00:00,  6.24it/s]Processing pages: 100%|██████████| 10/10 [00:01<00:00,  6.46it/s]Processing pages: 100%|██████████| 10/10 [00:01<00:00,  5.50it/s]
OCR-rec Predict:   0%|          | 0/1 [00:00<?, ?it/s]2026-09-28 11:54:56.393 | INFO     | mineru.backend.hybrid.hybrid_analyze:aio_doc_analyze:1161 - Hybrid processing window 1/1: pages 1-10/10 (10 pages)

Layout Predict:   0%|          | 0/10 [00:00<?, ?it/s][AINFO:     127.0.0.1:55908 - "GET /tasks/061bacf8-fbd3-471a-84b0-8c2676e7b4a4 HTTP/1.1" 200 OK
INFO:     127.0.0.1:56604 - "GET /tasks/76028342-60b5-4141-9090-62173ae3382c HTTP/1.1" 200 OK
INFO:     127.0.0.1:43238 - "GET /tasks/07d444ca-aa9a-4023-aecf-7cb9e5caba4b HTTP/1.1" 200 OK
OCR-rec Predict: 100%|██████████| 1/1 [00:00<00:00,  2.30it/s]OCR-rec Predict: 100%|██████████| 1/1 [00:00<00:00,  2.30it/s]

Layout Predict:  80%|████████  | 8/10 [00:00<00:00,  8.44it/s][ALayout Predict: 100%|██████████| 10/10 [00:01<00:00,  9.57it/s]
Table orientation det:   0%|          | 0/6 [00:00<?, ?it/s]Table orientation det:  33%|███▎      | 2/6 [00:00<00:00, 13.88it/s]Table orientation det:  67%|██████▋   | 4/6 [00:00<00:00, 12.50it/s]Table orientation det: 100%|██████████| 6/6 [00:00<00:00, 12.30it/s]Table orientation score: 100%|██████████| 6/6 [00:00<00:00, 12.30it/s]Table orientation score: 100%|██████████| 6/6 [00:00<00:00, 12.30it/s]Table orientation: 100%|██████████| 6/6 [00:00<00:00, 12.30it/s]      Table orientation: 100%|██████████| 6/6 [00:00<00:00, 12.30it/s]Table orientation: 100%|██████████| 6/6 [00:00<00:00, 12.45it/s]
External Layout Extraction:   0%|          | 0/6 [00:00<?, ?it/s]INFO:     127.0.0.1:55908 - "GET /tasks/061bacf8-fbd3-471a-84b0-8c2676e7b4a4 HTTP/1.1" 200 OK
INFO:     127.0.0.1:56604 - "GET /tasks/76028342-60b5-4141-9090-62173ae3382c HTTP/1.1" 200 OK
External Layout Extraction:  17%|█▋        | 1/6 [00:00<00:02,  1.92it/s]INFO:     127.0.0.1:55908 - "GET /tasks/061bacf8-fbd3-471a-84b0-8c2676e7b4a4/result HTTP/1.1" 200 OK
INFO:     127.0.0.1:55908 - "POST /tasks HTTP/1.1" 202 Accepted
INFO:     127.0.0.1:55908 - "GET /tasks/9665f89e-1aa7-4e81-bc3f-c6f9cfdac0c9 HTTP/1.1" 200 OK
2026-09-28 11:54:58.706 | INFO     | mineru.utils.engine_utils:get_vlm_engine:34 - Using vllm-async-engine as the inference engine for VLM.
2026-09-28 11:54:59.309 | INFO     | mineru.backend.hybrid.hybrid_analyze:aio_doc_analyze:1139 - Hybrid processing-window run. page_count=10, window_size=64, total_windows=1
2026-09-28 11:54:59.310 | INFO     | mineru.backend.hybrid.hybrid_analyze:get_batch_ratio:875 - hybrid batch ratio (auto, vram=40GB): 16
INFO:     127.0.0.1:55908 - "GET /tasks/07d444ca-aa9a-4023-aecf-7cb9e5caba4b HTTP/1.1" 200 OK
External Layout Extraction:  50%|█████     | 3/6 [00:01<00:01,  2.17it/s]INFO:     127.0.0.1:55908 - "GET /tasks/07d444ca-aa9a-4023-aecf-7cb9e5caba4b/result HTTP/1.1" 200 OK
INFO:     127.0.0.1:55908 - "POST /tasks HTTP/1.1" 202 Accepted
INFO:     127.0.0.1:55908 - "GET /tasks/2def8720-dd7d-4f7b-964e-cb0505e6b644 HTTP/1.1" 200 OK
2026-09-28 11:54:59.759 | INFO     | mineru.utils.engine_utils:get_vlm_engine:34 - Using vllm-async-engine as the inference engine for VLM.
2026-09-28 11:55:00.587 | INFO     | mineru.backend.hybrid.hybrid_analyze:aio_doc_analyze:1139 - Hybrid processing-window run. page_count=10, window_size=64, total_windows=1
2026-09-28 11:55:00.588 | INFO     | mineru.backend.hybrid.hybrid_analyze:get_batch_ratio:875 - hybrid batch ratio (auto, vram=40GB): 16
2026-09-28 11:55:00.596 | INFO     | mineru.backend.hybrid.hybrid_analyze:aio_doc_analyze:1161 - Hybrid processing window 1/1: pages 1-10/10 (10 pages)
INFO:     127.0.0.1:55908 - "GET /tasks/76028342-60b5-4141-9090-62173ae3382c HTTP/1.1" 200 OK

Layout Predict:   0%|          | 0/10 [00:00<?, ?it/s][AExternal Layout Extraction: 100%|██████████| 6/6 [00:02<00:00,  2.28it/s]External Layout Extraction: 100%|██████████| 6/6 [00:02<00:00,  2.24it/s]
MFR Predict:   0%|          | 0/12 [00:00<?, ?it/s]INFO:     127.0.0.1:55908 - "GET /tasks/9665f89e-1aa7-4e81-bc3f-c6f9cfdac0c9 HTTP/1.1" 200 OK

Layout Predict:  80%|████████  | 8/10 [00:00<00:00, 27.39it/s][ALayout Predict: 100%|██████████| 10/10 [00:00<00:00, 24.21it/s]

Table orientation det:   0%|          | 0/4 [00:00<?, ?it/s][A
Table orientation det:  50%|█████     | 2/4 [00:00<00:00, 19.43it/s][AMFR Predict:  67%|██████▋   | 8/12 [00:00<00:00, 12.37it/s]
Table orientation det: 100%|██████████| 4/4 [00:00<00:00, 12.07it/s][A
Table orientation score: 100%|██████████| 4/4 [00:00<00:00, 12.07it/s][A
Table orientation score: 100%|██████████| 4/4 [00:00<00:00, 12.07it/s][A
Table orientation: 100%|██████████| 4/4 [00:00<00:00, 12.07it/s]      [A
Table orientation: 100%|██████████| 4/4 [00:00<00:00, 12.07it/s][ATable orientation: 100%|██████████| 4/4 [00:00<00:00, 12.72it/s]

External Layout Extraction:   0%|          | 0/30 [00:00<?, ?it/s][A2026-09-28 11:55:01.555 | INFO     | mineru.backend.hybrid.hybrid_analyze:aio_doc_analyze:1161 - Hybrid processing window 1/1: pages 1-10/10 (10 pages)


Layout Predict:   0%|          | 0/10 [00:00<?, ?it/s][A[A
External Layout Extraction:  10%|█         | 3/30 [00:00<00:02, 10.82it/s][AINFO:     127.0.0.1:55908 - "GET /tasks/2def8720-dd7d-4f7b-964e-cb0505e6b644 HTTP/1.1" 200 OK

External Layout Extraction:  30%|███       | 9/30 [00:00<00:00, 27.23it/s][AMFR Predict: 100%|██████████| 12/12 [00:01<00:00, 10.44it/s]MFR Predict: 100%|██████████| 12/12 [00:01<00:00, 10.77it/s]
OCR-det:   0%|          | 0/137 [00:00<?, ?it/s]
External Layout Extraction:  47%|████▋     | 14/30 [00:00<00:00, 29.95it/s][A

Layout Predict:  80%|████████  | 8/10 [00:00<00:00, 23.00it/s][A[A
External Layout Extraction:  67%|██████▋   | 20/30 [00:00<00:00, 38.10it/s][ALayout Predict: 100%|██████████| 10/10 [00:00<00:00, 21.89it/s]


Table orientation det:   0%|          | 0/3 [00:00<?, ?it/s][A[A
External Layout Extraction:  90%|█████████ | 27/30 [00:00<00:00, 42.88it/s][A

Table orientation det:  67%|██████▋   | 2/3 [00:00<00:00, 13.14it/s][A[A

Table orientation score: 100%|██████████| 3/3 [00:00<00:00, 13.14it/s][A[A

Table orientation score: 100%|██████████| 3/3 [00:00<00:00, 13.14it/s][A[A

Table orientation: 100%|██████████| 3/3 [00:00<00:00, 13.14it/s]      [A[A

Table orientation: 100%|██████████| 3/3 [00:00<00:00, 13.14it/s][A[ATable orientation: 100%|██████████| 3/3 [00:00<00:00, 13.72it/s]


External Layout Extraction:   0%|          | 0/25 [00:00<?, ?it/s][A[A

External Layout Extraction:  28%|██▊       | 7/25 [00:00<00:00, 25.92it/s][A[AOCR-det:   1%|▏         | 2/137 [00:00<00:45,  2.94it/s]INFO:     127.0.0.1:55908 - "GET /tasks/76028342-60b5-4141-9090-62173ae3382c HTTP/1.1" 200 OK


External Layout Extraction:  60%|██████    | 15/25 [00:00<00:00, 42.76it/s][A[AOCR-det:   6%|▌         | 8/137 [00:00<00:10, 12.36it/s]INFO:     127.0.0.1:55908 - "GET /tasks/9665f89e-1aa7-4e81-bc3f-c6f9cfdac0c9 HTTP/1.1" 200 OK


External Layout Extraction:  84%|████████▍ | 21/25 [00:00<00:00, 46.99it/s][A[AOCR-det:  12%|█▏        | 16/137 [00:00<00:04, 24.49it/s]OCR-det:  15%|█▌        | 21/137 [00:01<00:04, 23.88it/s]OCR-det:  39%|███▉      | 54/137 [00:01<00:01, 68.28it/s]OCR-det:  46%|████▌     | 63/137 [00:01<00:01, 71.07it/s]OCR-det:  61%|██████▏   | 84/137 [00:01<00:00, 88.02it/s]OCR-det:  70%|███████   | 96/137 [00:01<00:00, 75.70it/s]INFO:     127.0.0.1:55908 - "GET /tasks/2def8720-dd7d-4f7b-964e-cb0505e6b644 HTTP/1.1" 200 OK
OCR-det:  77%|███████▋  | 105/137 [00:02<00:00, 61.19it/s]OCR-det:  82%|████████▏ | 112/137 [00:02<00:00, 54.01it/s]OCR-det:  86%|████████▌ | 118/137 [00:02<00:00, 52.34it/s]External Layout Extraction: 100%|██████████| 30/30 [00:02<00:00, 10.17it/s]

MFR Predict:   0%|          | 0/92 [00:00<?, ?it/s][AOCR-det:  91%|█████████ | 125/137 [00:02<00:00, 55.08it/s]OCR-det:  96%|█████████▋| 132/137 [00:02<00:00, 44.81it/s]INFO:     127.0.0.1:55908 - "GET /tasks/76028342-60b5-4141-9090-62173ae3382c HTTP/1.1" 200 OK
INFO:     127.0.0.1:55908 - "GET /tasks/9665f89e-1aa7-4e81-bc3f-c6f9cfdac0c9 HTTP/1.1" 200 OK
OCR-det: 100%|██████████| 137/137 [00:02<00:00, 44.05it/s]OCR-det: 100%|██████████| 137/137 [00:02<00:00, 47.49it/s]
Processing pages:   0%|          | 0/10 [00:00<?, ?it/s]Processing pages:  10%|█         | 1/10 [00:00<00:01,  5.62it/s]Processing pages:  20%|██        | 2/10 [00:00<00:01,  5.68it/s]
MFR Predict:  70%|██████▉   | 64/92 [00:00<00:00, 75.01it/s][AProcessing pages:  30%|███       | 3/10 [00:00<00:01,  5.78it/s]Processing pages:  40%|████      | 4/10 [00:00<00:00,  6.29it/s]Processing pages:  50%|█████     | 5/10 [00:00<00:00,  6.36it/s]Processing pages:  60%|██████    | 6/10 [00:00<00:00,  6.12it/s]Processing pages:  70%|███████   | 7/10 [00:01<00:00,  5.90it/s]Processing pages:  80%|████████  | 8/10 [00:01<00:00,  5.78it/s]Processing pages:  90%|█████████ | 9/10 [00:01<00:00,  5.73it/s]Processing pages: 100%|██████████| 10/10 [00:01<00:00,  5.59it/s]Processing pages: 100%|██████████| 10/10 [00:01<00:00,  5.82it/s]
INFO:     127.0.0.1:55908 - "GET /tasks/2def8720-dd7d-4f7b-964e-cb0505e6b644 HTTP/1.1" 200 OK
External Layout Extraction: 100%|██████████| 25/25 [00:04<00:00,  5.31it/s]
INFO:     127.0.0.1:55908 - "GET /tasks/76028342-60b5-4141-9090-62173ae3382c HTTP/1.1" 200 OK
INFO:     127.0.0.1:58030 - "GET /tasks/9665f89e-1aa7-4e81-bc3f-c6f9cfdac0c9 HTTP/1.1" 200 OK
MFR Predict:   0%|          | 0/103 [00:00<?, ?it/s]INFO:     127.0.0.1:55908 - "GET /tasks/76028342-60b5-4141-9090-62173ae3382c/result HTTP/1.1" 200 OK
INFO:     127.0.0.1:55908 - "POST /tasks HTTP/1.1" 202 Accepted
INFO:     127.0.0.1:55908 - "GET /tasks/449dcbcb-ef46-4c8c-9a66-84a126de6708 HTTP/1.1" 200 OK
2026-09-28 11:55:07.302 | INFO     | mineru.utils.engine_utils:get_vlm_engine:34 - Using vllm-async-engine as the inference engine for VLM.

MFR Predict: 100%|██████████| 92/92 [00:03<00:00, 25.35it/s][AMFR Predict: 100%|██████████| 92/92 [00:03<00:00, 29.41it/s]

OCR-det:   0%|          | 0/157 [00:00<?, ?it/s][AMFR Predict:  62%|██████▏   | 64/103 [00:00<00:00, 112.58it/s]2026-09-28 11:55:08.136 | INFO     | mineru.backend.hybrid.hybrid_analyze:aio_doc_analyze:1139 - Hybrid processing-window run. page_count=10, window_size=64, total_windows=1
2026-09-28 11:55:08.136 | INFO     | mineru.backend.hybrid.hybrid_analyze:get_batch_ratio:875 - hybrid batch ratio (auto, vram=40GB): 16

OCR-det:   1%|          | 1/157 [00:00<01:57,  1.32it/s][A
OCR-det:   5%|▌         | 8/157 [00:00<00:12, 11.70it/s][AMFR Predict: 100%|██████████| 103/103 [00:01<00:00, 67.59it/s]MFR Predict: 100%|██████████| 103/103 [00:01<00:00, 73.02it/s]
OCR-det:   0%|          | 0/138 [00:00<?, ?it/s]
OCR-det:  11%|█▏        | 18/157 [00:00<00:05, 27.23it/s][AINFO:     127.0.0.1:55908 - "GET /tasks/2def8720-dd7d-4f7b-964e-cb0505e6b644 HTTP/1.1" 200 OK

OCR-det:  21%|██        | 33/157 [00:01<00:02, 50.80it/s][A
OCR-det:  31%|███       | 49/157 [00:01<00:01, 59.28it/s][AINFO:     127.0.0.1:55908 - "GET /tasks/9665f89e-1aa7-4e81-bc3f-c6f9cfdac0c9 HTTP/1.1" 200 OK
2026-09-28 11:55:09.079 | INFO     | mineru.backend.hybrid.hybrid_analyze:aio_doc_analyze:1161 - Hybrid processing window 1/1: pages 1-10/10 (10 pages)


Layout Predict:   0%|          | 0/10 [00:00<?, ?it/s][A[A
OCR-det:  38%|███▊      | 59/157 [00:01<00:01, 53.01it/s][AINFO:     127.0.0.1:55908 - "GET /tasks/449dcbcb-ef46-4c8c-9a66-84a126de6708 HTTP/1.1" 200 OK
OCR-det:   1%|          | 1/138 [00:00<01:49,  1.25it/s]
OCR-det:  44%|████▍     | 69/157 [00:01<00:01, 50.47it/s][A

Layout Predict:  80%|████████  | 8/10 [00:00<00:00, 27.78it/s][A[AOCR-det:   4%|▎         | 5/138 [00:00<00:19,  6.84it/s]
OCR-det:  49%|████▉     | 77/157 [00:01<00:01, 55.52it/s][ALayout Predict: 100%|██████████| 10/10 [00:00<00:00, 22.43it/s]


Table orientation det:   0%|          | 0/5 [00:00<?, ?it/s][A[A
OCR-det:  55%|█████▍    | 86/157 [00:02<00:01, 58.36it/s][A

Table orientation det:  40%|████      | 2/5 [00:00<00:00, 19.20it/s][A[AOCR-det:  24%|██▍       | 33/138 [00:01<00:02, 44.38it/s]OCR-det:  30%|██▉       | 41/138 [00:01<00:01, 50.15it/s]

Table orientation det:  80%|████████  | 4/5 [00:00<00:00, 16.98it/s][A[A

Table orientation score: 100%|██████████| 5/5 [00:00<00:00, 16.98it/s][A[A

Table orientation score: 100%|██████████| 5/5 [00:00<00:00, 16.98it/s][A[A

Table orientation: 100%|██████████| 5/5 [00:00<00:00, 16.98it/s]      [A[A

Table orientation: 100%|██████████| 5/5 [00:00<00:00, 16.98it/s][A[ATable orientation: 100%|██████████| 5/5 [00:00<00:00, 18.41it/s]


External Layout Extraction:   0%|          | 0/25 [00:00<?, ?it/s][A[A
OCR-det:  60%|█████▉    | 94/157 [00:02<00:01, 47.44it/s][AOCR-det:  41%|████▏     | 57/138 [00:01<00:01, 69.06it/s]
OCR-det:  67%|██████▋   | 105/157 [00:02<00:00, 55.73it/s][AOCR-det:  51%|█████▏    | 71/138 [00:01<00:00, 77.99it/s]
OCR-det:  73%|███████▎  | 115/157 [00:02<00:00, 63.55it/s][A

External Layout Extraction:  20%|██        | 5/25 [00:00<00:01, 18.71it/s][A[AOCR-det:  60%|██████    | 83/138 [00:01<00:00, 80.88it/s]
OCR-det:  78%|███████▊  | 123/157 [00:02<00:00, 63.40it/s][A

External Layout Extraction:  56%|█████▌    | 14/25 [00:00<00:00, 35.65it/s][A[AOCR-det:  68%|██████▊   | 94/138 [00:01<00:00, 83.09it/s]
OCR-det:  83%|████████▎ | 131/157 [00:02<00:00, 62.97it/s][A

External Layout Extraction:  76%|███████▌  | 19/25 [00:00<00:00, 39.37it/s][A[AOCR-det:  76%|███████▌  | 105/138 [00:01<00:00, 84.35it/s]OCR-det:  83%|████████▎ | 115/138 [00:02<00:00, 82.14it/s]
OCR-det:  88%|████████▊ | 138/157 [00:02<00:00, 50.71it/s][AINFO:     127.0.0.1:55908 - "GET /tasks/2def8720-dd7d-4f7b-964e-cb0505e6b644 HTTP/1.1" 200 OK

OCR-det:  99%|█████████▊| 155/157 [00:03<00:00, 70.45it/s][AOCR-det:  92%|█████████▏| 127/138 [00:02<00:00, 77.16it/s]OCR-det: 100%|██████████| 157/157 [00:03<00:00, 49.77it/s]

Processing pages:   0%|          | 0/10 [00:00<?, ?it/s][A
Processing pages:  10%|█         | 1/10 [00:00<00:01,  5.63it/s][AOCR-det:  99%|█████████▊| 136/138 [00:02<00:00, 53.22it/s]
Processing pages:  20%|██        | 2/10 [00:00<00:01,  5.47it/s][AOCR-det: 100%|██████████| 138/138 [00:02<00:00, 52.11it/s]

Processing pages:  30%|███       | 3/10 [00:00<00:01,  5.46it/s][A
Processing pages:  40%|████      | 4/10 [00:00<00:00,  6.10it/s][A
Processing pages:  50%|█████     | 5/10 [00:00<00:00,  6.30it/s][A
Processing pages:  60%|██████    | 6/10 [00:00<00:00,  6.37it/s][A
Processing pages:  70%|███████   | 7/10 [00:01<00:00,  6.72it/s][A
Processing pages:  80%|████████  | 8/10 [00:01<00:00,  6.70it/s][A
Processing pages:  90%|█████████ | 9/10 [00:01<00:00,  6.61it/s][A
Processing pages: 100%|██████████| 10/10 [00:01<00:00,  6.64it/s][AProcessing pages: 100%|██████████| 10/10 [00:01<00:00,  6.36it/s]
INFO:     127.0.0.1:58030 - "GET /tasks/449dcbcb-ef46-4c8c-9a66-84a126de6708 HTTP/1.1" 200 OK
INFO:     127.0.0.1:55908 - "GET /tasks/9665f89e-1aa7-4e81-bc3f-c6f9cfdac0c9 HTTP/1.1" 200 OK
Processing pages:   0%|          | 0/10 [00:00<?, ?it/s]Processing pages:  10%|█         | 1/10 [00:00<00:03,  2.38it/s]Processing pages:  20%|██        | 2/10 [00:00<00:02,  3.86it/s]Processing pages:  30%|███       | 3/10 [00:00<00:01,  4.75it/s]Processing pages:  40%|████      | 4/10 [00:00<00:01,  5.30it/s]Processing pages:  50%|█████     | 5/10 [00:01<00:00,  5.67it/s]Processing pages:  60%|██████    | 6/10 [00:01<00:00,  6.03it/s]Processing pages:  70%|███████   | 7/10 [00:01<00:00,  6.28it/s]Processing pages:  80%|████████  | 8/10 [00:01<00:00,  6.47it/s]Processing pages:  90%|█████████ | 9/10 [00:01<00:00,  6.62it/s]Processing pages: 100%|██████████| 10/10 [00:01<00:00,  6.58it/s]Processing pages: 100%|██████████| 10/10 [00:01<00:00,  5.68it/s]
OCR-rec Predict:   0%|          | 0/1 [00:00<?, ?it/s]

External Layout Extraction: 100%|██████████| 25/25 [00:04<00:00,  3.53it/s][A[AExternal Layout Extraction: 100%|██████████| 25/25 [00:04<00:00,  5.30it/s]
INFO:     127.0.0.1:58030 - "GET /tasks/449dcbcb-ef46-4c8c-9a66-84a126de6708 HTTP/1.1" 200 OK
INFO:     127.0.0.1:55908 - "GET /tasks/2def8720-dd7d-4f7b-964e-cb0505e6b644 HTTP/1.1" 200 OK
INFO:     127.0.0.1:50448 - "GET /tasks/9665f89e-1aa7-4e81-bc3f-c6f9cfdac0c9 HTTP/1.1" 200 OK
OCR-rec Predict: 100%|██████████| 1/1 [00:00<00:00,  2.31it/s]OCR-rec Predict: 100%|██████████| 1/1 [00:00<00:00,  2.31it/s]
MFR Predict:   0%|          | 0/44 [00:00<?, ?it/s]INFO:     127.0.0.1:55908 - "GET /tasks/9665f89e-1aa7-4e81-bc3f-c6f9cfdac0c9/result HTTP/1.1" 200 OK
INFO:     127.0.0.1:55908 - "POST /tasks HTTP/1.1" 202 Accepted
2026-09-28 11:55:15.206 | INFO     | mineru.utils.engine_utils:get_vlm_engine:34 - Using vllm-async-engine as the inference engine for VLM.
INFO:     127.0.0.1:55908 - "GET /tasks/30d44656-849a-4786-b0b4-5018fb001cf3 HTTP/1.1" 200 OK
MFR Predict:  73%|███████▎  | 32/44 [00:00<00:00, 33.15it/s]2026-09-28 11:55:16.119 | INFO     | mineru.backend.hybrid.hybrid_analyze:aio_doc_analyze:1139 - Hybrid processing-window run. page_count=10, window_size=64, total_windows=1
2026-09-28 11:55:16.119 | INFO     | mineru.backend.hybrid.hybrid_analyze:get_batch_ratio:875 - hybrid batch ratio (auto, vram=40GB): 16
INFO:     127.0.0.1:55908 - "GET /tasks/449dcbcb-ef46-4c8c-9a66-84a126de6708 HTTP/1.1" 200 OK
INFO:     127.0.0.1:58030 - "GET /tasks/2def8720-dd7d-4f7b-964e-cb0505e6b644 HTTP/1.1" 200 OK
MFR Predict: 100%|██████████| 44/44 [00:01<00:00, 24.97it/s]MFR Predict: 100%|██████████| 44/44 [00:01<00:00, 26.37it/s]
INFO:     127.0.0.1:55908 - "GET /tasks/2def8720-dd7d-4f7b-964e-cb0505e6b644/result HTTP/1.1" 200 OK
OCR-det:   0%|          | 0/157 [00:00<?, ?it/s]INFO:     127.0.0.1:55908 - "POST /tasks HTTP/1.1" 202 Accepted
INFO:     127.0.0.1:55908 - "GET /tasks/ee7b1cb6-afc8-40d3-b664-1e0ad90196ac HTTP/1.1" 200 OK
2026-09-28 11:55:16.929 | INFO     | mineru.utils.engine_utils:get_vlm_engine:34 - Using vllm-async-engine as the inference engine for VLM.
2026-09-28 11:55:17.562 | INFO     | mineru.backend.hybrid.hybrid_analyze:aio_doc_analyze:1139 - Hybrid processing-window run. page_count=10, window_size=64, total_windows=1
2026-09-28 11:55:17.562 | INFO     | mineru.backend.hybrid.hybrid_analyze:get_batch_ratio:875 - hybrid batch ratio (auto, vram=40GB): 16
2026-09-28 11:55:17.564 | INFO     | mineru.backend.hybrid.hybrid_analyze:aio_doc_analyze:1161 - Hybrid processing window 1/1: pages 1-10/10 (10 pages)

Layout Predict:   0%|          | 0/10 [00:00<?, ?it/s][AINFO:     127.0.0.1:55908 - "GET /tasks/30d44656-849a-4786-b0b4-5018fb001cf3 HTTP/1.1" 200 OK
OCR-det:   1%|▏         | 2/157 [00:00<01:14,  2.08it/s]OCR-det:   3%|▎         | 5/157 [00:01<00:27,  5.50it/s]
Layout Predict:  80%|████████  | 8/10 [00:00<00:00, 32.26it/s][AOCR-det:   6%|▌         | 9/157 [00:01<00:14, 10.25it/s]Layout Predict: 100%|██████████| 10/10 [00:00<00:00, 27.91it/s]

Table orientation det:   0%|          | 0/4 [00:00<?, ?it/s][AOCR-det:  13%|█▎        | 21/157 [00:01<00:05, 25.71it/s]
Table orientation det:  50%|█████     | 2/4 [00:00<00:00, 14.65it/s][AOCR-det:  20%|█▉        | 31/157 [00:01<00:03, 38.51it/s]
Table orientation det: 100%|██████████| 4/4 [00:00<00:00, 13.27it/s][A
Table orientation score: 100%|██████████| 4/4 [00:00<00:00, 13.27it/s][A
Table orientation score: 100%|██████████| 4/4 [00:00<00:00, 13.27it/s][A
Table orientation: 100%|██████████| 4/4 [00:00<00:00, 13.27it/s]      [A
Table orientation: 100%|██████████| 4/4 [00:00<00:00, 13.27it/s][ATable orientation: 100%|██████████| 4/4 [00:00<00:00, 13.38it/s]

External Layout Extraction:   0%|          | 0/20 [00:00<?, ?it/s][AOCR-det:  29%|██▊       | 45/157 [00:01<00:02, 45.82it/s]INFO:     127.0.0.1:55908 - "GET /tasks/449dcbcb-ef46-4c8c-9a66-84a126de6708 HTTP/1.1" 200 OK

External Layout Extraction:  10%|█         | 2/20 [00:00<00:02,  6.51it/s][A2026-09-28 11:55:18.542 | INFO     | mineru.backend.hybrid.hybrid_analyze:aio_doc_analyze:1161 - Hybrid processing window 1/1: pages 1-10/10 (10 pages)


Layout Predict:   0%|          | 0/10 [00:00<?, ?it/s][A[AOCR-det:  33%|███▎      | 52/157 [00:01<00:02, 42.15it/s]
External Layout Extraction:  50%|█████     | 10/20 [00:00<00:00, 27.92it/s][AOCR-det:  39%|███▉      | 61/157 [00:02<00:01, 49.95it/s]INFO:     127.0.0.1:55908 - "GET /tasks/ee7b1cb6-afc8-40d3-b664-1e0ad90196ac HTTP/1.1" 200 OK

External Layout Extraction:  75%|███████▌  | 15/20 [00:00<00:00, 30.37it/s][AOCR-det:  50%|████▉     | 78/157 [00:02<00:01, 67.73it/s]

Layout Predict:  80%|████████  | 8/10 [00:00<00:00, 18.28it/s][A[AOCR-det:  57%|█████▋    | 89/157 [00:02<00:01, 66.28it/s]

Layout Predict: 100%|██████████| 10/10 [00:00<00:00, 16.36it/s][A[ALayout Predict: 100%|██████████| 10/10 [00:00<00:00, 16.78it/s]
OCR-det:  67%|██████▋   | 105/157 [00:02<00:00, 79.98it/s]

Table orientation det:   0%|          | 0/3 [00:00<?, ?it/s][A[AOCR-det:  73%|███████▎  | 114/157 [00:02<00:00, 76.88it/s]

Table orientation det: 100%|██████████| 3/3 [00:00<00:00, 20.77it/s][A[A

Table orientation score: 100%|██████████| 3/3 [00:00<00:00, 20.77it/s][A[A

Table orientation score: 100%|██████████| 3/3 [00:00<00:00, 20.77it/s][A[A

Table orientation: 100%|██████████| 3/3 [00:00<00:00, 20.77it/s]      [A[A

Table orientation: 100%|██████████| 3/3 [00:00<00:00, 20.77it/s][A[ATable orientation: 100%|██████████| 3/3 [00:00<00:00, 20.61it/s]


External Layout Extraction:   0%|          | 0/5 [00:00<?, ?it/s][A[AOCR-det:  82%|████████▏ | 129/157 [00:02<00:00, 90.63it/s]

External Layout Extraction:  20%|██        | 1/5 [00:00<00:00,  5.04it/s][A[AOCR-det:  90%|█████████ | 142/157 [00:02<00:00, 91.99it/s]INFO:     127.0.0.1:55908 - "GET /tasks/30d44656-849a-4786-b0b4-5018fb001cf3 HTTP/1.1" 200 OK
OCR-det:  97%|█████████▋| 152/157 [00:03<00:00, 89.03it/s]OCR-det: 100%|██████████| 157/157 [00:03<00:00, 50.32it/s]
Processing pages:   0%|          | 0/10 [00:00<?, ?it/s]Processing pages:  10%|█         | 1/10 [00:00<00:01,  7.00it/s]Processing pages:  20%|██        | 2/10 [00:00<00:01,  6.97it/s]Processing pages:  30%|███       | 3/10 [00:00<00:01,  6.98it/s]Processing pages:  40%|████      | 4/10 [00:00<00:00,  7.63it/s]Processing pages:  50%|█████     | 5/10 [00:00<00:00,  7.40it/s]Processing pages:  60%|██████    | 6/10 [00:00<00:00,  7.40it/s]Processing pages:  70%|███████   | 7/10 [00:00<00:00,  7.34it/s]Processing pages:  80%|████████  | 8/10 [00:01<00:00,  7.83it/s]Processing pages:  90%|█████████ | 9/10 [00:01<00:00,  8.12it/s]Processing pages: 100%|██████████| 10/10 [00:01<00:00,  7.37it/s]Processing pages: 100%|██████████| 10/10 [00:01<00:00,  7.43it/s]
OCR-rec Predict:   0%|          | 0/1 [00:00<?, ?it/s]INFO:     127.0.0.1:55908 - "GET /tasks/449dcbcb-ef46-4c8c-9a66-84a126de6708 HTTP/1.1" 200 OK
INFO:     127.0.0.1:58030 - "GET /tasks/ee7b1cb6-afc8-40d3-b664-1e0ad90196ac HTTP/1.1" 200 OK

External Layout Extraction:  95%|█████████▌| 19/20 [00:02<00:00,  4.55it/s][A

External Layout Extraction: 100%|██████████| 5/5 [00:01<00:00,  2.55it/s][A[AExternal Layout Extraction: 100%|██████████| 5/5 [00:01<00:00,  2.63it/s]
OCR-rec Predict: 100%|██████████| 1/1 [00:00<00:00, 11.72it/s]
MFR Predict:   0%|          | 0/9 [00:00<?, ?it/s]INFO:     127.0.0.1:55908 - "GET /tasks/30d44656-849a-4786-b0b4-5018fb001cf3 HTTP/1.1" 200 OK
External Layout Extraction: 100%|██████████| 20/20 [00:03<00:00,  5.86it/s]

MFR Predict:   0%|          | 0/64 [00:00<?, ?it/s][A
MFR Predict:  50%|█████     | 32/64 [00:00<00:00, 117.62it/s][AMFR Predict:  89%|████████▉ | 8/9 [00:00<00:00, 13.41it/s]MFR Predict: 100%|██████████| 9/9 [00:00<00:00,  9.65it/s]
OCR-det:   0%|          | 0/165 [00:00<?, ?it/s]
MFR Predict: 100%|██████████| 64/64 [00:00<00:00, 66.34it/s] [AMFR Predict: 100%|██████████| 64/64 [00:00<00:00, 70.96it/s]

OCR-det:   0%|          | 0/143 [00:00<?, ?it/s][AINFO:     127.0.0.1:55908 - "GET /tasks/449dcbcb-ef46-4c8c-9a66-84a126de6708 HTTP/1.1" 200 OK
OCR-det:   3%|▎         | 5/165 [00:00<00:21,  7.54it/s]INFO:     127.0.0.1:58030 - "GET /tasks/ee7b1cb6-afc8-40d3-b664-1e0ad90196ac HTTP/1.1" 200 OK
INFO:     127.0.0.1:55908 - "GET /tasks/449dcbcb-ef46-4c8c-9a66-84a126de6708/result HTTP/1.1" 200 OK
OCR-det:   8%|▊         | 13/165 [00:00<00:07, 19.89it/s]
OCR-det:   4%|▍         | 6/143 [00:00<00:16,  8.13it/s][AOCR-det:  15%|█▍        | 24/165 [00:00<00:04, 32.74it/s]INFO:     127.0.0.1:55908 - "POST /tasks HTTP/1.1" 202 Accepted
INFO:     127.0.0.1:55908 - "GET /tasks/2745a87a-2155-4208-89a2-5832fa28f326 HTTP/1.1" 200 OK
2026-09-28 11:55:23.576 | INFO     | mineru.utils.engine_utils:get_vlm_engine:34 - Using vllm-async-engine as the inference engine for VLM.
OCR-det:  18%|█▊        | 30/165 [00:01<00:03, 34.72it/s]
OCR-det:   6%|▌         | 8/143 [00:01<00:17,  7.80it/s][AOCR-det:  24%|██▍       | 40/165 [00:01<00:02, 46.63it/s]
OCR-det:   8%|▊         | 11/143 [00:01<00:11, 11.16it/s][AOCR-det:  33%|███▎      | 54/165 [00:01<00:01, 64.03it/s]
OCR-det:  17%|█▋        | 25/143 [00:01<00:03, 31.50it/s][AOCR-det:  42%|████▏     | 70/165 [00:01<00:01, 85.43it/s]
OCR-det:  26%|██▌       | 37/143 [00:01<00:02, 45.79it/s][AOCR-det:  49%|████▉     | 81/165 [00:01<00:01, 83.61it/s]
OCR-det:  38%|███▊      | 55/143 [00:01<00:01, 65.53it/s][AOCR-det:  56%|█████▌    | 92/165 [00:01<00:00, 85.12it/s]
OCR-det:  45%|████▌     | 65/143 [00:01<00:01, 67.92it/s][AOCR-det:  64%|██████▍   | 106/165 [00:01<00:00, 77.81it/s]
OCR-det:  57%|█████▋    | 81/143 [00:01<00:00, 82.05it/s][AOCR-det:  72%|███████▏  | 118/165 [00:02<00:00, 78.19it/s]OCR-det:  78%|███████▊  | 128/165 [00:02<00:00, 82.77it/s]2026-09-28 11:55:24.707 | INFO     | mineru.backend.hybrid.hybrid_analyze:aio_doc_analyze:1139 - Hybrid processing-window run. page_count=10, window_size=64, total_windows=1
2026-09-28 11:55:24.707 | INFO     | mineru.backend.hybrid.hybrid_analyze:get_batch_ratio:875 - hybrid batch ratio (auto, vram=40GB): 16
INFO:     127.0.0.1:55908 - "GET /tasks/30d44656-849a-4786-b0b4-5018fb001cf3 HTTP/1.1" 200 OK

OCR-det:  64%|██████▎   | 91/143 [00:02<00:00, 62.36it/s][AOCR-det:  83%|████████▎ | 137/165 [00:02<00:00, 76.34it/s]
OCR-det:  69%|██████▉   | 99/143 [00:02<00:00, 65.67it/s][AOCR-det:  89%|████████▉ | 147/165 [00:02<00:00, 77.27it/s]
OCR-det:  82%|████████▏ | 117/143 [00:02<00:00, 76.03it/s][AOCR-det:  98%|█████████▊| 161/165 [00:02<00:00, 87.54it/s]
OCR-det:  91%|█████████ | 130/143 [00:02<00:00, 83.26it/s][AOCR-det: 100%|██████████| 165/165 [00:02<00:00, 62.26it/s]
INFO:     127.0.0.1:55908 - "GET /tasks/ee7b1cb6-afc8-40d3-b664-1e0ad90196ac HTTP/1.1" 200 OK
Processing pages:   0%|          | 0/10 [00:00<?, ?it/s]
OCR-det:  97%|█████████▋| 139/143 [00:02<00:00, 52.12it/s][AProcessing pages:  10%|█         | 1/10 [00:00<00:04,  2.10it/s]OCR-det: 100%|██████████| 143/143 [00:03<00:00, 46.76it/s]
Processing pages:  20%|██        | 2/10 [00:00<00:02,  3.22it/s]Processing pages:  30%|███       | 3/10 [00:00<00:01,  4.28it/s]Processing pages:  40%|████      | 4/10 [00:00<00:01,  5.20it/s]Processing pages:  50%|█████     | 5/10 [00:01<00:00,  5.80it/s]Processing pages:  60%|██████    | 6/10 [00:01<00:00,  6.62it/s]Processing pages:  70%|███████   | 7/10 [00:01<00:00,  6.69it/s]Processing pages:  80%|████████  | 8/10 [00:01<00:00,  6.79it/s]Processing pages:  90%|█████████ | 9/10 [00:01<00:00,  6.66it/s]Processing pages: 100%|██████████| 10/10 [00:01<00:00,  7.30it/s]Processing pages: 100%|██████████| 10/10 [00:01<00:00,  5.74it/s]
2026-09-28 11:55:26.986 | INFO     | mineru.backend.hybrid.hybrid_analyze:aio_doc_analyze:1161 - Hybrid processing window 1/1: pages 1-10/10 (10 pages)
Layout Predict:   0%|          | 0/10 [00:00<?, ?it/s]INFO:     127.0.0.1:58030 - "GET /tasks/30d44656-849a-4786-b0b4-5018fb001cf3 HTTP/1.1" 200 OK
INFO:     127.0.0.1:55908 - "GET /tasks/2745a87a-2155-4208-89a2-5832fa28f326 HTTP/1.1" 200 OK

Processing pages:   0%|          | 0/10 [00:00<?, ?it/s][A
Processing pages:  10%|█         | 1/10 [00:00<00:01,  6.11it/s][ALayout Predict:  80%|████████  | 8/10 [00:00<00:00, 10.46it/s]
Processing pages:  20%|██        | 2/10 [00:00<00:01,  4.35it/s][ALayout Predict: 100%|██████████| 10/10 [00:00<00:00, 10.42it/s]Layout Predict: 100%|██████████| 10/10 [00:00<00:00, 10.43it/s]

Processing pages:  30%|███       | 3/10 [00:00<00:01,  4.69it/s][A
Processing pages:  40%|████      | 4/10 [00:00<00:01,  5.27it/s][A
Processing pages:  50%|█████     | 5/10 [00:00<00:00,  5.74it/s][A
Processing pages:  60%|██████    | 6/10 [00:01<00:00,  5.94it/s][A
Processing pages:  70%|███████   | 7/10 [00:01<00:00,  6.41it/s][A
Processing pages:  80%|████████  | 8/10 [00:01<00:00,  6.72it/s][A
Processing pages:  90%|█████████ | 9/10 [00:01<00:00,  6.77it/s][A
Processing pages: 100%|██████████| 10/10 [00:01<00:00,  6.68it/s][AProcessing pages: 100%|██████████| 10/10 [00:01<00:00,  6.05it/s]
INFO:     127.0.0.1:55908 - "GET /tasks/ee7b1cb6-afc8-40d3-b664-1e0ad90196ac HTTP/1.1" 200 OK
INFO:     127.0.0.1:58030 - "GET /tasks/30d44656-849a-4786-b0b4-5018fb001cf3 HTTP/1.1" 200 OK
INFO:     127.0.0.1:47130 - "GET /tasks/2745a87a-2155-4208-89a2-5832fa28f326 HTTP/1.1" 200 OK
Table orientation det:   0%|          | 0/3 [00:00<?, ?it/s]Table orientation det:  33%|███▎      | 1/3 [00:00<00:00,  2.25it/s]INFO:     127.0.0.1:55908 - "GET /tasks/ee7b1cb6-afc8-40d3-b664-1e0ad90196ac/result HTTP/1.1" 200 OK
Table orientation det: 100%|██████████| 3/3 [00:00<00:00,  6.42it/s]Table orientation score: 100%|██████████| 3/3 [00:00<00:00,  6.42it/s]Table orientation score: 100%|██████████| 3/3 [00:00<00:00,  6.42it/s]Table orientation: 100%|██████████| 3/3 [00:00<00:00,  6.42it/s]      Table orientation: 100%|██████████| 3/3 [00:00<00:00,  6.42it/s]Table orientation: 100%|██████████| 3/3 [00:00<00:00,  5.41it/s]
External Layout Extraction:   0%|          | 0/13 [00:00<?, ?it/s]INFO:     127.0.0.1:55908 - "POST /tasks HTTP/1.1" 202 Accepted
INFO:     127.0.0.1:55908 - "GET /tasks/830b682d-369b-4ffc-88fb-3b6c008eb0b9 HTTP/1.1" 200 OK
2026-09-28 11:55:29.768 | INFO     | mineru.utils.engine_utils:get_vlm_engine:34 - Using vllm-async-engine as the inference engine for VLM.
2026-09-28 11:55:30.325 | INFO     | mineru.backend.hybrid.hybrid_analyze:aio_doc_analyze:1139 - Hybrid processing-window run. page_count=10, window_size=64, total_windows=1
2026-09-28 11:55:30.325 | INFO     | mineru.backend.hybrid.hybrid_analyze:get_batch_ratio:875 - hybrid batch ratio (auto, vram=40GB): 16
External Layout Extraction:  23%|██▎       | 3/13 [00:00<00:02,  4.18it/s]External Layout Extraction:  31%|███       | 4/13 [00:00<00:01,  4.63it/s]External Layout Extraction:  62%|██████▏   | 8/13 [00:00<00:00, 10.62it/s]External Layout Extraction:  77%|███████▋  | 10/13 [00:01<00:00, 11.93it/s]INFO:     127.0.0.1:55908 - "GET /tasks/30d44656-849a-4786-b0b4-5018fb001cf3 HTTP/1.1" 200 OK
External Layout Extraction:  92%|█████████▏| 12/13 [00:01<00:00,  9.23it/s]INFO:     127.0.0.1:58030 - "GET /tasks/2745a87a-2155-4208-89a2-5832fa28f326 HTTP/1.1" 200 OK
INFO:     127.0.0.1:55908 - "GET /tasks/30d44656-849a-4786-b0b4-5018fb001cf3/result HTTP/1.1" 200 OK
2026-09-28 11:55:31.168 | INFO     | mineru.backend.hybrid.hybrid_analyze:aio_doc_analyze:1161 - Hybrid processing window 1/1: pages 1-10/10 (10 pages)

Layout Predict:   0%|          | 0/10 [00:00<?, ?it/s][AINFO:     127.0.0.1:55908 - "POST /tasks HTTP/1.1" 202 Accepted
INFO:     127.0.0.1:55908 - "GET /tasks/7091a1c2-3f4e-474b-9762-3976fa51dd12 HTTP/1.1" 200 OK
2026-09-28 11:55:31.449 | INFO     | mineru.utils.engine_utils:get_vlm_engine:34 - Using vllm-async-engine as the inference engine for VLM.

Layout Predict:  80%|████████  | 8/10 [00:00<00:00, 16.51it/s][A
Layout Predict: 100%|██████████| 10/10 [00:00<00:00, 15.98it/s][ALayout Predict: 100%|██████████| 10/10 [00:00<00:00, 16.10it/s]
2026-09-28 11:55:32.076 | INFO     | mineru.backend.hybrid.hybrid_analyze:aio_doc_analyze:1139 - Hybrid processing-window run. page_count=10, window_size=64, total_windows=1
2026-09-28 11:55:32.076 | INFO     | mineru.backend.hybrid.hybrid_analyze:get_batch_ratio:875 - hybrid batch ratio (auto, vram=40GB): 16
INFO:     127.0.0.1:55908 - "GET /tasks/830b682d-369b-4ffc-88fb-3b6c008eb0b9 HTTP/1.1" 200 OK

Table orientation det:   0%|          | 0/5 [00:00<?, ?it/s][A
Table orientation det:  40%|████      | 2/5 [00:00<00:00, 17.74it/s][A
Table orientation det: 100%|██████████| 5/5 [00:00<00:00, 24.57it/s][A
Table orientation score: 100%|██████████| 5/5 [00:00<00:00, 24.57it/s][A
Table orientation score: 100%|██████████| 5/5 [00:00<00:00, 24.57it/s][A
Table orientation: 100%|██████████| 5/5 [00:00<00:00, 24.57it/s]      [A
Table orientation: 100%|██████████| 5/5 [00:00<00:00, 24.57it/s][ATable orientation: 100%|██████████| 5/5 [00:00<00:00, 23.38it/s]

External Layout Extraction:   0%|          | 0/17 [00:00<?, ?it/s][A
External Layout Extraction:   6%|▌         | 1/17 [00:00<00:03,  4.06it/s][A
External Layout Extraction:  41%|████      | 7/17 [00:00<00:00, 23.05it/s][A
External Layout Extraction:  71%|███████   | 12/17 [00:00<00:00, 24.31it/s][A2026-09-28 11:55:32.992 | INFO     | mineru.backend.hybrid.hybrid_analyze:aio_doc_analyze:1161 - Hybrid processing window 1/1: pages 1-10/10 (10 pages)


Layout Predict:   0%|          | 0/10 [00:00<?, ?it/s][A[AINFO:     127.0.0.1:55908 - "GET /tasks/2745a87a-2155-4208-89a2-5832fa28f326 HTTP/1.1" 200 OK

External Layout Extraction:  88%|████████▊ | 15/17 [00:00<00:00, 14.36it/s][A

Layout Predict:  80%|████████  | 8/10 [00:00<00:00, 27.19it/s][A[AINFO:     127.0.0.1:55908 - "GET /tasks/7091a1c2-3f4e-474b-9762-3976fa51dd12 HTTP/1.1" 200 OK
Layout Predict: 100%|██████████| 10/10 [00:00<00:00, 24.65it/s]


Table orientation det:   0%|          | 0/6 [00:00<?, ?it/s][A[A

Table orientation det:  50%|█████     | 3/6 [00:00<00:00, 16.19it/s][A[A

Table orientation score: 100%|██████████| 6/6 [00:00<00:00, 16.19it/s][A[A

Table orientation score: 100%|██████████| 6/6 [00:00<00:00, 16.19it/s][A[A

Table orientation: 100%|██████████| 6/6 [00:00<00:00, 16.19it/s]      [A[A

Table orientation: 100%|██████████| 6/6 [00:00<00:00, 16.19it/s][A[ATable orientation: 100%|██████████| 6/6 [00:00<00:00, 22.21it/s]


External Layout Extraction:   0%|          | 0/12 [00:00<?, ?it/s][A[A

External Layout Extraction:  17%|█▋        | 2/12 [00:00<00:00, 10.50it/s][A[A

External Layout Extraction:  33%|███▎      | 4/12 [00:00<00:00, 13.07it/s][A[AINFO:     127.0.0.1:55908 - "GET /tasks/830b682d-369b-4ffc-88fb-3b6c008eb0b9 HTTP/1.1" 200 OK


External Layout Extraction:  50%|█████     | 6/12 [00:00<00:00, 12.66it/s][A[A

External Layout Extraction:  75%|███████▌  | 9/12 [00:00<00:00, 12.30it/s][A[A

External Layout Extraction:  92%|█████████▏| 11/12 [00:00<00:00, 11.89it/s][A[AExternal Layout Extraction: 100%|██████████| 12/12 [00:01<00:00,  8.75it/s]
External Layout Extraction: 100%|██████████| 17/17 [00:02<00:00,  6.19it/s]
INFO:     127.0.0.1:55908 - "GET /tasks/2745a87a-2155-4208-89a2-5832fa28f326 HTTP/1.1" 200 OK

MFR Predict:   0%|          | 0/9 [00:00<?, ?it/s][A

MFR Predict:   0%|          | 0/28 [00:00<?, ?it/s][A[AINFO:     127.0.0.1:55908 - "GET /tasks/7091a1c2-3f4e-474b-9762-3976fa51dd12 HTTP/1.1" 200 OK


MFR Predict:  57%|█████▋    | 16/28 [00:00<00:00, 46.05it/s][A[A
MFR Predict:  89%|████████▉ | 8/9 [00:00<00:00, 14.49it/s][AINFO:     127.0.0.1:55908 - "GET /tasks/830b682d-369b-4ffc-88fb-3b6c008eb0b9 HTTP/1.1" 200 OK


MFR Predict: 100%|██████████| 28/28 [00:00<00:00, 27.31it/s][A[AMFR Predict: 100%|██████████| 28/28 [00:00<00:00, 29.33it/s]


OCR-det:   0%|          | 0/132 [00:00<?, ?it/s][A[AMFR Predict: 100%|██████████| 9/9 [00:01<00:00,  8.87it/s]

OCR-det:   0%|          | 0/139 [00:00<?, ?it/s][AExternal Layout Extraction: 100%|██████████| 13/13 [00:06<00:00,  1.97it/s]
MFR Predict:   0%|          | 0/55 [00:00<?, ?it/s]MFR Predict:  58%|█████▊    | 32/55 [00:00<00:00, 87.83it/s]

OCR-det:   2%|▏         | 3/132 [00:00<00:31,  4.16it/s][A[A
OCR-det:   2%|▏         | 3/139 [00:00<00:32,  4.25it/s][A

OCR-det:   7%|▋         | 9/132 [00:00<00:09, 12.95it/s][A[A
OCR-det:   9%|▊         | 12/139 [00:00<00:06, 18.29it/s][AINFO:     127.0.0.1:55908 - "GET /tasks/2745a87a-2155-4208-89a2-5832fa28f326 HTTP/1.1" 200 OK


OCR-det:  16%|█▌        | 21/132 [00:00<00:03, 31.61it/s][A[A
OCR-det:  14%|█▍        | 20/139 [00:00<00:04, 26.85it/s][A

OCR-det:  27%|██▋       | 36/132 [00:01<00:01, 53.28it/s][A[A
OCR-det:  19%|█▊        | 26/139 [00:01<00:03, 31.62it/s][A

OCR-det:  35%|███▍      | 46/132 [00:01<00:01, 60.40it/s][A[AINFO:     127.0.0.1:55908 - "GET /tasks/7091a1c2-3f4e-474b-9762-3976fa51dd12 HTTP/1.1" 200 OK

OCR-det:  22%|██▏       | 31/139 [00:01<00:03, 33.25it/s][A

OCR-det:  42%|████▏     | 55/132 [00:01<00:01, 58.92it/s][A[A
OCR-det:  37%|███▋      | 51/139 [00:01<00:01, 67.90it/s][A

OCR-det:  51%|█████     | 67/132 [00:01<00:01, 58.54it/s][A[A
OCR-det:  43%|████▎     | 60/139 [00:01<00:01, 58.12it/s][A

OCR-det:  56%|█████▌    | 74/132 [00:01<00:00, 60.17it/s][A[A

OCR-det:  63%|██████▎   | 83/132 [00:01<00:00, 59.75it/s][A[A
OCR-det:  51%|█████     | 71/139 [00:01<00:01, 51.80it/s][AINFO:     127.0.0.1:55908 - "GET /tasks/830b682d-369b-4ffc-88fb-3b6c008eb0b9 HTTP/1.1" 200 OK


OCR-det:  68%|██████▊   | 90/132 [00:01<00:00, 58.69it/s][A[A
OCR-det:  56%|█████▌    | 78/139 [00:01<00:01, 53.37it/s][A

OCR-det:  75%|███████▌  | 99/132 [00:02<00:00, 60.45it/s][A[A
OCR-det:  63%|██████▎   | 88/139 [00:02<00:00, 55.65it/s][AMFR Predict: 100%|██████████| 55/55 [00:02<00:00, 22.17it/s]MFR Predict: 100%|██████████| 55/55 [00:02<00:00, 25.50it/s]

OCR-det:  70%|██████▉   | 97/139 [00:02<00:00, 57.46it/s][A

OCR-det:  80%|████████  | 106/132 [00:02<00:00, 46.88it/s][A[AOCR-det:   0%|          | 0/154 [00:00<?, ?it/s]
OCR-det:  78%|███████▊  | 108/139 [00:02<00:00, 65.54it/s][A

OCR-det:  94%|█████████▍| 124/132 [00:02<00:00, 66.02it/s][A[A
OCR-det:  83%|████████▎ | 116/139 [00:02<00:00, 60.95it/s][AOCR-det: 100%|██████████| 132/132 [00:02<00:00, 51.02it/s]


Processing pages:   0%|          | 0/10 [00:00<?, ?it/s][A[A
OCR-det:  93%|█████████▎| 129/139 [00:02<00:00, 69.54it/s][A

Processing pages:  10%|█         | 1/10 [00:00<00:01,  5.20it/s][A[A
OCR-det:  99%|█████████▊| 137/139 [00:02<00:00, 66.90it/s][AOCR-det: 100%|██████████| 139/139 [00:02<00:00, 48.68it/s]


Processing pages:  20%|██        | 2/10 [00:00<00:01,  4.90it/s][A[A

Processing pages:  30%|███       | 3/10 [00:00<00:01,  5.72it/s][A[AOCR-det:   1%|          | 1/154 [00:00<02:10,  1.17it/s]

Processing pages:  40%|████      | 4/10 [00:00<00:01,  5.69it/s][A[AOCR-det:   4%|▍         | 6/154 [00:01<00:19,  7.48it/s]

Processing pages:  50%|█████     | 5/10 [00:00<00:00,  5.77it/s][A[AOCR-det:  11%|█         | 17/154 [00:01<00:06, 21.02it/s]

Processing pages:  60%|██████    | 6/10 [00:01<00:00,  6.08it/s][A[AOCR-det:  14%|█▍        | 22/154 [00:01<00:05, 24.18it/s]

Processing pages:  70%|███████   | 7/10 [00:01<00:00,  6.01it/s][A[AOCR-det:  27%|██▋       | 41/154 [00:01<00:02, 45.90it/s]

Processing pages:  80%|████████  | 8/10 [00:01<00:00,  5.94it/s][A[AOCR-det:  35%|███▌      | 54/154 [00:01<00:01, 55.63it/s]

Processing pages:  90%|█████████ | 9/10 [00:01<00:00,  5.73it/s][A[AOCR-det:  53%|█████▎    | 82/154 [00:01<00:00, 74.57it/s]

Processing pages: 100%|██████████| 10/10 [00:01<00:00,  5.57it/s][A[AProcessing pages: 100%|██████████| 10/10 [00:01<00:00,  5.68it/s]
INFO:     127.0.0.1:55908 - "GET /tasks/2745a87a-2155-4208-89a2-5832fa28f326 HTTP/1.1" 200 OK

Processing pages:   0%|          | 0/10 [00:00<?, ?it/s][AINFO:     127.0.0.1:36316 - "GET /tasks/7091a1c2-3f4e-474b-9762-3976fa51dd12 HTTP/1.1" 200 OK
OCR-det:  58%|█████▊    | 90/154 [00:02<00:00, 71.53it/s]
Processing pages:  10%|█         | 1/10 [00:00<00:04,  2.18it/s][AOCR-det:  64%|██████▍   | 99/154 [00:02<00:01, 45.76it/s]
Processing pages:  20%|██        | 2/10 [00:00<00:02,  3.32it/s][AOCR-det:  69%|██████▉   | 107/154 [00:02<00:01, 45.72it/s]OCR-det:  78%|███████▊  | 120/154 [00:02<00:00, 51.92it/s]
Processing pages:  30%|███       | 3/10 [00:00<00:02,  3.38it/s][AOCR-det:  83%|████████▎ | 128/154 [00:03<00:00, 44.92it/s]
Processing pages:  40%|████      | 4/10 [00:01<00:01,  3.68it/s][A
Processing pages:  50%|█████     | 5/10 [00:01<00:01,  4.36it/s][AOCR-det:  87%|████████▋ | 134/154 [00:03<00:00, 38.73it/s]
Processing pages:  60%|██████    | 6/10 [00:01<00:00,  4.67it/s][AOCR-det:  95%|█████████▌| 147/154 [00:03<00:00, 46.24it/s]
Processing pages:  70%|███████   | 7/10 [00:01<00:00,  4.96it/s][AOCR-det:  99%|█████████▉| 153/154 [00:03<00:00, 41.52it/s]OCR-det: 100%|██████████| 154/154 [00:03<00:00, 40.38it/s]

Processing pages:  80%|████████  | 8/10 [00:01<00:00,  4.85it/s][A
Processing pages:  90%|█████████ | 9/10 [00:02<00:00,  5.34it/s][A
Processing pages: 100%|██████████| 10/10 [00:02<00:00,  5.58it/s][AProcessing pages: 100%|██████████| 10/10 [00:02<00:00,  4.52it/s]
INFO:     127.0.0.1:36320 - "GET /tasks/830b682d-369b-4ffc-88fb-3b6c008eb0b9 HTTP/1.1" 200 OK
INFO:     127.0.0.1:36316 - "GET /tasks/7091a1c2-3f4e-474b-9762-3976fa51dd12 HTTP/1.1" 200 OK
INFO:     127.0.0.1:55908 - "GET /tasks/2745a87a-2155-4208-89a2-5832fa28f326 HTTP/1.1" 200 OK
Processing pages:   0%|          | 0/10 [00:00<?, ?it/s]Processing pages:  10%|█         | 1/10 [00:00<00:01,  6.63it/s]Processing pages:  20%|██        | 2/10 [00:00<00:01,  6.52it/s]Processing pages:  30%|███       | 3/10 [00:00<00:01,  6.48it/s]Processing pages:  40%|████      | 4/10 [00:00<00:00,  6.63it/s]Processing pages:  50%|█████     | 5/10 [00:00<00:00,  6.73it/s]Processing pages:  60%|██████    | 6/10 [00:00<00:00,  7.00it/s]Processing pages:  70%|███████   | 7/10 [00:01<00:00,  7.18it/s]Processing pages:  80%|████████  | 8/10 [00:01<00:00,  7.05it/s]Processing pages:  90%|█████████ | 9/10 [00:01<00:00,  6.95it/s]Processing pages: 100%|██████████| 10/10 [00:01<00:00,  6.83it/s]Processing pages: 100%|██████████| 10/10 [00:01<00:00,  6.82it/s]
OCR-rec Predict:   0%|          | 0/1 [00:00<?, ?it/s]INFO:     127.0.0.1:55908 - "GET /tasks/830b682d-369b-4ffc-88fb-3b6c008eb0b9 HTTP/1.1" 200 OK
OCR-rec Predict: 100%|██████████| 1/1 [00:00<00:00, 52.74it/s]
INFO:     127.0.0.1:36316 - "GET /tasks/7091a1c2-3f4e-474b-9762-3976fa51dd12 HTTP/1.1" 200 OK
INFO:     127.0.0.1:36320 - "GET /tasks/2745a87a-2155-4208-89a2-5832fa28f326 HTTP/1.1" 200 OK
INFO:     127.0.0.1:55908 - "GET /tasks/830b682d-369b-4ffc-88fb-3b6c008eb0b9/result HTTP/1.1" 200 OK
INFO:     127.0.0.1:36316 - "GET /tasks/7091a1c2-3f4e-474b-9762-3976fa51dd12/result HTTP/1.1" 200 OK
INFO:     127.0.0.1:36320 - "GET /tasks/2745a87a-2155-4208-89a2-5832fa28f326/result HTTP/1.1" 200 OK
INFO:     127.0.0.1:55908 - "POST /tasks HTTP/1.1" 202 Accepted
INFO:     127.0.0.1:36316 - "POST /tasks HTTP/1.1" 202 Accepted
INFO:     127.0.0.1:36316 - "GET /tasks/e496a552-c210-48ad-9dd5-907e6656e9a9 HTTP/1.1" 200 OK
INFO:     127.0.0.1:55908 - "GET /tasks/f71b604b-56f3-4821-8f9f-114e44eb7bc7 HTTP/1.1" 200 OK
2026-09-28 11:55:46.330 | INFO     | mineru.utils.engine_utils:get_vlm_engine:34 - Using vllm-async-engine as the inference engine for VLM.
2026-09-28 11:55:46.405 | INFO     | mineru.utils.engine_utils:get_vlm_engine:34 - Using vllm-async-engine as the inference engine for VLM.
2026-09-28 11:55:46.863 | INFO     | mineru.backend.hybrid.hybrid_analyze:aio_doc_analyze:1139 - Hybrid processing-window run. page_count=10, window_size=64, total_windows=1
2026-09-28 11:55:46.863 | INFO     | mineru.backend.hybrid.hybrid_analyze:get_batch_ratio:875 - hybrid batch ratio (auto, vram=40GB): 16
2026-09-28 11:55:47.443 | INFO     | mineru.backend.hybrid.hybrid_analyze:aio_doc_analyze:1139 - Hybrid processing-window run. page_count=10, window_size=64, total_windows=1
2026-09-28 11:55:47.444 | INFO     | mineru.backend.hybrid.hybrid_analyze:get_batch_ratio:875 - hybrid batch ratio (auto, vram=40GB): 16
INFO:     127.0.0.1:36320 - "POST /tasks HTTP/1.1" 202 Accepted
INFO:     127.0.0.1:55908 - "GET /tasks/b6345d00-501a-4e47-86a2-4cda0784452c HTTP/1.1" 200 OK
2026-09-28 11:55:47.557 | INFO     | mineru.utils.engine_utils:get_vlm_engine:34 - Using vllm-async-engine as the inference engine for VLM.
2026-09-28 11:55:48.300 | INFO     | mineru.backend.hybrid.hybrid_analyze:aio_doc_analyze:1139 - Hybrid processing-window run. page_count=10, window_size=64, total_windows=1
2026-09-28 11:55:48.300 | INFO     | mineru.backend.hybrid.hybrid_analyze:get_batch_ratio:875 - hybrid batch ratio (auto, vram=40GB): 16
2026-09-28 11:55:48.303 | INFO     | mineru.backend.hybrid.hybrid_analyze:aio_doc_analyze:1161 - Hybrid processing window 1/1: pages 1-10/10 (10 pages)
Layout Predict:   0%|          | 0/10 [00:00<?, ?it/s]INFO:     127.0.0.1:36316 - "GET /tasks/f71b604b-56f3-4821-8f9f-114e44eb7bc7 HTTP/1.1" 200 OK
INFO:     127.0.0.1:55908 - "GET /tasks/e496a552-c210-48ad-9dd5-907e6656e9a9 HTTP/1.1" 200 OK
2026-09-28 11:55:48.553 | INFO     | mineru.backend.hybrid.hybrid_analyze:aio_doc_analyze:1161 - Hybrid processing window 1/1: pages 1-10/10 (10 pages)

Layout Predict:   0%|          | 0/10 [00:00<?, ?it/s][ALayout Predict:  80%|████████  | 8/10 [00:00<00:00, 27.04it/s]Layout Predict: 100%|██████████| 10/10 [00:00<00:00, 20.71it/s]
Table orientation det:   0%|          | 0/7 [00:00<?, ?it/s]
Layout Predict:  80%|████████  | 8/10 [00:00<00:00, 31.26it/s][ATable orientation det:  43%|████▎     | 3/7 [00:00<00:00, 26.44it/s]Layout Predict: 100%|██████████| 10/10 [00:00<00:00, 25.91it/s]

Table orientation det:   0%|          | 0/1 [00:00<?, ?it/s][A
Table orientation score: 100%|██████████| 1/1 [00:00<00:00, 15.16it/s][A
Table orientation score: 100%|██████████| 1/1 [00:00<00:00, 15.13it/s][A
Table orientation: 100%|██████████| 1/1 [00:00<00:00, 15.11it/s]      [A
Table orientation: 100%|██████████| 1/1 [00:00<00:00, 15.09it/s][ATable orientation: 100%|██████████| 1/1 [00:00<00:00, 15.07it/s]

External Layout Extraction:   0%|          | 0/6 [00:00<?, ?it/s][ATable orientation det:  86%|████████▌ | 6/7 [00:00<00:00, 25.87it/s]Table orientation score: 100%|██████████| 7/7 [00:00<00:00, 25.87it/s]Table orientation score: 100%|██████████| 7/7 [00:00<00:00, 25.87it/s]Table orientation: 100%|██████████| 7/7 [00:00<00:00, 25.87it/s]      Table orientation: 100%|██████████| 7/7 [00:00<00:00, 25.87it/s]Table orientation: 100%|██████████| 7/7 [00:00<00:00, 22.14it/s]
External Layout Extraction:   0%|          | 0/10 [00:00<?, ?it/s]
External Layout Extraction:  33%|███▎      | 2/6 [00:00<00:00,  7.85it/s][AExternal Layout Extraction:  10%|█         | 1/10 [00:00<00:01,  6.22it/s]External Layout Extraction:  20%|██        | 2/10 [00:00<00:01,  6.51it/s]
External Layout Extraction:  50%|█████     | 3/6 [00:00<00:00,  6.39it/s][AINFO:     127.0.0.1:55908 - "GET /tasks/b6345d00-501a-4e47-86a2-4cda0784452c HTTP/1.1" 200 OK
External Layout Extraction:  70%|███████   | 7/10 [00:00<00:00, 19.90it/s]2026-09-28 11:55:49.629 | INFO     | mineru.backend.hybrid.hybrid_analyze:aio_doc_analyze:1161 - Hybrid processing window 1/1: pages 1-10/10 (10 pages)


Layout Predict:   0%|          | 0/10 [00:00<?, ?it/s][A[A
External Layout Extraction:  83%|████████▎ | 5/6 [00:00<00:00,  7.13it/s][A

Layout Predict:  80%|████████  | 8/10 [00:00<00:00, 25.13it/s][A[ALayout Predict: 100%|██████████| 10/10 [00:00<00:00, 23.34it/s]


Table orientation det:   0%|          | 0/2 [00:00<?, ?it/s][A[A

Table orientation det: 100%|██████████| 2/2 [00:00<00:00, 17.52it/s][A[A

Table orientation score: 100%|██████████| 2/2 [00:00<00:00, 17.52it/s][A[A

Table orientation score: 100%|██████████| 2/2 [00:00<00:00, 17.52it/s][A[A

Table orientation: 100%|██████████| 2/2 [00:00<00:00, 17.52it/s]      [A[A

Table orientation: 100%|██████████| 2/2 [00:00<00:00, 17.52it/s][A[ATable orientation: 100%|██████████| 2/2 [00:00<00:00, 17.42it/s]


External Layout Extraction:   0%|          | 0/2 [00:00<?, ?it/s][A[AINFO:     127.0.0.1:55908 - "GET /tasks/f71b604b-56f3-4821-8f9f-114e44eb7bc7 HTTP/1.1" 200 OK
INFO:     127.0.0.1:36316 - "GET /tasks/e496a552-c210-48ad-9dd5-907e6656e9a9 HTTP/1.1" 200 OK
External Layout Extraction: 100%|██████████| 10/10 [00:01<00:00,  5.15it/s]External Layout Extraction: 100%|██████████| 10/10 [00:01<00:00,  6.08it/s]
MFR Predict:   0%|          | 0/7 [00:00<?, ?it/s]

External Layout Extraction:  50%|█████     | 1/2 [00:00<00:00,  1.41it/s][A[AExternal Layout Extraction: 100%|██████████| 2/2 [00:00<00:00,  2.50it/s]


MFR Predict:   0%|          | 0/1 [00:00<?, ?it/s][A[AMFR Predict:  57%|█████▋    | 4/7 [00:00<00:00, 12.58it/s]

MFR Predict: 100%|██████████| 1/1 [00:00<00:00,  7.53it/s][A[AMFR Predict: 100%|██████████| 1/1 [00:00<00:00,  7.52it/s]


OCR-det:   0%|          | 0/181 [00:00<?, ?it/s][A[A
External Layout Extraction: 100%|██████████| 6/6 [00:02<00:00,  1.83it/s][AExternal Layout Extraction: 100%|██████████| 6/6 [00:02<00:00,  2.61it/s]

MFR Predict:   0%|          | 0/14 [00:00<?, ?it/s][AINFO:     127.0.0.1:55908 - "GET /tasks/b6345d00-501a-4e47-86a2-4cda0784452c HTTP/1.1" 200 OK
MFR Predict: 100%|██████████| 7/7 [00:00<00:00,  9.33it/s]MFR Predict: 100%|██████████| 7/7 [00:00<00:00,  9.76it/s]
OCR-det:   0%|          | 0/168 [00:00<?, ?it/s]
MFR Predict:  57%|█████▋    | 8/14 [00:00<00:00, 37.22it/s][A

OCR-det:   2%|▏         | 3/181 [00:00<00:46,  3.86it/s][A[A

OCR-det:   5%|▍         | 9/181 [00:00<00:13, 12.56it/s][A[A

OCR-det:   7%|▋         | 13/181 [00:00<00:09, 17.32it/s][A[A
MFR Predict: 100%|██████████| 14/14 [00:00<00:00, 14.88it/s][AMFR Predict: 100%|██████████| 14/14 [00:00<00:00, 16.58it/s]

OCR-det:   0%|          | 0/131 [00:00<?, ?it/s][AOCR-det:   3%|▎         | 5/168 [00:00<00:22,  7.36it/s]INFO:     127.0.0.1:55908 - "GET /tasks/f71b604b-56f3-4821-8f9f-114e44eb7bc7 HTTP/1.1" 200 OK
INFO:     127.0.0.1:36316 - "GET /tasks/e496a552-c210-48ad-9dd5-907e6656e9a9 HTTP/1.1" 200 OK


OCR-det:  15%|█▌        | 28/181 [00:01<00:03, 42.03it/s][A[AOCR-det:   9%|▉         | 15/168 [00:00<00:06, 23.40it/s]

OCR-det:  24%|██▍       | 43/181 [00:01<00:02, 59.93it/s][A[AOCR-det:  14%|█▎        | 23/168 [00:00<00:04, 33.15it/s]OCR-det:  20%|█▉        | 33/168 [00:01<00:02, 47.10it/s]

OCR-det:  30%|███       | 55/181 [00:01<00:02, 62.75it/s][A[AOCR-det:  30%|███       | 51/168 [00:01<00:01, 71.66it/s]

OCR-det:  38%|███▊      | 68/181 [00:01<00:01, 74.04it/s][A[A
OCR-det:   4%|▍         | 5/131 [00:00<00:16,  7.85it/s][AOCR-det:  43%|████▎     | 73/168 [00:01<00:01, 81.48it/s]

OCR-det:  45%|████▍     | 81/181 [00:01<00:01, 69.50it/s][A[A
OCR-det:   7%|▋         | 9/131 [00:00<00:09, 12.52it/s][A

OCR-det:  53%|█████▎    | 96/181 [00:01<00:01, 84.85it/s][A[AOCR-det:  49%|████▉     | 83/168 [00:01<00:01, 80.33it/s]
OCR-det:  12%|█▏        | 16/131 [00:00<00:04, 23.10it/s][A

OCR-det:  59%|█████▉    | 107/181 [00:01<00:00, 89.77it/s][A[AOCR-det:  58%|█████▊    | 97/168 [00:01<00:00, 87.40it/s]
OCR-det:  22%|██▏       | 29/131 [00:01<00:02, 43.03it/s][AOCR-det:  65%|██████▍   | 109/168 [00:01<00:00, 88.67it/s]

OCR-det:  66%|██████▋   | 120/181 [00:02<00:00, 82.86it/s][A[A
OCR-det:  31%|███       | 40/131 [00:01<00:01, 55.60it/s][AINFO:     127.0.0.1:55908 - "GET /tasks/b6345d00-501a-4e47-86a2-4cda0784452c HTTP/1.1" 200 OK
OCR-det:  72%|███████▏  | 121/168 [00:01<00:00, 81.49it/s]

OCR-det:  75%|███████▌  | 136/181 [00:02<00:00, 84.60it/s][A[A
OCR-det:  46%|████▌     | 60/131 [00:01<00:00, 77.18it/s][AOCR-det:  80%|███████▉  | 134/168 [00:02<00:00, 85.24it/s]
OCR-det:  56%|█████▌    | 73/131 [00:01<00:00, 83.52it/s][A

OCR-det:  85%|████████▌ | 154/181 [00:02<00:00, 86.91it/s][A[AOCR-det:  87%|████████▋ | 146/168 [00:02<00:00, 90.86it/s]
OCR-det:  63%|██████▎   | 83/131 [00:01<00:00, 71.28it/s][AOCR-det:  95%|█████████▌| 160/168 [00:02<00:00, 78.05it/s]
OCR-det:  70%|███████   | 92/131 [00:01<00:00, 72.50it/s][AOCR-det: 100%|██████████| 168/168 [00:02<00:00, 68.27it/s]
Processing pages:   0%|          | 0/10 [00:00<?, ?it/s]

OCR-det:  91%|█████████ | 165/181 [00:02<00:00, 60.29it/s][A[A
OCR-det:  77%|███████▋  | 101/131 [00:01<00:00, 63.61it/s][AProcessing pages:  10%|█         | 1/10 [00:00<00:01,  4.78it/s]

OCR-det:  97%|█████████▋| 176/181 [00:03<00:00, 51.75it/s][A[AProcessing pages:  20%|██        | 2/10 [00:00<00:01,  4.79it/s]
OCR-det:  83%|████████▎ | 109/131 [00:02<00:00, 45.79it/s][AOCR-det: 100%|██████████| 181/181 [00:03<00:00, 54.55it/s]
Processing pages:  30%|███       | 3/10 [00:00<00:01,  4.62it/s]
OCR-det:  88%|████████▊ | 115/131 [00:02<00:00, 36.75it/s][AProcessing pages:  40%|████      | 4/10 [00:00<00:01,  5.32it/s]Processing pages:  50%|█████     | 5/10 [00:00<00:00,  5.53it/s]
OCR-det:  92%|█████████▏| 120/131 [00:02<00:00, 31.62it/s][AProcessing pages:  60%|██████    | 6/10 [00:01<00:00,  5.85it/s]
OCR-det:  98%|█████████▊| 128/131 [00:02<00:00, 35.66it/s][AProcessing pages:  70%|███████   | 7/10 [00:01<00:00,  6.50it/s]OCR-det: 100%|██████████| 131/131 [00:03<00:00, 42.54it/s]
Processing pages:  80%|████████  | 8/10 [00:01<00:00,  6.25it/s]Processing pages:  90%|█████████ | 9/10 [00:01<00:00,  6.49it/s]Processing pages: 100%|██████████| 10/10 [00:01<00:00,  6.55it/s]Processing pages: 100%|██████████| 10/10 [00:01<00:00,  5.92it/s]
OCR-rec Predict:   0%|          | 0/2 [00:00<?, ?it/s]INFO:     127.0.0.1:36316 - "GET /tasks/e496a552-c210-48ad-9dd5-907e6656e9a9 HTTP/1.1" 200 OK

Processing pages:   0%|          | 0/10 [00:00<?, ?it/s][AINFO:     127.0.0.1:55908 - "GET /tasks/f71b604b-56f3-4821-8f9f-114e44eb7bc7 HTTP/1.1" 200 OK
INFO:     127.0.0.1:60042 - "GET /tasks/b6345d00-501a-4e47-86a2-4cda0784452c HTTP/1.1" 200 OK
OCR-rec Predict: 100%|██████████| 2/2 [00:00<00:00, 34.14it/s]

Processing pages:  10%|█         | 1/10 [00:00<00:01,  6.16it/s][A
Processing pages:  20%|██        | 2/10 [00:00<00:02,  3.08it/s][A
Processing pages:  30%|███       | 3/10 [00:00<00:01,  4.16it/s][A
Processing pages:  40%|████      | 4/10 [00:00<00:01,  4.95it/s][A
Processing pages:  50%|█████     | 5/10 [00:00<00:00,  5.85it/s][A
Processing pages:  60%|██████    | 6/10 [00:01<00:00,  6.32it/s][A
Processing pages:  70%|███████   | 7/10 [00:01<00:00,  6.79it/s][A
Processing pages:  80%|████████  | 8/10 [00:01<00:00,  6.83it/s][A
Processing pages:  90%|█████████ | 9/10 [00:01<00:00,  6.78it/s][A
Processing pages: 100%|██████████| 10/10 [00:01<00:00,  6.56it/s][AProcessing pages: 100%|██████████| 10/10 [00:01<00:00,  5.82it/s]
Processing pages:   0%|          | 0/10 [00:00<?, ?it/s]
OCR-rec Predict:   0%|          | 0/1 [00:00<?, ?it/s][AOCR-rec Predict: 100%|██████████| 1/1 [00:00<00:00, 55.26it/s]
Processing pages:  10%|█         | 1/10 [00:00<00:01,  7.33it/s]Processing pages:  20%|██        | 2/10 [00:00<00:01,  6.53it/s]Processing pages:  30%|███       | 3/10 [00:00<00:02,  3.47it/s]Processing pages:  40%|████      | 4/10 [00:00<00:01,  4.17it/s]Processing pages:  50%|█████     | 5/10 [00:01<00:01,  4.79it/s]Processing pages:  60%|██████    | 6/10 [00:01<00:00,  5.40it/s]Processing pages:  70%|███████   | 7/10 [00:01<00:00,  5.77it/s]Processing pages:  80%|████████  | 8/10 [00:01<00:00,  5.99it/s]Processing pages:  90%|█████████ | 9/10 [00:01<00:00,  6.17it/s]Processing pages: 100%|██████████| 10/10 [00:01<00:00,  6.27it/s]Processing pages: 100%|██████████| 10/10 [00:01<00:00,  5.50it/s]
OCR-rec Predict:   0%|          | 0/1 [00:00<?, ?it/s]INFO:     127.0.0.1:60042 - "GET /tasks/b6345d00-501a-4e47-86a2-4cda0784452c HTTP/1.1" 200 OK
INFO:     127.0.0.1:55908 - "GET /tasks/e496a552-c210-48ad-9dd5-907e6656e9a9 HTTP/1.1" 200 OK
INFO:     127.0.0.1:36316 - "GET /tasks/f71b604b-56f3-4821-8f9f-114e44eb7bc7 HTTP/1.1" 200 OK
OCR-rec Predict: 100%|██████████| 1/1 [00:00<00:00,  1.26it/s]OCR-rec Predict: 100%|██████████| 1/1 [00:00<00:00,  1.26it/s]
INFO:     127.0.0.1:55908 - "GET /tasks/b6345d00-501a-4e47-86a2-4cda0784452c HTTP/1.1" 200 OK
INFO:     127.0.0.1:60042 - "GET /tasks/f71b604b-56f3-4821-8f9f-114e44eb7bc7 HTTP/1.1" 200 OK
INFO:     127.0.0.1:36316 - "GET /tasks/e496a552-c210-48ad-9dd5-907e6656e9a9 HTTP/1.1" 200 OK
INFO:     127.0.0.1:55908 - "GET /tasks/b6345d00-501a-4e47-86a2-4cda0784452c/result HTTP/1.1" 200 OK
INFO:     127.0.0.1:36316 - "GET /tasks/e496a552-c210-48ad-9dd5-907e6656e9a9/result HTTP/1.1" 200 OK
INFO:     127.0.0.1:60042 - "GET /tasks/f71b604b-56f3-4821-8f9f-114e44eb7bc7/result HTTP/1.1" 200 OK
INFO:     127.0.0.1:55908 - "POST /tasks HTTP/1.1" 202 Accepted
INFO:     127.0.0.1:55908 - "GET /tasks/4ee9e8b2-bdb4-473a-be54-7c7ecd07d814 HTTP/1.1" 200 OK
INFO:     127.0.0.1:60042 - "POST /tasks HTTP/1.1" 202 Accepted
INFO:     127.0.0.1:55908 - "GET /tasks/c8bb3586-d3bc-4a35-a044-d3d29c8f6803 HTTP/1.1" 200 OK
2026-09-28 11:56:01.986 | INFO     | mineru.utils.engine_utils:get_vlm_engine:34 - Using vllm-async-engine as the inference engine for VLM.
2026-09-28 11:56:02.044 | INFO     | mineru.utils.engine_utils:get_vlm_engine:34 - Using vllm-async-engine as the inference engine for VLM.
2026-09-28 11:56:02.623 | INFO     | mineru.backend.hybrid.hybrid_analyze:aio_doc_analyze:1139 - Hybrid processing-window run. page_count=10, window_size=64, total_windows=1
2026-09-28 11:56:02.623 | INFO     | mineru.backend.hybrid.hybrid_analyze:get_batch_ratio:875 - hybrid batch ratio (auto, vram=40GB): 16
2026-09-28 11:56:03.154 | INFO     | mineru.backend.hybrid.hybrid_analyze:aio_doc_analyze:1139 - Hybrid processing-window run. page_count=10, window_size=64, total_windows=1
2026-09-28 11:56:03.154 | INFO     | mineru.backend.hybrid.hybrid_analyze:get_batch_ratio:875 - hybrid batch ratio (auto, vram=40GB): 16
INFO:     127.0.0.1:36316 - "POST /tasks HTTP/1.1" 202 Accepted
INFO:     127.0.0.1:55908 - "GET /tasks/800c5f7a-c7f8-4b00-8e50-d48ab9e3fe1f HTTP/1.1" 200 OK
2026-09-28 11:56:03.370 | INFO     | mineru.utils.engine_utils:get_vlm_engine:34 - Using vllm-async-engine as the inference engine for VLM.
2026-09-28 11:56:04.343 | INFO     | mineru.backend.hybrid.hybrid_analyze:aio_doc_analyze:1139 - Hybrid processing-window run. page_count=10, window_size=64, total_windows=1
2026-09-28 11:56:04.343 | INFO     | mineru.backend.hybrid.hybrid_analyze:get_batch_ratio:875 - hybrid batch ratio (auto, vram=40GB): 16
2026-09-28 11:56:04.345 | INFO     | mineru.backend.hybrid.hybrid_analyze:aio_doc_analyze:1161 - Hybrid processing window 1/1: pages 1-10/10 (10 pages)
2026-09-28 11:56:04.345 | INFO     | mineru.backend.hybrid.hybrid_analyze:aio_doc_analyze:1161 - Hybrid processing window 1/1: pages 1-10/10 (10 pages)
Layout Predict:   0%|          | 0/10 [00:00<?, ?it/s]
Layout Predict:   0%|          | 0/10 [00:00<?, ?it/s][AINFO:     127.0.0.1:36316 - "GET /tasks/c8bb3586-d3bc-4a35-a044-d3d29c8f6803 HTTP/1.1" 200 OK
INFO:     127.0.0.1:55908 - "GET /tasks/4ee9e8b2-bdb4-473a-be54-7c7ecd07d814 HTTP/1.1" 200 OK

Layout Predict:  80%|████████  | 8/10 [00:00<00:00, 22.43it/s][ALayout Predict:  80%|████████  | 8/10 [00:00<00:00, 21.62it/s]Layout Predict: 100%|██████████| 10/10 [00:00<00:00, 20.91it/s]

Table orientation det:   0%|          | 0/4 [00:00<?, ?it/s][ALayout Predict: 100%|██████████| 10/10 [00:00<00:00, 20.50it/s]
Table orientation det:   0%|          | 0/3 [00:00<?, ?it/s]
Table orientation det:  50%|█████     | 2/4 [00:00<00:00, 17.67it/s][ATable orientation det: 100%|██████████| 3/3 [00:00<00:00, 14.29it/s]Table orientation score: 100%|██████████| 3/3 [00:00<00:00, 14.29it/s]Table orientation score: 100%|██████████| 3/3 [00:00<00:00, 14.29it/s]Table orientation: 100%|██████████| 3/3 [00:00<00:00, 14.29it/s]      Table orientation: 100%|██████████| 3/3 [00:00<00:00, 14.29it/s]Table orientation: 100%|██████████| 3/3 [00:00<00:00, 14.19it/s]
External Layout Extraction:   0%|          | 0/3 [00:00<?, ?it/s]
Table orientation det: 100%|██████████| 4/4 [00:00<00:00, 13.62it/s][A
Table orientation score: 100%|██████████| 4/4 [00:00<00:00, 13.62it/s][A
Table orientation score: 100%|██████████| 4/4 [00:00<00:00, 13.62it/s][A
Table orientation: 100%|██████████| 4/4 [00:00<00:00, 13.62it/s]      [A
Table orientation: 100%|██████████| 4/4 [00:00<00:00, 13.62it/s][ATable orientation: 100%|██████████| 4/4 [00:00<00:00, 14.01it/s]

External Layout Extraction:   0%|          | 0/8 [00:00<?, ?it/s][AINFO:     127.0.0.1:55908 - "GET /tasks/800c5f7a-c7f8-4b00-8e50-d48ab9e3fe1f HTTP/1.1" 200 OK

External Layout Extraction:  25%|██▌       | 2/8 [00:00<00:00,  8.64it/s][A2026-09-28 11:56:05.416 | INFO     | mineru.backend.hybrid.hybrid_analyze:aio_doc_analyze:1161 - Hybrid processing window 1/1: pages 1-10/10 (10 pages)


Layout Predict:   0%|          | 0/10 [00:00<?, ?it/s][A[A
External Layout Extraction:  50%|█████     | 4/8 [00:00<00:00, 11.60it/s][AExternal Layout Extraction:  33%|███▎      | 1/3 [00:00<00:00,  2.14it/s]

Layout Predict:  80%|████████  | 8/10 [00:00<00:00, 25.82it/s][A[ALayout Predict: 100%|██████████| 10/10 [00:00<00:00, 23.80it/s]


Table orientation det:   0%|          | 0/2 [00:00<?, ?it/s][A[A

Table orientation score: 100%|██████████| 2/2 [00:00<00:00, 23.14it/s][A[A

Table orientation score: 100%|██████████| 2/2 [00:00<00:00, 23.05it/s][A[A

Table orientation: 100%|██████████| 2/2 [00:00<00:00, 23.03it/s]      [A[A

Table orientation: 100%|██████████| 2/2 [00:00<00:00, 23.02it/s][A[ATable orientation: 100%|██████████| 2/2 [00:00<00:00, 23.00it/s]


External Layout Extraction:   0%|          | 0/16 [00:00<?, ?it/s][A[A

External Layout Extraction:  44%|████▍     | 7/16 [00:00<00:00, 42.69it/s][A[AExternal Layout Extraction:  67%|██████▋   | 2/3 [00:01<00:00,  1.81it/s]
External Layout Extraction:  75%|███████▌  | 6/8 [00:01<00:00,  4.88it/s][AINFO:     127.0.0.1:55908 - "GET /tasks/c8bb3586-d3bc-4a35-a044-d3d29c8f6803 HTTP/1.1" 200 OK
INFO:     127.0.0.1:36316 - "GET /tasks/4ee9e8b2-bdb4-473a-be54-7c7ecd07d814 HTTP/1.1" 200 OK


External Layout Extraction:  75%|███████▌  | 12/16 [00:00<00:00, 25.99it/s][A[A
External Layout Extraction:  88%|████████▊ | 7/8 [00:01<00:00,  3.57it/s][A
External Layout Extraction: 100%|██████████| 8/8 [00:01<00:00,  4.09it/s][AExternal Layout Extraction: 100%|██████████| 8/8 [00:01<00:00,  4.68it/s]

MFR Predict:   0%|          | 0/24 [00:00<?, ?it/s][A

External Layout Extraction:  94%|█████████▍| 15/16 [00:01<00:00,  9.34it/s][A[A
MFR Predict:  67%|██████▋   | 16/24 [00:00<00:00, 57.91it/s][AINFO:     127.0.0.1:55908 - "GET /tasks/800c5f7a-c7f8-4b00-8e50-d48ab9e3fe1f HTTP/1.1" 200 OK
External Layout Extraction: 100%|██████████| 16/16 [00:01<00:00, 11.59it/s]


MFR Predict:   0%|          | 0/47 [00:00<?, ?it/s][A[A

MFR Predict:  68%|██████▊   | 32/47 [00:00<00:00, 54.25it/s][A[AINFO:     127.0.0.1:55908 - "GET /tasks/c8bb3586-d3bc-4a35-a044-d3d29c8f6803 HTTP/1.1" 200 OK
INFO:     127.0.0.1:36316 - "GET /tasks/4ee9e8b2-bdb4-473a-be54-7c7ecd07d814 HTTP/1.1" 200 OK

MFR Predict: 100%|██████████| 24/24 [00:01<00:00, 12.73it/s][AMFR Predict: 100%|██████████| 24/24 [00:01<00:00, 15.08it/s]

OCR-det:   0%|          | 0/135 [00:00<?, ?it/s][A
OCR-det:   1%|          | 1/135 [00:00<01:20,  1.66it/s][A
OCR-det:   3%|▎         | 4/135 [00:00<00:18,  6.96it/s][A

MFR Predict: 100%|██████████| 47/47 [00:01<00:00, 21.55it/s][A[AMFR Predict: 100%|██████████| 47/47 [00:01<00:00, 24.58it/s]
INFO:     127.0.0.1:55908 - "GET /tasks/800c5f7a-c7f8-4b00-8e50-d48ab9e3fe1f HTTP/1.1" 200 OK


OCR-det:   0%|          | 0/140 [00:00<?, ?it/s][A[A
OCR-det:   7%|▋         | 9/135 [00:00<00:08, 15.73it/s][A
OCR-det:  15%|█▍        | 20/135 [00:00<00:03, 36.72it/s][A
OCR-det:  24%|██▎       | 32/135 [00:01<00:01, 52.79it/s][A
OCR-det:  35%|███▍      | 47/135 [00:01<00:01, 72.93it/s][A
OCR-det:  43%|████▎     | 58/135 [00:01<00:01, 75.78it/s][AExternal Layout Extraction: 100%|██████████| 3/3 [00:04<00:00,  2.02s/it]External Layout Extraction: 100%|██████████| 3/3 [00:04<00:00,  1.61s/it]
MFR Predict:   0%|          | 0/57 [00:00<?, ?it/s]
OCR-det:  53%|█████▎    | 71/135 [00:01<00:00, 65.40it/s][A

OCR-det:   1%|          | 1/140 [00:00<01:46,  1.30it/s][A[A

OCR-det:   5%|▌         | 7/140 [00:00<00:12, 10.38it/s][A[A
OCR-det:  61%|██████    | 82/135 [00:01<00:00, 70.39it/s][AMFR Predict:  56%|█████▌    | 32/57 [00:00<00:00, 118.43it/s]
OCR-det:  67%|██████▋   | 90/135 [00:01<00:00, 71.51it/s][A

OCR-det:  11%|█         | 15/140 [00:01<00:05, 21.70it/s][A[AINFO:     127.0.0.1:55908 - "GET /tasks/c8bb3586-d3bc-4a35-a044-d3d29c8f6803 HTTP/1.1" 200 OK
INFO:     127.0.0.1:36316 - "GET /tasks/4ee9e8b2-bdb4-473a-be54-7c7ecd07d814 HTTP/1.1" 200 OK


OCR-det:  19%|█▊        | 26/140 [00:01<00:03, 36.10it/s][A[A
OCR-det:  73%|███████▎  | 98/135 [00:01<00:00, 62.14it/s][A

OCR-det:  27%|██▋       | 38/140 [00:01<00:01, 52.53it/s][A[A
OCR-det:  79%|███████▊  | 106/135 [00:02<00:00, 60.57it/s][A

OCR-det:  39%|███▊      | 54/140 [00:01<00:01, 69.97it/s][A[A
OCR-det:  84%|████████▎ | 113/135 [00:02<00:00, 54.02it/s][A

OCR-det:  46%|████▌     | 64/140 [00:01<00:01, 71.32it/s][A[A

OCR-det:  53%|█████▎    | 74/140 [00:01<00:00, 75.82it/s][A[A
OCR-det:  88%|████████▊ | 119/135 [00:02<00:00, 44.87it/s][A
OCR-det:  96%|█████████▋| 130/135 [00:02<00:00, 54.91it/s][A

OCR-det:  61%|██████    | 85/140 [00:01<00:00, 72.73it/s][A[AOCR-det: 100%|██████████| 135/135 [00:02<00:00, 49.50it/s]

Processing pages:   0%|          | 0/10 [00:00<?, ?it/s][A

OCR-det:  69%|██████▊   | 96/140 [00:02<00:00, 58.55it/s][A[A
Processing pages:  10%|█         | 1/10 [00:00<00:02,  3.94it/s][A

OCR-det:  80%|████████  | 112/140 [00:02<00:00, 70.47it/s][A[AMFR Predict: 100%|██████████| 57/57 [00:01<00:00, 29.65it/s] MFR Predict: 100%|██████████| 57/57 [00:01<00:00, 33.93it/s]
OCR-det:   0%|          | 0/148 [00:00<?, ?it/s]

OCR-det:  86%|████████▌ | 120/140 [00:02<00:00, 67.01it/s][A[A
Processing pages:  20%|██        | 2/10 [00:00<00:01,  4.17it/s][A
Processing pages:  30%|███       | 3/10 [00:00<00:01,  4.98it/s][A

OCR-det:  96%|█████████▋| 135/140 [00:02<00:00, 61.65it/s][A[AOCR-det: 100%|██████████| 140/140 [00:02<00:00, 51.96it/s]

Processing pages:  40%|████      | 4/10 [00:00<00:01,  4.68it/s][A
Processing pages:  50%|█████     | 5/10 [00:01<00:00,  5.20it/s][A
Processing pages:  60%|██████    | 6/10 [00:01<00:00,  5.81it/s][A
Processing pages:  70%|███████   | 7/10 [00:01<00:00,  5.97it/s][A
Processing pages:  80%|████████  | 8/10 [00:01<00:00,  6.09it/s][AOCR-det:   1%|          | 1/148 [00:01<02:50,  1.16s/it]
Processing pages:  90%|█████████ | 9/10 [00:01<00:00,  6.11it/s][AOCR-det:   5%|▍         | 7/148 [00:01<00:19,  7.21it/s]
Processing pages: 100%|██████████| 10/10 [00:01<00:00,  5.79it/s][AProcessing pages: 100%|██████████| 10/10 [00:01<00:00,  5.47it/s]

OCR-rec Predict:   0%|          | 0/1 [00:00<?, ?it/s][AINFO:     127.0.0.1:55908 - "GET /tasks/800c5f7a-c7f8-4b00-8e50-d48ab9e3fe1f HTTP/1.1" 200 OK


Processing pages:   0%|          | 0/10 [00:00<?, ?it/s][A[AINFO:     127.0.0.1:36316 - "GET /tasks/c8bb3586-d3bc-4a35-a044-d3d29c8f6803 HTTP/1.1" 200 OK
INFO:     127.0.0.1:36462 - "GET /tasks/4ee9e8b2-bdb4-473a-be54-7c7ecd07d814 HTTP/1.1" 200 OK
OCR-rec Predict: 100%|██████████| 1/1 [00:00<00:00, 49.55it/s]
OCR-det:  14%|█▍        | 21/148 [00:01<00:08, 15.60it/s]

Processing pages:  10%|█         | 1/10 [00:00<00:03,  2.25it/s][A[AOCR-det:  18%|█▊        | 27/148 [00:01<00:05, 20.26it/s]

Processing pages:  20%|██        | 2/10 [00:00<00:02,  3.30it/s][A[AOCR-det:  34%|███▍      | 50/148 [00:02<00:02, 42.85it/s]

Processing pages:  30%|███       | 3/10 [00:00<00:01,  3.87it/s][A[AOCR-det:  39%|███▉      | 58/148 [00:02<00:02, 42.42it/s]

Processing pages:  40%|████      | 4/10 [00:01<00:01,  4.32it/s][A[AOCR-det:  50%|█████     | 74/148 [00:02<00:01, 52.35it/s]OCR-det:  55%|█████▍    | 81/148 [00:02<00:01, 51.14it/s]

Processing pages:  50%|█████     | 5/10 [00:01<00:01,  4.77it/s][A[A

Processing pages:  60%|██████    | 6/10 [00:01<00:00,  5.03it/s][A[AOCR-det:  60%|██████    | 89/148 [00:02<00:01, 48.53it/s]

Processing pages:  70%|███████   | 7/10 [00:01<00:00,  5.42it/s][A[AOCR-det:  70%|███████   | 104/148 [00:03<00:00, 59.80it/s]

Processing pages:  80%|████████  | 8/10 [00:01<00:00,  5.39it/s][A[AOCR-det:  78%|███████▊  | 115/148 [00:03<00:00, 59.46it/s]

Processing pages:  90%|█████████ | 9/10 [00:01<00:00,  5.48it/s][A[AOCR-det:  86%|████████▌ | 127/148 [00:03<00:00, 60.87it/s]

Processing pages: 100%|██████████| 10/10 [00:02<00:00,  5.57it/s][A[AProcessing pages: 100%|██████████| 10/10 [00:02<00:00,  4.80it/s]
INFO:     127.0.0.1:36316 - "GET /tasks/c8bb3586-d3bc-4a35-a044-d3d29c8f6803 HTTP/1.1" 200 OK
INFO:     127.0.0.1:55908 - "GET /tasks/800c5f7a-c7f8-4b00-8e50-d48ab9e3fe1f HTTP/1.1" 200 OK
INFO:     127.0.0.1:36462 - "GET /tasks/4ee9e8b2-bdb4-473a-be54-7c7ecd07d814 HTTP/1.1" 200 OK
OCR-det:  91%|█████████ | 134/148 [00:04<00:00, 23.99it/s]OCR-det:  95%|█████████▍| 140/148 [00:04<00:00, 26.91it/s]OCR-det: 100%|██████████| 148/148 [00:04<00:00, 32.42it/s]
Processing pages:   0%|          | 0/10 [00:00<?, ?it/s]Processing pages:  10%|█         | 1/10 [00:00<00:01,  7.05it/s]Processing pages:  20%|██        | 2/10 [00:00<00:01,  6.58it/s]Processing pages:  30%|███       | 3/10 [00:00<00:01,  6.65it/s]Processing pages:  40%|████      | 4/10 [00:00<00:00,  6.70it/s]Processing pages:  50%|█████     | 5/10 [00:00<00:00,  6.61it/s]Processing pages:  60%|██████    | 6/10 [00:00<00:00,  6.87it/s]Processing pages:  70%|███████   | 7/10 [00:01<00:00,  6.78it/s]Processing pages:  80%|████████  | 8/10 [00:01<00:00,  7.03it/s]Processing pages:  90%|█████████ | 9/10 [00:01<00:00,  6.85it/s]Processing pages: 100%|██████████| 10/10 [00:01<00:00,  6.81it/s]Processing pages: 100%|██████████| 10/10 [00:01<00:00,  6.79it/s]
OCR-rec Predict:   0%|          | 0/2 [00:00<?, ?it/s]INFO:     127.0.0.1:36462 - "GET /tasks/800c5f7a-c7f8-4b00-8e50-d48ab9e3fe1f HTTP/1.1" 200 OK
INFO:     127.0.0.1:55908 - "GET /tasks/c8bb3586-d3bc-4a35-a044-d3d29c8f6803 HTTP/1.1" 200 OK
INFO:     127.0.0.1:36316 - "GET /tasks/4ee9e8b2-bdb4-473a-be54-7c7ecd07d814 HTTP/1.1" 200 OK
OCR-rec Predict: 100%|██████████| 2/2 [00:00<00:00, 112.04it/s]
INFO:     127.0.0.1:55908 - "GET /tasks/c8bb3586-d3bc-4a35-a044-d3d29c8f6803/result HTTP/1.1" 200 OK
INFO:     127.0.0.1:36462 - "GET /tasks/800c5f7a-c7f8-4b00-8e50-d48ab9e3fe1f/result HTTP/1.1" 200 OK
INFO:     127.0.0.1:36316 - "POST /tasks HTTP/1.1" 202 Accepted
INFO:     127.0.0.1:36316 - "GET /tasks/9ce3d865-27f0-4ca4-952a-52f0a69c014b HTTP/1.1" 200 OK
2026-09-28 11:56:18.662 | INFO     | mineru.utils.engine_utils:get_vlm_engine:34 - Using vllm-async-engine as the inference engine for VLM.
INFO:     127.0.0.1:55908 - "POST /tasks HTTP/1.1" 202 Accepted
2026-09-28 11:56:19.351 | INFO     | mineru.backend.hybrid.hybrid_analyze:aio_doc_analyze:1139 - Hybrid processing-window run. page_count=10, window_size=64, total_windows=1
2026-09-28 11:56:19.352 | INFO     | mineru.backend.hybrid.hybrid_analyze:get_batch_ratio:875 - hybrid batch ratio (auto, vram=40GB): 16
INFO:     127.0.0.1:55908 - "GET /tasks/7e8dc41a-c2a7-4d88-843b-bfb7413d956b HTTP/1.1" 200 OK
2026-09-28 11:56:19.503 | INFO     | mineru.utils.engine_utils:get_vlm_engine:34 - Using vllm-async-engine as the inference engine for VLM.
2026-09-28 11:56:20.140 | INFO     | mineru.backend.hybrid.hybrid_analyze:aio_doc_analyze:1139 - Hybrid processing-window run. page_count=10, window_size=64, total_windows=1
2026-09-28 11:56:20.142 | INFO     | mineru.backend.hybrid.hybrid_analyze:get_batch_ratio:875 - hybrid batch ratio (auto, vram=40GB): 16
INFO:     127.0.0.1:55908 - "GET /tasks/4ee9e8b2-bdb4-473a-be54-7c7ecd07d814 HTTP/1.1" 200 OK
INFO:     127.0.0.1:55908 - "GET /tasks/4ee9e8b2-bdb4-473a-be54-7c7ecd07d814/result HTTP/1.1" 200 OK
INFO:     127.0.0.1:55908 - "POST /tasks HTTP/1.1" 202 Accepted
2026-09-28 11:56:20.553 | INFO     | mineru.backend.hybrid.hybrid_analyze:aio_doc_analyze:1161 - Hybrid processing window 1/1: pages 1-10/10 (10 pages)
Layout Predict:   0%|          | 0/10 [00:00<?, ?it/s]INFO:     127.0.0.1:55908 - "GET /tasks/94005838-968a-4acd-ae78-75f940f864c5 HTTP/1.1" 200 OK
INFO:     127.0.0.1:55908 - "GET /tasks/9ce3d865-27f0-4ca4-952a-52f0a69c014b HTTP/1.1" 200 OK
2026-09-28 11:56:20.670 | INFO     | mineru.utils.engine_utils:get_vlm_engine:34 - Using vllm-async-engine as the inference engine for VLM.
Layout Predict:  80%|████████  | 8/10 [00:00<00:00, 16.74it/s]Layout Predict: 100%|██████████| 10/10 [00:00<00:00, 13.86it/s]Layout Predict: 100%|██████████| 10/10 [00:00<00:00, 14.42it/s]
2026-09-28 11:56:21.795 | INFO     | mineru.backend.hybrid.hybrid_analyze:aio_doc_analyze:1139 - Hybrid processing-window run. page_count=10, window_size=64, total_windows=1
2026-09-28 11:56:21.795 | INFO     | mineru.backend.hybrid.hybrid_analyze:get_batch_ratio:875 - hybrid batch ratio (auto, vram=40GB): 16
2026-09-28 11:56:21.796 | INFO     | mineru.backend.hybrid.hybrid_analyze:aio_doc_analyze:1161 - Hybrid processing window 1/1: pages 1-10/10 (10 pages)
Layout Predict:   0%|          | 0/10 [00:00<?, ?it/s]INFO:     127.0.0.1:55908 - "GET /tasks/7e8dc41a-c2a7-4d88-843b-bfb7413d956b HTTP/1.1" 200 OK

Table orientation det:   0%|          | 0/8 [00:00<?, ?it/s][A
Table orientation det:  38%|███▊      | 3/8 [00:00<00:00, 15.45it/s][ALayout Predict:  80%|████████  | 8/10 [00:00<00:00, 32.34it/s]Layout Predict: 100%|██████████| 10/10 [00:00<00:00, 28.90it/s]
Table orientation det:   0%|          | 0/5 [00:00<?, ?it/s]
Table orientation det:  75%|███████▌  | 6/8 [00:00<00:00, 16.35it/s][ATable orientation det:  60%|██████    | 3/5 [00:00<00:00, 18.53it/s]
Table orientation det: 100%|██████████| 8/8 [00:00<00:00, 10.50it/s][A
Table orientation score: 100%|██████████| 8/8 [00:00<00:00, 10.50it/s][A
Table orientation score: 100%|██████████| 8/8 [00:00<00:00, 10.50it/s][A
Table orientation: 100%|██████████| 8/8 [00:00<00:00, 10.50it/s]      [A
Table orientation: 100%|██████████| 8/8 [00:00<00:00, 10.50it/s][ATable orientation: 100%|██████████| 8/8 [00:00<00:00, 11.67it/s]

External Layout Extraction:   0%|          | 0/10 [00:00<?, ?it/s][AINFO:     127.0.0.1:55908 - "GET /tasks/94005838-968a-4acd-ae78-75f940f864c5 HTTP/1.1" 200 OK
Table orientation det: 100%|██████████| 5/5 [00:00<00:00,  9.03it/s]Table orientation score: 100%|██████████| 5/5 [00:00<00:00,  9.03it/s]Table orientation score: 100%|██████████| 5/5 [00:00<00:00,  9.03it/s]Table orientation: 100%|██████████| 5/5 [00:00<00:00,  9.03it/s]      Table orientation: 100%|██████████| 5/5 [00:00<00:00,  9.03it/s]Table orientation: 100%|██████████| 5/5 [00:00<00:00,  9.93it/s]
INFO:     127.0.0.1:55908 - "GET /tasks/9ce3d865-27f0-4ca4-952a-52f0a69c014b HTTP/1.1" 200 OK
External Layout Extraction:   0%|          | 0/18 [00:00<?, ?it/s]2026-09-28 11:56:22.877 | INFO     | mineru.backend.hybrid.hybrid_analyze:aio_doc_analyze:1161 - Hybrid processing window 1/1: pages 1-10/10 (10 pages)


Layout Predict:   0%|          | 0/10 [00:00<?, ?it/s][A[AExternal Layout Extraction:  11%|█         | 2/18 [00:00<00:02,  6.19it/s]
External Layout Extraction:  10%|█         | 1/10 [00:00<00:05,  1.55it/s][AExternal Layout Extraction:  39%|███▉      | 7/18 [00:00<00:00, 14.79it/s]

Layout Predict:  80%|████████  | 8/10 [00:00<00:00, 23.81it/s][A[ALayout Predict: 100%|██████████| 10/10 [00:00<00:00, 22.48it/s]

External Layout Extraction:  30%|███       | 3/10 [00:00<00:01,  4.31it/s][A

Table orientation det:   0%|          | 0/5 [00:00<?, ?it/s][A[AExternal Layout Extraction:  61%|██████    | 11/18 [00:00<00:00, 19.13it/s]

Table orientation det:  60%|██████    | 3/5 [00:00<00:00, 27.12it/s][A[A
External Layout Extraction:  50%|█████     | 5/10 [00:00<00:00,  6.95it/s][A

Table orientation score: 100%|██████████| 5/5 [00:00<00:00, 27.12it/s][A[A

Table orientation score: 100%|██████████| 5/5 [00:00<00:00, 27.12it/s][A[A

Table orientation: 100%|██████████| 5/5 [00:00<00:00, 27.12it/s]      [A[A

Table orientation: 100%|██████████| 5/5 [00:00<00:00, 27.12it/s][A[ATable orientation: 100%|██████████| 5/5 [00:00<00:00, 30.04it/s]


External Layout Extraction:   0%|          | 0/15 [00:00<?, ?it/s][A[A

External Layout Extraction:   7%|▋         | 1/15 [00:00<00:02,  6.58it/s][A[A

External Layout Extraction:  53%|█████▎    | 8/15 [00:00<00:00, 37.14it/s][A[AINFO:     127.0.0.1:55908 - "GET /tasks/7e8dc41a-c2a7-4d88-843b-bfb7413d956b HTTP/1.1" 200 OK

External Layout Extraction:  70%|███████   | 7/10 [00:01<00:00,  6.29it/s][A

External Layout Extraction:  87%|████████▋ | 13/15 [00:00<00:00, 13.42it/s][A[AINFO:     127.0.0.1:55908 - "GET /tasks/94005838-968a-4acd-ae78-75f940f864c5 HTTP/1.1" 200 OK
INFO:     127.0.0.1:55908 - "GET /tasks/9ce3d865-27f0-4ca4-952a-52f0a69c014b HTTP/1.1" 200 OK
External Layout Extraction: 100%|██████████| 15/15 [00:01<00:00, 12.77it/s]


MFR Predict:   0%|          | 0/89 [00:00<?, ?it/s][A[AExternal Layout Extraction:  78%|███████▊  | 14/18 [00:02<00:00,  4.77it/s]
External Layout Extraction:  80%|████████  | 8/10 [00:02<00:00,  2.55it/s][A

MFR Predict:  72%|███████▏  | 64/89 [00:00<00:00, 68.16it/s][A[AExternal Layout Extraction:  89%|████████▉ | 16/18 [00:03<00:00,  3.95it/s]INFO:     127.0.0.1:55908 - "GET /tasks/7e8dc41a-c2a7-4d88-843b-bfb7413d956b HTTP/1.1" 200 OK

External Layout Extraction:  90%|█████████ | 9/10 [00:03<00:00,  1.83it/s][AExternal Layout Extraction:  94%|█████████▍| 17/18 [00:03<00:00,  3.26it/s]External Layout Extraction: 100%|██████████| 18/18 [00:03<00:00,  4.85it/s]
MFR Predict:   0%|          | 0/46 [00:00<?, ?it/s]INFO:     127.0.0.1:55908 - "GET /tasks/94005838-968a-4acd-ae78-75f940f864c5 HTTP/1.1" 200 OK
INFO:     127.0.0.1:55908 - "GET /tasks/9ce3d865-27f0-4ca4-952a-52f0a69c014b HTTP/1.1" 200 OK
MFR Predict:  70%|██████▉   | 32/46 [00:00<00:00, 58.55it/s]

MFR Predict: 100%|██████████| 89/89 [00:02<00:00, 30.83it/s][A[AMFR Predict: 100%|██████████| 89/89 [00:02<00:00, 34.95it/s]


OCR-det:   0%|          | 0/134 [00:00<?, ?it/s][A[AINFO:     127.0.0.1:55908 - "GET /tasks/7e8dc41a-c2a7-4d88-843b-bfb7413d956b HTTP/1.1" 200 OK


OCR-det:   1%|          | 1/134 [00:00<01:20,  1.66it/s][A[AMFR Predict: 100%|██████████| 46/46 [00:01<00:00, 25.63it/s]MFR Predict: 100%|██████████| 46/46 [00:01<00:00, 29.03it/s]


OCR-det:   6%|▌         | 8/134 [00:00<00:08, 14.72it/s][A[AOCR-det:   0%|          | 0/124 [00:00<?, ?it/s]

OCR-det:  13%|█▎        | 17/134 [00:00<00:03, 30.35it/s][A[A

OCR-det:  22%|██▏       | 30/134 [00:00<00:02, 50.41it/s][A[A

OCR-det:  36%|███▌      | 48/134 [00:01<00:01, 81.03it/s][A[A

OCR-det:  46%|████▋     | 62/134 [00:01<00:00, 89.89it/s][A[AINFO:     127.0.0.1:55908 - "GET /tasks/94005838-968a-4acd-ae78-75f940f864c5 HTTP/1.1" 200 OK
OCR-det:   2%|▏         | 2/124 [00:00<00:34,  3.57it/s]INFO:     127.0.0.1:55908 - "GET /tasks/9ce3d865-27f0-4ca4-952a-52f0a69c014b HTTP/1.1" 200 OK


OCR-det:  56%|█████▌    | 75/134 [00:01<00:00, 82.81it/s][A[AOCR-det:   6%|▌         | 7/124 [00:00<00:09, 12.93it/s]

OCR-det:  65%|██████▍   | 87/134 [00:01<00:00, 86.44it/s][A[AOCR-det:  10%|▉         | 12/124 [00:00<00:05, 21.06it/s]

OCR-det:  78%|███████▊  | 104/134 [00:01<00:00, 99.71it/s][A[AOCR-det:  18%|█▊        | 22/124 [00:00<00:02, 38.64it/s]OCR-det:  31%|███       | 38/124 [00:01<00:01, 65.55it/s]

OCR-det:  86%|████████▌ | 115/134 [00:01<00:00, 83.02it/s][A[AOCR-det:  40%|███▉      | 49/124 [00:01<00:01, 65.33it/s]OCR-det:  46%|████▌     | 57/124 [00:01<00:01, 63.97it/s]

OCR-det:  93%|█████████▎| 125/134 [00:02<00:00, 64.82it/s][A[AOCR-det:  52%|█████▏    | 65/124 [00:01<00:00, 65.70it/s]OCR-det:  60%|█████▉    | 74/124 [00:01<00:00, 64.80it/s]

OCR-det:  99%|█████████▉| 133/134 [00:02<00:00, 51.67it/s][A[AOCR-det: 100%|██████████| 134/134 [00:02<00:00, 57.17it/s]


Processing pages:   0%|          | 0/10 [00:00<?, ?it/s][A[A

Processing pages:  10%|█         | 1/10 [00:00<00:01,  6.56it/s][A[AOCR-det:  65%|██████▌   | 81/124 [00:01<00:00, 46.42it/s]

Processing pages:  20%|██        | 2/10 [00:00<00:01,  5.82it/s][A[AOCR-det:  73%|███████▎  | 90/124 [00:02<00:00, 45.63it/s]

Processing pages:  30%|███       | 3/10 [00:00<00:01,  5.50it/s][A[AOCR-det:  79%|███████▉  | 98/124 [00:02<00:00, 44.44it/s]

Processing pages:  40%|████      | 4/10 [00:00<00:01,  5.43it/s][A[AOCR-det:  84%|████████▍ | 104/124 [00:02<00:00, 41.34it/s]

Processing pages:  50%|█████     | 5/10 [00:00<00:00,  5.34it/s][A[AOCR-det:  97%|█████████▋| 120/124 [00:02<00:00, 55.24it/s]OCR-det: 100%|██████████| 124/124 [00:02<00:00, 46.89it/s]


Processing pages:  60%|██████    | 6/10 [00:01<00:00,  5.23it/s][A[A

Processing pages:  70%|███████   | 7/10 [00:01<00:00,  5.69it/s][A[A

Processing pages:  80%|████████  | 8/10 [00:01<00:00,  6.07it/s][A[A

Processing pages:  90%|█████████ | 9/10 [00:01<00:00,  6.21it/s][A[A

Processing pages: 100%|██████████| 10/10 [00:01<00:00,  6.61it/s][A[AProcessing pages: 100%|██████████| 10/10 [00:01<00:00,  5.96it/s]
INFO:     127.0.0.1:55908 - "GET /tasks/7e8dc41a-c2a7-4d88-843b-bfb7413d956b HTTP/1.1" 200 OK
Processing pages:   0%|          | 0/10 [00:00<?, ?it/s]INFO:     127.0.0.1:40688 - "GET /tasks/94005838-968a-4acd-ae78-75f940f864c5 HTTP/1.1" 200 OK
Processing pages:  10%|█         | 1/10 [00:00<00:01,  6.93it/s]Processing pages:  20%|██        | 2/10 [00:00<00:01,  6.81it/s]Processing pages:  30%|███       | 3/10 [00:00<00:01,  5.94it/s]Processing pages:  40%|████      | 4/10 [00:00<00:01,  5.25it/s]Processing pages:  50%|█████     | 5/10 [00:00<00:00,  5.91it/s]Processing pages:  60%|██████    | 6/10 [00:00<00:00,  6.40it/s]Processing pages:  70%|███████   | 7/10 [00:01<00:00,  6.91it/s]Processing pages:  80%|████████  | 8/10 [00:01<00:00,  7.26it/s]Processing pages:  90%|█████████ | 9/10 [00:01<00:00,  7.25it/s]Processing pages: 100%|██████████| 10/10 [00:01<00:00,  6.97it/s]Processing pages: 100%|██████████| 10/10 [00:01<00:00,  6.61it/s]
OCR-rec Predict:   0%|          | 0/2 [00:00<?, ?it/s]
External Layout Extraction: 100%|██████████| 10/10 [00:11<00:00,  2.40s/it][AExternal Layout Extraction: 100%|██████████| 10/10 [00:11<00:00,  1.11s/it]
INFO:     127.0.0.1:40696 - "GET /tasks/9ce3d865-27f0-4ca4-952a-52f0a69c014b HTTP/1.1" 200 OK

MFR Predict:   0%|          | 0/9 [00:00<?, ?it/s][AOCR-rec Predict: 100%|██████████| 2/2 [00:00<00:00,  4.41it/s]OCR-rec Predict: 100%|██████████| 2/2 [00:00<00:00,  4.41it/s]
INFO:     127.0.0.1:40688 - "GET /tasks/94005838-968a-4acd-ae78-75f940f864c5 HTTP/1.1" 200 OK
INFO:     127.0.0.1:55908 - "GET /tasks/7e8dc41a-c2a7-4d88-843b-bfb7413d956b HTTP/1.1" 200 OK
INFO:     127.0.0.1:40688 - "GET /tasks/94005838-968a-4acd-ae78-75f940f864c5/result HTTP/1.1" 200 OK
INFO:     127.0.0.1:55908 - "GET /tasks/7e8dc41a-c2a7-4d88-843b-bfb7413d956b/result HTTP/1.1" 200 OK
2026-09-28 11:56:34.383 | INFO     | mineru.utils.engine_utils:get_vlm_engine:34 - Using vllm-async-engine as the inference engine for VLM.
INFO:     127.0.0.1:40688 - "POST /tasks HTTP/1.1" 202 Accepted

MFR Predict:  89%|████████▉ | 8/9 [00:00<00:00,  9.14it/s][A
MFR Predict: 100%|██████████| 9/9 [00:01<00:00,  6.77it/s][AMFR Predict: 100%|██████████| 9/9 [00:01<00:00,  7.27it/s]
OCR-det:   0%|          | 0/130 [00:00<?, ?it/s]2026-09-28 11:56:35.185 | INFO     | mineru.backend.hybrid.hybrid_analyze:aio_doc_analyze:1139 - Hybrid processing-window run. page_count=10, window_size=64, total_windows=1
2026-09-28 11:56:35.185 | INFO     | mineru.backend.hybrid.hybrid_analyze:get_batch_ratio:875 - hybrid batch ratio (auto, vram=40GB): 16
INFO:     127.0.0.1:40688 - "GET /tasks/b7a5eb77-1383-4ae2-90ee-b742892e4447 HTTP/1.1" 200 OK
INFO:     127.0.0.1:55908 - "POST /tasks HTTP/1.1" 202 Accepted
INFO:     127.0.0.1:55908 - "GET /tasks/3e880cca-c99f-4486-a6ad-bcbab4fceaf6 HTTP/1.1" 200 OK
2026-09-28 11:56:35.341 | INFO     | mineru.utils.engine_utils:get_vlm_engine:34 - Using vllm-async-engine as the inference engine for VLM.
2026-09-28 11:56:35.877 | INFO     | mineru.backend.hybrid.hybrid_analyze:aio_doc_analyze:1139 - Hybrid processing-window run. page_count=10, window_size=64, total_windows=1
2026-09-28 11:56:35.877 | INFO     | mineru.backend.hybrid.hybrid_analyze:get_batch_ratio:875 - hybrid batch ratio (auto, vram=40GB): 16
INFO:     127.0.0.1:55908 - "GET /tasks/9ce3d865-27f0-4ca4-952a-52f0a69c014b HTTP/1.1" 200 OK
OCR-det:   3%|▎         | 4/130 [00:00<00:30,  4.08it/s]OCR-det:   6%|▌         | 8/130 [00:01<00:15,  7.65it/s]2026-09-28 11:56:36.229 | INFO     | mineru.backend.hybrid.hybrid_analyze:aio_doc_analyze:1161 - Hybrid processing window 1/1: pages 1-10/10 (10 pages)

Layout Predict:   0%|          | 0/10 [00:00<?, ?it/s][AOCR-det:   8%|▊         | 10/130 [00:01<00:13,  9.01it/s]OCR-det:  18%|█▊        | 24/130 [00:01<00:03, 27.93it/s]OCR-det:  22%|██▏       | 29/130 [00:01<00:03, 29.82it/s]
Layout Predict:  80%|████████  | 8/10 [00:00<00:00, 23.44it/s][AOCR-det:  31%|███       | 40/130 [00:01<00:02, 43.58it/s]2026-09-28 11:56:36.889 | INFO     | mineru.backend.hybrid.hybrid_analyze:aio_doc_analyze:1161 - Hybrid processing window 1/1: pages 1-10/10 (10 pages)


Layout Predict:   0%|          | 0/10 [00:00<?, ?it/s][A[AOCR-det:  35%|███▌      | 46/130 [00:01<00:02, 37.11it/s]Layout Predict: 100%|██████████| 10/10 [00:00<00:00, 14.77it/s]

Table orientation det:   0%|          | 0/4 [00:00<?, ?it/s][AOCR-det:  42%|████▏     | 55/130 [00:02<00:01, 46.14it/s]
Table orientation det:  50%|█████     | 2/4 [00:00<00:00, 11.63it/s][A
Table orientation score: 100%|██████████| 4/4 [00:00<00:00, 11.63it/s][A
Table orientation score: 100%|██████████| 4/4 [00:00<00:00, 11.63it/s][A
Table orientation: 100%|██████████| 4/4 [00:00<00:00, 11.63it/s]      [A
Table orientation: 100%|██████████| 4/4 [00:00<00:00, 11.63it/s][ATable orientation: 100%|██████████| 4/4 [00:00<00:00, 15.07it/s]

External Layout Extraction:   0%|          | 0/8 [00:00<?, ?it/s][AINFO:     127.0.0.1:55908 - "GET /tasks/b7a5eb77-1383-4ae2-90ee-b742892e4447 HTTP/1.1" 200 OK


Layout Predict:  80%|████████  | 8/10 [00:00<00:00, 22.84it/s][A[AOCR-det:  51%|█████     | 66/130 [00:02<00:01, 46.49it/s]INFO:     127.0.0.1:55908 - "GET /tasks/3e880cca-c99f-4486-a6ad-bcbab4fceaf6 HTTP/1.1" 200 OK
OCR-det:  58%|█████▊    | 76/130 [00:02<00:00, 55.47it/s]
External Layout Extraction:  25%|██▌       | 2/8 [00:00<00:00, 10.17it/s][ALayout Predict: 100%|██████████| 10/10 [00:00<00:00, 19.03it/s]


Table orientation det:   0%|          | 0/2 [00:00<?, ?it/s][A[AOCR-det:  65%|██████▍   | 84/130 [00:02<00:00, 56.47it/s]OCR-det:  72%|███████▏  | 94/130 [00:02<00:00, 63.89it/s]

Table orientation det: 100%|██████████| 2/2 [00:00<00:00,  7.61it/s][A[A

Table orientation score: 100%|██████████| 2/2 [00:00<00:00,  7.61it/s][A[A

Table orientation score: 100%|██████████| 2/2 [00:00<00:00,  7.61it/s][A[A

Table orientation: 100%|██████████| 2/2 [00:00<00:00,  7.61it/s]      [A[A

Table orientation: 100%|██████████| 2/2 [00:00<00:00,  7.61it/s][A[ATable orientation: 100%|██████████| 2/2 [00:00<00:00,  7.58it/s]


External Layout Extraction:   0%|          | 0/17 [00:00<?, ?it/s][A[AOCR-det:  78%|███████▊  | 102/130 [00:02<00:00, 53.35it/s]INFO:     127.0.0.1:55908 - "GET /tasks/9ce3d865-27f0-4ca4-952a-52f0a69c014b HTTP/1.1" 200 OK
OCR-det:  84%|████████▍ | 109/130 [00:02<00:00, 56.25it/s]

External Layout Extraction:  29%|██▉       | 5/17 [00:00<00:00, 19.08it/s][A[A
External Layout Extraction:  50%|█████     | 4/8 [00:00<00:00,  4.71it/s][AOCR-det:  89%|████████▉ | 116/130 [00:03<00:00, 48.91it/s]
External Layout Extraction:  75%|███████▌  | 6/8 [00:01<00:00,  5.65it/s][A

External Layout Extraction:  41%|████      | 7/17 [00:00<00:00, 11.17it/s][A[A

External Layout Extraction:  65%|██████▍   | 11/17 [00:00<00:00, 16.41it/s][A[AOCR-det:  94%|█████████▍| 122/130 [00:03<00:00, 36.96it/s]

External Layout Extraction:  76%|███████▋  | 13/17 [00:00<00:00, 15.72it/s][A[AOCR-det:  98%|█████████▊| 127/130 [00:03<00:00, 36.06it/s]OCR-det: 100%|██████████| 130/130 [00:03<00:00, 35.71it/s]
Processing pages:   0%|          | 0/10 [00:00<?, ?it/s]Processing pages:  10%|█         | 1/10 [00:00<00:01,  7.42it/s]Processing pages:  20%|██        | 2/10 [00:00<00:01,  6.84it/s]Processing pages:  30%|███       | 3/10 [00:00<00:01,  6.76it/s]Processing pages:  40%|████      | 4/10 [00:00<00:00,  7.37it/s]Processing pages:  50%|█████     | 5/10 [00:00<00:00,  7.06it/s]Processing pages:  60%|██████    | 6/10 [00:00<00:00,  6.81it/s]Processing pages:  70%|███████   | 7/10 [00:01<00:00,  6.85it/s]Processing pages:  80%|████████  | 8/10 [00:01<00:00,  6.75it/s]Processing pages:  90%|█████████ | 9/10 [00:01<00:00,  6.75it/s]Processing pages: 100%|██████████| 10/10 [00:01<00:00,  6.73it/s]Processing pages: 100%|██████████| 10/10 [00:01<00:00,  6.85it/s]
INFO:     127.0.0.1:40688 - "GET /tasks/3e880cca-c99f-4486-a6ad-bcbab4fceaf6 HTTP/1.1" 200 OK
INFO:     127.0.0.1:55908 - "GET /tasks/b7a5eb77-1383-4ae2-90ee-b742892e4447 HTTP/1.1" 200 OK
INFO:     127.0.0.1:43030 - "GET /tasks/9ce3d865-27f0-4ca4-952a-52f0a69c014b HTTP/1.1" 200 OK


External Layout Extraction:  88%|████████▊ | 15/17 [00:02<00:00,  3.05it/s][A[A
External Layout Extraction: 100%|██████████| 8/8 [00:03<00:00,  1.75it/s][AExternal Layout Extraction: 100%|██████████| 8/8 [00:03<00:00,  2.35it/s]
MFR Predict:   0%|          | 0/3 [00:00<?, ?it/s]MFR Predict:  67%|██████▋   | 2/3 [00:00<00:00, 12.83it/s]MFR Predict: 100%|██████████| 3/3 [00:00<00:00,  7.05it/s]
OCR-det:   0%|          | 0/154 [00:00<?, ?it/s]OCR-det:   1%|▏         | 2/154 [00:00<00:50,  3.00it/s]OCR-det:   8%|▊         | 12/154 [00:00<00:07, 19.60it/s]OCR-det:  14%|█▍        | 22/154 [00:00<00:03, 34.42it/s]OCR-det:  24%|██▍       | 37/154 [00:01<00:02, 57.54it/s]INFO:     127.0.0.1:55908 - "GET /tasks/3e880cca-c99f-4486-a6ad-bcbab4fceaf6 HTTP/1.1" 200 OK
INFO:     127.0.0.1:40688 - "GET /tasks/b7a5eb77-1383-4ae2-90ee-b742892e4447 HTTP/1.1" 200 OK
INFO:     127.0.0.1:55908 - "GET /tasks/9ce3d865-27f0-4ca4-952a-52f0a69c014b HTTP/1.1" 200 OK
OCR-det:  36%|███▋      | 56/154 [00:01<00:01, 84.19it/s]INFO:     127.0.0.1:55908 - "GET /tasks/9ce3d865-27f0-4ca4-952a-52f0a69c014b/result HTTP/1.1" 200 OK
INFO:     127.0.0.1:55908 - "POST /tasks HTTP/1.1" 202 Accepted
INFO:     127.0.0.1:55908 - "GET /tasks/db488db9-876e-4cf1-a495-1299452e55ea HTTP/1.1" 200 OK
2026-09-28 11:56:42.450 | INFO     | mineru.utils.engine_utils:get_vlm_engine:34 - Using vllm-async-engine as the inference engine for VLM.
OCR-det:  44%|████▍     | 68/154 [00:01<00:01, 60.33it/s]OCR-det:  50%|█████     | 77/154 [00:01<00:01, 63.21it/s]OCR-det:  58%|█████▊    | 89/154 [00:01<00:00, 70.35it/s]OCR-det:  66%|██████▌   | 102/154 [00:01<00:00, 62.52it/s]2026-09-28 11:56:43.086 | INFO     | mineru.backend.hybrid.hybrid_analyze:aio_doc_analyze:1139 - Hybrid processing-window run. page_count=10, window_size=64, total_windows=1
2026-09-28 11:56:43.086 | INFO     | mineru.backend.hybrid.hybrid_analyze:get_batch_ratio:875 - hybrid batch ratio (auto, vram=40GB): 16
OCR-det:  73%|███████▎  | 112/154 [00:02<00:00, 65.62it/s]OCR-det:  79%|███████▉  | 122/154 [00:02<00:00, 70.14it/s]OCR-det:  85%|████████▌ | 131/154 [00:02<00:00, 72.58it/s]OCR-det:  97%|█████████▋| 149/154 [00:02<00:00, 96.45it/s]OCR-det: 100%|██████████| 154/154 [00:02<00:00, 62.00it/s]
Processing pages:   0%|          | 0/10 [00:00<?, ?it/s]Processing pages:  10%|█         | 1/10 [00:00<00:02,  3.02it/s]Processing pages:  20%|██        | 2/10 [00:00<00:01,  4.60it/s]Processing pages:  30%|███       | 3/10 [00:00<00:01,  5.45it/s]Processing pages:  40%|████      | 4/10 [00:00<00:01,  5.85it/s]Processing pages:  50%|█████     | 5/10 [00:00<00:00,  6.16it/s]Processing pages:  60%|██████    | 6/10 [00:01<00:00,  6.54it/s]Processing pages:  70%|███████   | 7/10 [00:01<00:00,  6.68it/s]Processing pages:  80%|████████  | 8/10 [00:01<00:00,  6.57it/s]Processing pages:  90%|█████████ | 9/10 [00:01<00:00,  6.63it/s]Processing pages: 100%|██████████| 10/10 [00:01<00:00,  6.47it/s]Processing pages: 100%|██████████| 10/10 [00:01<00:00,  6.03it/s]
2026-09-28 11:56:45.318 | INFO     | mineru.backend.hybrid.hybrid_analyze:aio_doc_analyze:1161 - Hybrid processing window 1/1: pages 1-10/10 (10 pages)
INFO:     127.0.0.1:40688 - "GET /tasks/b7a5eb77-1383-4ae2-90ee-b742892e4447 HTTP/1.1" 200 OK
INFO:     127.0.0.1:43030 - "GET /tasks/db488db9-876e-4cf1-a495-1299452e55ea HTTP/1.1" 200 OK
INFO:     127.0.0.1:55908 - "GET /tasks/3e880cca-c99f-4486-a6ad-bcbab4fceaf6 HTTP/1.1" 200 OK
Layout Predict:   0%|          | 0/10 [00:00<?, ?it/s]

External Layout Extraction: 100%|██████████| 17/17 [00:08<00:00,  1.04it/s][A[AExternal Layout Extraction: 100%|██████████| 17/17 [00:08<00:00,  2.12it/s]

MFR Predict:   0%|          | 0/83 [00:00<?, ?it/s][ALayout Predict:  80%|████████  | 8/10 [00:00<00:00,  9.78it/s]Layout Predict: 100%|██████████| 10/10 [00:00<00:00, 11.01it/s]Layout Predict: 100%|██████████| 10/10 [00:00<00:00, 10.69it/s]
Table orientation det:   0%|          | 0/7 [00:00<?, ?it/s]Table orientation det:  57%|█████▋    | 4/7 [00:00<00:00, 20.17it/s]Table orientation det: 100%|██████████| 7/7 [00:00<00:00, 17.02it/s]Table orientation score: 100%|██████████| 7/7 [00:00<00:00, 17.02it/s]Table orientation score: 100%|██████████| 7/7 [00:00<00:00, 17.02it/s]Table orientation: 100%|██████████| 7/7 [00:00<00:00, 17.02it/s]      Table orientation: 100%|██████████| 7/7 [00:00<00:00, 17.02it/s]Table orientation: 100%|██████████| 7/7 [00:00<00:00, 17.44it/s]
External Layout Extraction:   0%|          | 0/10 [00:00<?, ?it/s]
MFR Predict:  77%|███████▋  | 64/83 [00:00<00:00, 71.48it/s][AExternal Layout Extraction:  10%|█         | 1/10 [00:00<00:02,  3.26it/s]External Layout Extraction:  20%|██        | 2/10 [00:00<00:01,  4.14it/s]INFO:     127.0.0.1:55908 - "GET /tasks/b7a5eb77-1383-4ae2-90ee-b742892e4447 HTTP/1.1" 200 OK
INFO:     127.0.0.1:40688 - "GET /tasks/db488db9-876e-4cf1-a495-1299452e55ea HTTP/1.1" 200 OK
INFO:     127.0.0.1:43030 - "GET /tasks/3e880cca-c99f-4486-a6ad-bcbab4fceaf6 HTTP/1.1" 200 OK
INFO:     127.0.0.1:55908 - "GET /tasks/b7a5eb77-1383-4ae2-90ee-b742892e4447/result HTTP/1.1" 200 OK
External Layout Extraction:  50%|█████     | 5/10 [00:00<00:00,  7.19it/s]INFO:     127.0.0.1:55908 - "POST /tasks HTTP/1.1" 202 Accepted
INFO:     127.0.0.1:55908 - "GET /tasks/b6b78edf-1f77-4d20-97dc-da5f110c287b HTTP/1.1" 200 OK
2026-09-28 11:56:47.738 | INFO     | mineru.utils.engine_utils:get_vlm_engine:34 - Using vllm-async-engine as the inference engine for VLM.
2026-09-28 11:56:48.514 | INFO     | mineru.backend.hybrid.hybrid_analyze:aio_doc_analyze:1139 - Hybrid processing-window run. page_count=10, window_size=64, total_windows=1
2026-09-28 11:56:48.514 | INFO     | mineru.backend.hybrid.hybrid_analyze:get_batch_ratio:875 - hybrid batch ratio (auto, vram=40GB): 16
External Layout Extraction:  80%|████████  | 8/10 [00:01<00:00,  4.03it/s]
MFR Predict: 100%|██████████| 83/83 [00:03<00:00, 22.47it/s][AMFR Predict: 100%|██████████| 83/83 [00:03<00:00, 26.70it/s]

OCR-det:   0%|          | 0/108 [00:00<?, ?it/s][AINFO:     127.0.0.1:40688 - "GET /tasks/3e880cca-c99f-4486-a6ad-bcbab4fceaf6 HTTP/1.1" 200 OK
INFO:     127.0.0.1:55908 - "GET /tasks/db488db9-876e-4cf1-a495-1299452e55ea HTTP/1.1" 200 OK
2026-09-28 11:56:49.393 | INFO     | mineru.backend.hybrid.hybrid_analyze:aio_doc_analyze:1161 - Hybrid processing window 1/1: pages 1-10/10 (10 pages)


Layout Predict:   0%|          | 0/10 [00:00<?, ?it/s][A[A
OCR-det:   2%|▏         | 2/108 [00:00<00:32,  3.23it/s][A
OCR-det:   6%|▋         | 7/108 [00:00<00:08, 11.81it/s][AINFO:     127.0.0.1:55908 - "GET /tasks/b6b78edf-1f77-4d20-97dc-da5f110c287b HTTP/1.1" 200 OK


Layout Predict:  80%|████████  | 8/10 [00:00<00:00, 22.08it/s][A[A
OCR-det:  12%|█▏        | 13/108 [00:00<00:04, 19.06it/s][ALayout Predict: 100%|██████████| 10/10 [00:00<00:00, 18.53it/s]


Table orientation det:   0%|          | 0/2 [00:00<?, ?it/s][A[A
OCR-det:  17%|█▋        | 18/108 [00:01<00:03, 25.01it/s][A

Table orientation det:  50%|█████     | 1/2 [00:00<00:00,  8.98it/s][A[A
OCR-det:  34%|███▍      | 37/108 [00:01<00:01, 56.95it/s][A

Table orientation score: 100%|██████████| 2/2 [00:00<00:00,  8.98it/s][A[A

Table orientation score: 100%|██████████| 2/2 [00:00<00:00,  8.98it/s][A[A

Table orientation: 100%|██████████| 2/2 [00:00<00:00,  8.98it/s]      [A[A

Table orientation: 100%|██████████| 2/2 [00:00<00:00,  8.98it/s][A[ATable orientation: 100%|██████████| 2/2 [00:00<00:00,  9.44it/s]


External Layout Extraction:   0%|          | 0/10 [00:00<?, ?it/s][A[A
OCR-det:  43%|████▎     | 46/108 [00:01<00:01, 54.34it/s][A

External Layout Extraction:  40%|████      | 4/10 [00:00<00:00, 28.13it/s][A[A
OCR-det:  55%|█████▍    | 59/108 [00:01<00:00, 62.94it/s][A

External Layout Extraction:  70%|███████   | 7/10 [00:00<00:00, 25.21it/s][A[A
OCR-det:  65%|██████▍   | 70/108 [00:01<00:00, 65.36it/s][A
OCR-det:  73%|███████▎  | 79/108 [00:01<00:00, 62.94it/s][A
OCR-det:  81%|████████  | 87/108 [00:01<00:00, 63.74it/s][A
OCR-det:  88%|████████▊ | 95/108 [00:02<00:00, 65.84it/s][A
OCR-det:  97%|█████████▋| 105/108 [00:02<00:00, 73.60it/s][AOCR-det: 100%|██████████| 108/108 [00:02<00:00, 49.60it/s]

Processing pages:   0%|          | 0/10 [00:00<?, ?it/s][A
Processing pages:  10%|█         | 1/10 [00:00<00:01,  7.07it/s][A
Processing pages:  20%|██        | 2/10 [00:00<00:01,  6.87it/s][A
Processing pages:  30%|███       | 3/10 [00:00<00:01,  6.72it/s][A
Processing pages:  40%|████      | 4/10 [00:00<00:00,  6.94it/s][A
Processing pages:  50%|█████     | 5/10 [00:00<00:00,  7.23it/s][A
Processing pages:  60%|██████    | 6/10 [00:00<00:00,  7.06it/s][A
Processing pages:  70%|███████   | 7/10 [00:01<00:00,  6.94it/s][A
Processing pages:  80%|████████  | 8/10 [00:01<00:00,  6.79it/s][A
Processing pages:  90%|█████████ | 9/10 [00:01<00:00,  6.80it/s][AProcessing pages: 100%|██████████| 10/10 [00:01<00:00,  7.15it/s]
INFO:     127.0.0.1:55908 - "GET /tasks/3e880cca-c99f-4486-a6ad-bcbab4fceaf6 HTTP/1.1" 200 OK
INFO:     127.0.0.1:40688 - "GET /tasks/db488db9-876e-4cf1-a495-1299452e55ea HTTP/1.1" 200 OK
INFO:     127.0.0.1:43030 - "GET /tasks/b6b78edf-1f77-4d20-97dc-da5f110c287b HTTP/1.1" 200 OK


External Layout Extraction: 100%|██████████| 10/10 [00:02<00:00,  2.60it/s][A[AExternal Layout Extraction: 100%|██████████| 10/10 [00:02<00:00,  3.53it/s]
External Layout Extraction: 100%|██████████| 10/10 [00:06<00:00,  1.12it/s]External Layout Extraction: 100%|██████████| 10/10 [00:06<00:00,  1.58it/s]
MFR Predict:   0%|          | 0/27 [00:00<?, ?it/s]
MFR Predict:   0%|          | 0/2 [00:00<?, ?it/s][A
MFR Predict:  50%|█████     | 1/2 [00:00<00:00,  4.47it/s][AMFR Predict:  59%|█████▉    | 16/27 [00:00<00:00, 56.31it/s]
MFR Predict: 100%|██████████| 2/2 [00:00<00:00,  4.95it/s][AMFR Predict: 100%|██████████| 2/2 [00:00<00:00,  4.87it/s]

OCR-det:   0%|          | 0/132 [00:00<?, ?it/s][AMFR Predict: 100%|██████████| 27/27 [00:00<00:00, 38.73it/s]MFR Predict: 100%|██████████| 27/27 [00:00<00:00, 40.99it/s]
OCR-det:   0%|          | 0/150 [00:00<?, ?it/s]
OCR-det:   1%|          | 1/132 [00:00<01:16,  1.70it/s][A
OCR-det:   3%|▎         | 4/132 [00:00<00:18,  6.97it/s][A
OCR-det:  15%|█▌        | 20/132 [00:00<00:02, 37.36it/s][AOCR-det:   1%|▏         | 2/150 [00:00<00:50,  2.91it/s]
OCR-det:  24%|██▍       | 32/132 [00:00<00:01, 53.43it/s][AOCR-det:   6%|▌         | 9/150 [00:00<00:09, 14.39it/s]INFO:     127.0.0.1:55908 - "GET /tasks/3e880cca-c99f-4486-a6ad-bcbab4fceaf6 HTTP/1.1" 200 OK
INFO:     127.0.0.1:40688 - "GET /tasks/db488db9-876e-4cf1-a495-1299452e55ea HTTP/1.1" 200 OK
INFO:     127.0.0.1:40688 - "GET /tasks/b6b78edf-1f77-4d20-97dc-da5f110c287b HTTP/1.1" 200 OK

OCR-det:  42%|████▏     | 55/132 [00:01<00:00, 89.29it/s][AINFO:     127.0.0.1:55908 - "GET /tasks/3e880cca-c99f-4486-a6ad-bcbab4fceaf6/result HTTP/1.1" 200 OK
OCR-det:  13%|█▎        | 19/150 [00:00<00:04, 29.64it/s]
OCR-det:  51%|█████     | 67/132 [00:01<00:00, 87.07it/s][AOCR-det:  17%|█▋        | 26/150 [00:01<00:03, 38.08it/s]
OCR-det:  61%|██████    | 80/132 [00:01<00:00, 82.79it/s][AINFO:     127.0.0.1:55908 - "POST /tasks HTTP/1.1" 202 Accepted
INFO:     127.0.0.1:55908 - "GET /tasks/a37a799f-9dc8-42f6-bab3-fcc0ac59cd07 HTTP/1.1" 200 OK
2026-09-28 11:56:55.046 | INFO     | mineru.utils.engine_utils:get_vlm_engine:34 - Using vllm-async-engine as the inference engine for VLM.
OCR-det:  27%|██▋       | 41/150 [00:01<00:02, 44.08it/s]
OCR-det:  68%|██████▊   | 90/132 [00:01<00:00, 63.11it/s][AOCR-det:  35%|███▍      | 52/150 [00:01<00:02, 47.65it/s]
OCR-det:  74%|███████▍  | 98/132 [00:01<00:00, 63.81it/s][AOCR-det:  43%|████▎     | 64/150 [00:01<00:01, 57.33it/s]
OCR-det:  83%|████████▎ | 110/132 [00:01<00:00, 72.44it/s][AOCR-det:  47%|████▋     | 71/150 [00:01<00:01, 53.55it/s]
OCR-det:  90%|█████████ | 119/132 [00:02<00:00, 61.84it/s][AOCR-det:  55%|█████▌    | 83/150 [00:01<00:01, 61.98it/s]
OCR-det:  98%|█████████▊| 129/132 [00:02<00:00, 67.30it/s][AOCR-det:  62%|██████▏   | 93/150 [00:02<00:00, 68.54it/s]OCR-det: 100%|██████████| 132/132 [00:02<00:00, 55.42it/s]
2026-09-28 11:56:56.016 | INFO     | mineru.backend.hybrid.hybrid_analyze:aio_doc_analyze:1139 - Hybrid processing-window run. page_count=10, window_size=64, total_windows=1
2026-09-28 11:56:56.017 | INFO     | mineru.backend.hybrid.hybrid_analyze:get_batch_ratio:875 - hybrid batch ratio (auto, vram=40GB): 16

Processing pages:   0%|          | 0/10 [00:00<?, ?it/s][AOCR-det:  69%|██████▉   | 104/150 [00:02<00:00, 58.46it/s]
Processing pages:  10%|█         | 1/10 [00:00<00:01,  5.69it/s][AOCR-det:  75%|███████▌  | 113/150 [00:02<00:00, 55.44it/s]
Processing pages:  20%|██        | 2/10 [00:00<00:01,  5.57it/s][AOCR-det:  85%|████████▌ | 128/150 [00:02<00:00, 60.65it/s]
Processing pages:  30%|███       | 3/10 [00:00<00:01,  5.50it/s][AOCR-det:  97%|█████████▋| 145/150 [00:02<00:00, 61.89it/s]
Processing pages:  40%|████      | 4/10 [00:01<00:01,  3.32it/s][AOCR-det: 100%|██████████| 150/150 [00:03<00:00, 45.58it/s]

Processing pages:  50%|█████     | 5/10 [00:01<00:01,  3.94it/s][A
Processing pages:  60%|██████    | 6/10 [00:01<00:00,  4.60it/s][A
Processing pages:  70%|███████   | 7/10 [00:01<00:00,  5.28it/s][A
Processing pages:  90%|█████████ | 9/10 [00:01<00:00,  6.73it/s][A
Processing pages: 100%|██████████| 10/10 [00:01<00:00,  6.75it/s][AProcessing pages: 100%|██████████| 10/10 [00:01<00:00,  5.46it/s]
2026-09-28 11:56:57.863 | INFO     | mineru.backend.hybrid.hybrid_analyze:aio_doc_analyze:1161 - Hybrid processing window 1/1: pages 1-10/10 (10 pages)
Layout Predict:   0%|          | 0/10 [00:00<?, ?it/s]INFO:     127.0.0.1:55908 - "GET /tasks/db488db9-876e-4cf1-a495-1299452e55ea HTTP/1.1" 200 OK
INFO:     127.0.0.1:40688 - "GET /tasks/b6b78edf-1f77-4d20-97dc-da5f110c287b HTTP/1.1" 200 OK
INFO:     127.0.0.1:43030 - "GET /tasks/a37a799f-9dc8-42f6-bab3-fcc0ac59cd07 HTTP/1.1" 200 OK

Processing pages:   0%|          | 0/10 [00:00<?, ?it/s][A
Processing pages:  10%|█         | 1/10 [00:00<00:01,  6.09it/s][ALayout Predict:  80%|████████  | 8/10 [00:00<00:00, 11.55it/s]
Processing pages:  20%|██        | 2/10 [00:00<00:01,  5.19it/s][ALayout Predict: 100%|██████████| 10/10 [00:00<00:00, 11.07it/s]Layout Predict: 100%|██████████| 10/10 [00:00<00:00, 11.18it/s]

Processing pages:  30%|███       | 3/10 [00:00<00:01,  5.23it/s][A
Processing pages:  40%|████      | 4/10 [00:00<00:00,  6.06it/s][A
Processing pages:  50%|█████     | 5/10 [00:00<00:00,  6.29it/s][A
Processing pages:  60%|██████    | 6/10 [00:00<00:00,  6.70it/s][A
Processing pages:  70%|███████   | 7/10 [00:01<00:00,  6.72it/s][A
Processing pages:  80%|████████  | 8/10 [00:01<00:00,  6.93it/s][A
Processing pages:  90%|█████████ | 9/10 [00:01<00:00,  6.93it/s][A
Processing pages: 100%|██████████| 10/10 [00:01<00:00,  6.93it/s][AProcessing pages: 100%|██████████| 10/10 [00:01<00:00,  6.48it/s]
Table orientation det:   0%|          | 0/8 [00:00<?, ?it/s]INFO:     127.0.0.1:55908 - "GET /tasks/db488db9-876e-4cf1-a495-1299452e55ea HTTP/1.1" 200 OK
INFO:     127.0.0.1:43030 - "GET /tasks/a37a799f-9dc8-42f6-bab3-fcc0ac59cd07 HTTP/1.1" 200 OK
INFO:     127.0.0.1:40688 - "GET /tasks/b6b78edf-1f77-4d20-97dc-da5f110c287b HTTP/1.1" 200 OK
Table orientation det:  12%|█▎        | 1/8 [00:00<00:00,  9.14it/s]INFO:     127.0.0.1:40688 - "GET /tasks/b6b78edf-1f77-4d20-97dc-da5f110c287b/result HTTP/1.1" 200 OK
INFO:     127.0.0.1:55908 - "GET /tasks/db488db9-876e-4cf1-a495-1299452e55ea/result HTTP/1.1" 200 OK
INFO:     127.0.0.1:40688 - "POST /tasks HTTP/1.1" 202 Accepted
Table orientation det:  38%|███▊      | 3/8 [00:00<00:00,  7.58it/s]INFO:     127.0.0.1:40688 - "GET /tasks/d5040dcd-7c16-4e54-82ea-61570403eb83 HTTP/1.1" 200 OK
2026-09-28 11:57:00.672 | INFO     | mineru.utils.engine_utils:get_vlm_engine:34 - Using vllm-async-engine as the inference engine for VLM.
Table orientation det:  62%|██████▎   | 5/8 [00:00<00:00,  8.04it/s]Table orientation det: 100%|██████████| 8/8 [00:00<00:00, 12.42it/s]Table orientation score: 100%|██████████| 8/8 [00:00<00:00, 12.42it/s]Table orientation score: 100%|██████████| 8/8 [00:00<00:00, 12.42it/s]Table orientation: 100%|██████████| 8/8 [00:00<00:00, 12.42it/s]      Table orientation: 100%|██████████| 8/8 [00:00<00:00, 12.42it/s]Table orientation: 100%|██████████| 8/8 [00:00<00:00, 10.71it/s]
2026-09-28 11:57:01.180 | INFO     | mineru.backend.hybrid.hybrid_analyze:aio_doc_analyze:1139 - Hybrid processing-window run. page_count=10, window_size=64, total_windows=1
External Layout Extraction:   0%|          | 0/49 [00:00<?, ?it/s]INFO:     127.0.0.1:55908 - "POST /tasks HTTP/1.1" 202 Accepted
INFO:     127.0.0.1:55908 - "GET /tasks/fa8fd2dd-2c75-48bc-8537-282a5ed571b0 HTTP/1.1" 200 OK
2026-09-28 11:57:01.476 | INFO     | mineru.utils.engine_utils:get_vlm_engine:34 - Using vllm-async-engine as the inference engine for VLM.
2026-09-28 11:57:01.976 | INFO     | mineru.backend.hybrid.hybrid_analyze:aio_doc_analyze:1139 - Hybrid processing-window run. page_count=10, window_size=64, total_windows=1
2026-09-28 11:57:01.976 | INFO     | mineru.backend.hybrid.hybrid_analyze:get_batch_ratio:875 - hybrid batch ratio (auto, vram=40GB): 16
External Layout Extraction:  41%|████      | 20/49 [00:00<00:01, 24.71it/s]INFO:     127.0.0.1:55908 - "GET /tasks/a37a799f-9dc8-42f6-bab3-fcc0ac59cd07 HTTP/1.1" 200 OK
External Layout Extraction:  47%|████▋     | 23/49 [00:01<00:01, 19.03it/s]2026-09-28 11:57:02.351 | INFO     | mineru.backend.hybrid.hybrid_analyze:aio_doc_analyze:1161 - Hybrid processing window 1/1: pages 1-10/10 (10 pages)

Layout Predict:   0%|          | 0/10 [00:00<?, ?it/s][A
Layout Predict:  20%|██        | 2/10 [00:00<00:00, 12.07it/s][AExternal Layout Extraction:  65%|██████▌   | 32/49 [00:01<00:00, 24.68it/s]INFO:     127.0.0.1:55908 - "GET /tasks/d5040dcd-7c16-4e54-82ea-61570403eb83 HTTP/1.1" 200 OK

Layout Predict:  40%|████      | 4/10 [00:00<00:00, 11.72it/s][AExternal Layout Extraction:  71%|███████▏  | 35/49 [00:01<00:00, 23.16it/s]External Layout Extraction:  78%|███████▊  | 38/49 [00:01<00:00, 23.47it/s]
Layout Predict:  60%|██████    | 6/10 [00:00<00:00, 11.86it/s][AExternal Layout Extraction:  84%|████████▎ | 41/49 [00:01<00:00, 24.50it/s]
Layout Predict:  80%|████████  | 8/10 [00:00<00:00, 12.04it/s][A
Layout Predict: 100%|██████████| 10/10 [00:00<00:00, 12.02it/s][ALayout Predict: 100%|██████████| 10/10 [00:00<00:00, 11.97it/s]

Table orientation det:   0%|          | 0/4 [00:00<?, ?it/s][A
Table orientation det:  75%|███████▌  | 3/4 [00:00<00:00, 28.97it/s][AExternal Layout Extraction:  90%|████████▉ | 44/49 [00:02<00:00, 16.76it/s]INFO:     127.0.0.1:55908 - "GET /tasks/fa8fd2dd-2c75-48bc-8537-282a5ed571b0 HTTP/1.1" 200 OK

Table orientation score: 100%|██████████| 4/4 [00:00<00:00, 28.97it/s][A
Table orientation score: 100%|██████████| 4/4 [00:00<00:00, 28.97it/s][A
Table orientation: 100%|██████████| 4/4 [00:00<00:00, 28.97it/s]      [A
Table orientation: 100%|██████████| 4/4 [00:00<00:00, 28.97it/s][ATable orientation: 100%|██████████| 4/4 [00:00<00:00, 22.48it/s]

External Layout Extraction:   0%|          | 0/151 [00:00<?, ?it/s][A
External Layout Extraction:   1%|          | 1/151 [00:00<00:48,  3.12it/s][A
External Layout Extraction:   2%|▏         | 3/151 [00:00<00:21,  6.87it/s][A
External Layout Extraction:   3%|▎         | 4/151 [00:00<00:26,  5.54it/s][AINFO:     127.0.0.1:55908 - "GET /tasks/a37a799f-9dc8-42f6-bab3-fcc0ac59cd07 HTTP/1.1" 200 OK
2026-09-28 11:57:04.262 | INFO     | mineru.backend.hybrid.hybrid_analyze:aio_doc_analyze:1161 - Hybrid processing window 1/1: pages 1-10/10 (10 pages)


Layout Predict:   0%|          | 0/10 [00:00<?, ?it/s][A[A
External Layout Extraction:   4%|▍         | 6/151 [00:00<00:19,  7.50it/s][A
External Layout Extraction:   5%|▍         | 7/151 [00:01<00:18,  7.85it/s][A
External Layout Extraction:   8%|▊         | 12/151 [00:01<00:08, 15.78it/s][AINFO:     127.0.0.1:55908 - "GET /tasks/d5040dcd-7c16-4e54-82ea-61570403eb83 HTTP/1.1" 200 OK


Layout Predict:  80%|████████  | 8/10 [00:00<00:00, 23.25it/s][A[A
External Layout Extraction:  12%|█▏        | 18/151 [00:01<00:05, 24.69it/s][ALayout Predict: 100%|██████████| 10/10 [00:00<00:00, 20.43it/s]


Table orientation det:   0%|          | 0/7 [00:00<?, ?it/s][A[A
External Layout Extraction:  15%|█▌        | 23/151 [00:01<00:04, 27.08it/s][A

Table orientation det:  43%|████▎     | 3/7 [00:00<00:00, 24.46it/s][A[A
External Layout Extraction:  19%|█▉        | 29/151 [00:01<00:04, 29.22it/s][A

Table orientation det:  86%|████████▌ | 6/7 [00:00<00:00, 22.65it/s][A[A

Table orientation score: 100%|██████████| 7/7 [00:00<00:00, 22.65it/s][A[A

Table orientation score: 100%|██████████| 7/7 [00:00<00:00, 22.65it/s][A[A

Table orientation: 100%|██████████| 7/7 [00:00<00:00, 22.65it/s]      [A[A

Table orientation: 100%|██████████| 7/7 [00:00<00:00, 22.65it/s][A[ATable orientation: 100%|██████████| 7/7 [00:00<00:00, 23.94it/s]


External Layout Extraction:   0%|          | 0/9 [00:00<?, ?it/s][A[A
External Layout Extraction:  25%|██▌       | 38/151 [00:01<00:02, 38.51it/s][A
External Layout Extraction:  30%|██▉       | 45/151 [00:01<00:02, 40.80it/s][AINFO:     127.0.0.1:55908 - "GET /tasks/fa8fd2dd-2c75-48bc-8537-282a5ed571b0 HTTP/1.1" 200 OK

External Layout Extraction:  34%|███▍      | 52/151 [00:02<00:02, 40.91it/s][A
External Layout Extraction:  44%|████▎     | 66/151 [00:02<00:01, 62.06it/s][AExternal Layout Extraction:  94%|█████████▍| 46/49 [00:04<00:00,  3.83it/s]

External Layout Extraction:  11%|█         | 1/9 [00:00<00:04,  1.66it/s][A[A
External Layout Extraction:  53%|█████▎    | 80/151 [00:02<00:00, 79.53it/s][A
External Layout Extraction:  68%|██████▊   | 103/151 [00:02<00:00, 116.70it/s][A
External Layout Extraction:  78%|███████▊  | 118/151 [00:02<00:00, 121.77it/s][A

External Layout Extraction:  22%|██▏       | 2/9 [00:00<00:02,  2.44it/s][A[A
External Layout Extraction:  87%|████████▋ | 132/151 [00:02<00:00, 121.53it/s][A

External Layout Extraction:  44%|████▍     | 4/9 [00:01<00:01,  4.66it/s][A[AINFO:     127.0.0.1:55908 - "GET /tasks/a37a799f-9dc8-42f6-bab3-fcc0ac59cd07 HTTP/1.1" 200 OK

External Layout Extraction:  96%|█████████▌| 145/151 [00:02<00:00, 77.47it/s] [A

External Layout Extraction:  78%|███████▊  | 7/9 [00:01<00:00,  7.70it/s][A[AExternal Layout Extraction: 100%|██████████| 151/151 [00:03<00:00, 47.31it/s]


External Layout Extraction: 100%|██████████| 9/9 [00:01<00:00,  7.80it/s][A[AExternal Layout Extraction: 100%|██████████| 9/9 [00:01<00:00,  5.90it/s]
INFO:     127.0.0.1:55908 - "GET /tasks/d5040dcd-7c16-4e54-82ea-61570403eb83 HTTP/1.1" 200 OK

MFR Predict:   0%|          | 0/27 [00:00<?, ?it/s][A

OCR-det:   0%|          | 0/91 [00:00<?, ?it/s][A[A
MFR Predict:  59%|█████▉    | 16/27 [00:00<00:00, 51.96it/s][A

OCR-det:   1%|          | 1/91 [00:00<00:42,  2.13it/s][A[A

OCR-det:   5%|▌         | 5/91 [00:00<00:08, 10.24it/s][A[AINFO:     127.0.0.1:55908 - "GET /tasks/fa8fd2dd-2c75-48bc-8537-282a5ed571b0 HTTP/1.1" 200 OK


OCR-det:  14%|█▍        | 13/91 [00:00<00:03, 25.41it/s][A[A

OCR-det:  19%|█▊        | 17/91 [00:00<00:02, 27.84it/s][A[A

OCR-det:  23%|██▎       | 21/91 [00:00<00:02, 29.90it/s][A[AExternal Layout Extraction:  98%|█████████▊| 48/49 [00:06<00:00,  2.37it/s]

OCR-det:  35%|███▌      | 32/91 [00:01<00:01, 47.52it/s][A[A

OCR-det:  45%|████▌     | 41/91 [00:01<00:00, 51.29it/s][A[A
MFR Predict: 100%|██████████| 27/27 [00:01<00:00, 18.46it/s][AMFR Predict: 100%|██████████| 27/27 [00:01<00:00, 20.84it/s]
External Layout Extraction: 100%|██████████| 49/49 [00:06<00:00,  2.46it/s]External Layout Extraction: 100%|██████████| 49/49 [00:06<00:00,  7.22it/s]
OCR-det:   0%|          | 0/110 [00:00<?, ?it/s]

OCR-det:  52%|█████▏    | 47/91 [00:01<00:00, 50.39it/s][A[A
MFR Predict:   0%|          | 0/36 [00:00<?, ?it/s][A

OCR-det:  58%|█████▊    | 53/91 [00:01<00:00, 46.33it/s][A[AINFO:     127.0.0.1:55908 - "GET /tasks/a37a799f-9dc8-42f6-bab3-fcc0ac59cd07 HTTP/1.1" 200 OK


OCR-det:  68%|██████▊   | 62/91 [00:01<00:00, 54.49it/s][A[A

OCR-det:  82%|████████▏ | 75/91 [00:01<00:00, 70.14it/s][A[AOCR-det:   1%|          | 1/110 [00:00<01:03,  1.73it/s]INFO:     127.0.0.1:55908 - "GET /tasks/d5040dcd-7c16-4e54-82ea-61570403eb83 HTTP/1.1" 200 OK


OCR-det:  91%|█████████ | 83/91 [00:01<00:00, 57.59it/s][A[AOCR-det:   9%|▉         | 10/110 [00:00<00:05, 19.19it/s]OCR-det:  15%|█▍        | 16/110 [00:00<00:03, 26.35it/s]

OCR-det:  99%|█████████▉| 90/91 [00:02<00:00, 48.30it/s][A[AOCR-det: 100%|██████████| 91/91 [00:02<00:00, 41.44it/s]


Processing pages:   0%|          | 0/10 [00:00<?, ?it/s][A[A

Processing pages:  30%|███       | 3/10 [00:00<00:00, 27.42it/s][A[AOCR-det:  24%|██▎       | 26/110 [00:01<00:02, 34.14it/s]
MFR Predict:  89%|████████▉ | 32/36 [00:01<00:00, 29.27it/s][A

Processing pages:  60%|██████    | 6/10 [00:00<00:00, 25.20it/s][A[AOCR-det:  33%|███▎      | 36/110 [00:01<00:01, 45.85it/s]

Processing pages:  90%|█████████ | 9/10 [00:00<00:00, 26.10it/s][A[AOCR-det:  46%|████▋     | 51/110 [00:01<00:00, 66.34it/s]Processing pages: 100%|██████████| 10/10 [00:00<00:00, 26.64it/s]
INFO:     127.0.0.1:55908 - "GET /tasks/fa8fd2dd-2c75-48bc-8537-282a5ed571b0 HTTP/1.1" 200 OK
OCR-det:  56%|█████▋    | 62/110 [00:01<00:01, 39.51it/s]OCR-det:  66%|██████▋   | 73/110 [00:01<00:00, 49.05it/s]OCR-det:  75%|███████▌  | 83/110 [00:01<00:00, 55.48it/s]OCR-det:  83%|████████▎ | 91/110 [00:02<00:00, 56.07it/s]INFO:     127.0.0.1:55908 - "GET /tasks/a37a799f-9dc8-42f6-bab3-fcc0ac59cd07 HTTP/1.1" 200 OK

MFR Predict: 100%|██████████| 36/36 [00:02<00:00, 13.88it/s][AMFR Predict: 100%|██████████| 36/36 [00:02<00:00, 16.14it/s]
OCR-det:  91%|█████████ | 100/110 [00:02<00:00, 56.70it/s]
OCR-det:   0%|          | 0/156 [00:00<?, ?it/s][AOCR-det:  97%|█████████▋| 107/110 [00:02<00:00, 52.38it/s]OCR-det: 100%|██████████| 110/110 [00:02<00:00, 43.57it/s]
Processing pages:   0%|          | 0/10 [00:00<?, ?it/s]Processing pages:  10%|█         | 1/10 [00:00<00:01,  7.27it/s]Processing pages:  20%|██        | 2/10 [00:00<00:01,  7.30it/s]Processing pages:  30%|███       | 3/10 [00:00<00:01,  6.80it/s]Processing pages:  40%|████      | 4/10 [00:00<00:00,  7.37it/s]
OCR-det:   1%|          | 1/156 [00:00<02:11,  1.18it/s][AProcessing pages:  50%|█████     | 5/10 [00:00<00:00,  7.11it/s]
OCR-det:   2%|▏         | 3/156 [00:00<00:41,  3.67it/s][AProcessing pages:  60%|██████    | 6/10 [00:00<00:00,  6.78it/s]
OCR-det:   7%|▋         | 11/156 [00:01<00:09, 14.51it/s][AProcessing pages:  70%|███████   | 7/10 [00:00<00:00,  7.19it/s]
OCR-det:  12%|█▏        | 19/156 [00:01<00:05, 25.23it/s][AProcessing pages:  80%|████████  | 8/10 [00:01<00:00,  6.45it/s]
OCR-det:  17%|█▋        | 26/156 [00:01<00:04, 28.56it/s][AProcessing pages:  90%|█████████ | 9/10 [00:01<00:00,  6.14it/s]
OCR-det:  26%|██▋       | 41/156 [00:01<00:02, 46.35it/s][A
OCR-det:  37%|███▋      | 58/156 [00:01<00:01, 69.43it/s][AProcessing pages: 100%|██████████| 10/10 [00:01<00:00,  5.85it/s]Processing pages: 100%|██████████| 10/10 [00:01<00:00,  6.48it/s]
INFO:     127.0.0.1:55908 - "GET /tasks/d5040dcd-7c16-4e54-82ea-61570403eb83 HTTP/1.1" 200 OK
INFO:     127.0.0.1:37048 - "GET /tasks/fa8fd2dd-2c75-48bc-8537-282a5ed571b0 HTTP/1.1" 200 OK
INFO:     127.0.0.1:37048 - "GET /tasks/a37a799f-9dc8-42f6-bab3-fcc0ac59cd07 HTTP/1.1" 200 OK
INFO:     127.0.0.1:55908 - "GET /tasks/d5040dcd-7c16-4e54-82ea-61570403eb83/result HTTP/1.1" 200 OK

OCR-det:  45%|████▍     | 70/156 [00:02<00:02, 38.67it/s][AINFO:     127.0.0.1:55908 - "POST /tasks HTTP/1.1" 202 Accepted
INFO:     127.0.0.1:55908 - "GET /tasks/ceb9372e-5f45-4ee6-9102-2fd04c9f9fc7 HTTP/1.1" 200 OK

OCR-det:  49%|████▉     | 77/156 [00:02<00:02, 37.49it/s][A2026-09-28 11:57:12.948 | INFO     | mineru.utils.engine_utils:get_vlm_engine:34 - Using vllm-async-engine as the inference engine for VLM.

OCR-det:  54%|█████▍    | 85/156 [00:02<00:01, 40.84it/s][A
OCR-det:  62%|██████▏   | 97/156 [00:02<00:01, 51.45it/s][A
OCR-det:  71%|███████   | 111/156 [00:02<00:00, 67.01it/s][A
OCR-det:  77%|███████▋  | 120/156 [00:03<00:00, 59.21it/s][A
OCR-det:  82%|████████▏ | 128/156 [00:03<00:00, 48.14it/s][A2026-09-28 11:57:13.747 | INFO     | mineru.backend.hybrid.hybrid_analyze:aio_doc_analyze:1139 - Hybrid processing-window run. page_count=10, window_size=64, total_windows=1
2026-09-28 11:57:13.747 | INFO     | mineru.backend.hybrid.hybrid_analyze:get_batch_ratio:875 - hybrid batch ratio (auto, vram=40GB): 16

OCR-det:  97%|█████████▋| 152/156 [00:03<00:00, 79.47it/s][AOCR-det: 100%|██████████| 156/156 [00:03<00:00, 44.02it/s]
Processing pages:   0%|          | 0/10 [00:00<?, ?it/s]Processing pages:  10%|█         | 1/10 [00:00<00:01,  6.77it/s]Processing pages:  20%|██        | 2/10 [00:00<00:01,  6.68it/s]Processing pages:  30%|███       | 3/10 [00:00<00:01,  5.28it/s]Processing pages:  40%|████      | 4/10 [00:00<00:01,  5.37it/s]Processing pages:  50%|█████     | 5/10 [00:00<00:00,  5.98it/s]Processing pages:  60%|██████    | 6/10 [00:00<00:00,  6.38it/s]Processing pages:  70%|███████   | 7/10 [00:01<00:00,  6.69it/s]Processing pages:  80%|████████  | 8/10 [00:01<00:00,  7.09it/s]Processing pages:  90%|█████████ | 9/10 [00:01<00:00,  6.97it/s]Processing pages: 100%|██████████| 10/10 [00:01<00:00,  6.79it/s]Processing pages: 100%|██████████| 10/10 [00:01<00:00,  6.45it/s]
OCR-rec Predict:   0%|          | 0/1 [00:00<?, ?it/s]2026-09-28 11:57:15.474 | INFO     | mineru.backend.hybrid.hybrid_analyze:aio_doc_analyze:1161 - Hybrid processing window 1/1: pages 1-10/10 (10 pages)
INFO:     127.0.0.1:37048 - "GET /tasks/a37a799f-9dc8-42f6-bab3-fcc0ac59cd07 HTTP/1.1" 200 OK

Layout Predict:   0%|          | 0/10 [00:00<?, ?it/s][AINFO:     127.0.0.1:55908 - "GET /tasks/fa8fd2dd-2c75-48bc-8537-282a5ed571b0 HTTP/1.1" 200 OK
INFO:     127.0.0.1:43292 - "GET /tasks/ceb9372e-5f45-4ee6-9102-2fd04c9f9fc7 HTTP/1.1" 200 OK
OCR-rec Predict: 100%|██████████| 1/1 [00:00<00:00, 40.10it/s]
INFO:     127.0.0.1:55908 - "GET /tasks/fa8fd2dd-2c75-48bc-8537-282a5ed571b0/result HTTP/1.1" 200 OK

Layout Predict:  80%|████████  | 8/10 [00:00<00:00, 13.35it/s][AINFO:     127.0.0.1:55908 - "POST /tasks HTTP/1.1" 202 Accepted
INFO:     127.0.0.1:55908 - "GET /tasks/9be6e3d3-fd49-460d-ae88-c23768d25ced HTTP/1.1" 200 OK
2026-09-28 11:57:16.147 | INFO     | mineru.utils.engine_utils:get_vlm_engine:34 - Using vllm-async-engine as the inference engine for VLM.

Layout Predict: 100%|██████████| 10/10 [00:00<00:00, 11.11it/s][ALayout Predict: 100%|██████████| 10/10 [00:00<00:00, 11.57it/s]
2026-09-28 11:57:16.746 | INFO     | mineru.backend.hybrid.hybrid_analyze:aio_doc_analyze:1139 - Hybrid processing-window run. page_count=10, window_size=64, total_windows=1
2026-09-28 11:57:16.746 | INFO     | mineru.backend.hybrid.hybrid_analyze:get_batch_ratio:875 - hybrid batch ratio (auto, vram=40GB): 16
Table orientation det:   0%|          | 0/9 [00:00<?, ?it/s]Table orientation det:  11%|█         | 1/9 [00:00<00:01,  5.02it/s]Table orientation det:  22%|██▏       | 2/9 [00:00<00:01,  6.16it/s]Table orientation det:  56%|█████▌    | 5/9 [00:00<00:00, 13.95it/s]Table orientation det:  89%|████████▉ | 8/9 [00:00<00:00, 17.77it/s]Table orientation score: 100%|██████████| 9/9 [00:00<00:00, 17.77it/s]Table orientation score: 100%|██████████| 9/9 [00:00<00:00, 17.77it/s]Table orientation: 100%|██████████| 9/9 [00:00<00:00, 17.77it/s]      Table orientation: 100%|██████████| 9/9 [00:00<00:00, 17.77it/s]Table orientation: 100%|██████████| 9/9 [00:00<00:00, 15.22it/s]
External Layout Extraction:   0%|          | 0/25 [00:00<?, ?it/s]INFO:     127.0.0.1:55908 - "GET /tasks/a37a799f-9dc8-42f6-bab3-fcc0ac59cd07 HTTP/1.1" 200 OK
INFO:     127.0.0.1:37048 - "GET /tasks/ceb9372e-5f45-4ee6-9102-2fd04c9f9fc7 HTTP/1.1" 200 OK
INFO:     127.0.0.1:55908 - "GET /tasks/a37a799f-9dc8-42f6-bab3-fcc0ac59cd07/result HTTP/1.1" 200 OK
2026-09-28 11:57:17.752 | INFO     | mineru.backend.hybrid.hybrid_analyze:aio_doc_analyze:1161 - Hybrid processing window 1/1: pages 1-10/10 (10 pages)

Layout Predict:   0%|          | 0/10 [00:00<?, ?it/s][AExternal Layout Extraction:  16%|█▌        | 4/25 [00:00<00:02,  9.68it/s]INFO:     127.0.0.1:55908 - "POST /tasks HTTP/1.1" 202 Accepted
INFO:     127.0.0.1:55908 - "GET /tasks/a722a070-6b5d-42d3-be92-e4143215b6d6 HTTP/1.1" 200 OK
2026-09-28 11:57:18.110 | INFO     | mineru.utils.engine_utils:get_vlm_engine:34 - Using vllm-async-engine as the inference engine for VLM.

Layout Predict:  80%|████████  | 8/10 [00:00<00:00, 19.16it/s][A
Layout Predict: 100%|██████████| 10/10 [00:00<00:00, 17.27it/s][ALayout Predict: 100%|██████████| 10/10 [00:00<00:00, 17.67it/s]
2026-09-28 11:57:18.731 | INFO     | mineru.backend.hybrid.hybrid_analyze:aio_doc_analyze:1139 - Hybrid processing-window run. page_count=10, window_size=64, total_windows=1
2026-09-28 11:57:18.731 | INFO     | mineru.backend.hybrid.hybrid_analyze:get_batch_ratio:875 - hybrid batch ratio (auto, vram=40GB): 16
INFO:     127.0.0.1:55908 - "GET /tasks/9be6e3d3-fd49-460d-ae88-c23768d25ced HTTP/1.1" 200 OK
External Layout Extraction:  40%|████      | 10/25 [00:01<00:02,  6.86it/s]
Table orientation det:   0%|          | 0/4 [00:00<?, ?it/s][A
Table orientation det:  50%|█████     | 2/4 [00:00<00:00, 18.05it/s][AExternal Layout Extraction:  80%|████████  | 20/25 [00:01<00:00, 15.93it/s]
Table orientation score: 100%|██████████| 4/4 [00:00<00:00, 18.05it/s][A
Table orientation score: 100%|██████████| 4/4 [00:00<00:00, 18.05it/s][A
Table orientation: 100%|██████████| 4/4 [00:00<00:00, 18.05it/s]      [A
Table orientation: 100%|██████████| 4/4 [00:00<00:00, 18.05it/s][ATable orientation: 100%|██████████| 4/4 [00:00<00:00, 24.26it/s]

External Layout Extraction:   0%|          | 0/17 [00:00<?, ?it/s][A
External Layout Extraction:  35%|███▌      | 6/17 [00:00<00:00, 30.28it/s][A
External Layout Extraction:  59%|█████▉    | 10/17 [00:00<00:00, 28.95it/s][A
External Layout Extraction:  76%|███████▋  | 13/17 [00:00<00:00, 25.09it/s][AINFO:     127.0.0.1:55908 - "GET /tasks/ceb9372e-5f45-4ee6-9102-2fd04c9f9fc7 HTTP/1.1" 200 OK
2026-09-28 11:57:19.600 | INFO     | mineru.backend.hybrid.hybrid_analyze:aio_doc_analyze:1161 - Hybrid processing window 1/1: pages 1-10/10 (10 pages)


Layout Predict:   0%|          | 0/10 [00:00<?, ?it/s][A[A

Layout Predict:  80%|████████  | 8/10 [00:00<00:00, 22.15it/s][A[AINFO:     127.0.0.1:55908 - "GET /tasks/a722a070-6b5d-42d3-be92-e4143215b6d6 HTTP/1.1" 200 OK
Layout Predict: 100%|██████████| 10/10 [00:00<00:00, 21.24it/s]


Table orientation det:   0%|          | 0/4 [00:00<?, ?it/s][A[A

Table orientation det:  75%|███████▌  | 3/4 [00:00<00:00, 28.85it/s][A[A

Table orientation score: 100%|██████████| 4/4 [00:00<00:00, 28.85it/s][A[A

Table orientation score: 100%|██████████| 4/4 [00:00<00:00, 28.85it/s][A[A

Table orientation: 100%|██████████| 4/4 [00:00<00:00, 28.85it/s]      [A[A

Table orientation: 100%|██████████| 4/4 [00:00<00:00, 28.85it/s][A[ATable orientation: 100%|██████████| 4/4 [00:00<00:00, 30.35it/s]


External Layout Extraction:   0%|          | 0/39 [00:00<?, ?it/s][A[A

External Layout Extraction:  18%|█▊        | 7/39 [00:00<00:01, 25.47it/s][A[A

External Layout Extraction:  59%|█████▉    | 23/39 [00:00<00:00, 69.66it/s][A[AINFO:     127.0.0.1:55908 - "GET /tasks/9be6e3d3-fd49-460d-ae88-c23768d25ced HTTP/1.1" 200 OK


External Layout Extraction:  85%|████████▍ | 33/39 [00:00<00:00, 65.24it/s][A[A
External Layout Extraction:  94%|█████████▍| 16/17 [00:02<00:00,  4.14it/s][AINFO:     127.0.0.1:55908 - "GET /tasks/ceb9372e-5f45-4ee6-9102-2fd04c9f9fc7 HTTP/1.1" 200 OK
External Layout Extraction: 100%|██████████| 39/39 [00:01<00:00, 29.19it/s]


MFR Predict:   0%|          | 0/141 [00:00<?, ?it/s][A[AINFO:     127.0.0.1:55908 - "GET /tasks/a722a070-6b5d-42d3-be92-e4143215b6d6 HTTP/1.1" 200 OK
External Layout Extraction: 100%|██████████| 17/17 [00:03<00:00,  4.98it/s]

MFR Predict:   0%|          | 0/79 [00:00<?, ?it/s][AINFO:     127.0.0.1:55908 - "GET /tasks/9be6e3d3-fd49-460d-ae88-c23768d25ced HTTP/1.1" 200 OK

MFR Predict:  81%|████████  | 64/79 [00:00<00:00, 78.32it/s][A

MFR Predict:  91%|█████████ | 128/141 [00:01<00:00, 74.16it/s][A[AINFO:     127.0.0.1:55908 - "GET /tasks/ceb9372e-5f45-4ee6-9102-2fd04c9f9fc7 HTTP/1.1" 200 OK
INFO:     127.0.0.1:55908 - "GET /tasks/a722a070-6b5d-42d3-be92-e4143215b6d6 HTTP/1.1" 200 OK


MFR Predict: 100%|██████████| 141/141 [00:02<00:00, 43.16it/s][A[AMFR Predict: 100%|██████████| 141/141 [00:02<00:00, 48.70it/s]

MFR Predict: 100%|██████████| 79/79 [00:02<00:00, 31.90it/s][AMFR Predict: 100%|██████████| 79/79 [00:02<00:00, 37.26it/s]

OCR-det:   0%|          | 0/147 [00:00<?, ?it/s][A

OCR-det:   0%|          | 0/124 [00:00<?, ?it/s][A[AINFO:     127.0.0.1:55908 - "GET /tasks/9be6e3d3-fd49-460d-ae88-c23768d25ced HTTP/1.1" 200 OK

OCR-det:   1%|          | 1/147 [00:00<01:25,  1.70it/s][A

OCR-det:   2%|▏         | 3/124 [00:00<00:24,  5.02it/s][A[A

OCR-det:   8%|▊         | 10/124 [00:00<00:06, 17.42it/s][A[A
OCR-det:   4%|▍         | 6/147 [00:00<00:14,  9.65it/s][A

OCR-det:  15%|█▍        | 18/124 [00:00<00:04, 25.16it/s][A[A
OCR-det:  14%|█▍        | 21/147 [00:00<00:03, 33.00it/s][AINFO:     127.0.0.1:55908 - "GET /tasks/ceb9372e-5f45-4ee6-9102-2fd04c9f9fc7 HTTP/1.1" 200 OK

OCR-det:  24%|██▍       | 36/147 [00:01<00:02, 55.30it/s][A

OCR-det:  22%|██▏       | 27/124 [00:01<00:02, 36.64it/s][A[A

OCR-det:  27%|██▋       | 34/124 [00:01<00:02, 43.57it/s][A[A
OCR-det:  32%|███▏      | 47/147 [00:01<00:01, 64.00it/s][A

OCR-det:  39%|███▊      | 48/124 [00:01<00:01, 61.60it/s][A[A
OCR-det:  38%|███▊      | 56/147 [00:01<00:01, 60.99it/s][A

OCR-det:  47%|████▋     | 58/124 [00:01<00:00, 67.13it/s][A[A
OCR-det:  45%|████▍     | 66/147 [00:01<00:01, 64.48it/s][AINFO:     127.0.0.1:55908 - "GET /tasks/a722a070-6b5d-42d3-be92-e4143215b6d6 HTTP/1.1" 200 OK

OCR-det:  56%|█████▌    | 82/147 [00:01<00:00, 85.52it/s][A

OCR-det:  54%|█████▍    | 67/124 [00:01<00:00, 61.61it/s][A[A

OCR-det:  62%|██████▏   | 77/124 [00:01<00:00, 68.54it/s][A[A
OCR-det:  63%|██████▎   | 93/147 [00:01<00:00, 85.47it/s][A

OCR-det:  69%|██████▊   | 85/124 [00:01<00:00, 56.41it/s][A[A
OCR-det:  70%|███████   | 103/147 [00:01<00:00, 69.46it/s][A

OCR-det:  74%|███████▍  | 92/124 [00:01<00:00, 59.23it/s][A[A
OCR-det:  76%|███████▌  | 112/147 [00:02<00:00, 65.88it/s][A

OCR-det:  80%|███████▉  | 99/124 [00:02<00:00, 55.46it/s][A[AINFO:     127.0.0.1:55908 - "GET /tasks/9be6e3d3-fd49-460d-ae88-c23768d25ced HTTP/1.1" 200 OK

OCR-det:  84%|████████▍ | 124/147 [00:02<00:00, 66.13it/s][A

OCR-det:  86%|████████▋ | 107/124 [00:02<00:00, 54.72it/s][A[A
OCR-det:  92%|█████████▏| 135/147 [00:02<00:00, 74.72it/s][A

OCR-det:  96%|█████████▌| 119/124 [00:02<00:00, 60.41it/s][A[A
OCR-det:  98%|█████████▊| 144/147 [00:02<00:00, 76.25it/s][AOCR-det: 100%|██████████| 147/147 [00:02<00:00, 58.44it/s]

Processing pages:   0%|          | 0/10 [00:00<?, ?it/s][AOCR-det: 100%|██████████| 124/124 [00:02<00:00, 48.16it/s]

Processing pages:  10%|█         | 1/10 [00:00<00:01,  6.03it/s][A
Processing pages:  20%|██        | 2/10 [00:00<00:01,  6.41it/s][A
Processing pages:  30%|███       | 3/10 [00:00<00:01,  6.58it/s][A
Processing pages:  40%|████      | 4/10 [00:00<00:00,  6.96it/s][A
Processing pages:  50%|█████     | 5/10 [00:00<00:01,  4.88it/s][A
Processing pages:  60%|██████    | 6/10 [00:01<00:00,  4.47it/s][A
Processing pages:  70%|███████   | 7/10 [00:01<00:00,  5.12it/s][A
Processing pages:  80%|████████  | 8/10 [00:01<00:00,  5.69it/s][A
Processing pages:  90%|█████████ | 9/10 [00:01<00:00,  6.01it/s][A
Processing pages: 100%|██████████| 10/10 [00:01<00:00,  6.04it/s][AProcessing pages: 100%|██████████| 10/10 [00:01<00:00,  5.73it/s]
INFO:     127.0.0.1:55908 - "GET /tasks/ceb9372e-5f45-4ee6-9102-2fd04c9f9fc7 HTTP/1.1" 200 OK

Processing pages:   0%|          | 0/10 [00:00<?, ?it/s][AINFO:     127.0.0.1:56142 - "GET /tasks/a722a070-6b5d-42d3-be92-e4143215b6d6 HTTP/1.1" 200 OK

Processing pages:  10%|█         | 1/10 [00:00<00:01,  7.98it/s][A
Processing pages:  20%|██        | 2/10 [00:00<00:01,  7.24it/s][A
Processing pages:  30%|███       | 3/10 [00:00<00:00,  7.76it/s][A
Processing pages:  40%|████      | 4/10 [00:00<00:01,  5.32it/s][A
Processing pages:  50%|█████     | 5/10 [00:00<00:00,  5.04it/s][A
Processing pages:  60%|██████    | 6/10 [00:01<00:00,  5.43it/s][A
Processing pages:  70%|███████   | 7/10 [00:01<00:00,  5.84it/s][A
Processing pages:  80%|████████  | 8/10 [00:01<00:00,  6.35it/s][A
Processing pages:  90%|█████████ | 9/10 [00:01<00:00,  6.66it/s][A
Processing pages: 100%|██████████| 10/10 [00:01<00:00,  6.67it/s][AProcessing pages: 100%|██████████| 10/10 [00:01<00:00,  6.25it/s]

OCR-rec Predict:   0%|          | 0/1 [00:00<?, ?it/s][AINFO:     127.0.0.1:56150 - "GET /tasks/9be6e3d3-fd49-460d-ae88-c23768d25ced HTTP/1.1" 200 OK
INFO:     127.0.0.1:56142 - "GET /tasks/ceb9372e-5f45-4ee6-9102-2fd04c9f9fc7 HTTP/1.1" 200 OK
External Layout Extraction: 100%|██████████| 25/25 [00:13<00:00,  1.27it/s]External Layout Extraction: 100%|██████████| 25/25 [00:13<00:00,  1.83it/s]
OCR-rec Predict: 100%|██████████| 1/1 [00:00<00:00, 11.97it/s]
MFR Predict:   0%|          | 0/30 [00:00<?, ?it/s]INFO:     127.0.0.1:55908 - "GET /tasks/a722a070-6b5d-42d3-be92-e4143215b6d6/result HTTP/1.1" 200 OK
MFR Predict:  53%|█████▎    | 16/30 [00:00<00:00, 80.27it/s]INFO:     127.0.0.1:55908 - "POST /tasks HTTP/1.1" 202 Accepted
INFO:     127.0.0.1:55908 - "GET /tasks/5a3a97fc-dd58-4d50-aa2f-b036a47ed8d4 HTTP/1.1" 200 OK
2026-09-28 11:57:31.778 | INFO     | mineru.utils.engine_utils:get_vlm_engine:34 - Using vllm-async-engine as the inference engine for VLM.
MFR Predict: 100%|██████████| 30/30 [00:00<00:00, 28.94it/s]MFR Predict: 100%|██████████| 30/30 [00:00<00:00, 32.23it/s]
OCR-det:   0%|          | 0/120 [00:00<?, ?it/s]2026-09-28 11:57:32.607 | INFO     | mineru.backend.hybrid.hybrid_analyze:aio_doc_analyze:1139 - Hybrid processing-window run. page_count=10, window_size=64, total_windows=1
2026-09-28 11:57:32.607 | INFO     | mineru.backend.hybrid.hybrid_analyze:get_batch_ratio:875 - hybrid batch ratio (auto, vram=40GB): 16
INFO:     127.0.0.1:55908 - "GET /tasks/9be6e3d3-fd49-460d-ae88-c23768d25ced HTTP/1.1" 200 OK
INFO:     127.0.0.1:56142 - "GET /tasks/ceb9372e-5f45-4ee6-9102-2fd04c9f9fc7 HTTP/1.1" 200 OK
OCR-det:   2%|▎         | 3/120 [00:00<00:24,  4.80it/s]INFO:     127.0.0.1:55908 - "GET /tasks/9be6e3d3-fd49-460d-ae88-c23768d25ced/result HTTP/1.1" 200 OK
OCR-det:   8%|▊         | 9/120 [00:00<00:07, 14.81it/s]INFO:     127.0.0.1:55908 - "POST /tasks HTTP/1.1" 202 Accepted
INFO:     127.0.0.1:55908 - "GET /tasks/fe171755-bc3e-459d-800f-f818c754fd76 HTTP/1.1" 200 OK
OCR-det:  14%|█▍        | 17/120 [00:00<00:04, 25.53it/s]2026-09-28 11:57:33.272 | INFO     | mineru.utils.engine_utils:get_vlm_engine:34 - Using vllm-async-engine as the inference engine for VLM.
OCR-det:  19%|█▉        | 23/120 [00:01<00:03, 24.27it/s]OCR-det:  32%|███▏      | 38/120 [00:01<00:01, 43.73it/s]OCR-det:  44%|████▍     | 53/120 [00:01<00:01, 61.78it/s]OCR-det:  52%|█████▎    | 63/120 [00:01<00:00, 69.20it/s]OCR-det:  61%|██████    | 73/120 [00:01<00:00, 72.91it/s]OCR-det:  70%|███████   | 84/120 [00:01<00:00, 68.59it/s]2026-09-28 11:57:34.249 | INFO     | mineru.backend.hybrid.hybrid_analyze:aio_doc_analyze:1139 - Hybrid processing-window run. page_count=10, window_size=64, total_windows=1
2026-09-28 11:57:34.249 | INFO     | mineru.backend.hybrid.hybrid_analyze:get_batch_ratio:875 - hybrid batch ratio (auto, vram=40GB): 16
2026-09-28 11:57:34.250 | INFO     | mineru.backend.hybrid.hybrid_analyze:aio_doc_analyze:1161 - Hybrid processing window 1/1: pages 1-10/10 (10 pages)

Layout Predict:   0%|          | 0/10 [00:00<?, ?it/s][AINFO:     127.0.0.1:55908 - "GET /tasks/5a3a97fc-dd58-4d50-aa2f-b036a47ed8d4 HTTP/1.1" 200 OK
OCR-det:  78%|███████▊  | 94/120 [00:01<00:00, 74.48it/s]OCR-det:  89%|████████▉ | 107/120 [00:02<00:00, 78.68it/s]
Layout Predict:  80%|████████  | 8/10 [00:00<00:00, 25.16it/s][AOCR-det:  97%|█████████▋| 116/120 [00:02<00:00, 63.03it/s]Layout Predict: 100%|██████████| 10/10 [00:00<00:00, 22.80it/s]

Table orientation det:   0%|          | 0/8 [00:00<?, ?it/s][AOCR-det: 100%|██████████| 120/120 [00:02<00:00, 49.82it/s]

Table orientation det:  25%|██▌       | 2/8 [00:00<00:00, 16.69it/s][AProcessing pages:   0%|          | 0/10 [00:00<?, ?it/s]
Table orientation det:  62%|██████▎   | 5/8 [00:00<00:00, 10.38it/s][AProcessing pages:  10%|█         | 1/10 [00:00<00:04,  2.17it/s]
Table orientation det:  88%|████████▊ | 7/8 [00:00<00:00, 10.00it/s][A
Table orientation score: 100%|██████████| 8/8 [00:00<00:00, 10.00it/s][A
Table orientation score: 100%|██████████| 8/8 [00:00<00:00, 10.00it/s][A
Table orientation: 100%|██████████| 8/8 [00:00<00:00, 10.00it/s]      [A
Table orientation: 100%|██████████| 8/8 [00:00<00:00, 10.00it/s][ATable orientation: 100%|██████████| 8/8 [00:00<00:00, 11.41it/s]
Processing pages:  20%|██        | 2/10 [00:00<00:02,  3.43it/s]Processing pages:  30%|███       | 3/10 [00:00<00:01,  4.48it/s]Processing pages:  40%|████      | 4/10 [00:00<00:01,  5.22it/s]Processing pages:  50%|█████     | 5/10 [00:01<00:00,  5.73it/s]Processing pages:  60%|██████    | 6/10 [00:01<00:00,  5.71it/s]Processing pages:  70%|███████   | 7/10 [00:01<00:00,  5.64it/s]Processing pages:  80%|████████  | 8/10 [00:01<00:00,  5.90it/s]Processing pages:  90%|█████████ | 9/10 [00:01<00:00,  6.12it/s]Processing pages: 100%|██████████| 10/10 [00:01<00:00,  5.54it/s]
OCR-rec Predict:   0%|          | 0/2 [00:00<?, ?it/s]2026-09-28 11:57:36.651 | INFO     | mineru.backend.hybrid.hybrid_analyze:aio_doc_analyze:1161 - Hybrid processing window 1/1: pages 1-10/10 (10 pages)
INFO:     127.0.0.1:55908 - "GET /tasks/ceb9372e-5f45-4ee6-9102-2fd04c9f9fc7 HTTP/1.1" 200 OK
INFO:     127.0.0.1:56142 - "GET /tasks/fe171755-bc3e-459d-800f-f818c754fd76 HTTP/1.1" 200 OK

INFO:     127.0.0.1:48274 - "GET /tasks/5a3a97fc-dd58-4d50-aa2f-b036a47ed8d4 HTTP/1.1" 200 OK
Layout Predict:   0%|          | 0/10 [00:00<?, ?it/s][A

External Layout Extraction:   0%|          | 0/32 [00:00<?, ?it/s][A[AOCR-rec Predict: 100%|██████████| 2/2 [00:00<00:00, 46.91it/s]


External Layout Extraction:  16%|█▌        | 5/32 [00:00<00:02, 11.03it/s][A[A
Layout Predict:  80%|████████  | 8/10 [00:00<00:00,  9.94it/s][A

External Layout Extraction:  34%|███▍      | 11/32 [00:00<00:01, 13.78it/s][A[A
Layout Predict: 100%|██████████| 10/10 [00:00<00:00, 11.24it/s][ALayout Predict: 100%|██████████| 10/10 [00:00<00:00, 10.89it/s]
Table orientation det:   0%|          | 0/3 [00:00<?, ?it/s]

External Layout Extraction:  47%|████▋     | 15/32 [00:00<00:00, 17.43it/s][A[ATable orientation det:  33%|███▎      | 1/3 [00:00<00:00,  9.28it/s]

External Layout Extraction:  56%|█████▋    | 18/32 [00:01<00:00, 18.37it/s][A[ATable orientation score: 100%|██████████| 3/3 [00:00<00:00,  9.28it/s]Table orientation score: 100%|██████████| 3/3 [00:00<00:00,  9.28it/s]Table orientation: 100%|██████████| 3/3 [00:00<00:00,  9.28it/s]      Table orientation: 100%|██████████| 3/3 [00:00<00:00,  9.28it/s]Table orientation: 100%|██████████| 3/3 [00:00<00:00, 15.31it/s]
External Layout Extraction:   0%|          | 0/3 [00:00<?, ?it/s]

External Layout Extraction:  66%|██████▌   | 21/32 [00:01<00:00, 17.27it/s][A[A

External Layout Extraction:  81%|████████▏ | 26/32 [00:01<00:00, 23.49it/s][A[AExternal Layout Extraction:  33%|███▎      | 1/3 [00:00<00:01,  1.88it/s]

External Layout Extraction:  91%|█████████ | 29/32 [00:01<00:00, 14.71it/s][A[AINFO:     127.0.0.1:55908 - "GET /tasks/ceb9372e-5f45-4ee6-9102-2fd04c9f9fc7 HTTP/1.1" 200 OK
INFO:     127.0.0.1:48274 - "GET /tasks/5a3a97fc-dd58-4d50-aa2f-b036a47ed8d4 HTTP/1.1" 200 OK
INFO:     127.0.0.1:56142 - "GET /tasks/fe171755-bc3e-459d-800f-f818c754fd76 HTTP/1.1" 200 OK
INFO:     127.0.0.1:55908 - "GET /tasks/ceb9372e-5f45-4ee6-9102-2fd04c9f9fc7/result HTTP/1.1" 200 OK
INFO:     127.0.0.1:55908 - "POST /tasks HTTP/1.1" 202 Accepted
INFO:     127.0.0.1:55908 - "GET /tasks/8a291bf5-d020-4932-bcfd-f23cfcfca4d2 HTTP/1.1" 200 OK
2026-09-28 11:57:39.092 | INFO     | mineru.utils.engine_utils:get_vlm_engine:34 - Using vllm-async-engine as the inference engine for VLM.
2026-09-28 11:57:39.571 | INFO     | mineru.backend.hybrid.hybrid_analyze:aio_doc_analyze:1139 - Hybrid processing-window run. page_count=10, window_size=64, total_windows=1
2026-09-28 11:57:39.572 | INFO     | mineru.backend.hybrid.hybrid_analyze:get_batch_ratio:875 - hybrid batch ratio (auto, vram=40GB): 16
External Layout Extraction: 100%|██████████| 3/3 [00:01<00:00,  1.64it/s]External Layout Extraction: 100%|██████████| 3/3 [00:01<00:00,  1.66it/s]
MFR Predict:   0%|          | 0/39 [00:00<?, ?it/s]MFR Predict:  82%|████████▏ | 32/39 [00:00<00:00, 43.72it/s]2026-09-28 11:57:40.442 | INFO     | mineru.backend.hybrid.hybrid_analyze:aio_doc_analyze:1161 - Hybrid processing window 1/1: pages 1-10/10 (10 pages)

Layout Predict:   0%|          | 0/10 [00:00<?, ?it/s][AINFO:     127.0.0.1:55908 - "GET /tasks/5a3a97fc-dd58-4d50-aa2f-b036a47ed8d4 HTTP/1.1" 200 OK
INFO:     127.0.0.1:56142 - "GET /tasks/fe171755-bc3e-459d-800f-f818c754fd76 HTTP/1.1" 200 OK
INFO:     127.0.0.1:55908 - "GET /tasks/8a291bf5-d020-4932-bcfd-f23cfcfca4d2 HTTP/1.1" 200 OK

Layout Predict:  80%|████████  | 8/10 [00:00<00:00, 12.06it/s][A
Layout Predict: 100%|██████████| 10/10 [00:00<00:00, 10.98it/s][ALayout Predict: 100%|██████████| 10/10 [00:00<00:00, 11.21it/s]

Table orientation det:   0%|          | 0/3 [00:00<?, ?it/s][A
Table orientation det: 100%|██████████| 3/3 [00:00<00:00, 25.18it/s][A
Table orientation score: 100%|██████████| 3/3 [00:00<00:00, 25.18it/s][A
Table orientation score: 100%|██████████| 3/3 [00:00<00:00, 25.18it/s][A
Table orientation: 100%|██████████| 3/3 [00:00<00:00, 25.18it/s]      [A
Table orientation: 100%|██████████| 3/3 [00:00<00:00, 25.18it/s][ATable orientation: 100%|██████████| 3/3 [00:00<00:00, 25.04it/s]

External Layout Extraction:   0%|          | 0/3 [00:00<?, ?it/s][AMFR Predict: 100%|██████████| 39/39 [00:02<00:00, 14.46it/s]MFR Predict: 100%|██████████| 39/39 [00:02<00:00, 17.31it/s]
OCR-det:   0%|          | 0/140 [00:00<?, ?it/s]
External Layout Extraction:  33%|███▎      | 1/3 [00:00<00:01,  1.89it/s][A
External Layout Extraction:  67%|██████▋   | 2/3 [00:00<00:00,  3.05it/s][AOCR-det:   1%|          | 1/140 [00:00<01:29,  1.55it/s]INFO:     127.0.0.1:55908 - "GET /tasks/5a3a97fc-dd58-4d50-aa2f-b036a47ed8d4 HTTP/1.1" 200 OK
INFO:     127.0.0.1:56142 - "GET /tasks/fe171755-bc3e-459d-800f-f818c754fd76 HTTP/1.1" 200 OK
OCR-det:   4%|▍         | 6/140 [00:00<00:13, 10.21it/s]

External Layout Extraction: 100%|██████████| 32/32 [00:06<00:00,  2.30it/s][A[AExternal Layout Extraction: 100%|██████████| 32/32 [00:06<00:00,  5.26it/s]


MFR Predict:   0%|          | 0/68 [00:00<?, ?it/s][A[AOCR-det:  13%|█▎        | 18/140 [00:00<00:04, 28.35it/s]INFO:     127.0.0.1:55908 - "GET /tasks/8a291bf5-d020-4932-bcfd-f23cfcfca4d2 HTTP/1.1" 200 OK

External Layout Extraction: 100%|██████████| 3/3 [00:01<00:00,  1.68it/s][AExternal Layout Extraction: 100%|██████████| 3/3 [00:01<00:00,  1.84it/s]

MFR Predict:   0%|          | 0/12 [00:00<?, ?it/s][AOCR-det:  21%|██        | 29/140 [00:01<00:03, 29.35it/s]OCR-det:  26%|██▋       | 37/140 [00:01<00:02, 35.76it/s]
MFR Predict:  67%|██████▋   | 8/12 [00:00<00:00, 29.45it/s][AOCR-det:  39%|███▊      | 54/140 [00:01<00:01, 55.71it/s]OCR-det:  44%|████▍     | 62/140 [00:01<00:01, 60.19it/s]OCR-det:  51%|█████     | 71/140 [00:01<00:01, 63.79it/s]OCR-det:  62%|██████▏   | 87/140 [00:01<00:00, 76.94it/s]OCR-det:  71%|███████▏  | 100/140 [00:02<00:00, 80.72it/s]
MFR Predict: 100%|██████████| 12/12 [00:00<00:00, 12.19it/s][AMFR Predict: 100%|██████████| 12/12 [00:00<00:00, 13.81it/s]

OCR-det:   0%|          | 0/162 [00:00<?, ?it/s][AOCR-det:  81%|████████▏ | 114/140 [00:02<00:00, 88.58it/s]OCR-det:  91%|█████████ | 127/140 [00:02<00:00, 90.53it/s]

MFR Predict:  94%|█████████▍| 64/68 [00:01<00:00, 41.05it/s][A[AOCR-det:  98%|█████████▊| 137/140 [00:02<00:00, 78.50it/s]OCR-det: 100%|██████████| 140/140 [00:02<00:00, 55.05it/s]
Processing pages:   0%|          | 0/10 [00:00<?, ?it/s]Processing pages:  10%|█         | 1/10 [00:00<00:01,  5.20it/s]
OCR-det:   4%|▍         | 7/162 [00:00<00:17,  8.82it/s][AProcessing pages:  20%|██        | 2/10 [00:00<00:01,  4.65it/s]
OCR-det:   5%|▍         | 8/162 [00:00<00:17,  8.97it/s][A
OCR-det:   9%|▊         | 14/162 [00:01<00:08, 17.38it/s][AProcessing pages:  30%|███       | 3/10 [00:00<00:01,  4.24it/s]
OCR-det:  12%|█▏        | 20/162 [00:01<00:06, 23.37it/s][A
OCR-det:  22%|██▏       | 35/162 [00:01<00:02, 46.22it/s][AProcessing pages:  40%|████      | 4/10 [00:00<00:01,  4.19it/s]
OCR-det:  28%|██▊       | 45/162 [00:01<00:02, 49.46it/s][AProcessing pages:  50%|█████     | 5/10 [00:01<00:01,  4.16it/s]
OCR-det:  35%|███▍      | 56/162 [00:01<00:01, 54.68it/s][AProcessing pages:  60%|██████    | 6/10 [00:01<00:00,  4.44it/s]
OCR-det:  47%|████▋     | 76/162 [00:01<00:01, 69.46it/s][AProcessing pages:  70%|███████   | 7/10 [00:01<00:00,  4.62it/s]
OCR-det:  56%|█████▌    | 91/162 [00:02<00:01, 69.01it/s][A
OCR-det:  64%|██████▍   | 104/162 [00:02<00:00, 79.26it/s][AProcessing pages:  80%|████████  | 8/10 [00:01<00:00,  4.48it/s]MFR Predict: 100%|██████████| 68/68 [00:03<00:00, 19.20it/s]

OCR-det:  70%|███████   | 114/162 [00:02<00:00, 78.27it/s][A

OCR-det:   0%|          | 0/154 [00:00<?, ?it/s][A[AProcessing pages:  90%|█████████ | 9/10 [00:01<00:00,  4.81it/s]
OCR-det:  77%|███████▋  | 125/162 [00:02<00:00, 71.74it/s][AProcessing pages: 100%|██████████| 10/10 [00:02<00:00,  4.81it/s]Processing pages: 100%|██████████| 10/10 [00:02<00:00,  4.58it/s]
OCR-rec Predict:   0%|          | 0/1 [00:00<?, ?it/s]INFO:     127.0.0.1:55908 - "GET /tasks/fe171755-bc3e-459d-800f-f818c754fd76 HTTP/1.1" 200 OK
INFO:     127.0.0.1:56142 - "GET /tasks/5a3a97fc-dd58-4d50-aa2f-b036a47ed8d4 HTTP/1.1" 200 OK
INFO:     127.0.0.1:56810 - "GET /tasks/8a291bf5-d020-4932-bcfd-f23cfcfca4d2 HTTP/1.1" 200 OK
OCR-rec Predict: 100%|██████████| 1/1 [00:00<00:00, 50.29it/s]

OCR-det:  83%|████████▎ | 134/162 [00:03<00:00, 37.21it/s][A
OCR-det:  86%|████████▋ | 140/162 [00:03<00:00, 39.92it/s][A
OCR-det:  91%|█████████▏| 148/162 [00:03<00:00, 45.82it/s][A
OCR-det:  98%|█████████▊| 158/162 [00:03<00:00, 55.50it/s][AOCR-det: 100%|██████████| 162/162 [00:03<00:00, 46.70it/s]
Processing pages:   0%|          | 0/10 [00:00<?, ?it/s]

OCR-det:   1%|▏         | 2/154 [00:01<01:31,  1.67it/s][A[AProcessing pages:  10%|█         | 1/10 [00:00<00:01,  5.76it/s]

OCR-det:   6%|▋         | 10/154 [00:01<00:15,  9.33it/s][A[AProcessing pages:  20%|██        | 2/10 [00:00<00:01,  6.04it/s]

OCR-det:  12%|█▏        | 18/154 [00:01<00:08, 16.78it/s][A[AProcessing pages:  30%|███       | 3/10 [00:00<00:01,  6.32it/s]

OCR-det:  19%|█▉        | 30/154 [00:01<00:04, 29.00it/s][A[AProcessing pages:  40%|████      | 4/10 [00:00<00:00,  6.13it/s]

OCR-det:  29%|██▉       | 45/154 [00:01<00:02, 43.46it/s][A[AProcessing pages:  50%|█████     | 5/10 [00:00<00:00,  5.98it/s]

OCR-det:  36%|███▌      | 55/154 [00:02<00:02, 46.90it/s][A[A

OCR-det:  40%|████      | 62/154 [00:02<00:01, 49.38it/s][A[AProcessing pages:  70%|███████   | 7/10 [00:01<00:00,  6.96it/s]

OCR-det:  50%|█████     | 77/154 [00:02<00:01, 65.45it/s][A[AProcessing pages:  80%|████████  | 8/10 [00:01<00:00,  6.74it/s]

OCR-det:  56%|█████▋    | 87/154 [00:02<00:01, 62.82it/s][A[AProcessing pages:  90%|█████████ | 9/10 [00:01<00:00,  6.35it/s]

OCR-det:  62%|██████▏   | 95/154 [00:02<00:01, 56.81it/s][A[AProcessing pages: 100%|██████████| 10/10 [00:01<00:00,  5.93it/s]Processing pages: 100%|██████████| 10/10 [00:01<00:00,  6.21it/s]
INFO:     127.0.0.1:55908 - "GET /tasks/fe171755-bc3e-459d-800f-f818c754fd76 HTTP/1.1" 200 OK
INFO:     127.0.0.1:56810 - "GET /tasks/8a291bf5-d020-4932-bcfd-f23cfcfca4d2 HTTP/1.1" 200 OK
INFO:     127.0.0.1:56142 - "GET /tasks/5a3a97fc-dd58-4d50-aa2f-b036a47ed8d4 HTTP/1.1" 200 OK


OCR-det:  68%|██████▊   | 104/154 [00:03<00:01, 32.95it/s][A[AINFO:     127.0.0.1:55908 - "GET /tasks/fe171755-bc3e-459d-800f-f818c754fd76/result HTTP/1.1" 200 OK


OCR-det:  73%|███████▎  | 112/154 [00:03<00:01, 38.69it/s][A[AINFO:     127.0.0.1:55908 - "POST /tasks HTTP/1.1" 202 Accepted


OCR-det:  77%|███████▋  | 119/154 [00:03<00:00, 42.62it/s][A[AINFO:     127.0.0.1:55908 - "GET /tasks/d478c84c-3a82-4957-b4ad-fecdbe894477 HTTP/1.1" 200 OK
2026-09-28 11:57:49.897 | INFO     | mineru.utils.engine_utils:get_vlm_engine:34 - Using vllm-async-engine as the inference engine for VLM.


OCR-det:  81%|████████  | 125/154 [00:03<00:00, 37.31it/s][A[A

OCR-det:  85%|████████▌ | 131/154 [00:03<00:00, 40.89it/s][A[A

OCR-det:  89%|████████▉ | 137/154 [00:03<00:00, 39.54it/s][A[A

OCR-det:  99%|█████████▊| 152/154 [00:04<00:00, 61.30it/s][A[AOCR-det: 100%|██████████| 154/154 [00:04<00:00, 37.85it/s]
2026-09-28 11:57:50.680 | INFO     | mineru.backend.hybrid.hybrid_analyze:aio_doc_analyze:1139 - Hybrid processing-window run. page_count=10, window_size=64, total_windows=1
2026-09-28 11:57:50.680 | INFO     | mineru.backend.hybrid.hybrid_analyze:get_batch_ratio:875 - hybrid batch ratio (auto, vram=40GB): 16
Processing pages:   0%|          | 0/10 [00:00<?, ?it/s]Processing pages:  10%|█         | 1/10 [00:00<00:01,  6.33it/s]Processing pages:  20%|██        | 2/10 [00:00<00:01,  6.66it/s]Processing pages:  30%|███       | 3/10 [00:00<00:00,  7.01it/s]Processing pages:  40%|████      | 4/10 [00:00<00:00,  6.95it/s]Processing pages:  50%|█████     | 5/10 [00:00<00:01,  4.92it/s]Processing pages:  60%|██████    | 6/10 [00:01<00:00,  5.37it/s]Processing pages:  70%|███████   | 7/10 [00:01<00:00,  5.88it/s]Processing pages:  80%|████████  | 8/10 [00:01<00:00,  6.08it/s]Processing pages:  90%|█████████ | 9/10 [00:01<00:00,  6.26it/s]Processing pages: 100%|██████████| 10/10 [00:01<00:00,  6.23it/s]Processing pages: 100%|██████████| 10/10 [00:01<00:00,  6.08it/s]
2026-09-28 11:57:52.341 | INFO     | mineru.backend.hybrid.hybrid_analyze:aio_doc_analyze:1161 - Hybrid processing window 1/1: pages 1-10/10 (10 pages)
Layout Predict:   0%|          | 0/10 [00:00<?, ?it/s]INFO:     127.0.0.1:55908 - "GET /tasks/5a3a97fc-dd58-4d50-aa2f-b036a47ed8d4 HTTP/1.1" 200 OK
INFO:     127.0.0.1:56142 - "GET /tasks/8a291bf5-d020-4932-bcfd-f23cfcfca4d2 HTTP/1.1" 200 OK
INFO:     127.0.0.1:56810 - "GET /tasks/d478c84c-3a82-4957-b4ad-fecdbe894477 HTTP/1.1" 200 OK
INFO:     127.0.0.1:55908 - "GET /tasks/8a291bf5-d020-4932-bcfd-f23cfcfca4d2/result HTTP/1.1" 200 OK
Layout Predict:  80%|████████  | 8/10 [00:00<00:00, 13.72it/s]Layout Predict: 100%|██████████| 10/10 [00:00<00:00, 14.76it/s]
Table orientation det:   0%|          | 0/5 [00:00<?, ?it/s]Table orientation det:  20%|██        | 1/5 [00:00<00:00,  7.57it/s]INFO:     127.0.0.1:55908 - "POST /tasks HTTP/1.1" 202 Accepted
INFO:     127.0.0.1:55908 - "GET /tasks/770d0bdc-f8f8-4760-a1f2-0cb78501fcc4 HTTP/1.1" 200 OK
2026-09-28 11:57:53.268 | INFO     | mineru.utils.engine_utils:get_vlm_engine:34 - Using vllm-async-engine as the inference engine for VLM.
Table orientation det:  40%|████      | 2/5 [00:00<00:00,  6.70it/s]Table orientation det: 100%|██████████| 5/5 [00:00<00:00, 14.85it/s]Table orientation score: 100%|██████████| 5/5 [00:00<00:00, 14.85it/s]Table orientation score: 100%|██████████| 5/5 [00:00<00:00, 14.85it/s]Table orientation: 100%|██████████| 5/5 [00:00<00:00, 14.85it/s]      Table orientation: 100%|██████████| 5/5 [00:00<00:00, 14.85it/s]Table orientation: 100%|██████████| 5/5 [00:00<00:00, 12.54it/s]
2026-09-28 11:57:53.830 | INFO     | mineru.backend.hybrid.hybrid_analyze:aio_doc_analyze:1139 - Hybrid processing-window run. page_count=10, window_size=64, total_windows=1
2026-09-28 11:57:53.830 | INFO     | mineru.backend.hybrid.hybrid_analyze:get_batch_ratio:875 - hybrid batch ratio (auto, vram=40GB): 16
External Layout Extraction:   0%|          | 0/6 [00:00<?, ?it/s]External Layout Extraction:  17%|█▋        | 1/6 [00:00<00:01,  2.86it/s]External Layout Extraction:  33%|███▎      | 2/6 [00:00<00:00,  4.53it/s]INFO:     127.0.0.1:55908 - "GET /tasks/5a3a97fc-dd58-4d50-aa2f-b036a47ed8d4 HTTP/1.1" 200 OK
INFO:     127.0.0.1:56142 - "GET /tasks/d478c84c-3a82-4957-b4ad-fecdbe894477 HTTP/1.1" 200 OK
INFO:     127.0.0.1:55908 - "GET /tasks/5a3a97fc-dd58-4d50-aa2f-b036a47ed8d4/result HTTP/1.1" 200 OK
INFO:     127.0.0.1:55908 - "POST /tasks HTTP/1.1" 202 Accepted
INFO:     127.0.0.1:55908 - "GET /tasks/5fcc96e1-e4ba-482e-b376-fd9a81125672 HTTP/1.1" 200 OK
2026-09-28 11:57:54.659 | INFO     | mineru.utils.engine_utils:get_vlm_engine:34 - Using vllm-async-engine as the inference engine for VLM.
2026-09-28 11:57:55.494 | INFO     | mineru.backend.hybrid.hybrid_analyze:aio_doc_analyze:1139 - Hybrid processing-window run. page_count=10, window_size=64, total_windows=1
2026-09-28 11:57:55.495 | INFO     | mineru.backend.hybrid.hybrid_analyze:get_batch_ratio:875 - hybrid batch ratio (auto, vram=40GB): 16
2026-09-28 11:57:55.503 | INFO     | mineru.backend.hybrid.hybrid_analyze:aio_doc_analyze:1161 - Hybrid processing window 1/1: pages 1-10/10 (10 pages)
INFO:     127.0.0.1:55908 - "GET /tasks/770d0bdc-f8f8-4760-a1f2-0cb78501fcc4 HTTP/1.1" 200 OK

Layout Predict:   0%|          | 0/10 [00:00<?, ?it/s][AExternal Layout Extraction: 100%|██████████| 6/6 [00:01<00:00,  3.55it/s]External Layout Extraction: 100%|██████████| 6/6 [00:01<00:00,  3.57it/s]
MFR Predict:   0%|          | 0/7 [00:00<?, ?it/s]
Layout Predict:  80%|████████  | 8/10 [00:00<00:00, 28.87it/s][ALayout Predict: 100%|██████████| 10/10 [00:00<00:00, 25.21it/s]

Table orientation det:   0%|          | 0/4 [00:00<?, ?it/s][AMFR Predict:  57%|█████▋    | 4/7 [00:00<00:00,  9.68it/s]
Table orientation det:  50%|█████     | 2/4 [00:00<00:00,  8.90it/s][A
Table orientation det:  75%|███████▌  | 3/4 [00:00<00:00,  8.19it/s][AINFO:     127.0.0.1:55908 - "GET /tasks/d478c84c-3a82-4957-b4ad-fecdbe894477 HTTP/1.1" 200 OK
2026-09-28 11:57:56.416 | INFO     | mineru.backend.hybrid.hybrid_analyze:aio_doc_analyze:1161 - Hybrid processing window 1/1: pages 1-10/10 (10 pages)


Layout Predict:   0%|          | 0/10 [00:00<?, ?it/s][A[A
Table orientation det: 100%|██████████| 4/4 [00:00<00:00,  7.55it/s][A
Table orientation score: 100%|██████████| 4/4 [00:00<00:00,  7.55it/s][A
Table orientation score: 100%|██████████| 4/4 [00:00<00:00,  7.55it/s][A
Table orientation: 100%|██████████| 4/4 [00:00<00:00,  7.55it/s]      [A
Table orientation: 100%|██████████| 4/4 [00:00<00:00,  7.55it/s][ATable orientation: 100%|██████████| 4/4 [00:00<00:00,  7.82it/s]

External Layout Extraction:   0%|          | 0/8 [00:00<?, ?it/s][AINFO:     127.0.0.1:55908 - "GET /tasks/5fcc96e1-e4ba-482e-b376-fd9a81125672 HTTP/1.1" 200 OK
MFR Predict: 100%|██████████| 7/7 [00:01<00:00,  4.89it/s]MFR Predict: 100%|██████████| 7/7 [00:01<00:00,  5.35it/s]

External Layout Extraction:  12%|█▎        | 1/8 [00:00<00:03,  2.14it/s][A

Layout Predict:  80%|████████  | 8/10 [00:00<00:00, 16.43it/s][A[AOCR-det:   0%|          | 0/135 [00:00<?, ?it/s]
External Layout Extraction:  25%|██▌       | 2/8 [00:00<00:01,  3.96it/s][A

Layout Predict: 100%|██████████| 10/10 [00:00<00:00, 16.75it/s][A[ALayout Predict: 100%|██████████| 10/10 [00:00<00:00, 16.66it/s]


Table orientation det:   0%|          | 0/3 [00:00<?, ?it/s][A[A

Table orientation score: 100%|██████████| 3/3 [00:00<00:00, 38.44it/s][A[A

Table orientation score: 100%|██████████| 3/3 [00:00<00:00, 38.37it/s][A[A

Table orientation: 100%|██████████| 3/3 [00:00<00:00, 38.34it/s]      [A[A

Table orientation: 100%|██████████| 3/3 [00:00<00:00, 38.31it/s][A[ATable orientation: 100%|██████████| 3/3 [00:00<00:00, 38.28it/s]


External Layout Extraction:   0%|          | 0/4 [00:00<?, ?it/s][A[AINFO:     127.0.0.1:55908 - "GET /tasks/770d0bdc-f8f8-4760-a1f2-0cb78501fcc4 HTTP/1.1" 200 OK
OCR-det:   1%|          | 1/135 [00:00<01:19,  1.68it/s]

External Layout Extraction:  25%|██▌       | 1/4 [00:00<00:01,  1.88it/s][A[AOCR-det:   9%|▉         | 12/135 [00:00<00:05, 21.63it/s]OCR-det:  18%|█▊        | 24/135 [00:00<00:02, 40.86it/s]
External Layout Extraction:  62%|██████▎   | 5/8 [00:01<00:00,  3.88it/s][AOCR-det:  30%|███       | 41/135 [00:00<00:01, 66.82it/s]
External Layout Extraction:  75%|███████▌  | 6/8 [00:01<00:00,  4.45it/s][A

External Layout Extraction:  50%|█████     | 2/4 [00:00<00:00,  2.31it/s][A[AOCR-det:  39%|███▉      | 53/135 [00:01<00:01, 75.58it/s]OCR-det:  47%|████▋     | 64/135 [00:01<00:00, 76.49it/s]OCR-det:  59%|█████▊    | 79/135 [00:01<00:00, 86.73it/s]

External Layout Extraction: 100%|██████████| 4/4 [00:01<00:00,  3.70it/s][A[AExternal Layout Extraction: 100%|██████████| 4/4 [00:01<00:00,  3.22it/s]
INFO:     127.0.0.1:55908 - "GET /tasks/d478c84c-3a82-4957-b4ad-fecdbe894477 HTTP/1.1" 200 OK


MFR Predict:   0%|          | 0/4 [00:00<?, ?it/s][A[AOCR-det:  66%|██████▌   | 89/135 [00:01<00:00, 69.51it/s]INFO:     127.0.0.1:55908 - "GET /tasks/5fcc96e1-e4ba-482e-b376-fd9a81125672 HTTP/1.1" 200 OK
OCR-det:  74%|███████▍  | 100/135 [00:01<00:00, 71.41it/s]OCR-det:  81%|████████▏ | 110/135 [00:01<00:00, 72.84it/s]OCR-det:  87%|████████▋ | 118/135 [00:01<00:00, 71.55it/s]OCR-det:  93%|█████████▎| 126/135 [00:02<00:00, 70.19it/s]OCR-det: 100%|██████████| 135/135 [00:02<00:00, 61.74it/s]
Processing pages:   0%|          | 0/10 [00:00<?, ?it/s]

MFR Predict:  50%|█████     | 2/4 [00:00<00:00,  2.42it/s][A[AProcessing pages:  10%|█         | 1/10 [00:00<00:01,  5.41it/s]Processing pages:  20%|██        | 2/10 [00:00<00:01,  5.25it/s]Processing pages:  30%|███       | 3/10 [00:00<00:01,  5.24it/s]

MFR Predict: 100%|██████████| 4/4 [00:01<00:00,  2.83it/s][A[AMFR Predict: 100%|██████████| 4/4 [00:01<00:00,  2.76it/s]
Processing pages:  40%|████      | 4/10 [00:00<00:01,  4.86it/s]

OCR-det:   0%|          | 0/117 [00:00<?, ?it/s][A[AProcessing pages:  50%|█████     | 5/10 [00:00<00:00,  5.02it/s]Processing pages:  60%|██████    | 6/10 [00:01<00:00,  5.47it/s]Processing pages:  70%|███████   | 7/10 [00:01<00:00,  6.10it/s]Processing pages:  80%|████████  | 8/10 [00:01<00:00,  6.24it/s]Processing pages:  90%|█████████ | 9/10 [00:01<00:00,  6.41it/s]Processing pages: 100%|██████████| 10/10 [00:01<00:00,  6.26it/s]Processing pages: 100%|██████████| 10/10 [00:01<00:00,  5.78it/s]

External Layout Extraction: 100%|██████████| 8/8 [00:04<00:00,  1.31it/s][AExternal Layout Extraction: 100%|██████████| 8/8 [00:04<00:00,  1.78it/s]
OCR-rec Predict:   0%|          | 0/6 [00:00<?, ?it/s]INFO:     127.0.0.1:55908 - "GET /tasks/770d0bdc-f8f8-4760-a1f2-0cb78501fcc4 HTTP/1.1" 200 OK
INFO:     127.0.0.1:59562 - "GET /tasks/d478c84c-3a82-4957-b4ad-fecdbe894477 HTTP/1.1" 200 OK
INFO:     127.0.0.1:59566 - "GET /tasks/5fcc96e1-e4ba-482e-b376-fd9a81125672 HTTP/1.1" 200 OK

MFR Predict:   0%|          | 0/57 [00:00<?, ?it/s][AOCR-rec Predict: 100%|██████████| 6/6 [00:00<00:00, 53.30it/s]OCR-rec Predict: 100%|██████████| 6/6 [00:00<00:00, 53.19it/s]


OCR-det:   2%|▏         | 2/117 [00:01<01:21,  1.40it/s][A[A
MFR Predict:  56%|█████▌    | 32/57 [00:00<00:00, 48.53it/s][A

OCR-det:  11%|█         | 13/117 [00:01<00:10,  9.77it/s][A[A

OCR-det:  19%|█▉        | 22/117 [00:01<00:05, 17.84it/s][A[A

OCR-det:  26%|██▋       | 31/117 [00:01<00:03, 25.19it/s][A[A

OCR-det:  39%|███▉      | 46/117 [00:02<00:01, 41.72it/s][A[A

OCR-det:  50%|████▉     | 58/117 [00:02<00:01, 53.77it/s][A[A

OCR-det:  62%|██████▏   | 72/117 [00:02<00:00, 67.21it/s][A[A

OCR-det:  73%|███████▎  | 85/117 [00:02<00:00, 71.96it/s][A[A

OCR-det:  81%|████████  | 95/117 [00:02<00:00, 74.22it/s][A[A
MFR Predict: 100%|██████████| 57/57 [00:01<00:00, 30.33it/s][AMFR Predict: 100%|██████████| 57/57 [00:01<00:00, 32.37it/s]
OCR-det:   0%|          | 0/138 [00:00<?, ?it/s]

OCR-det:  89%|████████▉ | 104/117 [00:02<00:00, 64.65it/s][A[AINFO:     127.0.0.1:55908 - "GET /tasks/770d0bdc-f8f8-4760-a1f2-0cb78501fcc4 HTTP/1.1" 200 OK
INFO:     127.0.0.1:59562 - "GET /tasks/d478c84c-3a82-4957-b4ad-fecdbe894477 HTTP/1.1" 200 OK
INFO:     127.0.0.1:59566 - "GET /tasks/5fcc96e1-e4ba-482e-b376-fd9a81125672 HTTP/1.1" 200 OK
INFO:     127.0.0.1:55908 - "GET /tasks/d478c84c-3a82-4957-b4ad-fecdbe894477/result HTTP/1.1" 200 OK


OCR-det:  97%|█████████▋| 113/117 [00:02<00:00, 62.30it/s][A[AOCR-det: 100%|██████████| 117/117 [00:03<00:00, 38.43it/s]
INFO:     127.0.0.1:55908 - "POST /tasks HTTP/1.1" 202 Accepted
INFO:     127.0.0.1:55908 - "GET /tasks/721ae94d-5ab5-434c-a78c-69385f72c7d5 HTTP/1.1" 200 OK

Processing pages:   0%|          | 0/10 [00:00<?, ?it/s][A
Processing pages:  10%|█         | 1/10 [00:00<00:02,  4.34it/s][A
Processing pages:  20%|██        | 2/10 [00:00<00:01,  5.25it/s][A
Processing pages:  30%|███       | 3/10 [00:00<00:01,  5.65it/s][AOCR-det:   1%|          | 1/138 [00:00<02:16,  1.00it/s]
Processing pages:  40%|████      | 4/10 [00:00<00:01,  5.41it/s][AOCR-det:   6%|▌         | 8/138 [00:01<00:14,  8.72it/s]
Processing pages:  50%|█████     | 5/10 [00:00<00:00,  5.41it/s][AOCR-det:  18%|█▊        | 25/138 [00:01<00:04, 24.83it/s]
Processing pages:  60%|██████    | 6/10 [00:01<00:00,  5.24it/s][AOCR-det:  25%|██▍       | 34/138 [00:01<00:03, 30.27it/s]
Processing pages:  70%|███████   | 7/10 [00:01<00:00,  5.37it/s][AOCR-det:  33%|███▎      | 46/138 [00:01<00:02, 43.03it/s]
Processing pages:  80%|████████  | 8/10 [00:01<00:00,  5.36it/s][AOCR-det:  38%|███▊      | 53/138 [00:01<00:02, 40.82it/s]
Processing pages:  90%|█████████ | 9/10 [00:01<00:00,  5.34it/s][AOCR-det:  44%|████▍     | 61/138 [00:02<00:01, 42.83it/s]OCR-det:  50%|█████     | 69/138 [00:02<00:01, 49.36it/s]
Processing pages: 100%|██████████| 10/10 [00:01<00:00,  5.37it/s][AProcessing pages: 100%|██████████| 10/10 [00:01<00:00,  5.33it/s]
INFO:     127.0.0.1:59562 - "GET /tasks/5fcc96e1-e4ba-482e-b376-fd9a81125672 HTTP/1.1" 200 OK
INFO:     127.0.0.1:55908 - "GET /tasks/770d0bdc-f8f8-4760-a1f2-0cb78501fcc4 HTTP/1.1" 200 OK
INFO:     127.0.0.1:55908 - "GET /tasks/721ae94d-5ab5-434c-a78c-69385f72c7d5 HTTP/1.1" 200 OK
2026-09-28 11:58:05.660 | INFO     | mineru.utils.engine_utils:get_vlm_engine:34 - Using vllm-async-engine as the inference engine for VLM.
OCR-det:  57%|█████▋    | 78/138 [00:02<00:02, 25.79it/s]OCR-det:  64%|██████▍   | 89/138 [00:03<00:01, 34.10it/s]OCR-det:  71%|███████   | 98/138 [00:03<00:00, 40.30it/s]OCR-det:  83%|████████▎ | 114/138 [00:03<00:00, 59.21it/s]OCR-det:  90%|████████▉ | 124/138 [00:03<00:00, 54.15it/s]2026-09-28 11:58:06.331 | INFO     | mineru.backend.hybrid.hybrid_analyze:aio_doc_analyze:1139 - Hybrid processing-window run. page_count=10, window_size=64, total_windows=1
2026-09-28 11:58:06.331 | INFO     | mineru.backend.hybrid.hybrid_analyze:get_batch_ratio:875 - hybrid batch ratio (auto, vram=40GB): 16
OCR-det: 100%|██████████| 138/138 [00:03<00:00, 66.60it/s]OCR-det: 100%|██████████| 138/138 [00:03<00:00, 37.91it/s]
Processing pages:   0%|          | 0/10 [00:00<?, ?it/s]Processing pages:  10%|█         | 1/10 [00:00<00:01,  6.72it/s]Processing pages:  20%|██        | 2/10 [00:00<00:01,  7.47it/s]Processing pages:  30%|███       | 3/10 [00:00<00:00,  7.55it/s]Processing pages:  40%|████      | 4/10 [00:00<00:01,  5.21it/s]Processing pages:  50%|█████     | 5/10 [00:00<00:00,  5.60it/s]Processing pages:  60%|██████    | 6/10 [00:01<00:00,  5.23it/s]Processing pages:  70%|███████   | 7/10 [00:01<00:00,  5.49it/s]Processing pages:  80%|████████  | 8/10 [00:01<00:00,  5.95it/s]Processing pages:  90%|█████████ | 9/10 [00:01<00:00,  6.17it/s]Processing pages: 100%|██████████| 10/10 [00:01<00:00,  6.22it/s]Processing pages: 100%|██████████| 10/10 [00:01<00:00,  5.98it/s]
2026-09-28 11:58:08.173 | INFO     | mineru.backend.hybrid.hybrid_analyze:aio_doc_analyze:1161 - Hybrid processing window 1/1: pages 1-10/10 (10 pages)
Layout Predict:   0%|          | 0/10 [00:00<?, ?it/s]INFO:     127.0.0.1:59562 - "GET /tasks/770d0bdc-f8f8-4760-a1f2-0cb78501fcc4 HTTP/1.1" 200 OK
INFO:     127.0.0.1:55908 - "GET /tasks/5fcc96e1-e4ba-482e-b376-fd9a81125672 HTTP/1.1" 200 OK
INFO:     127.0.0.1:59566 - "GET /tasks/721ae94d-5ab5-434c-a78c-69385f72c7d5 HTTP/1.1" 200 OK
INFO:     127.0.0.1:55908 - "GET /tasks/5fcc96e1-e4ba-482e-b376-fd9a81125672/result HTTP/1.1" 200 OK
Layout Predict:  80%|████████  | 8/10 [00:00<00:00, 13.76it/s]INFO:     127.0.0.1:55908 - "POST /tasks HTTP/1.1" 202 Accepted
Layout Predict: 100%|██████████| 10/10 [00:00<00:00, 11.66it/s]2026-09-28 11:58:09.028 | INFO     | mineru.utils.engine_utils:get_vlm_engine:34 - Using vllm-async-engine as the inference engine for VLM.
Layout Predict: 100%|██████████| 10/10 [00:00<00:00, 11.44it/s]
2026-09-28 11:58:09.575 | INFO     | mineru.backend.hybrid.hybrid_analyze:aio_doc_analyze:1139 - Hybrid processing-window run. page_count=10, window_size=64, total_windows=1
2026-09-28 11:58:09.576 | INFO     | mineru.backend.hybrid.hybrid_analyze:get_batch_ratio:875 - hybrid batch ratio (auto, vram=40GB): 16
INFO:     127.0.0.1:55908 - "GET /tasks/a781d28f-8f54-440a-bb69-6551673ac083 HTTP/1.1" 200 OK
Table orientation det:   0%|          | 0/4 [00:00<?, ?it/s]Table orientation det:  50%|█████     | 2/4 [00:00<00:00, 11.55it/s]Table orientation score: 100%|██████████| 4/4 [00:00<00:00, 11.55it/s]Table orientation score: 100%|██████████| 4/4 [00:00<00:00, 11.55it/s]Table orientation: 100%|██████████| 4/4 [00:00<00:00, 11.55it/s]      Table orientation: 100%|██████████| 4/4 [00:00<00:00, 11.55it/s]Table orientation: 100%|██████████| 4/4 [00:00<00:00, 15.85it/s]
External Layout Extraction:   0%|          | 0/4 [00:00<?, ?it/s]INFO:     127.0.0.1:55908 - "GET /tasks/770d0bdc-f8f8-4760-a1f2-0cb78501fcc4 HTTP/1.1" 200 OK
INFO:     127.0.0.1:59562 - "GET /tasks/721ae94d-5ab5-434c-a78c-69385f72c7d5 HTTP/1.1" 200 OK
INFO:     127.0.0.1:55908 - "GET /tasks/770d0bdc-f8f8-4760-a1f2-0cb78501fcc4/result HTTP/1.1" 200 OK
INFO:     127.0.0.1:55908 - "POST /tasks HTTP/1.1" 202 Accepted
INFO:     127.0.0.1:55908 - "GET /tasks/3ce553b4-cb67-4964-b701-3c30bc184b9a HTTP/1.1" 200 OK
External Layout Extraction:  25%|██▌       | 1/4 [00:00<00:02,  1.42it/s]2026-09-28 11:58:10.587 | INFO     | mineru.utils.engine_utils:get_vlm_engine:34 - Using vllm-async-engine as the inference engine for VLM.
2026-09-28 11:58:11.377 | INFO     | mineru.backend.hybrid.hybrid_analyze:aio_doc_analyze:1139 - Hybrid processing-window run. page_count=10, window_size=64, total_windows=1
2026-09-28 11:58:11.378 | INFO     | mineru.backend.hybrid.hybrid_analyze:get_batch_ratio:875 - hybrid batch ratio (auto, vram=40GB): 16
2026-09-28 11:58:11.389 | INFO     | mineru.backend.hybrid.hybrid_analyze:aio_doc_analyze:1161 - Hybrid processing window 1/1: pages 1-10/10 (10 pages)

Layout Predict:   0%|          | 0/10 [00:00<?, ?it/s][AExternal Layout Extraction:  50%|█████     | 2/4 [00:01<00:01,  1.26it/s]INFO:     127.0.0.1:55908 - "GET /tasks/a781d28f-8f54-440a-bb69-6551673ac083 HTTP/1.1" 200 OK

Layout Predict:  80%|████████  | 8/10 [00:00<00:00, 24.84it/s][ALayout Predict: 100%|██████████| 10/10 [00:00<00:00, 23.18it/s]

Table orientation det:   0%|          | 0/6 [00:00<?, ?it/s][A
Table orientation det:  17%|█▋        | 1/6 [00:00<00:00,  7.55it/s][AExternal Layout Extraction:  75%|███████▌  | 3/4 [00:02<00:00,  1.44it/s]INFO:     127.0.0.1:55908 - "GET /tasks/721ae94d-5ab5-434c-a78c-69385f72c7d5 HTTP/1.1" 200 OK

Table orientation det:  67%|██████▋   | 4/6 [00:00<00:00, 11.04it/s][A2026-09-28 11:58:12.325 | INFO     | mineru.backend.hybrid.hybrid_analyze:aio_doc_analyze:1161 - Hybrid processing window 1/1: pages 1-10/10 (10 pages)


Layout Predict:   0%|          | 0/10 [00:00<?, ?it/s][A[A
Table orientation det: 100%|██████████| 6/6 [00:00<00:00, 12.03it/s][A
Table orientation score: 100%|██████████| 6/6 [00:00<00:00, 12.03it/s][A
Table orientation score: 100%|██████████| 6/6 [00:00<00:00, 12.03it/s][A
Table orientation: 100%|██████████| 6/6 [00:00<00:00, 12.03it/s]      [A
Table orientation: 100%|██████████| 6/6 [00:00<00:00, 12.03it/s][ATable orientation: 100%|██████████| 6/6 [00:00<00:00, 11.48it/s]

External Layout Extraction:   0%|          | 0/14 [00:00<?, ?it/s][AINFO:     127.0.0.1:55908 - "GET /tasks/3ce553b4-cb67-4964-b701-3c30bc184b9a HTTP/1.1" 200 OK

External Layout Extraction:  29%|██▊       | 4/14 [00:00<00:00, 15.52it/s][A

Layout Predict:  80%|████████  | 8/10 [00:00<00:00, 21.67it/s][A[ALayout Predict: 100%|██████████| 10/10 [00:00<00:00, 20.74it/s]


Table orientation det:   0%|          | 0/4 [00:00<?, ?it/s][A[A
External Layout Extraction:  50%|█████     | 7/14 [00:00<00:00, 13.44it/s][A

Table orientation det:  75%|███████▌  | 3/4 [00:00<00:00, 20.53it/s][A[A

Table orientation score: 100%|██████████| 4/4 [00:00<00:00, 20.53it/s][A[A

Table orientation score: 100%|██████████| 4/4 [00:00<00:00, 20.53it/s][A[A

Table orientation: 100%|██████████| 4/4 [00:00<00:00, 20.53it/s]      [A[A

Table orientation: 100%|██████████| 4/4 [00:00<00:00, 20.53it/s][A[ATable orientation: 100%|██████████| 4/4 [00:00<00:00, 22.91it/s]


External Layout Extraction:   0%|          | 0/14 [00:00<?, ?it/s][A[A

External Layout Extraction:  36%|███▌      | 5/14 [00:00<00:00, 31.21it/s][A[A
External Layout Extraction:  71%|███████▏  | 10/14 [00:00<00:00,  9.94it/s][A

External Layout Extraction:  64%|██████▍   | 9/14 [00:00<00:00, 20.56it/s][A[A
External Layout Extraction:  86%|████████▌ | 12/14 [00:01<00:00,  9.96it/s][AINFO:     127.0.0.1:55908 - "GET /tasks/a781d28f-8f54-440a-bb69-6551673ac083 HTTP/1.1" 200 OK

External Layout Extraction: 100%|██████████| 14/14 [00:01<00:00,  7.14it/s][AExternal Layout Extraction: 100%|██████████| 14/14 [00:01<00:00,  8.81it/s]

MFR Predict:   0%|          | 0/68 [00:00<?, ?it/s][A

External Layout Extraction:  86%|████████▌ | 12/14 [00:01<00:00,  8.37it/s][A[AINFO:     127.0.0.1:55908 - "GET /tasks/721ae94d-5ab5-434c-a78c-69385f72c7d5 HTTP/1.1" 200 OK
External Layout Extraction: 100%|██████████| 4/4 [00:04<00:00,  1.38s/it]External Layout Extraction: 100%|██████████| 4/4 [00:04<00:00,  1.14s/it]
MFR Predict:   0%|          | 0/4 [00:00<?, ?it/s]INFO:     127.0.0.1:55908 - "GET /tasks/3ce553b4-cb67-4964-b701-3c30bc184b9a HTTP/1.1" 200 OK
MFR Predict:  50%|█████     | 2/4 [00:00<00:00,  6.58it/s]
MFR Predict:  94%|█████████▍| 64/68 [00:01<00:00, 62.59it/s][AMFR Predict: 100%|██████████| 4/4 [00:00<00:00,  6.46it/s]MFR Predict: 100%|██████████| 4/4 [00:00<00:00,  6.47it/s]
OCR-det:   0%|          | 0/131 [00:00<?, ?it/s]

External Layout Extraction: 100%|██████████| 14/14 [00:02<00:00,  4.51it/s][A[AExternal Layout Extraction: 100%|██████████| 14/14 [00:02<00:00,  6.43it/s]


MFR Predict:   0%|          | 0/67 [00:00<?, ?it/s][A[AINFO:     127.0.0.1:55908 - "GET /tasks/a781d28f-8f54-440a-bb69-6551673ac083 HTTP/1.1" 200 OK
OCR-det:   3%|▎         | 4/131 [00:00<00:21,  5.90it/s]OCR-det:   5%|▍         | 6/131 [00:00<00:15,  8.19it/s]OCR-det:   7%|▋         | 9/131 [00:00<00:10, 11.38it/s]OCR-det:  10%|▉         | 13/131 [00:01<00:07, 16.73it/s]INFO:     127.0.0.1:55908 - "GET /tasks/721ae94d-5ab5-434c-a78c-69385f72c7d5 HTTP/1.1" 200 OK


MFR Predict:  96%|█████████▌| 64/67 [00:01<00:00, 62.63it/s][A[AOCR-det:  17%|█▋        | 22/131 [00:01<00:03, 32.64it/s]OCR-det:  23%|██▎       | 30/131 [00:01<00:02, 43.71it/s]MFR Predict: 100%|██████████| 68/68 [00:02<00:00, 28.53it/s]

OCR-det:   0%|          | 0/148 [00:00<?, ?it/s][AOCR-det:  29%|██▉       | 38/131 [00:01<00:01, 50.51it/s]INFO:     127.0.0.1:55908 - "GET /tasks/3ce553b4-cb67-4964-b701-3c30bc184b9a HTTP/1.1" 200 OK
OCR-det:  43%|████▎     | 56/131 [00:01<00:00, 79.99it/s]OCR-det:  50%|█████     | 66/131 [00:01<00:00, 82.98it/s]OCR-det:  59%|█████▉    | 77/131 [00:01<00:00, 88.61it/s]OCR-det:  67%|██████▋   | 88/131 [00:01<00:00, 85.88it/s]MFR Predict: 100%|██████████| 67/67 [00:01<00:00, 38.15it/s]


OCR-det:   0%|          | 0/150 [00:00<?, ?it/s][A[AOCR-det:  76%|███████▋  | 100/131 [00:01<00:00, 93.27it/s]
OCR-det:   1%|          | 1/148 [00:00<01:34,  1.55it/s][A
OCR-det:   5%|▌         | 8/148 [00:00<00:10, 13.80it/s][AOCR-det:  84%|████████▍ | 110/131 [00:02<00:00, 78.27it/s]
OCR-det:  10%|█         | 15/148 [00:00<00:05, 24.71it/s][AOCR-det:  91%|█████████ | 119/131 [00:02<00:00, 67.67it/s]
OCR-det:  15%|█▍        | 22/148 [00:01<00:04, 30.52it/s][AINFO:     127.0.0.1:55908 - "GET /tasks/a781d28f-8f54-440a-bb69-6551673ac083 HTTP/1.1" 200 OK

OCR-det:  30%|███       | 45/148 [00:01<00:01, 67.69it/s][AOCR-det:  97%|█████████▋| 127/131 [00:02<00:00, 58.37it/s]

OCR-det:   2%|▏         | 3/150 [00:00<00:32,  4.57it/s][A[AOCR-det: 100%|██████████| 131/131 [00:02<00:00, 49.91it/s]

OCR-det:  40%|███▉      | 59/148 [00:01<00:01, 78.00it/s][AProcessing pages:   0%|          | 0/10 [00:00<?, ?it/s]

OCR-det:   4%|▍         | 6/150 [00:00<00:16,  8.67it/s][A[A

OCR-det:  15%|█▌        | 23/150 [00:00<00:03, 36.97it/s][A[AProcessing pages:  10%|█         | 1/10 [00:00<00:02,  4.40it/s]
OCR-det:  47%|████▋     | 70/148 [00:01<00:01, 56.55it/s][AProcessing pages:  20%|██        | 2/10 [00:00<00:01,  4.76it/s]
OCR-det:  53%|█████▎    | 78/148 [00:01<00:01, 54.98it/s][A

OCR-det:  21%|██▏       | 32/150 [00:01<00:03, 34.66it/s][A[AProcessing pages:  30%|███       | 3/10 [00:00<00:01,  5.15it/s]
OCR-det:  57%|█████▋    | 85/148 [00:01<00:01, 48.07it/s][A

OCR-det:  39%|███▉      | 59/150 [00:01<00:01, 61.31it/s][A[A
OCR-det:  66%|██████▌   | 97/148 [00:02<00:00, 57.39it/s][AProcessing pages:  40%|████      | 4/10 [00:00<00:01,  4.59it/s]
OCR-det:  72%|███████▏  | 107/148 [00:02<00:00, 60.71it/s][A

OCR-det:  45%|████▍     | 67/150 [00:01<00:01, 49.30it/s][A[AProcessing pages:  50%|█████     | 5/10 [00:01<00:01,  4.47it/s]

OCR-det:  49%|████▊     | 73/150 [00:01<00:01, 47.80it/s][A[A
OCR-det:  77%|███████▋  | 114/148 [00:02<00:00, 52.51it/s][AProcessing pages:  60%|██████    | 6/10 [00:01<00:00,  4.82it/s]

OCR-det:  53%|█████▎    | 79/150 [00:02<00:01, 43.93it/s][A[A
OCR-det:  84%|████████▍ | 125/148 [00:02<00:00, 56.92it/s][A

OCR-det:  58%|█████▊    | 87/150 [00:02<00:01, 48.23it/s][A[AProcessing pages:  70%|███████   | 7/10 [00:01<00:00,  4.77it/s]
OCR-det:  90%|████████▉ | 133/148 [00:02<00:00, 49.79it/s][A

OCR-det:  62%|██████▏   | 93/150 [00:02<00:01, 49.13it/s][A[AProcessing pages:  80%|████████  | 8/10 [00:01<00:00,  4.57it/s]

OCR-det:  69%|██████▊   | 103/150 [00:02<00:00, 47.10it/s][A[A
OCR-det:  94%|█████████▍| 139/148 [00:03<00:00, 40.17it/s][A

OCR-det:  73%|███████▎  | 109/150 [00:02<00:00, 48.96it/s][A[A
OCR-det: 100%|██████████| 148/148 [00:03<00:00, 47.12it/s][AOCR-det: 100%|██████████| 148/148 [00:03<00:00, 46.03it/s]
Processing pages:  90%|█████████ | 9/10 [00:02<00:00,  4.13it/s]

OCR-det:  78%|███████▊  | 117/150 [00:02<00:00, 46.80it/s][A[AProcessing pages: 100%|██████████| 10/10 [00:02<00:00,  4.54it/s]Processing pages: 100%|██████████| 10/10 [00:02<00:00,  4.58it/s]
INFO:     127.0.0.1:55908 - "GET /tasks/721ae94d-5ab5-434c-a78c-69385f72c7d5 HTTP/1.1" 200 OK
Processing pages:   0%|          | 0/10 [00:00<?, ?it/s]INFO:     127.0.0.1:54544 - "GET /tasks/3ce553b4-cb67-4964-b701-3c30bc184b9a HTTP/1.1" 200 OK


OCR-det:  82%|████████▏ | 123/150 [00:02<00:00, 42.35it/s][A[AProcessing pages:  10%|█         | 1/10 [00:00<00:04,  2.25it/s]

OCR-det:  85%|████████▌ | 128/150 [00:03<00:00, 26.02it/s][A[AProcessing pages:  20%|██        | 2/10 [00:00<00:02,  3.49it/s]

OCR-det:  89%|████████▊ | 133/150 [00:03<00:00, 27.13it/s][A[AProcessing pages:  30%|███       | 3/10 [00:00<00:01,  4.35it/s]

OCR-det:  92%|█████████▏| 138/150 [00:03<00:00, 27.78it/s][A[A

OCR-det:  99%|█████████▉| 149/150 [00:03<00:00, 41.77it/s][A[AProcessing pages:  40%|████      | 4/10 [00:00<00:01,  4.65it/s]OCR-det: 100%|██████████| 150/150 [00:03<00:00, 37.84it/s]
Processing pages:  50%|█████     | 5/10 [00:01<00:01,  4.94it/s]Processing pages:  60%|██████    | 6/10 [00:01<00:00,  5.53it/s]Processing pages:  70%|███████   | 7/10 [00:01<00:00,  6.27it/s]Processing pages:  80%|████████  | 8/10 [00:01<00:00,  6.41it/s]Processing pages:  90%|█████████ | 9/10 [00:01<00:00,  6.55it/s]Processing pages: 100%|██████████| 10/10 [00:01<00:00,  6.59it/s]Processing pages: 100%|██████████| 10/10 [00:01<00:00,  5.39it/s]
INFO:     127.0.0.1:54560 - "GET /tasks/a781d28f-8f54-440a-bb69-6551673ac083 HTTP/1.1" 200 OK
INFO:     127.0.0.1:55908 - "GET /tasks/721ae94d-5ab5-434c-a78c-69385f72c7d5 HTTP/1.1" 200 OK
INFO:     127.0.0.1:54544 - "GET /tasks/3ce553b4-cb67-4964-b701-3c30bc184b9a HTTP/1.1" 200 OK
Processing pages:   0%|          | 0/10 [00:00<?, ?it/s]Processing pages:  10%|█         | 1/10 [00:00<00:01,  6.90it/s]Processing pages:  20%|██        | 2/10 [00:00<00:01,  6.85it/s]Processing pages:  30%|███       | 3/10 [00:00<00:00,  7.01it/s]Processing pages:  40%|████      | 4/10 [00:00<00:00,  6.78it/s]Processing pages:  50%|█████     | 5/10 [00:00<00:00,  6.88it/s]Processing pages:  60%|██████    | 6/10 [00:00<00:00,  6.97it/s]Processing pages:  70%|███████   | 7/10 [00:01<00:00,  6.91it/s]Processing pages:  80%|████████  | 8/10 [00:01<00:00,  7.43it/s]Processing pages:  90%|█████████ | 9/10 [00:01<00:00,  7.21it/s]Processing pages: 100%|██████████| 10/10 [00:01<00:00,  6.82it/s]Processing pages: 100%|██████████| 10/10 [00:01<00:00,  6.94it/s]
INFO:     127.0.0.1:54544 - "GET /tasks/a781d28f-8f54-440a-bb69-6551673ac083 HTTP/1.1" 200 OK
INFO:     127.0.0.1:54560 - "GET /tasks/3ce553b4-cb67-4964-b701-3c30bc184b9a HTTP/1.1" 200 OK
INFO:     127.0.0.1:54560 - "GET /tasks/3ce553b4-cb67-4964-b701-3c30bc184b9a/result HTTP/1.1" 200 OK
INFO:     127.0.0.1:55908 - "GET /tasks/721ae94d-5ab5-434c-a78c-69385f72c7d5/result HTTP/1.1" 200 OK
INFO:     127.0.0.1:54544 - "GET /tasks/a781d28f-8f54-440a-bb69-6551673ac083/result HTTP/1.1" 200 OK
INFO:     127.0.0.1:54560 - "POST /tasks HTTP/1.1" 202 Accepted
INFO:     127.0.0.1:54544 - "POST /tasks HTTP/1.1" 202 Accepted
2026-09-28 11:58:24.987 | INFO     | mineru.utils.engine_utils:get_vlm_engine:34 - Using vllm-async-engine as the inference engine for VLM.
INFO:     127.0.0.1:54560 - "GET /tasks/563adde0-4cad-41f3-9569-6f34bcc1e22d HTTP/1.1" 200 OK
INFO:     127.0.0.1:54544 - "GET /tasks/777142b8-fdb8-473b-a32f-664547510f60 HTTP/1.1" 200 OK
2026-09-28 11:58:25.564 | INFO     | mineru.backend.hybrid.hybrid_analyze:aio_doc_analyze:1139 - Hybrid processing-window run. page_count=10, window_size=64, total_windows=1
2026-09-28 11:58:25.564 | INFO     | mineru.backend.hybrid.hybrid_analyze:get_batch_ratio:875 - hybrid batch ratio (auto, vram=40GB): 16
2026-09-28 11:58:25.640 | INFO     | mineru.utils.engine_utils:get_vlm_engine:34 - Using vllm-async-engine as the inference engine for VLM.
2026-09-28 11:58:26.183 | INFO     | mineru.backend.hybrid.hybrid_analyze:aio_doc_analyze:1139 - Hybrid processing-window run. page_count=10, window_size=64, total_windows=1
2026-09-28 11:58:26.183 | INFO     | mineru.backend.hybrid.hybrid_analyze:get_batch_ratio:875 - hybrid batch ratio (auto, vram=40GB): 16
INFO:     127.0.0.1:55908 - "POST /tasks HTTP/1.1" 202 Accepted
INFO:     127.0.0.1:55908 - "GET /tasks/e9eece28-be40-4274-b50a-5768c019d603 HTTP/1.1" 200 OK
2026-09-28 11:58:26.341 | INFO     | mineru.utils.engine_utils:get_vlm_engine:34 - Using vllm-async-engine as the inference engine for VLM.
2026-09-28 11:58:27.353 | INFO     | mineru.backend.hybrid.hybrid_analyze:aio_doc_analyze:1139 - Hybrid processing-window run. page_count=10, window_size=64, total_windows=1
2026-09-28 11:58:27.353 | INFO     | mineru.backend.hybrid.hybrid_analyze:get_batch_ratio:875 - hybrid batch ratio (auto, vram=40GB): 16
2026-09-28 11:58:27.355 | INFO     | mineru.backend.hybrid.hybrid_analyze:aio_doc_analyze:1161 - Hybrid processing window 1/1: pages 1-10/10 (10 pages)
2026-09-28 11:58:27.355 | INFO     | mineru.backend.hybrid.hybrid_analyze:aio_doc_analyze:1161 - Hybrid processing window 1/1: pages 1-10/10 (10 pages)
Layout Predict:   0%|          | 0/10 [00:00<?, ?it/s]
Layout Predict:   0%|          | 0/10 [00:00<?, ?it/s][AINFO:     127.0.0.1:55908 - "GET /tasks/563adde0-4cad-41f3-9569-6f34bcc1e22d HTTP/1.1" 200 OK
INFO:     127.0.0.1:54544 - "GET /tasks/777142b8-fdb8-473b-a32f-664547510f60 HTTP/1.1" 200 OK

Layout Predict:  80%|████████  | 8/10 [00:00<00:00, 21.95it/s][ALayout Predict:  80%|████████  | 8/10 [00:00<00:00, 21.05it/s]Layout Predict: 100%|██████████| 10/10 [00:00<00:00, 20.63it/s]

Table orientation det:   0%|          | 0/8 [00:00<?, ?it/s][ALayout Predict: 100%|██████████| 10/10 [00:00<00:00, 19.98it/s]
Table orientation det:   0%|          | 0/9 [00:00<?, ?it/s]
Table orientation det:  50%|█████     | 4/8 [00:00<00:00, 29.84it/s][ATable orientation det:  22%|██▏       | 2/9 [00:00<00:00, 11.04it/s]Table orientation det:  44%|████▍     | 4/9 [00:00<00:00, 12.27it/s]
Table orientation det:  88%|████████▊ | 7/8 [00:00<00:00, 18.25it/s][AINFO:     127.0.0.1:55908 - "GET /tasks/e9eece28-be40-4274-b50a-5768c019d603 HTTP/1.1" 200 OK

Table orientation score: 100%|██████████| 8/8 [00:00<00:00, 18.25it/s][A
Table orientation score: 100%|██████████| 8/8 [00:00<00:00, 18.25it/s][A
Table orientation: 100%|██████████| 8/8 [00:00<00:00, 18.25it/s]      [A
Table orientation: 100%|██████████| 8/8 [00:00<00:00, 18.25it/s][ATable orientation: 100%|██████████| 8/8 [00:00<00:00, 19.80it/s]

External Layout Extraction:   0%|          | 0/8 [00:00<?, ?it/s][A2026-09-28 11:58:28.286 | INFO     | mineru.backend.hybrid.hybrid_analyze:aio_doc_analyze:1161 - Hybrid processing window 1/1: pages 1-10/10 (10 pages)


Layout Predict:   0%|          | 0/10 [00:00<?, ?it/s][A[ATable orientation det:  67%|██████▋   | 6/9 [00:00<00:00, 12.50it/s]Table orientation det:  89%|████████▉ | 8/9 [00:00<00:00, 14.60it/s]Table orientation score: 100%|██████████| 9/9 [00:00<00:00, 14.60it/s]Table orientation score: 100%|██████████| 9/9 [00:00<00:00, 14.60it/s]Table orientation: 100%|██████████| 9/9 [00:00<00:00, 14.60it/s]      Table orientation: 100%|██████████| 9/9 [00:00<00:00, 14.60it/s]Table orientation: 100%|██████████| 9/9 [00:00<00:00, 14.44it/s]
External Layout Extraction:   0%|          | 0/43 [00:00<?, ?it/s]

Layout Predict:  80%|████████  | 8/10 [00:00<00:00, 21.22it/s][A[ALayout Predict: 100%|██████████| 10/10 [00:00<00:00, 19.08it/s]


Table orientation det:   0%|          | 0/4 [00:00<?, ?it/s][A[AExternal Layout Extraction:  21%|██        | 9/43 [00:00<00:01, 24.56it/s]

Table orientation det:  75%|███████▌  | 3/4 [00:00<00:00, 27.99it/s][A[A

Table orientation score: 100%|██████████| 4/4 [00:00<00:00, 27.99it/s][A[A

Table orientation score: 100%|██████████| 4/4 [00:00<00:00, 27.99it/s][A[A

Table orientation: 100%|██████████| 4/4 [00:00<00:00, 27.99it/s]      [A[A

Table orientation: 100%|██████████| 4/4 [00:00<00:00, 27.99it/s][A[ATable orientation: 100%|██████████| 4/4 [00:00<00:00, 27.69it/s]


External Layout Extraction:   0%|          | 0/32 [00:00<?, ?it/s][A[AExternal Layout Extraction:  47%|████▋     | 20/43 [00:00<00:00, 46.01it/s]
External Layout Extraction:  12%|█▎        | 1/8 [00:00<00:05,  1.23it/s][A

External Layout Extraction:   3%|▎         | 1/32 [00:00<00:07,  3.92it/s][A[A
External Layout Extraction:  25%|██▌       | 2/8 [00:00<00:02,  2.28it/s][AExternal Layout Extraction:  63%|██████▎   | 27/43 [00:00<00:00, 33.99it/s]

External Layout Extraction:  47%|████▋     | 15/32 [00:00<00:00, 51.88it/s][A[AINFO:     127.0.0.1:55908 - "GET /tasks/563adde0-4cad-41f3-9569-6f34bcc1e22d HTTP/1.1" 200 OK
INFO:     127.0.0.1:54544 - "GET /tasks/777142b8-fdb8-473b-a32f-664547510f60 HTTP/1.1" 200 OK

External Layout Extraction:  88%|████████▊ | 7/8 [00:01<00:00,  9.12it/s][AExternal Layout Extraction:  86%|████████▌ | 37/43 [00:00<00:00, 43.02it/s]

External Layout Extraction:  78%|███████▊  | 25/32 [00:00<00:00, 63.11it/s][A[AExternal Layout Extraction: 100%|██████████| 8/8 [00:01<00:00,  5.71it/s]

MFR Predict:   0%|          | 0/9 [00:00<?, ?it/s][A
MFR Predict:  89%|████████▉ | 8/9 [00:00<00:00, 32.65it/s][AMFR Predict: 100%|██████████| 9/9 [00:00<00:00, 19.55it/s]

OCR-det:   0%|          | 0/161 [00:00<?, ?it/s][AINFO:     127.0.0.1:55908 - "GET /tasks/e9eece28-be40-4274-b50a-5768c019d603 HTTP/1.1" 200 OK
External Layout Extraction: 100%|██████████| 43/43 [00:01<00:00, 16.54it/s]External Layout Extraction: 100%|██████████| 43/43 [00:01<00:00, 22.55it/s]
MFR Predict:   0%|          | 0/76 [00:00<?, ?it/s]
OCR-det:   1%|          | 1/161 [00:00<01:54,  1.40it/s][A
OCR-det:   7%|▋         | 11/161 [00:00<00:08, 17.31it/s][A
OCR-det:  17%|█▋        | 27/161 [00:00<00:03, 40.69it/s][AINFO:     127.0.0.1:55908 - "GET /tasks/563adde0-4cad-41f3-9569-6f34bcc1e22d HTTP/1.1" 200 OK
INFO:     127.0.0.1:54544 - "GET /tasks/777142b8-fdb8-473b-a32f-664547510f60 HTTP/1.1" 200 OK

OCR-det:  23%|██▎       | 37/161 [00:01<00:02, 42.24it/s][AMFR Predict:  84%|████████▍ | 64/76 [00:01<00:00, 61.91it/s]
OCR-det:  34%|███▍      | 55/161 [00:01<00:01, 65.84it/s][A
OCR-det:  40%|████      | 65/161 [00:01<00:01, 63.94it/s][A
OCR-det:  50%|████▉     | 80/161 [00:01<00:01, 79.31it/s][A
OCR-det:  57%|█████▋    | 91/161 [00:01<00:00, 78.88it/s][A
OCR-det:  65%|██████▌   | 105/161 [00:01<00:00, 89.39it/s][A
OCR-det:  76%|███████▋  | 123/161 [00:01<00:00, 104.21it/s][AINFO:     127.0.0.1:55908 - "GET /tasks/e9eece28-be40-4274-b50a-5768c019d603 HTTP/1.1" 200 OK

OCR-det:  85%|████████▌ | 137/161 [00:02<00:00, 96.71it/s] [A
OCR-det:  94%|█████████▍| 151/161 [00:02<00:00, 88.99it/s][A
OCR-det: 100%|██████████| 161/161 [00:02<00:00, 68.63it/s][AOCR-det: 100%|██████████| 161/161 [00:02<00:00, 62.12it/s]
MFR Predict: 100%|██████████| 76/76 [00:02<00:00, 27.63it/s]MFR Predict: 100%|██████████| 76/76 [00:02<00:00, 32.12it/s]
Processing pages:   0%|          | 0/10 [00:00<?, ?it/s]
OCR-det:   0%|          | 0/157 [00:00<?, ?it/s][AProcessing pages:  10%|█         | 1/10 [00:00<00:01,  6.90it/s]Processing pages:  20%|██        | 2/10 [00:00<00:01,  6.61it/s]Processing pages:  30%|███       | 3/10 [00:00<00:01,  6.77it/s]Processing pages:  40%|████      | 4/10 [00:00<00:00,  6.73it/s]Processing pages:  50%|█████     | 5/10 [00:00<00:00,  6.66it/s]Processing pages:  60%|██████    | 6/10 [00:00<00:00,  6.79it/s]Processing pages:  70%|███████   | 7/10 [00:01<00:00,  6.61it/s]
OCR-det:   1%|          | 1/157 [00:01<02:41,  1.04s/it][AProcessing pages:  80%|████████  | 8/10 [00:01<00:00,  6.47it/s]
OCR-det:   3%|▎         | 5/157 [00:01<00:28,  5.39it/s][AProcessing pages:  90%|█████████ | 9/10 [00:01<00:00,  6.08it/s]
OCR-det:  13%|█▎        | 21/157 [00:01<00:05, 23.09it/s][AProcessing pages: 100%|██████████| 10/10 [00:01<00:00,  5.81it/s]Processing pages: 100%|██████████| 10/10 [00:01<00:00,  6.31it/s]
INFO:     127.0.0.1:55908 - "GET /tasks/563adde0-4cad-41f3-9569-6f34bcc1e22d HTTP/1.1" 200 OK
INFO:     127.0.0.1:54544 - "GET /tasks/777142b8-fdb8-473b-a32f-664547510f60 HTTP/1.1" 200 OK
External Layout Extraction: 100%|██████████| 32/32 [00:05<00:00,  5.44it/s]
INFO:     127.0.0.1:34864 - "GET /tasks/e9eece28-be40-4274-b50a-5768c019d603 HTTP/1.1" 200 OK

OCR-det:  22%|██▏       | 34/157 [00:01<00:05, 22.95it/s][AMFR Predict:   0%|          | 0/111 [00:00<?, ?it/s]
OCR-det:  27%|██▋       | 43/157 [00:02<00:04, 27.60it/s][A
OCR-det:  30%|██▉       | 47/157 [00:02<00:04, 27.17it/s][A
OCR-det:  43%|████▎     | 67/157 [00:02<00:01, 48.41it/s][AMFR Predict:  58%|█████▊    | 64/111 [00:00<00:00, 111.17it/s]
OCR-det:  56%|█████▌    | 88/157 [00:02<00:00, 69.09it/s][A
OCR-det:  64%|██████▎   | 100/157 [00:02<00:00, 62.90it/s][A
OCR-det:  70%|███████   | 110/157 [00:02<00:00, 67.93it/s][A
OCR-det:  78%|███████▊  | 123/157 [00:03<00:00, 68.51it/s][A
OCR-det:  90%|█████████ | 142/157 [00:03<00:00, 84.78it/s][A
OCR-det:  97%|█████████▋| 152/157 [00:03<00:00, 75.88it/s][AMFR Predict: 100%|██████████| 111/111 [00:01<00:00, 69.02it/s]MFR Predict: 100%|██████████| 111/111 [00:01<00:00, 73.85it/s]
OCR-det:   0%|          | 0/150 [00:00<?, ?it/s]INFO:     127.0.0.1:55908 - "GET /tasks/563adde0-4cad-41f3-9569-6f34bcc1e22d HTTP/1.1" 200 OK
INFO:     127.0.0.1:54544 - "GET /tasks/777142b8-fdb8-473b-a32f-664547510f60 HTTP/1.1" 200 OK
OCR-det: 100%|██████████| 157/157 [00:03<00:00, 43.91it/s]

Processing pages:   0%|          | 0/10 [00:00<?, ?it/s][A
Processing pages:  10%|█         | 1/10 [00:00<00:01,  7.20it/s][A
Processing pages:  20%|██        | 2/10 [00:00<00:01,  7.04it/s][A
Processing pages:  30%|███       | 3/10 [00:00<00:00,  7.04it/s][A
Processing pages:  40%|████      | 4/10 [00:00<00:00,  6.93it/s][A
Processing pages:  50%|█████     | 5/10 [00:00<00:00,  6.98it/s][A
Processing pages:  60%|██████    | 6/10 [00:00<00:00,  7.19it/s][AOCR-det:   1%|▏         | 2/150 [00:00<01:13,  2.00it/s]
Processing pages:  70%|███████   | 7/10 [00:00<00:00,  7.08it/s][AOCR-det:   5%|▍         | 7/150 [00:01<00:17,  7.97it/s]
Processing pages:  80%|████████  | 8/10 [00:01<00:00,  6.87it/s][AOCR-det:   7%|▋         | 10/150 [00:01<00:12, 10.91it/s]
Processing pages:  90%|█████████ | 9/10 [00:01<00:00,  6.47it/s][AOCR-det:  12%|█▏        | 18/150 [00:01<00:06, 20.16it/s]
Processing pages: 100%|██████████| 10/10 [00:01<00:00,  6.08it/s][AProcessing pages: 100%|██████████| 10/10 [00:01<00:00,  6.63it/s]

OCR-rec Predict:   0%|          | 0/1 [00:00<?, ?it/s][AINFO:     127.0.0.1:54544 - "GET /tasks/e9eece28-be40-4274-b50a-5768c019d603 HTTP/1.1" 200 OK
OCR-det:  22%|██▏       | 33/150 [00:01<00:03, 38.22it/s]INFO:     127.0.0.1:55908 - "GET /tasks/777142b8-fdb8-473b-a32f-664547510f60/result HTTP/1.1" 200 OK
OCR-rec Predict: 100%|██████████| 1/1 [00:00<00:00, 45.74it/s]
OCR-det:  26%|██▌       | 39/150 [00:02<00:04, 25.67it/s]INFO:     127.0.0.1:54544 - "GET /tasks/563adde0-4cad-41f3-9569-6f34bcc1e22d HTTP/1.1" 200 OK
OCR-det:  37%|███▋      | 55/150 [00:02<00:02, 43.16it/s]INFO:     127.0.0.1:55908 - "POST /tasks HTTP/1.1" 202 Accepted
INFO:     127.0.0.1:55908 - "GET /tasks/853a7172-3b44-4707-accf-bad850990b11 HTTP/1.1" 200 OK
2026-09-28 11:58:38.836 | INFO     | mineru.utils.engine_utils:get_vlm_engine:34 - Using vllm-async-engine as the inference engine for VLM.
OCR-det:  42%|████▏     | 63/150 [00:02<00:02, 37.43it/s]OCR-det:  49%|████▊     | 73/150 [00:02<00:01, 44.86it/s]OCR-det:  56%|█████▌    | 84/150 [00:02<00:01, 54.37it/s]OCR-det:  67%|██████▋   | 101/150 [00:02<00:00, 63.02it/s]OCR-det:  73%|███████▎  | 109/150 [00:03<00:00, 59.01it/s]2026-09-28 11:58:39.585 | INFO     | mineru.backend.hybrid.hybrid_analyze:aio_doc_analyze:1139 - Hybrid processing-window run. page_count=10, window_size=64, total_windows=1
2026-09-28 11:58:39.586 | INFO     | mineru.backend.hybrid.hybrid_analyze:get_batch_ratio:875 - hybrid batch ratio (auto, vram=40GB): 16
INFO:     127.0.0.1:54544 - "GET /tasks/563adde0-4cad-41f3-9569-6f34bcc1e22d/result HTTP/1.1" 200 OK
OCR-det:  81%|████████  | 121/150 [00:03<00:00, 69.46it/s]INFO:     127.0.0.1:55908 - "POST /tasks HTTP/1.1" 202 Accepted
INFO:     127.0.0.1:55908 - "GET /tasks/6092839d-6271-4508-9257-b2a147336806 HTTP/1.1" 200 OK
2026-09-28 11:58:39.843 | INFO     | mineru.utils.engine_utils:get_vlm_engine:34 - Using vllm-async-engine as the inference engine for VLM.
OCR-det:  87%|████████▋ | 131/150 [00:03<00:00, 60.78it/s]OCR-det:  93%|█████████▎| 140/150 [00:03<00:00, 61.86it/s]OCR-det: 100%|██████████| 150/150 [00:03<00:00, 69.33it/s]OCR-det: 100%|██████████| 150/150 [00:03<00:00, 41.33it/s]
2026-09-28 11:58:40.552 | INFO     | mineru.backend.hybrid.hybrid_analyze:aio_doc_analyze:1139 - Hybrid processing-window run. page_count=10, window_size=64, total_windows=1
2026-09-28 11:58:40.553 | INFO     | mineru.backend.hybrid.hybrid_analyze:get_batch_ratio:875 - hybrid batch ratio (auto, vram=40GB): 16
Processing pages:   0%|          | 0/10 [00:00<?, ?it/s]INFO:     127.0.0.1:55908 - "GET /tasks/e9eece28-be40-4274-b50a-5768c019d603 HTTP/1.1" 200 OK
Processing pages:  10%|█         | 1/10 [00:00<00:02,  3.18it/s]Processing pages:  20%|██        | 2/10 [00:00<00:01,  4.50it/s]Processing pages:  30%|███       | 3/10 [00:00<00:01,  5.27it/s]Processing pages:  40%|████      | 4/10 [00:00<00:01,  4.22it/s]Processing pages:  50%|█████     | 5/10 [00:01<00:01,  4.89it/s]Processing pages:  60%|██████    | 6/10 [00:01<00:00,  5.46it/s]Processing pages:  70%|███████   | 7/10 [00:01<00:00,  5.92it/s]Processing pages:  80%|████████  | 8/10 [00:01<00:00,  6.25it/s]Processing pages:  90%|█████████ | 9/10 [00:01<00:00,  6.32it/s]Processing pages: 100%|██████████| 10/10 [00:01<00:00,  6.25it/s]Processing pages: 100%|██████████| 10/10 [00:01<00:00,  5.49it/s]
2026-09-28 11:58:42.391 | INFO     | mineru.backend.hybrid.hybrid_analyze:aio_doc_analyze:1161 - Hybrid processing window 1/1: pages 1-10/10 (10 pages)
2026-09-28 11:58:42.391 | INFO     | mineru.backend.hybrid.hybrid_analyze:aio_doc_analyze:1161 - Hybrid processing window 1/1: pages 1-10/10 (10 pages)
Layout Predict:   0%|          | 0/10 [00:00<?, ?it/s]INFO:     127.0.0.1:54544 - "GET /tasks/6092839d-6271-4508-9257-b2a147336806 HTTP/1.1" 200 OK

Layout Predict:   0%|          | 0/10 [00:00<?, ?it/s][AINFO:     127.0.0.1:55908 - "GET /tasks/853a7172-3b44-4707-accf-bad850990b11 HTTP/1.1" 200 OK
INFO:     127.0.0.1:55908 - "GET /tasks/e9eece28-be40-4274-b50a-5768c019d603 HTTP/1.1" 200 OK
INFO:     127.0.0.1:55908 - "GET /tasks/e9eece28-be40-4274-b50a-5768c019d603/result HTTP/1.1" 200 OK
INFO:     127.0.0.1:55908 - "POST /tasks HTTP/1.1" 202 Accepted
INFO:     127.0.0.1:55908 - "GET /tasks/10a6452f-7b6e-4401-af5a-93a956dc82e1 HTTP/1.1" 200 OK
2026-09-28 11:58:43.196 | INFO     | mineru.utils.engine_utils:get_vlm_engine:34 - Using vllm-async-engine as the inference engine for VLM.

Layout Predict:  80%|████████  | 8/10 [00:00<00:00,  9.19it/s][ALayout Predict:  80%|████████  | 8/10 [00:00<00:00,  9.09it/s]Layout Predict: 100%|██████████| 10/10 [00:01<00:00,  9.33it/s]Layout Predict: 100%|██████████| 10/10 [00:01<00:00,  9.27it/s]

Layout Predict: 100%|██████████| 10/10 [00:01<00:00,  9.26it/s][ALayout Predict: 100%|██████████| 10/10 [00:01<00:00,  9.24it/s]
2026-09-28 11:58:43.844 | INFO     | mineru.backend.hybrid.hybrid_analyze:aio_doc_analyze:1139 - Hybrid processing-window run. page_count=10, window_size=64, total_windows=1
2026-09-28 11:58:43.844 | INFO     | mineru.backend.hybrid.hybrid_analyze:get_batch_ratio:875 - hybrid batch ratio (auto, vram=40GB): 16
Table orientation det:   0%|          | 0/2 [00:00<?, ?it/s]
Table orientation det:   0%|          | 0/6 [00:00<?, ?it/s][ATable orientation det: 100%|██████████| 2/2 [00:00<00:00, 15.81it/s]Table orientation score: 100%|██████████| 2/2 [00:00<00:00, 15.81it/s]Table orientation score: 100%|██████████| 2/2 [00:00<00:00, 15.81it/s]Table orientation: 100%|██████████| 2/2 [00:00<00:00, 15.81it/s]      Table orientation: 100%|██████████| 2/2 [00:00<00:00, 15.81it/s]Table orientation: 100%|██████████| 2/2 [00:00<00:00, 15.74it/s]
External Layout Extraction:   0%|          | 0/2 [00:00<?, ?it/s]
Table orientation det:  50%|█████     | 3/6 [00:00<00:00, 17.22it/s][A
Table orientation score: 100%|██████████| 6/6 [00:00<00:00, 17.22it/s][A
Table orientation score: 100%|██████████| 6/6 [00:00<00:00, 17.22it/s][A
Table orientation: 100%|██████████| 6/6 [00:00<00:00, 17.22it/s]      [A
Table orientation: 100%|██████████| 6/6 [00:00<00:00, 17.22it/s][ATable orientation: 100%|██████████| 6/6 [00:00<00:00, 22.81it/s]

External Layout Extraction:   0%|          | 0/8 [00:00<?, ?it/s][A
External Layout Extraction:  12%|█▎        | 1/8 [00:00<00:01,  6.33it/s][AINFO:     127.0.0.1:55908 - "GET /tasks/6092839d-6271-4508-9257-b2a147336806 HTTP/1.1" 200 OK
INFO:     127.0.0.1:54544 - "GET /tasks/853a7172-3b44-4707-accf-bad850990b11 HTTP/1.1" 200 OK

External Layout Extraction:  38%|███▊      | 3/8 [00:00<00:00,  8.12it/s][AExternal Layout Extraction:  50%|█████     | 1/2 [00:00<00:00,  1.31it/s]External Layout Extraction: 100%|██████████| 2/2 [00:00<00:00,  2.60it/s]
2026-09-28 11:58:44.789 | INFO     | mineru.backend.hybrid.hybrid_analyze:aio_doc_analyze:1161 - Hybrid processing window 1/1: pages 1-10/10 (10 pages)
Layout Predict:   0%|          | 0/10 [00:00<?, ?it/s]

MFR Predict:   0%|          | 0/1 [00:00<?, ?it/s][A[A
External Layout Extraction:  62%|██████▎   | 5/8 [00:00<00:00,  5.63it/s][A
External Layout Extraction:  75%|███████▌  | 6/8 [00:00<00:00,  6.10it/s][AINFO:     127.0.0.1:55908 - "GET /tasks/10a6452f-7b6e-4401-af5a-93a956dc82e1 HTTP/1.1" 200 OK

External Layout Extraction:  88%|████████▊ | 7/8 [00:01<00:00,  4.62it/s][A

MFR Predict: 100%|██████████| 1/1 [00:00<00:00,  1.41it/s][A[AMFR Predict: 100%|██████████| 1/1 [00:00<00:00,  1.41it/s]
Layout Predict:  80%|████████  | 8/10 [00:00<00:00, 10.27it/s]

OCR-det:   0%|          | 0/147 [00:00<?, ?it/s][A[ALayout Predict: 100%|██████████| 10/10 [00:00<00:00, 11.54it/s]Layout Predict: 100%|██████████| 10/10 [00:00<00:00, 11.21it/s]
Table orientation det:   0%|          | 0/2 [00:00<?, ?it/s]Table orientation score: 100%|██████████| 2/2 [00:00<00:00, 20.15it/s]Table orientation score: 100%|██████████| 2/2 [00:00<00:00, 20.09it/s]Table orientation: 100%|██████████| 2/2 [00:00<00:00, 20.07it/s]      Table orientation: 100%|██████████| 2/2 [00:00<00:00, 20.06it/s]Table orientation: 100%|██████████| 2/2 [00:00<00:00, 20.05it/s]
External Layout Extraction:   0%|          | 0/18 [00:00<?, ?it/s]External Layout Extraction:   6%|▌         | 1/18 [00:00<00:02,  5.75it/s]External Layout Extraction:  50%|█████     | 9/18 [00:00<00:00, 38.43it/s]External Layout Extraction:  78%|███████▊  | 14/18 [00:00<00:00, 41.73it/s]

OCR-det:   1%|          | 1/147 [00:00<01:36,  1.51it/s][A[AINFO:     127.0.0.1:55908 - "GET /tasks/6092839d-6271-4508-9257-b2a147336806 HTTP/1.1" 200 OK
INFO:     127.0.0.1:54544 - "GET /tasks/853a7172-3b44-4707-accf-bad850990b11 HTTP/1.1" 200 OK


OCR-det:   9%|▉         | 13/147 [00:00<00:06, 20.94it/s][A[A

OCR-det:  19%|█▉        | 28/147 [00:00<00:02, 44.67it/s][A[A
External Layout Extraction: 100%|██████████| 8/8 [00:02<00:00,  2.06it/s][AExternal Layout Extraction: 100%|██████████| 8/8 [00:02<00:00,  3.22it/s]


OCR-det:  31%|███▏      | 46/147 [00:01<00:01, 68.41it/s][A[A
MFR Predict:   0%|          | 0/53 [00:00<?, ?it/s][A

OCR-det:  39%|███▉      | 58/147 [00:01<00:01, 57.94it/s][A[A

OCR-det:  47%|████▋     | 69/147 [00:01<00:01, 67.46it/s][A[A
MFR Predict:  60%|██████    | 32/53 [00:00<00:00, 73.90it/s][AINFO:     127.0.0.1:55908 - "GET /tasks/10a6452f-7b6e-4401-af5a-93a956dc82e1 HTTP/1.1" 200 OK


OCR-det:  56%|█████▌    | 82/147 [00:01<00:00, 69.02it/s][A[A

OCR-det:  63%|██████▎   | 92/147 [00:01<00:00, 67.03it/s][A[A

OCR-det:  68%|██████▊   | 100/147 [00:01<00:00, 60.30it/s][A[A

OCR-det:  73%|███████▎  | 107/147 [00:02<00:00, 60.20it/s][A[A

OCR-det:  80%|███████▉  | 117/147 [00:02<00:00, 57.34it/s][A[A

OCR-det:  90%|█████████ | 133/147 [00:02<00:00, 75.39it/s][A[A

OCR-det:  99%|█████████▉| 146/147 [00:02<00:00, 74.83it/s][A[AOCR-det: 100%|██████████| 147/147 [00:02<00:00, 57.22it/s]


Processing pages:   0%|          | 0/10 [00:00<?, ?it/s][A[A

Processing pages:  10%|█         | 1/10 [00:00<00:01,  5.47it/s][A[A

Processing pages:  20%|██        | 2/10 [00:00<00:01,  5.41it/s][A[A
MFR Predict: 100%|██████████| 53/53 [00:01<00:00, 23.41it/s][AMFR Predict: 100%|██████████| 53/53 [00:01<00:00, 26.71it/s]

OCR-det:   0%|          | 0/135 [00:00<?, ?it/s][A

Processing pages:  30%|███       | 3/10 [00:00<00:01,  5.57it/s][A[A

Processing pages:  40%|████      | 4/10 [00:00<00:01,  5.82it/s][A[A

Processing pages:  50%|█████     | 5/10 [00:00<00:00,  6.05it/s][A[A

Processing pages:  60%|██████    | 6/10 [00:00<00:00,  6.35it/s][A[A

Processing pages:  70%|███████   | 7/10 [00:01<00:00,  6.43it/s][A[A

Processing pages:  80%|████████  | 8/10 [00:01<00:00,  6.39it/s][A[A

Processing pages:  90%|█████████ | 9/10 [00:01<00:00,  6.44it/s][A[A
OCR-det:   1%|▏         | 2/135 [00:01<01:11,  1.87it/s][A

Processing pages: 100%|██████████| 10/10 [00:01<00:00,  6.14it/s][A[AProcessing pages: 100%|██████████| 10/10 [00:01<00:00,  6.09it/s]
INFO:     127.0.0.1:54544 - "GET /tasks/853a7172-3b44-4707-accf-bad850990b11 HTTP/1.1" 200 OK
INFO:     127.0.0.1:55908 - "GET /tasks/6092839d-6271-4508-9257-b2a147336806 HTTP/1.1" 200 OK
External Layout Extraction: 100%|██████████| 18/18 [00:04<00:00,  3.99it/s]
INFO:     127.0.0.1:39990 - "GET /tasks/10a6452f-7b6e-4401-af5a-93a956dc82e1 HTTP/1.1" 200 OK

OCR-det:   4%|▍         | 6/135 [00:01<00:31,  4.10it/s][AMFR Predict:   0%|          | 0/57 [00:00<?, ?it/s]
OCR-det:   8%|▊         | 11/135 [00:01<00:15,  8.13it/s][A
OCR-det:  15%|█▍        | 20/135 [00:01<00:06, 17.19it/s][A
OCR-det:  25%|██▌       | 34/135 [00:02<00:03, 31.56it/s][AMFR Predict:  56%|█████▌    | 32/57 [00:00<00:00, 74.69it/s]
OCR-det:  32%|███▏      | 43/135 [00:02<00:02, 40.49it/s][A
OCR-det:  44%|████▎     | 59/135 [00:02<00:01, 58.42it/s][A
OCR-det:  51%|█████     | 69/135 [00:02<00:01, 64.97it/s][A
OCR-det:  59%|█████▊    | 79/135 [00:02<00:00, 67.73it/s][A
OCR-det:  65%|██████▌   | 88/135 [00:02<00:00, 54.46it/s][AMFR Predict: 100%|██████████| 57/57 [00:01<00:00, 45.84it/s]MFR Predict: 100%|██████████| 57/57 [00:01<00:00, 49.02it/s]
OCR-det:   0%|          | 0/126 [00:00<?, ?it/s]
OCR-det:  71%|███████   | 96/135 [00:02<00:00, 58.85it/s][A
OCR-det:  77%|███████▋  | 104/135 [00:03<00:00, 61.43it/s][A
OCR-det:  84%|████████▎ | 113/135 [00:03<00:00, 65.69it/s][AINFO:     127.0.0.1:55908 - "GET /tasks/853a7172-3b44-4707-accf-bad850990b11 HTTP/1.1" 200 OK
INFO:     127.0.0.1:54544 - "GET /tasks/6092839d-6271-4508-9257-b2a147336806 HTTP/1.1" 200 OK

OCR-det:  95%|█████████▍| 128/135 [00:03<00:00, 82.60it/s][AINFO:     127.0.0.1:55908 - "GET /tasks/853a7172-3b44-4707-accf-bad850990b11/result HTTP/1.1" 200 OK
OCR-det: 100%|██████████| 135/135 [00:03<00:00, 40.11it/s]

Processing pages:   0%|          | 0/10 [00:00<?, ?it/s][AOCR-det:   1%|          | 1/126 [00:00<01:11,  1.74it/s]
Processing pages:  10%|█         | 1/10 [00:00<00:01,  5.19it/s][AOCR-det:   8%|▊         | 10/126 [00:00<00:06, 16.59it/s]OCR-det:  14%|█▍        | 18/126 [00:00<00:03, 28.91it/s]
Processing pages:  20%|██        | 2/10 [00:00<00:01,  5.06it/s][AOCR-det:  19%|█▉        | 24/126 [00:00<00:03, 32.89it/s]
Processing pages:  30%|███       | 3/10 [00:00<00:01,  5.15it/s][AOCR-det:  30%|███       | 38/126 [00:01<00:01, 47.52it/s]
Processing pages:  40%|████      | 4/10 [00:00<00:01,  5.32it/s][AOCR-det:  37%|███▋      | 47/126 [00:01<00:01, 51.59it/s]
Processing pages:  50%|█████     | 5/10 [00:00<00:00,  5.36it/s][AOCR-det:  42%|████▏     | 53/126 [00:01<00:01, 44.43it/s]
Processing pages:  60%|██████    | 6/10 [00:01<00:00,  5.50it/s][AOCR-det:  47%|████▋     | 59/126 [00:01<00:01, 40.54it/s]
Processing pages:  70%|███████   | 7/10 [00:01<00:00,  5.56it/s][AOCR-det:  52%|█████▏    | 65/126 [00:01<00:01, 39.77it/s]
Processing pages:  80%|████████  | 8/10 [00:01<00:00,  5.65it/s][AOCR-det:  58%|█████▊    | 73/126 [00:02<00:01, 41.21it/s]
Processing pages:  90%|█████████ | 9/10 [00:01<00:00,  5.69it/s][AOCR-det:  65%|██████▌   | 82/126 [00:02<00:01, 43.40it/s]
Processing pages: 100%|██████████| 10/10 [00:01<00:00,  5.49it/s][AProcessing pages: 100%|██████████| 10/10 [00:01<00:00,  5.45it/s]

OCR-rec Predict:   0%|          | 0/1 [00:00<?, ?it/s][AINFO:     127.0.0.1:39990 - "GET /tasks/6092839d-6271-4508-9257-b2a147336806 HTTP/1.1" 200 OK
INFO:     127.0.0.1:54544 - "GET /tasks/10a6452f-7b6e-4401-af5a-93a956dc82e1 HTTP/1.1" 200 OK
OCR-det:  70%|██████▉   | 88/126 [00:02<00:00, 42.17it/s]OCR-rec Predict: 100%|██████████| 1/1 [00:00<00:00, 52.84it/s]
INFO:     127.0.0.1:55908 - "POST /tasks HTTP/1.1" 202 Accepted
INFO:     127.0.0.1:55908 - "GET /tasks/ac154f51-733c-4eb7-95ba-82461bb99dc1 HTTP/1.1" 200 OK
2026-09-28 11:58:54.540 | INFO     | mineru.utils.engine_utils:get_vlm_engine:34 - Using vllm-async-engine as the inference engine for VLM.
OCR-det:  75%|███████▍  | 94/126 [00:03<00:01, 21.53it/s]OCR-det:  81%|████████  | 102/126 [00:03<00:00, 28.27it/s]OCR-det:  90%|█████████ | 114/126 [00:03<00:00, 39.78it/s]OCR-det:  99%|█████████▉| 125/126 [00:03<00:00, 49.78it/s]OCR-det: 100%|██████████| 126/126 [00:03<00:00, 36.72it/s]
2026-09-28 11:58:55.246 | INFO     | mineru.backend.hybrid.hybrid_analyze:aio_doc_analyze:1139 - Hybrid processing-window run. page_count=10, window_size=64, total_windows=1
2026-09-28 11:58:55.246 | INFO     | mineru.backend.hybrid.hybrid_analyze:get_batch_ratio:875 - hybrid batch ratio (auto, vram=40GB): 16
Processing pages:   0%|          | 0/10 [00:00<?, ?it/s]Processing pages:  10%|█         | 1/10 [00:00<00:01,  7.21it/s]Processing pages:  20%|██        | 2/10 [00:00<00:01,  6.77it/s]Processing pages:  30%|███       | 3/10 [00:00<00:01,  6.78it/s]Processing pages:  40%|████      | 4/10 [00:00<00:00,  7.39it/s]Processing pages:  50%|█████     | 5/10 [00:00<00:01,  4.96it/s]Processing pages:  60%|██████    | 6/10 [00:01<00:00,  5.41it/s]Processing pages:  70%|███████   | 7/10 [00:01<00:00,  5.97it/s]Processing pages:  80%|████████  | 8/10 [00:01<00:00,  6.63it/s]Processing pages:  90%|█████████ | 9/10 [00:01<00:00,  6.65it/s]Processing pages: 100%|██████████| 10/10 [00:01<00:00,  7.19it/s]Processing pages: 100%|██████████| 10/10 [00:01<00:00,  6.50it/s]
2026-09-28 11:58:56.800 | INFO     | mineru.backend.hybrid.hybrid_analyze:aio_doc_analyze:1161 - Hybrid processing window 1/1: pages 1-10/10 (10 pages)
INFO:     127.0.0.1:55908 - "GET /tasks/6092839d-6271-4508-9257-b2a147336806 HTTP/1.1" 200 OK
Layout Predict:   0%|          | 0/10 [00:00<?, ?it/s]INFO:     127.0.0.1:54544 - "GET /tasks/10a6452f-7b6e-4401-af5a-93a956dc82e1 HTTP/1.1" 200 OK
INFO:     127.0.0.1:39990 - "GET /tasks/ac154f51-733c-4eb7-95ba-82461bb99dc1 HTTP/1.1" 200 OK
INFO:     127.0.0.1:55908 - "GET /tasks/6092839d-6271-4508-9257-b2a147336806/result HTTP/1.1" 200 OK
Layout Predict:  80%|████████  | 8/10 [00:00<00:00, 13.22it/s]Layout Predict: 100%|██████████| 10/10 [00:00<00:00, 13.09it/s]INFO:     127.0.0.1:55908 - "POST /tasks HTTP/1.1" 202 Accepted
Layout Predict: 100%|██████████| 10/10 [00:00<00:00, 13.11it/s]
Table orientation det:   0%|          | 0/3 [00:00<?, ?it/s]INFO:     127.0.0.1:55908 - "GET /tasks/2647167c-6989-40e4-998e-5f997b862688 HTTP/1.1" 200 OK
2026-09-28 11:58:57.668 | INFO     | mineru.utils.engine_utils:get_vlm_engine:34 - Using vllm-async-engine as the inference engine for VLM.
Table orientation det:  33%|███▎      | 1/3 [00:00<00:00,  6.08it/s]Table orientation score: 100%|██████████| 3/3 [00:00<00:00,  6.08it/s]Table orientation score: 100%|██████████| 3/3 [00:00<00:00,  6.08it/s]Table orientation: 100%|██████████| 3/3 [00:00<00:00,  6.08it/s]      Table orientation: 100%|██████████| 3/3 [00:00<00:00,  6.08it/s]Table orientation: 100%|██████████| 3/3 [00:00<00:00, 13.28it/s]
2026-09-28 11:58:58.274 | INFO     | mineru.backend.hybrid.hybrid_analyze:aio_doc_analyze:1139 - Hybrid processing-window run. page_count=10, window_size=64, total_windows=1
2026-09-28 11:58:58.274 | INFO     | mineru.backend.hybrid.hybrid_analyze:get_batch_ratio:875 - hybrid batch ratio (auto, vram=40GB): 16
External Layout Extraction:   0%|          | 0/16 [00:00<?, ?it/s]External Layout Extraction:  38%|███▊      | 6/16 [00:00<00:00, 29.95it/s]External Layout Extraction:  56%|█████▋    | 9/16 [00:00<00:00, 26.14it/s]External Layout Extraction:  75%|███████▌  | 12/16 [00:00<00:00, 23.42it/s]INFO:     127.0.0.1:55908 - "GET /tasks/10a6452f-7b6e-4401-af5a-93a956dc82e1 HTTP/1.1" 200 OK
INFO:     127.0.0.1:54544 - "GET /tasks/ac154f51-733c-4eb7-95ba-82461bb99dc1 HTTP/1.1" 200 OK
INFO:     127.0.0.1:55908 - "GET /tasks/10a6452f-7b6e-4401-af5a-93a956dc82e1/result HTTP/1.1" 200 OK
INFO:     127.0.0.1:55908 - "POST /tasks HTTP/1.1" 202 Accepted
INFO:     127.0.0.1:55908 - "GET /tasks/511fe16f-ccd5-49ef-9de4-f3f5a5feb036 HTTP/1.1" 200 OK
2026-09-28 11:58:59.135 | INFO     | mineru.utils.engine_utils:get_vlm_engine:34 - Using vllm-async-engine as the inference engine for VLM.
2026-09-28 11:58:59.900 | INFO     | mineru.backend.hybrid.hybrid_analyze:aio_doc_analyze:1139 - Hybrid processing-window run. page_count=10, window_size=64, total_windows=1
2026-09-28 11:58:59.900 | INFO     | mineru.backend.hybrid.hybrid_analyze:get_batch_ratio:875 - hybrid batch ratio (auto, vram=40GB): 16
2026-09-28 11:58:59.911 | INFO     | mineru.backend.hybrid.hybrid_analyze:aio_doc_analyze:1161 - Hybrid processing window 1/1: pages 1-10/10 (10 pages)
INFO:     127.0.0.1:55908 - "GET /tasks/2647167c-6989-40e4-998e-5f997b862688 HTTP/1.1" 200 OK

Layout Predict:   0%|          | 0/10 [00:00<?, ?it/s][AExternal Layout Extraction:  94%|█████████▍| 15/16 [00:01<00:00,  6.17it/s]
Layout Predict:  80%|████████  | 8/10 [00:00<00:00, 27.14it/s][ALayout Predict: 100%|██████████| 10/10 [00:00<00:00, 24.62it/s]

Table orientation det:   0%|          | 0/3 [00:00<?, ?it/s][A
Table orientation det: 100%|██████████| 3/3 [00:00<00:00, 25.99it/s][A
Table orientation score: 100%|██████████| 3/3 [00:00<00:00, 25.99it/s][A
Table orientation score: 100%|██████████| 3/3 [00:00<00:00, 25.99it/s][A
Table orientation: 100%|██████████| 3/3 [00:00<00:00, 25.99it/s]      [A
Table orientation: 100%|██████████| 3/3 [00:00<00:00, 25.99it/s][ATable orientation: 100%|██████████| 3/3 [00:00<00:00, 25.64it/s]

External Layout Extraction:   0%|          | 0/3 [00:00<?, ?it/s][A2026-09-28 11:59:00.730 | INFO     | mineru.backend.hybrid.hybrid_analyze:aio_doc_analyze:1161 - Hybrid processing window 1/1: pages 1-10/10 (10 pages)


Layout Predict:   0%|          | 0/10 [00:00<?, ?it/s][A[AExternal Layout Extraction: 100%|██████████| 16/16 [00:02<00:00,  6.45it/s]
INFO:     127.0.0.1:55908 - "GET /tasks/ac154f51-733c-4eb7-95ba-82461bb99dc1 HTTP/1.1" 200 OK
MFR Predict:   0%|          | 0/49 [00:00<?, ?it/s]
External Layout Extraction:  33%|███▎      | 1/3 [00:00<00:00,  2.45it/s][AINFO:     127.0.0.1:55908 - "GET /tasks/511fe16f-ccd5-49ef-9de4-f3f5a5feb036 HTTP/1.1" 200 OK

External Layout Extraction: 100%|██████████| 3/3 [00:00<00:00,  3.57it/s][AExternal Layout Extraction: 100%|██████████| 3/3 [00:00<00:00,  3.42it/s]


Layout Predict:  80%|████████  | 8/10 [00:00<00:00, 11.83it/s][A[A
MFR Predict:   0%|          | 0/15 [00:00<?, ?it/s][AMFR Predict:  65%|██████▌   | 32/49 [00:00<00:00, 52.94it/s]

Layout Predict: 100%|██████████| 10/10 [00:00<00:00, 11.55it/s][A[ALayout Predict: 100%|██████████| 10/10 [00:00<00:00, 11.61it/s]


Table orientation det:   0%|          | 0/4 [00:00<?, ?it/s][A[A

Table orientation det:  25%|██▌       | 1/4 [00:00<00:00,  7.74it/s][A[A

Table orientation det: 100%|██████████| 4/4 [00:00<00:00, 16.54it/s][A[A

Table orientation score: 100%|██████████| 4/4 [00:00<00:00, 16.54it/s][A[A

Table orientation score: 100%|██████████| 4/4 [00:00<00:00, 16.54it/s][A[A

Table orientation: 100%|██████████| 4/4 [00:00<00:00, 16.54it/s]      [A[A

Table orientation: 100%|██████████| 4/4 [00:00<00:00, 16.54it/s][A[ATable orientation: 100%|██████████| 4/4 [00:00<00:00, 15.18it/s]


External Layout Extraction:   0%|          | 0/6 [00:00<?, ?it/s][A[AINFO:     127.0.0.1:55908 - "GET /tasks/2647167c-6989-40e4-998e-5f997b862688 HTTP/1.1" 200 OK

MFR Predict:  53%|█████▎    | 8/15 [00:00<00:00, 15.17it/s][AMFR Predict: 100%|██████████| 49/49 [00:01<00:00, 34.42it/s]MFR Predict: 100%|██████████| 49/49 [00:01<00:00, 36.94it/s]
OCR-det:   0%|          | 0/138 [00:00<?, ?it/s]

External Layout Extraction:  17%|█▋        | 1/6 [00:00<00:02,  1.93it/s][A[A
MFR Predict: 100%|██████████| 15/15 [00:01<00:00, 14.86it/s][AMFR Predict: 100%|██████████| 15/15 [00:01<00:00, 14.91it/s]

OCR-det:   0%|          | 0/153 [00:00<?, ?it/s][A

External Layout Extraction:  50%|█████     | 3/6 [00:00<00:00,  3.98it/s][A[AINFO:     127.0.0.1:55908 - "GET /tasks/ac154f51-733c-4eb7-95ba-82461bb99dc1 HTTP/1.1" 200 OK
OCR-det:   7%|▋         | 10/138 [00:00<00:08, 15.59it/s]OCR-det:  15%|█▌        | 21/138 [00:00<00:03, 32.05it/s]

External Layout Extraction:  67%|██████▋   | 4/6 [00:01<00:00,  3.71it/s][A[AINFO:     127.0.0.1:55908 - "GET /tasks/511fe16f-ccd5-49ef-9de4-f3f5a5feb036 HTTP/1.1" 200 OK
OCR-det:  22%|██▏       | 30/138 [00:00<00:02, 43.64it/s]
OCR-det:   3%|▎         | 4/153 [00:00<00:27,  5.46it/s][AOCR-det:  28%|██▊       | 39/138 [00:00<00:01, 50.96it/s]

External Layout Extraction: 100%|██████████| 6/6 [00:01<00:00,  4.97it/s][A[AExternal Layout Extraction: 100%|██████████| 6/6 [00:01<00:00,  4.28it/s]

OCR-det:   5%|▍         | 7/153 [00:00<00:15,  9.17it/s][AOCR-det:  36%|███▌      | 49/138 [00:01<00:01, 60.80it/s]

MFR Predict:   0%|          | 0/115 [00:00<?, ?it/s][A[A
OCR-det:   9%|▉         | 14/153 [00:01<00:07, 17.48it/s][AOCR-det:  43%|████▎     | 59/138 [00:01<00:01, 48.48it/s]
OCR-det:  18%|█▊        | 28/153 [00:01<00:03, 35.71it/s][AOCR-det:  52%|█████▏    | 72/138 [00:01<00:01, 58.39it/s]
OCR-det:  30%|███       | 46/153 [00:01<00:01, 59.04it/s][AOCR-det:  59%|█████▊    | 81/138 [00:01<00:00, 63.62it/s]
OCR-det:  35%|███▌      | 54/153 [00:01<00:01, 61.97it/s][AINFO:     127.0.0.1:55908 - "GET /tasks/2647167c-6989-40e4-998e-5f997b862688 HTTP/1.1" 200 OK

OCR-det:  46%|████▋     | 71/153 [00:01<00:00, 85.27it/s][A

MFR Predict:  56%|█████▌    | 64/115 [00:00<00:00, 91.59it/s][A[AOCR-det:  64%|██████▍   | 89/138 [00:01<00:00, 57.17it/s]OCR-det:  70%|███████   | 97/138 [00:02<00:00, 49.97it/s]
OCR-det:  56%|█████▌    | 85/153 [00:01<00:01, 63.39it/s][AOCR-det:  78%|███████▊  | 107/138 [00:02<00:00, 59.10it/s]
OCR-det:  61%|██████▏   | 94/153 [00:02<00:00, 62.45it/s][AOCR-det:  83%|████████▎ | 114/138 [00:02<00:00, 53.33it/s]
OCR-det:  68%|██████▊   | 104/153 [00:02<00:00, 68.03it/s][AOCR-det:  88%|████████▊ | 122/138 [00:02<00:00, 56.56it/s]
OCR-det:  75%|███████▍  | 114/153 [00:02<00:00, 73.72it/s][AINFO:     127.0.0.1:55908 - "GET /tasks/ac154f51-733c-4eb7-95ba-82461bb99dc1 HTTP/1.1" 200 OK
OCR-det:  93%|█████████▎| 129/138 [00:02<00:00, 50.61it/s]OCR-det:  99%|█████████▉| 137/138 [00:02<00:00, 54.73it/s]

MFR Predict: 100%|██████████| 115/115 [00:01<00:00, 67.09it/s][A[AMFR Predict: 100%|██████████| 115/115 [00:01<00:00, 70.21it/s]
OCR-det: 100%|██████████| 138/138 [00:02<00:00, 50.03it/s]
Processing pages:   0%|          | 0/10 [00:00<?, ?it/s]

OCR-det:   0%|          | 0/133 [00:00<?, ?it/s][A[A
OCR-det:  80%|████████  | 123/153 [00:02<00:00, 50.84it/s][AProcessing pages:  10%|█         | 1/10 [00:00<00:01,  5.66it/s]
OCR-det:  86%|████████▌ | 131/153 [00:02<00:00, 49.74it/s][AProcessing pages:  20%|██        | 2/10 [00:00<00:01,  6.19it/s]
OCR-det:  90%|█████████ | 138/153 [00:02<00:00, 47.34it/s][AProcessing pages:  30%|███       | 3/10 [00:00<00:01,  4.98it/s]
OCR-det: 100%|██████████| 153/153 [00:03<00:00, 50.69it/s][AOCR-det: 100%|██████████| 153/153 [00:03<00:00, 47.86it/s]
Processing pages:  40%|████      | 4/10 [00:00<00:01,  4.55it/s]Processing pages:  50%|█████     | 5/10 [00:00<00:00,  5.09it/s]

OCR-det:   2%|▏         | 2/133 [00:01<01:07,  1.93it/s][A[AProcessing pages:  60%|██████    | 6/10 [00:01<00:00,  5.39it/s]

OCR-det:   3%|▎         | 4/133 [00:01<00:33,  3.89it/s][A[AProcessing pages:  70%|███████   | 7/10 [00:01<00:00,  5.79it/s]

OCR-det:   6%|▌         | 8/133 [00:01<00:14,  8.78it/s][A[AProcessing pages:  80%|████████  | 8/10 [00:01<00:00,  6.60it/s]

OCR-det:  16%|█▌        | 21/133 [00:01<00:04, 24.74it/s][A[AProcessing pages:  90%|█████████ | 9/10 [00:01<00:00,  6.16it/s]

OCR-det:  19%|█▉        | 25/133 [00:01<00:04, 26.66it/s][A[AProcessing pages: 100%|██████████| 10/10 [00:01<00:00,  5.95it/s]Processing pages: 100%|██████████| 10/10 [00:01<00:00,  5.67it/s]
INFO:     127.0.0.1:55908 - "GET /tasks/511fe16f-ccd5-49ef-9de4-f3f5a5feb036 HTTP/1.1" 200 OK
INFO:     127.0.0.1:36322 - "GET /tasks/2647167c-6989-40e4-998e-5f997b862688 HTTP/1.1" 200 OK
Processing pages:   0%|          | 0/10 [00:00<?, ?it/s]

OCR-det:  30%|███       | 40/133 [00:02<00:03, 26.80it/s][A[AProcessing pages:  10%|█         | 1/10 [00:00<00:01,  5.06it/s]

OCR-det:  37%|███▋      | 49/133 [00:02<00:02, 31.16it/s][A[A

OCR-det:  41%|████▏     | 55/133 [00:02<00:02, 34.79it/s][A[AProcessing pages:  20%|██        | 2/10 [00:00<00:01,  5.06it/s]

OCR-det:  47%|████▋     | 62/133 [00:02<00:01, 37.16it/s][A[AProcessing pages:  30%|███       | 3/10 [00:00<00:01,  4.98it/s]

OCR-det:  53%|█████▎    | 70/133 [00:02<00:01, 41.89it/s][A[AProcessing pages:  40%|████      | 4/10 [00:00<00:01,  5.15it/s]

OCR-det:  61%|██████    | 81/133 [00:02<00:01, 48.01it/s][A[AProcessing pages:  50%|█████     | 5/10 [00:00<00:00,  5.46it/s]

OCR-det:  66%|██████▌   | 88/133 [00:03<00:00, 46.33it/s][A[AProcessing pages:  60%|██████    | 6/10 [00:01<00:00,  5.46it/s]

OCR-det:  75%|███████▌  | 100/133 [00:03<00:00, 51.02it/s][A[AProcessing pages:  70%|███████   | 7/10 [00:01<00:00,  5.79it/s]Processing pages:  80%|████████  | 8/10 [00:01<00:00,  5.92it/s]

OCR-det:  80%|███████▉  | 106/133 [00:03<00:00, 37.35it/s][A[AProcessing pages:  90%|█████████ | 9/10 [00:01<00:00,  5.82it/s]

OCR-det:  84%|████████▍ | 112/133 [00:03<00:00, 35.52it/s][A[AProcessing pages: 100%|██████████| 10/10 [00:01<00:00,  5.61it/s]Processing pages: 100%|██████████| 10/10 [00:01<00:00,  5.52it/s]
INFO:     127.0.0.1:55908 - "GET /tasks/ac154f51-733c-4eb7-95ba-82461bb99dc1 HTTP/1.1" 200 OK
INFO:     127.0.0.1:36332 - "GET /tasks/2647167c-6989-40e4-998e-5f997b862688 HTTP/1.1" 200 OK
INFO:     127.0.0.1:36322 - "GET /tasks/511fe16f-ccd5-49ef-9de4-f3f5a5feb036 HTTP/1.1" 200 OK


OCR-det:  89%|████████▉ | 119/133 [00:04<00:00, 23.18it/s][A[AINFO:     127.0.0.1:55908 - "GET /tasks/ac154f51-733c-4eb7-95ba-82461bb99dc1/result HTTP/1.1" 200 OK


OCR-det:  92%|█████████▏| 123/133 [00:04<00:00, 25.05it/s][A[AOCR-det: 100%|██████████| 133/133 [00:04<00:00, 29.03it/s]
Processing pages:   0%|          | 0/10 [00:00<?, ?it/s]Processing pages:  10%|█         | 1/10 [00:00<00:01,  6.93it/s]Processing pages:  20%|██        | 2/10 [00:00<00:01,  6.57it/s]Processing pages:  30%|███       | 3/10 [00:00<00:01,  6.53it/s]Processing pages:  40%|████      | 4/10 [00:00<00:00,  7.12it/s]Processing pages:  50%|█████     | 5/10 [00:00<00:00,  7.20it/s]Processing pages:  60%|██████    | 6/10 [00:00<00:00,  7.11it/s]Processing pages:  70%|███████   | 7/10 [00:00<00:00,  7.14it/s]Processing pages:  80%|████████  | 8/10 [00:01<00:00,  7.27it/s]Processing pages:  90%|█████████ | 9/10 [00:01<00:00,  7.09it/s]Processing pages: 100%|██████████| 10/10 [00:01<00:00,  6.92it/s]Processing pages: 100%|██████████| 10/10 [00:01<00:00,  6.98it/s]
INFO:     127.0.0.1:36322 - "GET /tasks/2647167c-6989-40e4-998e-5f997b862688 HTTP/1.1" 200 OK
INFO:     127.0.0.1:36332 - "GET /tasks/511fe16f-ccd5-49ef-9de4-f3f5a5feb036 HTTP/1.1" 200 OK
INFO:     127.0.0.1:55908 - "POST /tasks HTTP/1.1" 202 Accepted
INFO:     127.0.0.1:55908 - "GET /tasks/bc91c6d7-4443-48b6-8708-2ed32c3dd97d HTTP/1.1" 200 OK
2026-09-28 11:59:11.804 | INFO     | mineru.utils.engine_utils:get_vlm_engine:34 - Using vllm-async-engine as the inference engine for VLM.
2026-09-28 11:59:12.317 | INFO     | mineru.backend.hybrid.hybrid_analyze:aio_doc_analyze:1139 - Hybrid processing-window run. page_count=10, window_size=64, total_windows=1
2026-09-28 11:59:12.317 | INFO     | mineru.backend.hybrid.hybrid_analyze:get_batch_ratio:875 - hybrid batch ratio (auto, vram=40GB): 16
INFO:     127.0.0.1:36322 - "GET /tasks/2647167c-6989-40e4-998e-5f997b862688/result HTTP/1.1" 200 OK
INFO:     127.0.0.1:55908 - "POST /tasks HTTP/1.1" 202 Accepted
INFO:     127.0.0.1:55908 - "GET /tasks/17e8742a-9e95-41a8-b1f2-ea5906c742ec HTTP/1.1" 200 OK
2026-09-28 11:59:12.676 | INFO     | mineru.utils.engine_utils:get_vlm_engine:34 - Using vllm-async-engine as the inference engine for VLM.
2026-09-28 11:59:13.356 | INFO     | mineru.backend.hybrid.hybrid_analyze:aio_doc_analyze:1139 - Hybrid processing-window run. page_count=10, window_size=64, total_windows=1
2026-09-28 11:59:13.356 | INFO     | mineru.backend.hybrid.hybrid_analyze:get_batch_ratio:875 - hybrid batch ratio (auto, vram=40GB): 16
INFO:     127.0.0.1:55908 - "GET /tasks/511fe16f-ccd5-49ef-9de4-f3f5a5feb036 HTTP/1.1" 200 OK
2026-09-28 11:59:13.448 | INFO     | mineru.backend.hybrid.hybrid_analyze:aio_doc_analyze:1161 - Hybrid processing window 1/1: pages 1-10/10 (10 pages)
Layout Predict:   0%|          | 0/10 [00:00<?, ?it/s]INFO:     127.0.0.1:55908 - "GET /tasks/511fe16f-ccd5-49ef-9de4-f3f5a5feb036/result HTTP/1.1" 200 OK
INFO:     127.0.0.1:55908 - "POST /tasks HTTP/1.1" 202 Accepted
INFO:     127.0.0.1:55908 - "GET /tasks/957618a2-de87-4a63-848c-5c187fcdc893 HTTP/1.1" 200 OK
2026-09-28 11:59:13.740 | INFO     | mineru.utils.engine_utils:get_vlm_engine:34 - Using vllm-async-engine as the inference engine for VLM.
Layout Predict:  80%|████████  | 8/10 [00:00<00:00, 23.07it/s]Layout Predict: 100%|██████████| 10/10 [00:00<00:00, 21.32it/s]
2026-09-28 11:59:14.517 | INFO     | mineru.backend.hybrid.hybrid_analyze:aio_doc_analyze:1139 - Hybrid processing-window run. page_count=10, window_size=64, total_windows=1
2026-09-28 11:59:14.518 | INFO     | mineru.backend.hybrid.hybrid_analyze:get_batch_ratio:875 - hybrid batch ratio (auto, vram=40GB): 16
INFO:     127.0.0.1:55908 - "GET /tasks/bc91c6d7-4443-48b6-8708-2ed32c3dd97d HTTP/1.1" 200 OK
INFO:     127.0.0.1:55908 - "GET /tasks/17e8742a-9e95-41a8-b1f2-ea5906c742ec HTTP/1.1" 200 OK
Table orientation det:   0%|          | 0/5 [00:00<?, ?it/s]2026-09-28 11:59:14.557 | INFO     | mineru.backend.hybrid.hybrid_analyze:aio_doc_analyze:1161 - Hybrid processing window 1/1: pages 1-10/10 (10 pages)

Layout Predict:   0%|          | 0/10 [00:00<?, ?it/s][ATable orientation det:  20%|██        | 1/5 [00:00<00:00,  8.90it/s]Table orientation det:  60%|██████    | 3/5 [00:00<00:00,  8.52it/s]
Layout Predict:  80%|████████  | 8/10 [00:00<00:00, 23.43it/s][ATable orientation det:  80%|████████  | 4/5 [00:00<00:00,  8.27it/s]Table orientation score: 100%|██████████| 5/5 [00:00<00:00,  8.27it/s]Table orientation score: 100%|██████████| 5/5 [00:00<00:00,  8.27it/s]Table orientation: 100%|██████████| 5/5 [00:00<00:00,  8.27it/s]      Table orientation: 100%|██████████| 5/5 [00:00<00:00,  8.27it/s]Table orientation: 100%|██████████| 5/5 [00:00<00:00,  9.75it/s]
External Layout Extraction:   0%|          | 0/12 [00:00<?, ?it/s]Layout Predict: 100%|██████████| 10/10 [00:00<00:00, 18.52it/s]

Table orientation det:   0%|          | 0/8 [00:00<?, ?it/s][A
Table orientation det:  38%|███▊      | 3/8 [00:00<00:00, 16.20it/s][A
Table orientation det:  62%|██████▎   | 5/8 [00:00<00:00, 16.49it/s][AExternal Layout Extraction:  17%|█▋        | 2/12 [00:00<00:02,  4.99it/s]2026-09-28 11:59:15.509 | INFO     | mineru.backend.hybrid.hybrid_analyze:aio_doc_analyze:1161 - Hybrid processing window 1/1: pages 1-10/10 (10 pages)


Layout Predict:   0%|          | 0/10 [00:00<?, ?it/s][A[A
Table orientation det:  88%|████████▊ | 7/8 [00:00<00:00, 15.38it/s][A
Table orientation score: 100%|██████████| 8/8 [00:00<00:00, 15.38it/s][A
Table orientation score: 100%|██████████| 8/8 [00:00<00:00, 15.38it/s][A
Table orientation: 100%|██████████| 8/8 [00:00<00:00, 15.38it/s]      [A
Table orientation: 100%|██████████| 8/8 [00:00<00:00, 15.38it/s][ATable orientation: 100%|██████████| 8/8 [00:00<00:00, 16.50it/s]

External Layout Extraction:   0%|          | 0/22 [00:00<?, ?it/s][AINFO:     127.0.0.1:55908 - "GET /tasks/957618a2-de87-4a63-848c-5c187fcdc893 HTTP/1.1" 200 OK


Layout Predict:  80%|████████  | 8/10 [00:00<00:00, 21.05it/s][A[A
External Layout Extraction:  27%|██▋       | 6/22 [00:00<00:00, 18.47it/s][AExternal Layout Extraction:  42%|████▏     | 5/12 [00:00<00:01,  5.75it/s]Layout Predict: 100%|██████████| 10/10 [00:00<00:00, 20.27it/s]


Table orientation det:   0%|          | 0/3 [00:00<?, ?it/s][A[A
External Layout Extraction:  41%|████      | 9/22 [00:00<00:00, 20.86it/s][A

Table orientation det:  33%|███▎      | 1/3 [00:00<00:00,  8.90it/s][A[A
External Layout Extraction:  59%|█████▉    | 13/22 [00:00<00:00, 26.39it/s][A

Table orientation score: 100%|██████████| 3/3 [00:00<00:00,  8.90it/s][A[A

Table orientation score: 100%|██████████| 3/3 [00:00<00:00,  8.90it/s][A[A

Table orientation: 100%|██████████| 3/3 [00:00<00:00,  8.90it/s]      [A[A

Table orientation: 100%|██████████| 3/3 [00:00<00:00,  8.90it/s][A[ATable orientation: 100%|██████████| 3/3 [00:00<00:00, 17.54it/s]


External Layout Extraction:   0%|          | 0/11 [00:00<?, ?it/s][A[A

External Layout Extraction:   9%|▉         | 1/11 [00:00<00:01,  8.57it/s][A[AExternal Layout Extraction:  67%|██████▋   | 8/12 [00:01<00:00,  5.91it/s]

External Layout Extraction:  73%|███████▎  | 8/11 [00:00<00:00, 33.66it/s][A[A
External Layout Extraction:  77%|███████▋  | 17/22 [00:00<00:00, 17.68it/s][AINFO:     127.0.0.1:55908 - "GET /tasks/bc91c6d7-4443-48b6-8708-2ed32c3dd97d HTTP/1.1" 200 OK
INFO:     127.0.0.1:55908 - "GET /tasks/17e8742a-9e95-41a8-b1f2-ea5906c742ec HTTP/1.1" 200 OK

External Layout Extraction:  91%|█████████ | 20/22 [00:01<00:00, 11.34it/s][AExternal Layout Extraction:  75%|███████▌  | 9/12 [00:02<00:00,  3.26it/s]External Layout Extraction: 100%|██████████| 11/11 [00:01<00:00,  9.53it/s]


MFR Predict:   0%|          | 0/55 [00:00<?, ?it/s][A[AINFO:     127.0.0.1:55908 - "GET /tasks/957618a2-de87-4a63-848c-5c187fcdc893 HTTP/1.1" 200 OK


MFR Predict:  58%|█████▊    | 32/55 [00:00<00:00, 87.37it/s][A[AINFO:     127.0.0.1:55908 - "GET /tasks/bc91c6d7-4443-48b6-8708-2ed32c3dd97d HTTP/1.1" 200 OK
INFO:     127.0.0.1:55908 - "GET /tasks/17e8742a-9e95-41a8-b1f2-ea5906c742ec HTTP/1.1" 200 OK


MFR Predict: 100%|██████████| 55/55 [00:01<00:00, 32.88it/s][A[AMFR Predict: 100%|██████████| 55/55 [00:01<00:00, 36.89it/s]


OCR-det:   0%|          | 0/145 [00:00<?, ?it/s][A[AExternal Layout Extraction:  83%|████████▎ | 10/12 [00:04<00:01,  1.62it/s]External Layout Extraction:  92%|█████████▏| 11/12 [00:04<00:00,  1.89it/s]
External Layout Extraction: 100%|██████████| 22/22 [00:03<00:00,  2.96it/s][AExternal Layout Extraction: 100%|██████████| 22/22 [00:03<00:00,  5.72it/s]

MFR Predict:   0%|          | 0/45 [00:00<?, ?it/s][A

OCR-det:   3%|▎         | 4/145 [00:00<00:25,  5.64it/s][A[AINFO:     127.0.0.1:55908 - "GET /tasks/957618a2-de87-4a63-848c-5c187fcdc893 HTTP/1.1" 200 OK


OCR-det:   5%|▍         | 7/145 [00:00<00:14,  9.32it/s][A[A

OCR-det:  14%|█▍        | 20/145 [00:00<00:04, 30.16it/s][A[A

OCR-det:  23%|██▎       | 34/145 [00:01<00:02, 52.24it/s][A[A

OCR-det:  34%|███▍      | 49/145 [00:01<00:01, 73.73it/s][A[A

OCR-det:  43%|████▎     | 63/145 [00:01<00:00, 87.90it/s][A[A

OCR-det:  53%|█████▎    | 77/145 [00:01<00:00, 83.44it/s][A[A

OCR-det:  61%|██████    | 88/145 [00:01<00:00, 83.61it/s][A[AINFO:     127.0.0.1:55908 - "GET /tasks/bc91c6d7-4443-48b6-8708-2ed32c3dd97d HTTP/1.1" 200 OK
INFO:     127.0.0.1:55908 - "GET /tasks/17e8742a-9e95-41a8-b1f2-ea5906c742ec HTTP/1.1" 200 OK

MFR Predict:  71%|███████   | 32/45 [00:01<00:00, 29.21it/s][A

OCR-det:  70%|██████▉   | 101/145 [00:01<00:00, 91.54it/s][A[A

OCR-det:  77%|███████▋  | 112/145 [00:01<00:00, 80.76it/s][A[A

OCR-det:  85%|████████▍ | 123/145 [00:01<00:00, 85.91it/s][A[A

OCR-det:  92%|█████████▏| 133/145 [00:02<00:00, 65.85it/s][A[A

OCR-det:  98%|█████████▊| 142/145 [00:02<00:00, 69.72it/s][A[AOCR-det: 100%|██████████| 145/145 [00:02<00:00, 60.83it/s]


Processing pages:   0%|          | 0/10 [00:00<?, ?it/s][A[A

Processing pages:  10%|█         | 1/10 [00:00<00:01,  4.98it/s][A[A
MFR Predict: 100%|██████████| 45/45 [00:02<00:00, 19.82it/s][AMFR Predict: 100%|██████████| 45/45 [00:02<00:00, 21.28it/s]


Processing pages:  20%|██        | 2/10 [00:00<00:01,  5.21it/s][A[A
OCR-det:   0%|          | 0/129 [00:00<?, ?it/s][A

Processing pages:  30%|███       | 3/10 [00:00<00:01,  5.68it/s][A[A

Processing pages:  40%|████      | 4/10 [00:00<00:00,  6.45it/s][A[A

Processing pages:  50%|█████     | 5/10 [00:00<00:00,  6.56it/s][A[A

Processing pages:  60%|██████    | 6/10 [00:00<00:00,  6.78it/s][A[A

Processing pages:  70%|███████   | 7/10 [00:01<00:00,  7.17it/s][A[A

Processing pages:  80%|████████  | 8/10 [00:01<00:00,  7.80it/s][A[A
OCR-det:   2%|▏         | 2/129 [00:00<00:54,  2.34it/s][A

Processing pages:  90%|█████████ | 9/10 [00:01<00:00,  7.12it/s][A[A
OCR-det:   5%|▌         | 7/129 [00:00<00:13,  9.01it/s][A
OCR-det:  12%|█▏        | 16/129 [00:01<00:05, 22.38it/s][A

Processing pages: 100%|██████████| 10/10 [00:01<00:00,  6.18it/s][A[AProcessing pages: 100%|██████████| 10/10 [00:01<00:00,  6.42it/s]
INFO:     127.0.0.1:55908 - "GET /tasks/957618a2-de87-4a63-848c-5c187fcdc893 HTTP/1.1" 200 OK
External Layout Extraction: 100%|██████████| 12/12 [00:08<00:00,  1.40s/it]INFO:     127.0.0.1:40512 - "GET /tasks/bc91c6d7-4443-48b6-8708-2ed32c3dd97d HTTP/1.1" 200 OK
External Layout Extraction: 100%|██████████| 12/12 [00:08<00:00,  1.45it/s]
INFO:     127.0.0.1:40516 - "GET /tasks/17e8742a-9e95-41a8-b1f2-ea5906c742ec HTTP/1.1" 200 OK
MFR Predict:   0%|          | 0/19 [00:00<?, ?it/s]
OCR-det:  18%|█▊        | 23/129 [00:01<00:06, 16.16it/s][A
OCR-det:  22%|██▏       | 28/129 [00:01<00:04, 20.24it/s][AMFR Predict:  84%|████████▍ | 16/19 [00:00<00:00, 67.47it/s]
OCR-det:  33%|███▎      | 42/129 [00:01<00:02, 37.10it/s][A
OCR-det:  39%|███▉      | 50/129 [00:02<00:01, 43.66it/s][A
OCR-det:  47%|████▋     | 60/129 [00:02<00:01, 52.68it/s][A
OCR-det:  58%|█████▊    | 75/129 [00:02<00:00, 71.10it/s][AMFR Predict: 100%|██████████| 19/19 [00:00<00:00, 29.39it/s]
OCR-det:   0%|          | 0/128 [00:00<?, ?it/s]
OCR-det:  67%|██████▋   | 86/129 [00:02<00:00, 78.58it/s][A
OCR-det:  75%|███████▌  | 97/129 [00:02<00:00, 78.96it/s][A
OCR-det:  84%|████████▍ | 109/129 [00:02<00:00, 80.51it/s][A
OCR-det:  94%|█████████▍| 121/129 [00:02<00:00, 85.80it/s][AOCR-det:   1%|          | 1/128 [00:00<01:06,  1.91it/s]OCR-det: 100%|██████████| 129/129 [00:02<00:00, 44.38it/s]

Processing pages:   0%|          | 0/10 [00:00<?, ?it/s][AOCR-det:   7%|▋         | 9/128 [00:00<00:06, 17.92it/s]
Processing pages:  10%|█         | 1/10 [00:00<00:01,  5.42it/s][AOCR-det:  18%|█▊        | 23/128 [00:00<00:02, 39.06it/s]
Processing pages:  20%|██        | 2/10 [00:00<00:01,  5.47it/s][AOCR-det:  25%|██▌       | 32/128 [00:01<00:02, 42.29it/s]
Processing pages:  30%|███       | 3/10 [00:00<00:01,  5.68it/s][AOCR-det:  36%|███▌      | 46/128 [00:01<00:01, 54.07it/s]OCR-det:  41%|████▏     | 53/128 [00:01<00:01, 55.94it/s]
Processing pages:  40%|████      | 4/10 [00:00<00:01,  5.40it/s][AOCR-det:  47%|████▋     | 60/128 [00:01<00:01, 53.91it/s]
Processing pages:  50%|█████     | 5/10 [00:00<00:00,  5.62it/s][AOCR-det:  55%|█████▌    | 71/128 [00:01<00:00, 58.12it/s]
Processing pages:  60%|██████    | 6/10 [00:01<00:00,  5.55it/s][AOCR-det:  61%|██████    | 78/128 [00:01<00:00, 56.77it/s]
Processing pages:  70%|███████   | 7/10 [00:01<00:00,  5.54it/s][AOCR-det:  72%|███████▏  | 92/128 [00:01<00:00, 60.27it/s]
Processing pages:  80%|████████  | 8/10 [00:01<00:00,  5.88it/s][AOCR-det:  81%|████████▏ | 104/128 [00:02<00:00, 63.10it/s]
Processing pages:  90%|█████████ | 9/10 [00:01<00:00,  5.73it/s][AOCR-det:  88%|████████▊ | 112/128 [00:02<00:00, 57.81it/s]
Processing pages: 100%|██████████| 10/10 [00:01<00:00,  5.60it/s][AProcessing pages: 100%|██████████| 10/10 [00:01<00:00,  5.60it/s]
INFO:     127.0.0.1:40512 - "GET /tasks/bc91c6d7-4443-48b6-8708-2ed32c3dd97d HTTP/1.1" 200 OK
INFO:     127.0.0.1:55908 - "GET /tasks/957618a2-de87-4a63-848c-5c187fcdc893 HTTP/1.1" 200 OK
INFO:     127.0.0.1:40516 - "GET /tasks/17e8742a-9e95-41a8-b1f2-ea5906c742ec HTTP/1.1" 200 OK
OCR-det:  92%|█████████▏| 118/128 [00:02<00:00, 30.48it/s]INFO:     127.0.0.1:55908 - "GET /tasks/957618a2-de87-4a63-848c-5c187fcdc893/result HTTP/1.1" 200 OK
OCR-det:  99%|█████████▉| 127/128 [00:02<00:00, 37.81it/s]OCR-det: 100%|██████████| 128/128 [00:02<00:00, 43.08it/s]
Processing pages:   0%|          | 0/10 [00:00<?, ?it/s]Processing pages:  10%|█         | 1/10 [00:00<00:01,  7.00it/s]Processing pages:  20%|██        | 2/10 [00:00<00:01,  6.74it/s]Processing pages:  30%|███       | 3/10 [00:00<00:01,  6.64it/s]Processing pages:  40%|████      | 4/10 [00:00<00:00,  6.91it/s]Processing pages:  50%|█████     | 5/10 [00:00<00:00,  6.84it/s]Processing pages:  60%|██████    | 6/10 [00:00<00:00,  7.17it/s]Processing pages:  70%|███████   | 7/10 [00:01<00:00,  7.12it/s]Processing pages:  80%|████████  | 8/10 [00:01<00:00,  7.52it/s]Processing pages:  90%|█████████ | 9/10 [00:01<00:00,  7.50it/s]Processing pages: 100%|██████████| 10/10 [00:01<00:00,  7.20it/s]Processing pages: 100%|██████████| 10/10 [00:01<00:00,  7.12it/s]
INFO:     127.0.0.1:40516 - "GET /tasks/17e8742a-9e95-41a8-b1f2-ea5906c742ec HTTP/1.1" 200 OK
INFO:     127.0.0.1:40512 - "GET /tasks/bc91c6d7-4443-48b6-8708-2ed32c3dd97d HTTP/1.1" 200 OK
INFO:     127.0.0.1:55908 - "POST /tasks HTTP/1.1" 202 Accepted
INFO:     127.0.0.1:55908 - "GET /tasks/fb1c7e7f-1dc5-4cc9-8e26-f38f5ead1170 HTTP/1.1" 200 OK
2026-09-28 11:59:29.025 | INFO     | mineru.utils.engine_utils:get_vlm_engine:34 - Using vllm-async-engine as the inference engine for VLM.
2026-09-28 11:59:31.478 | INFO     | mineru.backend.hybrid.hybrid_analyze:aio_doc_analyze:1139 - Hybrid processing-window run. page_count=10, window_size=64, total_windows=1
2026-09-28 11:59:31.479 | INFO     | mineru.backend.hybrid.hybrid_analyze:get_batch_ratio:875 - hybrid batch ratio (auto, vram=40GB): 16
INFO:     127.0.0.1:55908 - "GET /tasks/fb1c7e7f-1dc5-4cc9-8e26-f38f5ead1170 HTTP/1.1" 200 OK
INFO:     127.0.0.1:40516 - "GET /tasks/17e8742a-9e95-41a8-b1f2-ea5906c742ec/result HTTP/1.1" 200 OK
INFO:     127.0.0.1:40512 - "GET /tasks/bc91c6d7-4443-48b6-8708-2ed32c3dd97d/result HTTP/1.1" 200 OK
INFO:     127.0.0.1:40512 - "POST /tasks HTTP/1.1" 202 Accepted
INFO:     127.0.0.1:55908 - "POST /tasks HTTP/1.1" 202 Accepted
INFO:     127.0.0.1:40512 - "GET /tasks/0ed2756f-784e-4086-9802-d9ab7e9c8c3f HTTP/1.1" 200 OK
INFO:     127.0.0.1:55908 - "GET /tasks/ec7b475a-c443-48da-a0ae-af57674782ad HTTP/1.1" 200 OK
2026-09-28 11:59:31.912 | INFO     | mineru.utils.engine_utils:get_vlm_engine:34 - Using vllm-async-engine as the inference engine for VLM.
2026-09-28 11:59:32.447 | INFO     | mineru.backend.hybrid.hybrid_analyze:aio_doc_analyze:1139 - Hybrid processing-window run. page_count=10, window_size=64, total_windows=1
2026-09-28 11:59:32.448 | INFO     | mineru.backend.hybrid.hybrid_analyze:get_batch_ratio:875 - hybrid batch ratio (auto, vram=40GB): 16
2026-09-28 11:59:32.463 | INFO     | mineru.utils.engine_utils:get_vlm_engine:34 - Using vllm-async-engine as the inference engine for VLM.
2026-09-28 11:59:32.991 | INFO     | mineru.backend.hybrid.hybrid_analyze:aio_doc_analyze:1139 - Hybrid processing-window run. page_count=10, window_size=64, total_windows=1
2026-09-28 11:59:32.991 | INFO     | mineru.backend.hybrid.hybrid_analyze:get_batch_ratio:875 - hybrid batch ratio (auto, vram=40GB): 16
2026-09-28 11:59:33.292 | INFO     | mineru.backend.hybrid.hybrid_analyze:aio_doc_analyze:1161 - Hybrid processing window 1/1: pages 1-10/10 (10 pages)
Layout Predict:   0%|          | 0/10 [00:00<?, ?it/s]INFO:     127.0.0.1:55908 - "GET /tasks/fb1c7e7f-1dc5-4cc9-8e26-f38f5ead1170 HTTP/1.1" 200 OK
Layout Predict:  80%|████████  | 8/10 [00:00<00:00, 31.59it/s]Layout Predict: 100%|██████████| 10/10 [00:00<00:00, 20.53it/s]
Table orientation det:   0%|          | 0/5 [00:00<?, ?it/s]2026-09-28 11:59:33.865 | INFO     | mineru.backend.hybrid.hybrid_analyze:aio_doc_analyze:1161 - Hybrid processing window 1/1: pages 1-10/10 (10 pages)

Layout Predict:   0%|          | 0/10 [00:00<?, ?it/s][AINFO:     127.0.0.1:55908 - "GET /tasks/0ed2756f-784e-4086-9802-d9ab7e9c8c3f HTTP/1.1" 200 OK
INFO:     127.0.0.1:55908 - "GET /tasks/ec7b475a-c443-48da-a0ae-af57674782ad HTTP/1.1" 200 OK
Table orientation det:  40%|████      | 2/5 [00:00<00:00, 14.07it/s]Table orientation det:  80%|████████  | 4/5 [00:00<00:00, 12.73it/s]Table orientation score: 100%|██████████| 5/5 [00:00<00:00, 12.73it/s]Table orientation score: 100%|██████████| 5/5 [00:00<00:00, 12.73it/s]Table orientation: 100%|██████████| 5/5 [00:00<00:00, 12.73it/s]      Table orientation: 100%|██████████| 5/5 [00:00<00:00, 12.73it/s]Table orientation: 100%|██████████| 5/5 [00:00<00:00, 11.79it/s]
External Layout Extraction:   0%|          | 0/18 [00:00<?, ?it/s]2026-09-28 11:59:34.222 | INFO     | mineru.backend.hybrid.hybrid_analyze:aio_doc_analyze:1161 - Hybrid processing window 1/1: pages 1-10/10 (10 pages)


Layout Predict:   0%|          | 0/10 [00:00<?, ?it/s][A[A
Layout Predict:  80%|████████  | 8/10 [00:00<00:00, 20.44it/s][AExternal Layout Extraction:  22%|██▏       | 4/18 [00:00<00:01,  9.91it/s]Layout Predict: 100%|██████████| 10/10 [00:00<00:00, 12.05it/s]

Table orientation det:   0%|          | 0/4 [00:00<?, ?it/s][A

Layout Predict:  80%|████████  | 8/10 [00:00<00:00, 16.31it/s][A[AExternal Layout Extraction:  44%|████▍     | 8/18 [00:00<00:00, 16.11it/s]
Table orientation det:  75%|███████▌  | 3/4 [00:00<00:00, 28.05it/s][A
Table orientation score: 100%|██████████| 4/4 [00:00<00:00, 28.05it/s][A
Table orientation score: 100%|██████████| 4/4 [00:00<00:00, 28.05it/s][A
Table orientation: 100%|██████████| 4/4 [00:00<00:00, 28.05it/s]      [A
Table orientation: 100%|██████████| 4/4 [00:00<00:00, 28.05it/s][ATable orientation: 100%|██████████| 4/4 [00:00<00:00, 28.70it/s]

External Layout Extraction:   0%|          | 0/16 [00:00<?, ?it/s][A

Layout Predict: 100%|██████████| 10/10 [00:00<00:00, 14.25it/s][A[ALayout Predict: 100%|██████████| 10/10 [00:00<00:00, 14.69it/s]


Table orientation det:   0%|          | 0/6 [00:00<?, ?it/s][A[A

Table orientation det:  67%|██████▋   | 4/6 [00:00<00:00, 30.99it/s][A[A
External Layout Extraction:   6%|▋         | 1/16 [00:00<00:03,  4.74it/s][A

Table orientation score: 100%|██████████| 6/6 [00:00<00:00, 30.99it/s][A[A

Table orientation score: 100%|██████████| 6/6 [00:00<00:00, 30.99it/s][A[A

Table orientation: 100%|██████████| 6/6 [00:00<00:00, 30.99it/s]      [A[A

Table orientation: 100%|██████████| 6/6 [00:00<00:00, 30.99it/s][A[ATable orientation: 100%|██████████| 6/6 [00:00<00:00, 27.35it/s]


External Layout Extraction:   0%|          | 0/6 [00:00<?, ?it/s][A[AExternal Layout Extraction:  78%|███████▊  | 14/18 [00:01<00:00, 12.14it/s]
External Layout Extraction:  25%|██▌       | 4/16 [00:00<00:01,  8.32it/s][A
External Layout Extraction:  56%|█████▋    | 9/16 [00:00<00:00, 18.40it/s][AINFO:     127.0.0.1:55908 - "GET /tasks/fb1c7e7f-1dc5-4cc9-8e26-f38f5ead1170 HTTP/1.1" 200 OK
External Layout Extraction:  89%|████████▉ | 16/18 [00:01<00:00,  9.51it/s]
External Layout Extraction:  75%|███████▌  | 12/16 [00:01<00:00, 11.88it/s][AINFO:     127.0.0.1:55908 - "GET /tasks/0ed2756f-784e-4086-9802-d9ab7e9c8c3f HTTP/1.1" 200 OK
INFO:     127.0.0.1:55908 - "GET /tasks/ec7b475a-c443-48da-a0ae-af57674782ad HTTP/1.1" 200 OK


External Layout Extraction:  17%|█▋        | 1/6 [00:00<00:04,  1.24it/s][A[A

External Layout Extraction:  50%|█████     | 3/6 [00:00<00:00,  3.76it/s][A[AExternal Layout Extraction: 100%|██████████| 18/18 [00:01<00:00,  7.72it/s]External Layout Extraction: 100%|██████████| 18/18 [00:01<00:00,  9.29it/s]
MFR Predict:   0%|          | 0/64 [00:00<?, ?it/s]

External Layout Extraction:  67%|██████▋   | 4/6 [00:01<00:00,  3.48it/s][A[AMFR Predict:  50%|█████     | 32/64 [00:00<00:00, 85.93it/s]

External Layout Extraction:  83%|████████▎ | 5/6 [00:01<00:00,  2.61it/s][A[AMFR Predict: 100%|██████████| 64/64 [00:01<00:00, 56.22it/s]MFR Predict: 100%|██████████| 64/64 [00:01<00:00, 59.28it/s]
OCR-det:   0%|          | 0/142 [00:00<?, ?it/s]INFO:     127.0.0.1:55908 - "GET /tasks/fb1c7e7f-1dc5-4cc9-8e26-f38f5ead1170 HTTP/1.1" 200 OK


External Layout Extraction: 100%|██████████| 6/6 [00:02<00:00,  2.30it/s][A[AExternal Layout Extraction: 100%|██████████| 6/6 [00:02<00:00,  2.49it/s]


MFR Predict:   0%|          | 0/4 [00:00<?, ?it/s][A[A
External Layout Extraction:  88%|████████▊ | 14/16 [00:02<00:00,  3.43it/s][AExternal Layout Extraction: 100%|██████████| 16/16 [00:02<00:00,  5.64it/s]

MFR Predict:   0%|          | 0/51 [00:00<?, ?it/s][A

MFR Predict:  50%|█████     | 2/4 [00:00<00:00, 12.25it/s][A[AINFO:     127.0.0.1:55908 - "GET /tasks/0ed2756f-784e-4086-9802-d9ab7e9c8c3f HTTP/1.1" 200 OK
INFO:     127.0.0.1:55908 - "GET /tasks/ec7b475a-c443-48da-a0ae-af57674782ad HTTP/1.1" 200 OK
OCR-det:   3%|▎         | 4/142 [00:00<00:23,  5.99it/s]OCR-det:  10%|▉         | 14/142 [00:00<00:05, 22.16it/s]

MFR Predict: 100%|██████████| 4/4 [00:00<00:00,  6.26it/s][A[AMFR Predict: 100%|██████████| 4/4 [00:00<00:00,  6.75it/s]


OCR-det:   0%|          | 0/114 [00:00<?, ?it/s][A[AOCR-det:  14%|█▍        | 20/142 [00:00<00:04, 28.40it/s]OCR-det:  21%|██        | 30/142 [00:01<00:02, 41.81it/s]
MFR Predict:  63%|██████▎   | 32/51 [00:00<00:00, 50.81it/s][AOCR-det:  30%|███       | 43/142 [00:01<00:01, 61.26it/s]OCR-det:  37%|███▋      | 53/142 [00:01<00:01, 61.27it/s]OCR-det:  44%|████▍     | 63/142 [00:01<00:01, 63.97it/s]

OCR-det:   3%|▎         | 3/114 [00:00<00:21,  5.07it/s][A[AOCR-det:  54%|█████▍    | 77/142 [00:01<00:00, 73.31it/s]

OCR-det:  11%|█         | 12/114 [00:00<00:04, 21.48it/s][A[AOCR-det:  62%|██████▏   | 88/142 [00:01<00:00, 74.96it/s]

OCR-det:  18%|█▊        | 20/114 [00:00<00:02, 31.48it/s][A[AOCR-det:  70%|███████   | 100/142 [00:01<00:00, 77.91it/s]

OCR-det:  25%|██▍       | 28/114 [00:01<00:02, 33.51it/s][A[AOCR-det:  77%|███████▋  | 109/142 [00:02<00:00, 67.97it/s]

OCR-det:  39%|███▉      | 45/114 [00:01<00:01, 58.27it/s][A[AINFO:     127.0.0.1:55908 - "GET /tasks/fb1c7e7f-1dc5-4cc9-8e26-f38f5ead1170 HTTP/1.1" 200 OK


OCR-det:  49%|████▉     | 56/114 [00:01<00:00, 62.07it/s][A[AOCR-det:  82%|████████▏ | 117/142 [00:02<00:00, 57.77it/s]

OCR-det:  57%|█████▋    | 65/114 [00:01<00:00, 67.87it/s][A[AOCR-det:  87%|████████▋ | 124/142 [00:02<00:00, 54.79it/s]

OCR-det:  68%|██████▊   | 77/114 [00:01<00:00, 72.03it/s][A[AOCR-det:  96%|█████████▋| 137/142 [00:02<00:00, 65.06it/s]INFO:     127.0.0.1:55908 - "GET /tasks/0ed2756f-784e-4086-9802-d9ab7e9c8c3f HTTP/1.1" 200 OK
INFO:     127.0.0.1:55908 - "GET /tasks/ec7b475a-c443-48da-a0ae-af57674782ad HTTP/1.1" 200 OK
OCR-det: 100%|██████████| 142/142 [00:02<00:00, 54.72it/s]


OCR-det:  76%|███████▋  | 87/114 [00:01<00:00, 68.98it/s][A[AProcessing pages:   0%|          | 0/10 [00:00<?, ?it/s]
MFR Predict: 100%|██████████| 51/51 [00:02<00:00, 19.37it/s][AMFR Predict: 100%|██████████| 51/51 [00:02<00:00, 21.92it/s]

OCR-det:   0%|          | 0/134 [00:00<?, ?it/s][AProcessing pages:  10%|█         | 1/10 [00:00<00:01,  4.91it/s]

OCR-det:  84%|████████▍ | 96/114 [00:01<00:00, 54.91it/s][A[AProcessing pages:  20%|██        | 2/10 [00:00<00:01,  6.02it/s]

OCR-det:  91%|█████████ | 104/114 [00:02<00:00, 49.96it/s][A[AProcessing pages:  30%|███       | 3/10 [00:00<00:01,  5.70it/s]

OCR-det:  96%|█████████▋| 110/114 [00:02<00:00, 44.46it/s][A[AProcessing pages:  40%|████      | 4/10 [00:00<00:01,  5.65it/s]OCR-det: 100%|██████████| 114/114 [00:02<00:00, 44.55it/s]
Processing pages:  50%|█████     | 5/10 [00:00<00:01,  4.78it/s]Processing pages:  60%|██████    | 6/10 [00:01<00:00,  4.71it/s]
OCR-det:   1%|          | 1/134 [00:01<02:24,  1.09s/it][AProcessing pages:  70%|███████   | 7/10 [00:01<00:00,  4.94it/s]
OCR-det:   4%|▍         | 6/134 [00:01<00:21,  6.08it/s][AProcessing pages:  80%|████████  | 8/10 [00:01<00:00,  5.19it/s]
OCR-det:  10%|█         | 14/134 [00:01<00:08, 14.70it/s][AProcessing pages:  90%|█████████ | 9/10 [00:01<00:00,  5.46it/s]
OCR-det:  19%|█▊        | 25/134 [00:01<00:04, 26.08it/s][AProcessing pages: 100%|██████████| 10/10 [00:02<00:00,  3.60it/s]Processing pages: 100%|██████████| 10/10 [00:02<00:00,  4.54it/s]
OCR-rec Predict:   0%|          | 0/1 [00:00<?, ?it/s]INFO:     127.0.0.1:55908 - "GET /tasks/fb1c7e7f-1dc5-4cc9-8e26-f38f5ead1170 HTTP/1.1" 200 OK


Processing pages:   0%|          | 0/10 [00:00<?, ?it/s][A[AINFO:     127.0.0.1:46896 - "GET /tasks/0ed2756f-784e-4086-9802-d9ab7e9c8c3f HTTP/1.1" 200 OK

OCR-det:  28%|██▊       | 38/134 [00:02<00:03, 26.41it/s][AOCR-rec Predict: 100%|██████████| 1/1 [00:00<00:00, 40.34it/s]

OCR-det:  34%|███▍      | 46/134 [00:02<00:02, 32.89it/s][A

Processing pages:  10%|█         | 1/10 [00:00<00:01,  5.63it/s][A[A

Processing pages:  20%|██        | 2/10 [00:00<00:01,  5.37it/s][A[A
OCR-det:  41%|████      | 55/134 [00:02<00:02, 33.08it/s][A

Processing pages:  30%|███       | 3/10 [00:00<00:01,  5.71it/s][A[A
OCR-det:  49%|████▊     | 65/134 [00:02<00:01, 36.78it/s][A

Processing pages:  40%|████      | 4/10 [00:00<00:01,  5.49it/s][A[A
OCR-det:  54%|█████▍    | 73/134 [00:02<00:01, 40.52it/s][A

Processing pages:  50%|█████     | 5/10 [00:00<00:00,  5.82it/s][A[A
OCR-det:  65%|██████▍   | 87/134 [00:02<00:00, 53.21it/s][A
OCR-det:  72%|███████▏  | 96/134 [00:03<00:00, 58.42it/s][A

Processing pages:  60%|██████    | 6/10 [00:01<00:00,  5.59it/s][A[A
OCR-det:  77%|███████▋  | 103/134 [00:03<00:00, 51.75it/s][A

Processing pages:  70%|███████   | 7/10 [00:01<00:00,  5.49it/s][A[A
OCR-det:  82%|████████▏ | 110/134 [00:03<00:00, 54.22it/s][A

Processing pages:  80%|████████  | 8/10 [00:01<00:00,  5.65it/s][A[A
OCR-det:  89%|████████▉ | 119/134 [00:03<00:00, 54.42it/s][A

Processing pages:  90%|█████████ | 9/10 [00:01<00:00,  5.56it/s][A[A
OCR-det:  93%|█████████▎| 125/134 [00:03<00:00, 44.38it/s][A

Processing pages: 100%|██████████| 10/10 [00:01<00:00,  5.57it/s][A[AProcessing pages: 100%|██████████| 10/10 [00:01<00:00,  5.58it/s]
INFO:     127.0.0.1:46898 - "GET /tasks/ec7b475a-c443-48da-a0ae-af57674782ad HTTP/1.1" 200 OK
INFO:     127.0.0.1:55908 - "GET /tasks/fb1c7e7f-1dc5-4cc9-8e26-f38f5ead1170 HTTP/1.1" 200 OK
INFO:     127.0.0.1:46896 - "GET /tasks/0ed2756f-784e-4086-9802-d9ab7e9c8c3f HTTP/1.1" 200 OK

OCR-det:  98%|█████████▊| 131/134 [00:04<00:00, 18.01it/s][AINFO:     127.0.0.1:55908 - "GET /tasks/0ed2756f-784e-4086-9802-d9ab7e9c8c3f/result HTTP/1.1" 200 OK
OCR-det: 100%|██████████| 134/134 [00:04<00:00, 28.28it/s]
Processing pages:   0%|          | 0/10 [00:00<?, ?it/s]Processing pages:  10%|█         | 1/10 [00:00<00:01,  6.54it/s]Processing pages:  20%|██        | 2/10 [00:00<00:01,  6.08it/s]Processing pages:  30%|███       | 3/10 [00:00<00:01,  6.31it/s]Processing pages:  40%|████      | 4/10 [00:00<00:00,  6.43it/s]Processing pages:  50%|█████     | 5/10 [00:00<00:01,  4.30it/s]Processing pages:  60%|██████    | 6/10 [00:01<00:00,  4.30it/s]Processing pages:  70%|███████   | 7/10 [00:01<00:00,  4.96it/s]Processing pages:  80%|████████  | 8/10 [00:01<00:00,  5.46it/s]Processing pages:  90%|█████████ | 9/10 [00:02<00:00,  3.13it/s]Processing pages: 100%|██████████| 10/10 [00:02<00:00,  3.70it/s]Processing pages: 100%|██████████| 10/10 [00:02<00:00,  4.36it/s]
INFO:     127.0.0.1:46898 - "GET /tasks/fb1c7e7f-1dc5-4cc9-8e26-f38f5ead1170 HTTP/1.1" 200 OK
INFO:     127.0.0.1:46896 - "GET /tasks/ec7b475a-c443-48da-a0ae-af57674782ad HTTP/1.1" 200 OK
INFO:     127.0.0.1:55908 - "POST /tasks HTTP/1.1" 202 Accepted
INFO:     127.0.0.1:55908 - "GET /tasks/e33bf9fa-9b23-47c7-997f-9bb1a30c7dd6 HTTP/1.1" 200 OK
2026-09-28 11:59:47.734 | INFO     | mineru.utils.engine_utils:get_vlm_engine:34 - Using vllm-async-engine as the inference engine for VLM.
2026-09-28 11:59:48.288 | INFO     | mineru.backend.hybrid.hybrid_analyze:aio_doc_analyze:1139 - Hybrid processing-window run. page_count=10, window_size=64, total_windows=1
2026-09-28 11:59:48.288 | INFO     | mineru.backend.hybrid.hybrid_analyze:get_batch_ratio:875 - hybrid batch ratio (auto, vram=40GB): 16
INFO:     127.0.0.1:46896 - "GET /tasks/ec7b475a-c443-48da-a0ae-af57674782ad/result HTTP/1.1" 200 OK
INFO:     127.0.0.1:55908 - "POST /tasks HTTP/1.1" 202 Accepted
INFO:     127.0.0.1:55908 - "GET /tasks/a8ea85f1-b43b-43d6-8621-4d8ab924e050 HTTP/1.1" 200 OK
2026-09-28 11:59:48.579 | INFO     | mineru.utils.engine_utils:get_vlm_engine:34 - Using vllm-async-engine as the inference engine for VLM.
2026-09-28 11:59:49.312 | INFO     | mineru.backend.hybrid.hybrid_analyze:aio_doc_analyze:1139 - Hybrid processing-window run. page_count=10, window_size=64, total_windows=1
2026-09-28 11:59:49.312 | INFO     | mineru.backend.hybrid.hybrid_analyze:get_batch_ratio:875 - hybrid batch ratio (auto, vram=40GB): 16
2026-09-28 11:59:49.314 | INFO     | mineru.backend.hybrid.hybrid_analyze:aio_doc_analyze:1161 - Hybrid processing window 1/1: pages 1-10/10 (10 pages)
Layout Predict:   0%|          | 0/10 [00:00<?, ?it/s]INFO:     127.0.0.1:55908 - "GET /tasks/fb1c7e7f-1dc5-4cc9-8e26-f38f5ead1170 HTTP/1.1" 200 OK
INFO:     127.0.0.1:55908 - "GET /tasks/fb1c7e7f-1dc5-4cc9-8e26-f38f5ead1170/result HTTP/1.1" 200 OK
Layout Predict:  80%|████████  | 8/10 [00:00<00:00, 36.47it/s]INFO:     127.0.0.1:55908 - "POST /tasks HTTP/1.1" 202 Accepted
INFO:     127.0.0.1:55908 - "GET /tasks/f6fcae42-230d-4f3a-bf0f-c7cfd7f47e3b HTTP/1.1" 200 OK
2026-09-28 11:59:49.713 | INFO     | mineru.utils.engine_utils:get_vlm_engine:34 - Using vllm-async-engine as the inference engine for VLM.
INFO:     127.0.0.1:55908 - "GET /tasks/e33bf9fa-9b23-47c7-997f-9bb1a30c7dd6 HTTP/1.1" 200 OK
Layout Predict: 100%|██████████| 10/10 [00:00<00:00, 23.35it/s]
2026-09-28 11:59:50.467 | INFO     | mineru.backend.hybrid.hybrid_analyze:aio_doc_analyze:1139 - Hybrid processing-window run. page_count=10, window_size=64, total_windows=1
2026-09-28 11:59:50.467 | INFO     | mineru.backend.hybrid.hybrid_analyze:get_batch_ratio:875 - hybrid batch ratio (auto, vram=40GB): 16
2026-09-28 11:59:50.468 | INFO     | mineru.backend.hybrid.hybrid_analyze:aio_doc_analyze:1161 - Hybrid processing window 1/1: pages 1-10/10 (10 pages)
Layout Predict:   0%|          | 0/10 [00:00<?, ?it/s]
Table orientation det:   0%|          | 0/1 [00:00<?, ?it/s][A
Table orientation score: 100%|██████████| 1/1 [00:00<00:00, 26.33it/s][A
Table orientation score: 100%|██████████| 1/1 [00:00<00:00, 26.23it/s][A
Table orientation: 100%|██████████| 1/1 [00:00<00:00, 26.18it/s]      [A
Table orientation: 100%|██████████| 1/1 [00:00<00:00, 26.15it/s][ATable orientation: 100%|██████████| 1/1 [00:00<00:00, 26.09it/s]

External Layout Extraction:   0%|          | 0/1 [00:00<?, ?it/s][AINFO:     127.0.0.1:55908 - "GET /tasks/a8ea85f1-b43b-43d6-8621-4d8ab924e050 HTTP/1.1" 200 OK
Layout Predict:  80%|████████  | 8/10 [00:00<00:00, 25.07it/s]Layout Predict: 100%|██████████| 10/10 [00:00<00:00, 23.06it/s]
Table orientation det:   0%|          | 0/5 [00:00<?, ?it/s]Table orientation det:  20%|██        | 1/5 [00:00<00:00,  9.75it/s]Table orientation det:  40%|████      | 2/5 [00:00<00:00,  8.50it/s]
External Layout Extraction: 100%|██████████| 1/1 [00:00<00:00,  1.62it/s][AExternal Layout Extraction: 100%|██████████| 1/1 [00:00<00:00,  1.62it/s]
Table orientation det:  80%|████████  | 4/5 [00:00<00:00, 11.24it/s]
OCR-det:   0%|          | 0/139 [00:00<?, ?it/s][ATable orientation score: 100%|██████████| 5/5 [00:00<00:00, 11.24it/s]Table orientation score: 100%|██████████| 5/5 [00:00<00:00, 11.24it/s]Table orientation: 100%|██████████| 5/5 [00:00<00:00, 11.24it/s]      Table orientation: 100%|██████████| 5/5 [00:00<00:00, 11.24it/s]Table orientation: 100%|██████████| 5/5 [00:00<00:00, 11.86it/s]
External Layout Extraction:   0%|          | 0/12 [00:00<?, ?it/s]2026-09-28 11:59:51.368 | INFO     | mineru.backend.hybrid.hybrid_analyze:aio_doc_analyze:1161 - Hybrid processing window 1/1: pages 1-10/10 (10 pages)


Layout Predict:   0%|          | 0/10 [00:00<?, ?it/s][A[AINFO:     127.0.0.1:55908 - "GET /tasks/f6fcae42-230d-4f3a-bf0f-c7cfd7f47e3b HTTP/1.1" 200 OK
External Layout Extraction:  17%|█▋        | 2/12 [00:00<00:01,  5.69it/s]INFO:     127.0.0.1:55908 - "GET /tasks/e33bf9fa-9b23-47c7-997f-9bb1a30c7dd6 HTTP/1.1" 200 OK


Layout Predict:  80%|████████  | 8/10 [00:00<00:00, 21.01it/s][A[ALayout Predict: 100%|██████████| 10/10 [00:00<00:00, 20.26it/s]


Table orientation det:   0%|          | 0/6 [00:00<?, ?it/s][A[AExternal Layout Extraction:  25%|██▌       | 3/12 [00:00<00:01,  4.90it/s]

Table orientation det:  50%|█████     | 3/6 [00:00<00:00, 20.68it/s][A[A
OCR-det:   1%|▏         | 2/139 [00:00<00:50,  2.70it/s][AExternal Layout Extraction:  42%|████▏     | 5/12 [00:00<00:00,  8.22it/s]
OCR-det:   5%|▌         | 7/139 [00:00<00:13,  9.98it/s][AExternal Layout Extraction:  58%|█████▊    | 7/12 [00:00<00:00,  9.88it/s]

Table orientation det: 100%|██████████| 6/6 [00:00<00:00, 16.38it/s][A[A

Table orientation score: 100%|██████████| 6/6 [00:00<00:00, 16.38it/s][A[A

Table orientation score: 100%|██████████| 6/6 [00:00<00:00, 16.38it/s][A[A

Table orientation: 100%|██████████| 6/6 [00:00<00:00, 16.38it/s]      [A[A

Table orientation: 100%|██████████| 6/6 [00:00<00:00, 16.38it/s][A[ATable orientation: 100%|██████████| 6/6 [00:00<00:00, 16.84it/s]


External Layout Extraction:   0%|          | 0/6 [00:00<?, ?it/s][A[A
OCR-det:   8%|▊         | 11/139 [00:00<00:08, 15.16it/s][A
OCR-det:  11%|█         | 15/139 [00:01<00:06, 19.40it/s][A
OCR-det:  22%|██▏       | 30/139 [00:01<00:02, 47.58it/s][AExternal Layout Extraction:  75%|███████▌  | 9/12 [00:01<00:00,  7.62it/s]INFO:     127.0.0.1:55908 - "GET /tasks/a8ea85f1-b43b-43d6-8621-4d8ab924e050 HTTP/1.1" 200 OK

OCR-det:  30%|███       | 42/139 [00:01<00:01, 62.03it/s][A
OCR-det:  37%|███▋      | 52/139 [00:01<00:01, 67.67it/s][A
OCR-det:  47%|████▋     | 65/139 [00:01<00:00, 77.79it/s][A
OCR-det:  55%|█████▌    | 77/139 [00:01<00:00, 88.32it/s][A

External Layout Extraction:  17%|█▋        | 1/6 [00:00<00:04,  1.23it/s][A[A
OCR-det:  63%|██████▎   | 87/139 [00:01<00:00, 82.94it/s][A
OCR-det:  71%|███████   | 98/139 [00:01<00:00, 86.24it/s][A

External Layout Extraction:  33%|███▎      | 2/6 [00:00<00:01,  2.31it/s][A[A
OCR-det:  78%|███████▊  | 108/139 [00:02<00:00, 70.70it/s][AExternal Layout Extraction:  83%|████████▎ | 10/12 [00:02<00:00,  3.44it/s]

External Layout Extraction:  50%|█████     | 3/6 [00:01<00:01,  2.87it/s][A[A
OCR-det:  88%|████████▊ | 122/139 [00:02<00:00, 77.61it/s][A

External Layout Extraction:  67%|██████▋   | 4/6 [00:01<00:00,  3.75it/s][A[A
OCR-det: 100%|██████████| 139/139 [00:02<00:00, 97.41it/s][AOCR-det: 100%|██████████| 139/139 [00:02<00:00, 58.42it/s]
INFO:     127.0.0.1:55908 - "GET /tasks/f6fcae42-230d-4f3a-bf0f-c7cfd7f47e3b HTTP/1.1" 200 OK

Processing pages:   0%|          | 0/10 [00:00<?, ?it/s][A
Processing pages:  10%|█         | 1/10 [00:00<00:01,  6.91it/s][A
Processing pages:  20%|██        | 2/10 [00:00<00:01,  6.56it/s][A
Processing pages:  30%|███       | 3/10 [00:00<00:01,  6.49it/s][A
Processing pages:  40%|████      | 4/10 [00:00<00:00,  6.80it/s][A
Processing pages:  50%|█████     | 5/10 [00:00<00:00,  6.83it/s][A
Processing pages:  60%|██████    | 6/10 [00:00<00:00,  6.55it/s][A
Processing pages:  70%|███████   | 7/10 [00:01<00:00,  6.50it/s][A
Processing pages:  80%|████████  | 8/10 [00:01<00:00,  6.48it/s][A
Processing pages:  90%|█████████ | 9/10 [00:01<00:00,  6.40it/s][A
Processing pages: 100%|██████████| 10/10 [00:01<00:00,  6.37it/s][AProcessing pages: 100%|██████████| 10/10 [00:01<00:00,  6.51it/s]
INFO:     127.0.0.1:55908 - "GET /tasks/e33bf9fa-9b23-47c7-997f-9bb1a30c7dd6 HTTP/1.1" 200 OK
INFO:     127.0.0.1:38328 - "GET /tasks/a8ea85f1-b43b-43d6-8621-4d8ab924e050 HTTP/1.1" 200 OK


External Layout Extraction: 100%|██████████| 6/6 [00:03<00:00,  1.45it/s][A[AExternal Layout Extraction: 100%|██████████| 6/6 [00:03<00:00,  1.72it/s]
External Layout Extraction: 100%|██████████| 12/12 [00:04<00:00,  1.61it/s]External Layout Extraction: 100%|██████████| 12/12 [00:04<00:00,  2.74it/s]
INFO:     127.0.0.1:55908 - "GET /tasks/f6fcae42-230d-4f3a-bf0f-c7cfd7f47e3b HTTP/1.1" 200 OK
MFR Predict:   0%|          | 0/1 [00:00<?, ?it/s]
MFR Predict:   0%|          | 0/47 [00:00<?, ?it/s][AMFR Predict: 100%|██████████| 1/1 [00:00<00:00,  4.09it/s]MFR Predict: 100%|██████████| 1/1 [00:00<00:00,  4.08it/s]
OCR-det:   0%|          | 0/139 [00:00<?, ?it/s]
MFR Predict:  68%|██████▊   | 32/47 [00:00<00:00, 65.57it/s][AOCR-det:   7%|▋         | 10/139 [00:00<00:08, 14.85it/s]OCR-det:  14%|█▎        | 19/139 [00:00<00:04, 27.99it/s]OCR-det:  21%|██        | 29/139 [00:00<00:02, 42.05it/s]OCR-det:  30%|███       | 42/139 [00:00<00:01, 59.28it/s]OCR-det:  40%|███▉      | 55/139 [00:01<00:01, 71.90it/s]INFO:     127.0.0.1:55908 - "GET /tasks/e33bf9fa-9b23-47c7-997f-9bb1a30c7dd6 HTTP/1.1" 200 OK
INFO:     127.0.0.1:38328 - "GET /tasks/a8ea85f1-b43b-43d6-8621-4d8ab924e050 HTTP/1.1" 200 OK
INFO:     127.0.0.1:55908 - "GET /tasks/e33bf9fa-9b23-47c7-997f-9bb1a30c7dd6/result HTTP/1.1" 200 OK
OCR-det:  47%|████▋     | 65/139 [00:01<00:01, 63.29it/s]INFO:     127.0.0.1:55908 - "POST /tasks HTTP/1.1" 202 Accepted
INFO:     127.0.0.1:55908 - "GET /tasks/621f0660-1c66-49b6-95e9-0717325bc551 HTTP/1.1" 200 OK
2026-09-28 11:59:57.613 | INFO     | mineru.utils.engine_utils:get_vlm_engine:34 - Using vllm-async-engine as the inference engine for VLM.
OCR-det:  53%|█████▎    | 73/139 [00:01<00:01, 40.49it/s]OCR-det:  59%|█████▉    | 82/139 [00:01<00:01, 44.91it/s]OCR-det:  65%|██████▌   | 91/139 [00:01<00:00, 50.40it/s]OCR-det:  71%|███████   | 98/139 [00:02<00:00, 51.92it/s]OCR-det:  77%|███████▋  | 107/139 [00:02<00:00, 59.16it/s]OCR-det:  82%|████████▏ | 114/139 [00:02<00:00, 56.86it/s]OCR-det:  88%|████████▊ | 122/139 [00:02<00:00, 46.10it/s]2026-09-28 11:59:58.820 | INFO     | mineru.backend.hybrid.hybrid_analyze:aio_doc_analyze:1139 - Hybrid processing-window run. page_count=10, window_size=64, total_windows=1
2026-09-28 11:59:58.820 | INFO     | mineru.backend.hybrid.hybrid_analyze:get_batch_ratio:875 - hybrid batch ratio (auto, vram=40GB): 16
INFO:     127.0.0.1:55908 - "GET /tasks/f6fcae42-230d-4f3a-bf0f-c7cfd7f47e3b HTTP/1.1" 200 OK
OCR-det:  92%|█████████▏| 128/139 [00:02<00:00, 46.08it/s]OCR-det:  98%|█████████▊| 136/139 [00:02<00:00, 47.33it/s]
MFR Predict: 100%|██████████| 47/47 [00:03<00:00, 12.27it/s][AMFR Predict: 100%|██████████| 47/47 [00:03<00:00, 14.71it/s]

OCR-det:   0%|          | 0/157 [00:00<?, ?it/s][AOCR-det: 100%|██████████| 139/139 [00:02<00:00, 46.73it/s]
Processing pages:   0%|          | 0/10 [00:00<?, ?it/s]Processing pages:  10%|█         | 1/10 [00:00<00:01,  6.57it/s]Processing pages:  20%|██        | 2/10 [00:00<00:01,  6.26it/s]Processing pages:  30%|███       | 3/10 [00:00<00:01,  4.55it/s]Processing pages:  40%|████      | 4/10 [00:00<00:01,  4.93it/s]Processing pages:  50%|█████     | 5/10 [00:00<00:00,  5.49it/s]
OCR-det:   1%|▏         | 2/157 [00:01<01:22,  1.88it/s][AProcessing pages:  60%|██████    | 6/10 [00:01<00:00,  5.73it/s]
OCR-det:   5%|▌         | 8/157 [00:01<00:17,  8.51it/s][AProcessing pages:  70%|███████   | 7/10 [00:01<00:00,  5.88it/s]
OCR-det:   9%|▉         | 14/157 [00:01<00:09, 14.96it/s][AProcessing pages:  80%|████████  | 8/10 [00:01<00:00,  5.78it/s]
OCR-det:  17%|█▋        | 27/157 [00:01<00:04, 29.61it/s][AProcessing pages:  90%|█████████ | 9/10 [00:01<00:00,  5.84it/s]
OCR-det:  25%|██▌       | 40/157 [00:01<00:02, 41.46it/s][AProcessing pages: 100%|██████████| 10/10 [00:01<00:00,  5.56it/s]Processing pages: 100%|██████████| 10/10 [00:01<00:00,  5.56it/s]
OCR-rec Predict:   0%|          | 0/1 [00:00<?, ?it/s]2026-09-28 12:00:00.922 | INFO     | mineru.backend.hybrid.hybrid_analyze:aio_doc_analyze:1161 - Hybrid processing window 1/1: pages 1-10/10 (10 pages)
INFO:     127.0.0.1:38328 - "GET /tasks/621f0660-1c66-49b6-95e9-0717325bc551 HTTP/1.1" 200 OK


Layout Predict:   0%|          | 0/10 [00:00<?, ?it/s]INFO:     127.0.0.1:55908 - "GET /tasks/a8ea85f1-b43b-43d6-8621-4d8ab924e050 HTTP/1.1" 200 OK
[A[AINFO:     127.0.0.1:38330 - "GET /tasks/f6fcae42-230d-4f3a-bf0f-c7cfd7f47e3b HTTP/1.1" 200 OK

OCR-det:  39%|███▉      | 61/157 [00:01<00:01, 62.28it/s][AOCR-rec Predict: 100%|██████████| 1/1 [00:00<00:00, 36.31it/s]

OCR-det:  44%|████▍     | 69/157 [00:02<00:02, 36.14it/s][A

Layout Predict:  80%|████████  | 8/10 [00:00<00:00, 11.94it/s][A[A
OCR-det:  52%|█████▏    | 81/157 [00:02<00:01, 44.08it/s][A

Layout Predict: 100%|██████████| 10/10 [00:00<00:00, 13.03it/s][A[ALayout Predict: 100%|██████████| 10/10 [00:00<00:00, 12.75it/s]
Table orientation det:   0%|          | 0/2 [00:00<?, ?it/s]
OCR-det:  61%|██████    | 95/157 [00:02<00:01, 57.03it/s][ATable orientation score: 100%|██████████| 2/2 [00:00<00:00, 22.61it/s]Table orientation score: 100%|██████████| 2/2 [00:00<00:00, 22.58it/s]Table orientation: 100%|██████████| 2/2 [00:00<00:00, 22.56it/s]      Table orientation: 100%|██████████| 2/2 [00:00<00:00, 22.55it/s]Table orientation: 100%|██████████| 2/2 [00:00<00:00, 22.53it/s]
External Layout Extraction:   0%|          | 0/19 [00:00<?, ?it/s]
OCR-det:  66%|██████▌   | 104/157 [00:02<00:00, 57.24it/s][AExternal Layout Extraction:  37%|███▋      | 7/19 [00:00<00:00, 37.55it/s]
OCR-det:  75%|███████▍  | 117/157 [00:02<00:00, 69.34it/s][A
OCR-det:  83%|████████▎ | 131/157 [00:03<00:00, 82.91it/s][AExternal Layout Extraction:  58%|█████▊    | 11/19 [00:00<00:00, 26.48it/s]
OCR-det:  94%|█████████▍| 148/157 [00:03<00:00, 99.44it/s][AOCR-det: 100%|██████████| 157/157 [00:03<00:00, 48.36it/s]
External Layout Extraction:  74%|███████▎  | 14/19 [00:00<00:00, 25.55it/s]
Processing pages:   0%|          | 0/10 [00:00<?, ?it/s][A
Processing pages:  10%|█         | 1/10 [00:00<00:01,  7.47it/s][A
Processing pages:  20%|██        | 2/10 [00:00<00:01,  7.05it/s][A
Processing pages:  30%|███       | 3/10 [00:00<00:01,  6.96it/s][A
Processing pages:  40%|████      | 4/10 [00:00<00:00,  6.83it/s][A
Processing pages:  50%|█████     | 5/10 [00:00<00:00,  6.83it/s][A
Processing pages:  60%|██████    | 6/10 [00:00<00:00,  6.81it/s][A
Processing pages:  70%|███████   | 7/10 [00:01<00:00,  7.01it/s][A
Processing pages:  80%|████████  | 8/10 [00:01<00:00,  7.02it/s][A
Processing pages:  90%|█████████ | 9/10 [00:01<00:00,  6.95it/s][A
Processing pages: 100%|██████████| 10/10 [00:01<00:00,  7.10it/s][AProcessing pages: 100%|██████████| 10/10 [00:01<00:00,  6.99it/s]
External Layout Extraction:  89%|████████▉ | 17/19 [00:01<00:00,  5.48it/s]INFO:     127.0.0.1:55908 - "GET /tasks/621f0660-1c66-49b6-95e9-0717325bc551 HTTP/1.1" 200 OK
INFO:     127.0.0.1:38330 - "GET /tasks/f6fcae42-230d-4f3a-bf0f-c7cfd7f47e3b HTTP/1.1" 200 OK
INFO:     127.0.0.1:38328 - "GET /tasks/a8ea85f1-b43b-43d6-8621-4d8ab924e050 HTTP/1.1" 200 OK
External Layout Extraction: 100%|██████████| 19/19 [00:02<00:00,  5.28it/s]External Layout Extraction: 100%|██████████| 19/19 [00:02<00:00,  7.86it/s]
MFR Predict:   0%|          | 0/98 [00:00<?, ?it/s]INFO:     127.0.0.1:55908 - "GET /tasks/f6fcae42-230d-4f3a-bf0f-c7cfd7f47e3b/result HTTP/1.1" 200 OK
INFO:     127.0.0.1:55908 - "POST /tasks HTTP/1.1" 202 Accepted
INFO:     127.0.0.1:55908 - "GET /tasks/0a95d1ed-3b55-4d1e-9f5d-cc2543a62c56 HTTP/1.1" 200 OK
2026-09-28 12:00:04.499 | INFO     | mineru.utils.engine_utils:get_vlm_engine:34 - Using vllm-async-engine as the inference engine for VLM.
MFR Predict:  65%|██████▌   | 64/98 [00:00<00:00, 92.44it/s]2026-09-28 12:00:05.312 | INFO     | mineru.backend.hybrid.hybrid_analyze:aio_doc_analyze:1139 - Hybrid processing-window run. page_count=10, window_size=64, total_windows=1
2026-09-28 12:00:05.312 | INFO     | mineru.backend.hybrid.hybrid_analyze:get_batch_ratio:875 - hybrid batch ratio (auto, vram=40GB): 16
INFO:     127.0.0.1:55908 - "GET /tasks/621f0660-1c66-49b6-95e9-0717325bc551 HTTP/1.1" 200 OK
INFO:     127.0.0.1:38328 - "GET /tasks/a8ea85f1-b43b-43d6-8621-4d8ab924e050 HTTP/1.1" 200 OK
INFO:     127.0.0.1:55908 - "GET /tasks/a8ea85f1-b43b-43d6-8621-4d8ab924e050/result HTTP/1.1" 200 OK
2026-09-28 12:00:06.235 | INFO     | mineru.backend.hybrid.hybrid_analyze:aio_doc_analyze:1161 - Hybrid processing window 1/1: pages 1-10/10 (10 pages)

Layout Predict:   0%|          | 0/10 [00:00<?, ?it/s][AINFO:     127.0.0.1:55908 - "POST /tasks HTTP/1.1" 202 Accepted
INFO:     127.0.0.1:55908 - "GET /tasks/bd553bf4-2fce-4da7-afc9-3e4647231910 HTTP/1.1" 200 OK
2026-09-28 12:00:06.322 | INFO     | mineru.utils.engine_utils:get_vlm_engine:34 - Using vllm-async-engine as the inference engine for VLM.

Layout Predict:  80%|████████  | 8/10 [00:00<00:00, 20.04it/s][ALayout Predict: 100%|██████████| 10/10 [00:00<00:00, 17.46it/s]
MFR Predict: 100%|██████████| 98/98 [00:02<00:00, 31.25it/s]MFR Predict: 100%|██████████| 98/98 [00:02<00:00, 35.91it/s]
OCR-det:   0%|          | 0/139 [00:00<?, ?it/s]2026-09-28 12:00:07.212 | INFO     | mineru.backend.hybrid.hybrid_analyze:aio_doc_analyze:1139 - Hybrid processing-window run. page_count=10, window_size=64, total_windows=1
2026-09-28 12:00:07.212 | INFO     | mineru.backend.hybrid.hybrid_analyze:get_batch_ratio:875 - hybrid batch ratio (auto, vram=40GB): 16
INFO:     127.0.0.1:55908 - "GET /tasks/0a95d1ed-3b55-4d1e-9f5d-cc2543a62c56 HTTP/1.1" 200 OK

Table orientation det:   0%|          | 0/3 [00:00<?, ?it/s][A
Table orientation det: 100%|██████████| 3/3 [00:00<00:00, 29.15it/s][A
Table orientation score: 100%|██████████| 3/3 [00:00<00:00, 29.15it/s][A
Table orientation score: 100%|██████████| 3/3 [00:00<00:00, 29.15it/s][A
Table orientation: 100%|██████████| 3/3 [00:00<00:00, 29.15it/s]      [A
Table orientation: 100%|██████████| 3/3 [00:00<00:00, 29.15it/s][ATable orientation: 100%|██████████| 3/3 [00:00<00:00, 28.94it/s]

External Layout Extraction:   0%|          | 0/26 [00:00<?, ?it/s][A
External Layout Extraction:  19%|█▉        | 5/26 [00:00<00:01, 18.49it/s][A
External Layout Extraction:  54%|█████▍    | 14/26 [00:00<00:00, 41.14it/s][AOCR-det:   2%|▏         | 3/139 [00:00<00:30,  4.48it/s]
External Layout Extraction:  85%|████████▍ | 22/26 [00:00<00:00, 51.99it/s][AINFO:     127.0.0.1:55908 - "GET /tasks/621f0660-1c66-49b6-95e9-0717325bc551 HTTP/1.1" 200 OK
OCR-det:  10%|█         | 14/139 [00:00<00:05, 22.19it/s]OCR-det:  18%|█▊        | 25/139 [00:01<00:03, 31.86it/s]2026-09-28 12:00:08.184 | INFO     | mineru.backend.hybrid.hybrid_analyze:aio_doc_analyze:1161 - Hybrid processing window 1/1: pages 1-10/10 (10 pages)


Layout Predict:   0%|          | 0/10 [00:00<?, ?it/s][A[AOCR-det:  29%|██▉       | 40/139 [00:01<00:02, 46.24it/s]INFO:     127.0.0.1:55908 - "GET /tasks/bd553bf4-2fce-4da7-afc9-3e4647231910 HTTP/1.1" 200 OK
OCR-det:  35%|███▌      | 49/139 [00:01<00:01, 49.35it/s]OCR-det:  45%|████▌     | 63/139 [00:01<00:01, 59.52it/s]

Layout Predict:  80%|████████  | 8/10 [00:00<00:00, 18.90it/s][A[AOCR-det:  52%|█████▏    | 72/139 [00:01<00:01, 64.06it/s]

Layout Predict: 100%|██████████| 10/10 [00:00<00:00, 16.94it/s][A[ALayout Predict: 100%|██████████| 10/10 [00:00<00:00, 17.35it/s]


Table orientation det:   0%|          | 0/4 [00:00<?, ?it/s][A[AOCR-det:  58%|█████▊    | 80/139 [00:01<00:00, 59.30it/s]OCR-det:  68%|██████▊   | 94/139 [00:01<00:00, 70.51it/s]

Table orientation det:  50%|█████     | 2/4 [00:00<00:00,  7.24it/s][A[AOCR-det:  75%|███████▍  | 104/139 [00:02<00:00, 72.85it/s]

Table orientation det: 100%|██████████| 4/4 [00:00<00:00, 10.96it/s][A[A

Table orientation score: 100%|██████████| 4/4 [00:00<00:00, 10.96it/s][A[A

Table orientation score: 100%|██████████| 4/4 [00:00<00:00, 10.96it/s][A[A

Table orientation: 100%|██████████| 4/4 [00:00<00:00, 10.96it/s]      [A[A

Table orientation: 100%|██████████| 4/4 [00:00<00:00, 10.96it/s][A[ATable orientation: 100%|██████████| 4/4 [00:00<00:00, 10.13it/s]


External Layout Extraction:   0%|          | 0/14 [00:00<?, ?it/s][A[AINFO:     127.0.0.1:55908 - "GET /tasks/0a95d1ed-3b55-4d1e-9f5d-cc2543a62c56 HTTP/1.1" 200 OK
OCR-det:  81%|████████  | 112/139 [00:02<00:00, 61.57it/s]OCR-det:  86%|████████▋ | 120/139 [00:02<00:00, 63.66it/s]External Layout Extraction: 100%|██████████| 26/26 [00:02<00:00, 11.93it/s]


External Layout Extraction:   7%|▋         | 1/14 [00:00<00:04,  2.87it/s][A[A
MFR Predict:   0%|          | 0/42 [00:00<?, ?it/s][AOCR-det:  95%|█████████▍| 132/139 [00:02<00:00, 68.01it/s]

External Layout Extraction:  21%|██▏       | 3/14 [00:00<00:02,  5.50it/s][A[AOCR-det: 100%|██████████| 139/139 [00:02<00:00, 50.12it/s]
INFO:     127.0.0.1:55908 - "GET /tasks/621f0660-1c66-49b6-95e9-0717325bc551 HTTP/1.1" 200 OK
Processing pages:   0%|          | 0/10 [00:00<?, ?it/s]Processing pages:  10%|█         | 1/10 [00:00<00:01,  5.41it/s]Processing pages:  20%|██        | 2/10 [00:00<00:01,  5.52it/s]Processing pages:  30%|███       | 3/10 [00:00<00:01,  5.71it/s]
MFR Predict:  76%|███████▌  | 32/42 [00:00<00:00, 36.64it/s][AProcessing pages:  40%|████      | 4/10 [00:00<00:01,  5.64it/s]Processing pages:  50%|█████     | 5/10 [00:00<00:00,  5.71it/s]Processing pages:  60%|██████    | 6/10 [00:01<00:00,  5.79it/s]Processing pages:  70%|███████   | 7/10 [00:01<00:00,  5.76it/s]
MFR Predict: 100%|██████████| 42/42 [00:01<00:00, 23.20it/s][AMFR Predict: 100%|██████████| 42/42 [00:01<00:00, 25.31it/s]

OCR-det:   0%|          | 0/126 [00:00<?, ?it/s][AProcessing pages:  80%|████████  | 8/10 [00:01<00:00,  5.19it/s]Processing pages:  90%|█████████ | 9/10 [00:01<00:00,  5.46it/s]Processing pages: 100%|██████████| 10/10 [00:01<00:00,  5.77it/s]Processing pages: 100%|██████████| 10/10 [00:01<00:00,  5.64it/s]
OCR-rec Predict:   0%|          | 0/1 [00:00<?, ?it/s]INFO:     127.0.0.1:55908 - "GET /tasks/bd553bf4-2fce-4da7-afc9-3e4647231910 HTTP/1.1" 200 OK
INFO:     127.0.0.1:49162 - "GET /tasks/0a95d1ed-3b55-4d1e-9f5d-cc2543a62c56 HTTP/1.1" 200 OK


External Layout Extraction:  93%|█████████▎| 13/14 [00:02<00:00,  5.19it/s][A[AOCR-rec Predict: 100%|██████████| 1/1 [00:00<00:00, 16.22it/s]
INFO:     127.0.0.1:55908 - "GET /tasks/621f0660-1c66-49b6-95e9-0717325bc551 HTTP/1.1" 200 OK
INFO:     127.0.0.1:55908 - "GET /tasks/621f0660-1c66-49b6-95e9-0717325bc551/result HTTP/1.1" 200 OK
INFO:     127.0.0.1:55908 - "POST /tasks HTTP/1.1" 202 Accepted
INFO:     127.0.0.1:55908 - "GET /tasks/21c1673e-7df7-4332-ad56-f99285641329 HTTP/1.1" 200 OK
2026-09-28 12:00:12.487 | INFO     | mineru.utils.engine_utils:get_vlm_engine:34 - Using vllm-async-engine as the inference engine for VLM.

OCR-det:   2%|▏         | 2/126 [00:01<01:14,  1.67it/s][A
OCR-det:   3%|▎         | 4/126 [00:01<00:34,  3.56it/s][A
OCR-det:  12%|█▏        | 15/126 [00:01<00:06, 16.42it/s][A
OCR-det:  17%|█▋        | 22/126 [00:01<00:04, 22.70it/s][A
OCR-det:  25%|██▍       | 31/126 [00:01<00:02, 33.08it/s][A
OCR-det:  36%|███▌      | 45/126 [00:01<00:01, 49.39it/s][A2026-09-28 12:00:13.199 | INFO     | mineru.backend.hybrid.hybrid_analyze:aio_doc_analyze:1139 - Hybrid processing-window run. page_count=10, window_size=64, total_windows=1
2026-09-28 12:00:13.199 | INFO     | mineru.backend.hybrid.hybrid_analyze:get_batch_ratio:875 - hybrid batch ratio (auto, vram=40GB): 16

OCR-det:  44%|████▎     | 55/126 [00:01<00:01, 55.74it/s][A
OCR-det:  55%|█████▍    | 69/126 [00:02<00:00, 71.01it/s][A
OCR-det:  62%|██████▏   | 78/126 [00:02<00:00, 73.96it/s][A
OCR-det:  69%|██████▉   | 87/126 [00:02<00:00, 72.36it/s][AINFO:     127.0.0.1:55908 - "GET /tasks/bd553bf4-2fce-4da7-afc9-3e4647231910 HTTP/1.1" 200 OK
INFO:     127.0.0.1:55908 - "GET /tasks/0a95d1ed-3b55-4d1e-9f5d-cc2543a62c56 HTTP/1.1" 200 OK

OCR-det:  76%|███████▌  | 96/126 [00:02<00:00, 48.09it/s][A2026-09-28 12:00:14.057 | INFO     | mineru.backend.hybrid.hybrid_analyze:aio_doc_analyze:1161 - Hybrid processing window 1/1: pages 1-10/10 (10 pages)
Layout Predict:   0%|          | 0/10 [00:00<?, ?it/s]
OCR-det:  82%|████████▏ | 103/126 [00:02<00:00, 47.65it/s][A
OCR-det:  88%|████████▊ | 111/126 [00:03<00:00, 48.75it/s][AINFO:     127.0.0.1:55908 - "GET /tasks/21c1673e-7df7-4332-ad56-f99285641329 HTTP/1.1" 200 OK
Layout Predict:  80%|████████  | 8/10 [00:00<00:00, 19.87it/s]
OCR-det:  97%|█████████▋| 122/126 [00:03<00:00, 56.67it/s][AOCR-det: 100%|██████████| 126/126 [00:03<00:00, 39.29it/s]

Processing pages:   0%|          | 0/10 [00:00<?, ?it/s][ALayout Predict: 100%|██████████| 10/10 [00:00<00:00, 16.94it/s]Layout Predict: 100%|██████████| 10/10 [00:00<00:00, 17.55it/s]

Processing pages:  10%|█         | 1/10 [00:00<00:01,  6.55it/s][A
Processing pages:  20%|██        | 2/10 [00:00<00:01,  6.40it/s][A
Processing pages:  30%|███       | 3/10 [00:00<00:01,  5.56it/s][A
Processing pages:  40%|████      | 4/10 [00:00<00:01,  5.51it/s][A
Processing pages:  50%|█████     | 5/10 [00:00<00:00,  5.98it/s][A
Processing pages:  60%|██████    | 6/10 [00:00<00:00,  6.22it/s][A
Processing pages:  70%|███████   | 7/10 [00:01<00:00,  6.56it/s][A
Processing pages:  80%|████████  | 8/10 [00:01<00:00,  6.80it/s][A
Processing pages:  90%|█████████ | 9/10 [00:01<00:00,  6.81it/s][A
Processing pages: 100%|██████████| 10/10 [00:01<00:00,  6.55it/s][AProcessing pages: 100%|██████████| 10/10 [00:01<00:00,  6.34it/s]
INFO:     127.0.0.1:49162 - "GET /tasks/0a95d1ed-3b55-4d1e-9f5d-cc2543a62c56 HTTP/1.1" 200 OK
INFO:     127.0.0.1:55908 - "GET /tasks/bd553bf4-2fce-4da7-afc9-3e4647231910 HTTP/1.1" 200 OK
Table orientation det:   0%|          | 0/6 [00:00<?, ?it/s]INFO:     127.0.0.1:55908 - "GET /tasks/21c1673e-7df7-4332-ad56-f99285641329 HTTP/1.1" 200 OK
Table orientation det:  17%|█▋        | 1/6 [00:00<00:02,  2.40it/s]Table orientation det:  50%|█████     | 3/6 [00:00<00:00,  6.28it/s]Table orientation score: 100%|██████████| 6/6 [00:00<00:00,  6.28it/s]Table orientation score: 100%|██████████| 6/6 [00:00<00:00,  6.28it/s]Table orientation: 100%|██████████| 6/6 [00:00<00:00,  6.28it/s]      Table orientation: 100%|██████████| 6/6 [00:00<00:00,  6.28it/s]Table orientation: 100%|██████████| 6/6 [00:00<00:00,  9.52it/s]
External Layout Extraction:   0%|          | 0/14 [00:00<?, ?it/s]External Layout Extraction:   7%|▋         | 1/14 [00:00<00:03,  4.28it/s]

External Layout Extraction: 100%|██████████| 14/14 [00:07<00:00,  1.33it/s][A[AExternal Layout Extraction: 100%|██████████| 14/14 [00:07<00:00,  1.76it/s]

MFR Predict:   0%|          | 0/37 [00:00<?, ?it/s][AExternal Layout Extraction:  43%|████▎     | 6/14 [00:00<00:00, 20.85it/s]External Layout Extraction:  64%|██████▍   | 9/14 [00:00<00:00, 16.93it/s]
MFR Predict:  86%|████████▋ | 32/37 [00:00<00:00, 82.41it/s][AExternal Layout Extraction:  86%|████████▌ | 12/14 [00:01<00:00,  8.10it/s]MFR Predict: 100%|██████████| 37/37 [00:00<00:00, 38.06it/s]

OCR-det:   0%|          | 0/133 [00:00<?, ?it/s][AINFO:     127.0.0.1:55908 - "GET /tasks/0a95d1ed-3b55-4d1e-9f5d-cc2543a62c56 HTTP/1.1" 200 OK
INFO:     127.0.0.1:49162 - "GET /tasks/bd553bf4-2fce-4da7-afc9-3e4647231910 HTTP/1.1" 200 OK
INFO:     127.0.0.1:55908 - "GET /tasks/0a95d1ed-3b55-4d1e-9f5d-cc2543a62c56/result HTTP/1.1" 200 OK
INFO:     127.0.0.1:55908 - "POST /tasks HTTP/1.1" 202 Accepted
INFO:     127.0.0.1:55908 - "GET /tasks/aefcaff8-0b67-4af4-b8a6-2632e7853391 HTTP/1.1" 200 OK
2026-09-28 12:00:18.605 | INFO     | mineru.utils.engine_utils:get_vlm_engine:34 - Using vllm-async-engine as the inference engine for VLM.

OCR-det:   8%|▊         | 10/133 [00:00<00:09, 12.75it/s][A
OCR-det:  10%|▉         | 13/133 [00:00<00:07, 15.08it/s][A2026-09-28 12:00:19.157 | INFO     | mineru.backend.hybrid.hybrid_analyze:aio_doc_analyze:1139 - Hybrid processing-window run. page_count=10, window_size=64, total_windows=1
2026-09-28 12:00:19.157 | INFO     | mineru.backend.hybrid.hybrid_analyze:get_batch_ratio:875 - hybrid batch ratio (auto, vram=40GB): 16
INFO:     127.0.0.1:55908 - "GET /tasks/21c1673e-7df7-4332-ad56-f99285641329 HTTP/1.1" 200 OK
External Layout Extraction: 100%|██████████| 14/14 [00:02<00:00,  4.31it/s]External Layout Extraction: 100%|██████████| 14/14 [00:02<00:00,  6.05it/s]
MFR Predict:   0%|          | 0/37 [00:00<?, ?it/s]
OCR-det:  12%|█▏        | 16/133 [00:01<00:07, 14.84it/s][A
OCR-det:  18%|█▊        | 24/133 [00:01<00:04, 26.18it/s][A
OCR-det:  26%|██▋       | 35/133 [00:01<00:02, 40.68it/s][A
OCR-det:  37%|███▋      | 49/133 [00:01<00:01, 58.38it/s][A
OCR-det:  43%|████▎     | 57/133 [00:01<00:01, 52.86it/s][A2026-09-28 12:00:19.985 | INFO     | mineru.backend.hybrid.hybrid_analyze:aio_doc_analyze:1161 - Hybrid processing window 1/1: pages 1-10/10 (10 pages)


Layout Predict:   0%|          | 0/10 [00:00<?, ?it/s][A[A
OCR-det:  53%|█████▎    | 70/133 [00:01<00:01, 62.67it/s][AMFR Predict:  86%|████████▋ | 32/37 [00:00<00:00, 38.26it/s]
OCR-det:  62%|██████▏   | 82/133 [00:01<00:00, 67.35it/s][AINFO:     127.0.0.1:55908 - "GET /tasks/bd553bf4-2fce-4da7-afc9-3e4647231910 HTTP/1.1" 200 OK

OCR-det:  71%|███████▏  | 95/133 [00:02<00:00, 71.32it/s][A

Layout Predict:  80%|████████  | 8/10 [00:00<00:00, 24.01it/s][A[ALayout Predict: 100%|██████████| 10/10 [00:00<00:00, 20.78it/s]


Table orientation det:   0%|          | 0/4 [00:00<?, ?it/s][A[A
OCR-det:  78%|███████▊  | 104/133 [00:02<00:00, 64.91it/s][AINFO:     127.0.0.1:55908 - "GET /tasks/aefcaff8-0b67-4af4-b8a6-2632e7853391 HTTP/1.1" 200 OK


Table orientation det:  50%|█████     | 2/4 [00:00<00:00, 17.97it/s][A[A

Table orientation score: 100%|██████████| 4/4 [00:00<00:00, 17.97it/s][A[A

Table orientation score: 100%|██████████| 4/4 [00:00<00:00, 17.97it/s][A[A

Table orientation: 100%|██████████| 4/4 [00:00<00:00, 17.97it/s]      [A[A

Table orientation: 100%|██████████| 4/4 [00:00<00:00, 17.97it/s][A[ATable orientation: 100%|██████████| 4/4 [00:00<00:00, 20.00it/s]


External Layout Extraction:   0%|          | 0/7 [00:00<?, ?it/s][A[A
OCR-det:  83%|████████▎ | 111/133 [00:02<00:00, 53.75it/s][A
OCR-det:  88%|████████▊ | 117/133 [00:02<00:00, 48.44it/s][A

External Layout Extraction:  14%|█▍        | 1/7 [00:00<00:01,  3.30it/s][A[A
OCR-det:  95%|█████████▍| 126/133 [00:02<00:00, 52.88it/s][AOCR-det: 100%|██████████| 133/133 [00:02<00:00, 45.97it/s]

Processing pages:   0%|          | 0/10 [00:00<?, ?it/s][AMFR Predict: 100%|██████████| 37/37 [00:01<00:00, 16.27it/s]MFR Predict: 100%|██████████| 37/37 [00:01<00:00, 19.12it/s]
OCR-det:   0%|          | 0/148 [00:00<?, ?it/s]
Processing pages:  10%|█         | 1/10 [00:00<00:01,  6.29it/s][A
Processing pages:  20%|██        | 2/10 [00:00<00:01,  6.44it/s][A
Processing pages:  30%|███       | 3/10 [00:00<00:01,  6.65it/s][A
Processing pages:  40%|████      | 4/10 [00:00<00:00,  6.57it/s][A
Processing pages:  50%|█████     | 5/10 [00:00<00:00,  6.85it/s][A
Processing pages:  60%|██████    | 6/10 [00:00<00:00,  6.99it/s][AOCR-det:   1%|▏         | 2/148 [00:00<01:11,  2.03it/s]
Processing pages:  80%|████████  | 8/10 [00:01<00:00,  7.51it/s][AOCR-det:   3%|▎         | 4/148 [00:01<00:33,  4.28it/s]
Processing pages:  90%|█████████ | 9/10 [00:01<00:00,  6.90it/s][AOCR-det:  10%|█         | 15/148 [00:01<00:07, 18.32it/s]
Processing pages: 100%|██████████| 10/10 [00:01<00:00,  6.32it/s][AProcessing pages: 100%|██████████| 10/10 [00:01<00:00,  6.66it/s]

OCR-rec Predict:   0%|          | 0/1 [00:00<?, ?it/s][AINFO:     127.0.0.1:49162 - "GET /tasks/bd553bf4-2fce-4da7-afc9-3e4647231910 HTTP/1.1" 200 OK
INFO:     127.0.0.1:55908 - "GET /tasks/21c1673e-7df7-4332-ad56-f99285641329 HTTP/1.1" 200 OK


External Layout Extraction: 100%|██████████| 7/7 [00:02<00:00,  3.47it/s][A[AExternal Layout Extraction: 100%|██████████| 7/7 [00:02<00:00,  3.47it/s]
INFO:     127.0.0.1:60242 - "GET /tasks/aefcaff8-0b67-4af4-b8a6-2632e7853391 HTTP/1.1" 200 OK
OCR-det:  17%|█▋        | 25/148 [00:01<00:04, 25.19it/s]

MFR Predict:   0%|          | 0/53 [00:00<?, ?it/s][A[A
OCR-rec Predict: 100%|██████████| 1/1 [00:00<00:00,  8.53it/s][AOCR-rec Predict: 100%|██████████| 1/1 [00:00<00:00,  8.52it/s]
OCR-det:  21%|██        | 31/148 [00:02<00:06, 18.33it/s]OCR-det:  34%|███▍      | 50/148 [00:02<00:02, 38.41it/s]

MFR Predict:  60%|██████    | 32/53 [00:00<00:00, 42.63it/s][A[AOCR-det:  41%|████      | 60/148 [00:02<00:02, 42.20it/s]OCR-det:  46%|████▌     | 68/148 [00:02<00:01, 44.83it/s]OCR-det:  53%|█████▎    | 79/148 [00:02<00:01, 55.69it/s]OCR-det:  61%|██████▏   | 91/148 [00:02<00:00, 64.04it/s]OCR-det:  72%|███████▏  | 106/148 [00:02<00:00, 80.91it/s]OCR-det:  84%|████████▍ | 125/148 [00:02<00:00, 104.38it/s]OCR-det:  97%|█████████▋| 143/148 [00:03<00:00, 89.21it/s] OCR-det: 100%|██████████| 148/148 [00:03<00:00, 44.97it/s]
Processing pages:   0%|          | 0/10 [00:00<?, ?it/s]

MFR Predict: 100%|██████████| 53/53 [00:01<00:00, 27.09it/s][A[AMFR Predict: 100%|██████████| 53/53 [00:01<00:00, 29.00it/s]

OCR-det:   0%|          | 0/146 [00:00<?, ?it/s][AProcessing pages:  10%|█         | 1/10 [00:00<00:01,  6.59it/s]Processing pages:  20%|██        | 2/10 [00:00<00:01,  6.52it/s]Processing pages:  30%|███       | 3/10 [00:00<00:01,  6.72it/s]Processing pages:  40%|████      | 4/10 [00:00<00:00,  7.12it/s]Processing pages:  50%|█████     | 5/10 [00:00<00:00,  7.02it/s]Processing pages:  60%|██████    | 6/10 [00:00<00:00,  6.87it/s]Processing pages:  70%|███████   | 7/10 [00:01<00:00,  6.86it/s]
OCR-det:   1%|          | 1/146 [00:01<02:28,  1.03s/it][AProcessing pages:  80%|████████  | 8/10 [00:01<00:00,  6.75it/s]
OCR-det:   3%|▎         | 4/146 [00:01<00:31,  4.47it/s][AProcessing pages:  90%|█████████ | 9/10 [00:01<00:00,  6.39it/s]
OCR-det:  10%|▉         | 14/146 [00:01<00:08, 16.22it/s][AProcessing pages: 100%|██████████| 10/10 [00:01<00:00,  5.97it/s]Processing pages: 100%|██████████| 10/10 [00:01<00:00,  6.49it/s]
INFO:     127.0.0.1:60242 - "GET /tasks/aefcaff8-0b67-4af4-b8a6-2632e7853391 HTTP/1.1" 200 OK
INFO:     127.0.0.1:49162 - "GET /tasks/21c1673e-7df7-4332-ad56-f99285641329 HTTP/1.1" 200 OK
INFO:     127.0.0.1:55908 - "GET /tasks/bd553bf4-2fce-4da7-afc9-3e4647231910 HTTP/1.1" 200 OK

OCR-det:  17%|█▋        | 25/146 [00:01<00:06, 18.04it/s][AINFO:     127.0.0.1:55908 - "GET /tasks/bd553bf4-2fce-4da7-afc9-3e4647231910/result HTTP/1.1" 200 OK

OCR-det:  29%|██▉       | 42/146 [00:02<00:03, 34.40it/s][AINFO:     127.0.0.1:55908 - "POST /tasks HTTP/1.1" 202 Accepted
INFO:     127.0.0.1:55908 - "GET /tasks/3acaf371-e5ed-477f-bb91-341b9a1f2f5e HTTP/1.1" 200 OK

OCR-det:  34%|███▍      | 50/146 [00:02<00:02, 34.78it/s][A2026-09-28 12:00:26.906 | INFO     | mineru.utils.engine_utils:get_vlm_engine:34 - Using vllm-async-engine as the inference engine for VLM.

OCR-det:  38%|███▊      | 56/146 [00:02<00:02, 34.34it/s][A
OCR-det:  53%|█████▎    | 78/146 [00:02<00:01, 58.74it/s][A
OCR-det:  60%|█████▉    | 87/146 [00:02<00:00, 61.92it/s][A
OCR-det:  66%|██████▌   | 96/146 [00:02<00:00, 63.37it/s][A
OCR-det:  71%|███████   | 104/146 [00:02<00:00, 59.23it/s][A2026-09-28 12:00:27.622 | INFO     | mineru.backend.hybrid.hybrid_analyze:aio_doc_analyze:1139 - Hybrid processing-window run. page_count=10, window_size=64, total_windows=1
2026-09-28 12:00:27.622 | INFO     | mineru.backend.hybrid.hybrid_analyze:get_batch_ratio:875 - hybrid batch ratio (auto, vram=40GB): 16

OCR-det:  79%|███████▉  | 116/146 [00:03<00:00, 70.24it/s][A
OCR-det:  94%|█████████▍| 137/146 [00:03<00:00, 97.54it/s][AOCR-det: 100%|██████████| 146/146 [00:03<00:00, 44.12it/s]
Processing pages:   0%|          | 0/10 [00:00<?, ?it/s]Processing pages:  10%|█         | 1/10 [00:00<00:01,  7.20it/s]Processing pages:  20%|██        | 2/10 [00:00<00:01,  6.61it/s]Processing pages:  30%|███       | 3/10 [00:00<00:01,  4.41it/s]Processing pages:  40%|████      | 4/10 [00:00<00:01,  4.45it/s]Processing pages:  50%|█████     | 5/10 [00:00<00:00,  5.04it/s]Processing pages:  60%|██████    | 6/10 [00:01<00:00,  5.60it/s]Processing pages:  70%|███████   | 7/10 [00:01<00:00,  6.26it/s]Processing pages:  80%|████████  | 8/10 [00:01<00:00,  6.54it/s]Processing pages:  90%|█████████ | 9/10 [00:01<00:00,  6.94it/s]Processing pages: 100%|██████████| 10/10 [00:01<00:00,  6.72it/s]Processing pages: 100%|██████████| 10/10 [00:01<00:00,  5.97it/s]
2026-09-28 12:00:29.677 | INFO     | mineru.backend.hybrid.hybrid_analyze:aio_doc_analyze:1161 - Hybrid processing window 1/1: pages 1-10/10 (10 pages)
Layout Predict:   0%|          | 0/10 [00:00<?, ?it/s]INFO:     127.0.0.1:60242 - "GET /tasks/3acaf371-e5ed-477f-bb91-341b9a1f2f5e HTTP/1.1" 200 OK
INFO:     127.0.0.1:55908 - "GET /tasks/aefcaff8-0b67-4af4-b8a6-2632e7853391 HTTP/1.1" 200 OK
INFO:     127.0.0.1:49162 - "GET /tasks/21c1673e-7df7-4332-ad56-f99285641329 HTTP/1.1" 200 OK
INFO:     127.0.0.1:55908 - "GET /tasks/21c1673e-7df7-4332-ad56-f99285641329/result HTTP/1.1" 200 OK
Layout Predict:  80%|████████  | 8/10 [00:00<00:00, 12.89it/s]INFO:     127.0.0.1:55908 - "POST /tasks HTTP/1.1" 202 Accepted
INFO:     127.0.0.1:55908 - "GET /tasks/1d396d67-6a41-41ee-9272-b5c1fb9cc28e HTTP/1.1" 200 OK
2026-09-28 12:00:30.468 | INFO     | mineru.utils.engine_utils:get_vlm_engine:34 - Using vllm-async-engine as the inference engine for VLM.
Layout Predict: 100%|██████████| 10/10 [00:00<00:00, 11.80it/s]Layout Predict: 100%|██████████| 10/10 [00:00<00:00, 12.04it/s]
2026-09-28 12:00:30.992 | INFO     | mineru.backend.hybrid.hybrid_analyze:aio_doc_analyze:1139 - Hybrid processing-window run. page_count=10, window_size=64, total_windows=1
2026-09-28 12:00:30.993 | INFO     | mineru.backend.hybrid.hybrid_analyze:get_batch_ratio:875 - hybrid batch ratio (auto, vram=40GB): 16
Table orientation det:   0%|          | 0/4 [00:00<?, ?it/s]Table orientation det:  75%|███████▌  | 3/4 [00:00<00:00, 28.32it/s]Table orientation score: 100%|██████████| 4/4 [00:00<00:00, 28.32it/s]Table orientation score: 100%|██████████| 4/4 [00:00<00:00, 28.32it/s]Table orientation: 100%|██████████| 4/4 [00:00<00:00, 28.32it/s]      Table orientation: 100%|██████████| 4/4 [00:00<00:00, 28.32it/s]Table orientation: 100%|██████████| 4/4 [00:00<00:00, 28.12it/s]
External Layout Extraction:   0%|          | 0/46 [00:00<?, ?it/s]External Layout Extraction:  15%|█▌        | 7/46 [00:00<00:01, 24.31it/s]External Layout Extraction:  59%|█████▊    | 27/46 [00:00<00:00, 82.02it/s]External Layout Extraction:  89%|████████▉ | 41/46 [00:00<00:00, 97.01it/s]INFO:     127.0.0.1:55908 - "GET /tasks/3acaf371-e5ed-477f-bb91-341b9a1f2f5e HTTP/1.1" 200 OK
INFO:     127.0.0.1:49162 - "GET /tasks/aefcaff8-0b67-4af4-b8a6-2632e7853391 HTTP/1.1" 200 OK
INFO:     127.0.0.1:55908 - "GET /tasks/aefcaff8-0b67-4af4-b8a6-2632e7853391/result HTTP/1.1" 200 OK
INFO:     127.0.0.1:55908 - "POST /tasks HTTP/1.1" 202 Accepted
INFO:     127.0.0.1:55908 - "GET /tasks/2e56d5fa-33a5-4c6e-9a2f-af19a382d654 HTTP/1.1" 200 OK
2026-09-28 12:00:32.051 | INFO     | mineru.utils.engine_utils:get_vlm_engine:34 - Using vllm-async-engine as the inference engine for VLM.
2026-09-28 12:00:32.629 | INFO     | mineru.backend.hybrid.hybrid_analyze:aio_doc_analyze:1139 - Hybrid processing-window run. page_count=10, window_size=64, total_windows=1
2026-09-28 12:00:32.629 | INFO     | mineru.backend.hybrid.hybrid_analyze:get_batch_ratio:875 - hybrid batch ratio (auto, vram=40GB): 16
2026-09-28 12:00:32.637 | INFO     | mineru.backend.hybrid.hybrid_analyze:aio_doc_analyze:1161 - Hybrid processing window 1/1: pages 1-10/10 (10 pages)
INFO:     127.0.0.1:55908 - "GET /tasks/1d396d67-6a41-41ee-9272-b5c1fb9cc28e HTTP/1.1" 200 OK

Layout Predict:   0%|          | 0/10 [00:00<?, ?it/s][A
Layout Predict:  80%|████████  | 8/10 [00:00<00:00, 26.78it/s][ALayout Predict: 100%|██████████| 10/10 [00:00<00:00, 24.52it/s]

Table orientation det:   0%|          | 0/3 [00:00<?, ?it/s][A
Table orientation det: 100%|██████████| 3/3 [00:00<00:00, 19.51it/s][A
Table orientation score: 100%|██████████| 3/3 [00:00<00:00, 19.51it/s][A
Table orientation score: 100%|██████████| 3/3 [00:00<00:00, 19.51it/s][A
Table orientation: 100%|██████████| 3/3 [00:00<00:00, 19.51it/s]      [A
Table orientation: 100%|██████████| 3/3 [00:00<00:00, 19.51it/s][ATable orientation: 100%|██████████| 3/3 [00:00<00:00, 19.24it/s]

External Layout Extraction:   0%|          | 0/3 [00:00<?, ?it/s][AExternal Layout Extraction: 100%|██████████| 46/46 [00:02<00:00, 20.99it/s]
MFR Predict:   0%|          | 0/64 [00:00<?, ?it/s]2026-09-28 12:00:33.481 | INFO     | mineru.backend.hybrid.hybrid_analyze:aio_doc_analyze:1161 - Hybrid processing window 1/1: pages 1-10/10 (10 pages)


Layout Predict:   0%|          | 0/10 [00:00<?, ?it/s][A[AINFO:     127.0.0.1:55908 - "GET /tasks/3acaf371-e5ed-477f-bb91-341b9a1f2f5e HTTP/1.1" 200 OK

External Layout Extraction:  33%|███▎      | 1/3 [00:00<00:01,  1.53it/s][AMFR Predict:  50%|█████     | 32/64 [00:00<00:00, 67.40it/s]

Layout Predict:  80%|████████  | 8/10 [00:00<00:00, 19.43it/s][A[AINFO:     127.0.0.1:55908 - "GET /tasks/2e56d5fa-33a5-4c6e-9a2f-af19a382d654 HTTP/1.1" 200 OK

External Layout Extraction: 100%|██████████| 3/3 [00:00<00:00,  3.43it/s][AExternal Layout Extraction: 100%|██████████| 3/3 [00:00<00:00,  3.05it/s]


Layout Predict: 100%|██████████| 10/10 [00:00<00:00, 12.55it/s][A[ALayout Predict: 100%|██████████| 10/10 [00:00<00:00, 13.71it/s]

Table orientation det:   0%|          | 0/4 [00:00<?, ?it/s][A

MFR Predict:   0%|          | 0/2 [00:00<?, ?it/s][A[A
Table orientation det:  50%|█████     | 2/4 [00:00<00:00, 14.60it/s][A

MFR Predict:  50%|█████     | 1/2 [00:00<00:00,  4.21it/s][A[A
Table orientation det: 100%|██████████| 4/4 [00:00<00:00, 13.99it/s][A
Table orientation score: 100%|██████████| 4/4 [00:00<00:00, 13.99it/s][A
Table orientation score: 100%|██████████| 4/4 [00:00<00:00, 13.99it/s][A
Table orientation: 100%|██████████| 4/4 [00:00<00:00, 13.99it/s]      [A
Table orientation: 100%|██████████| 4/4 [00:00<00:00, 13.99it/s][ATable orientation: 100%|██████████| 4/4 [00:00<00:00, 14.02it/s]

External Layout Extraction:   0%|          | 0/4 [00:00<?, ?it/s][AINFO:     127.0.0.1:55908 - "GET /tasks/1d396d67-6a41-41ee-9272-b5c1fb9cc28e HTTP/1.1" 200 OK


MFR Predict: 100%|██████████| 2/2 [00:00<00:00,  2.40it/s][A[AMFR Predict: 100%|██████████| 2/2 [00:00<00:00,  2.56it/s]


OCR-det:   0%|          | 0/151 [00:00<?, ?it/s][A[AMFR Predict: 100%|██████████| 64/64 [00:02<00:00, 28.15it/s]MFR Predict: 100%|██████████| 64/64 [00:02<00:00, 30.83it/s]
OCR-det:   0%|          | 0/142 [00:00<?, ?it/s]
External Layout Extraction:  25%|██▌       | 1/4 [00:01<00:03,  1.08s/it][AINFO:     127.0.0.1:55908 - "GET /tasks/3acaf371-e5ed-477f-bb91-341b9a1f2f5e HTTP/1.1" 200 OK


OCR-det:   1%|          | 1/151 [00:00<01:43,  1.46it/s][A[A

OCR-det:   9%|▊         | 13/151 [00:00<00:06, 21.09it/s][A[AINFO:     127.0.0.1:55908 - "GET /tasks/2e56d5fa-33a5-4c6e-9a2f-af19a382d654 HTTP/1.1" 200 OK


OCR-det:  21%|██        | 32/151 [00:00<00:02, 48.21it/s][A[AOCR-det:   1%|          | 1/142 [00:00<01:23,  1.68it/s]

OCR-det:  35%|███▌      | 53/151 [00:01<00:01, 77.92it/s][A[AOCR-det:   2%|▏         | 3/142 [00:00<00:27,  5.04it/s]

OCR-det:  44%|████▍     | 67/151 [00:01<00:01, 77.27it/s][A[AOCR-det:   6%|▋         | 9/142 [00:00<00:08, 16.02it/s]OCR-det:  11%|█         | 15/142 [00:00<00:05, 24.73it/s]

OCR-det:  52%|█████▏    | 79/151 [00:01<00:00, 80.80it/s][A[A
External Layout Extraction:  50%|█████     | 2/4 [00:02<00:02,  1.01s/it][AOCR-det:  22%|██▏       | 31/142 [00:01<00:02, 55.39it/s]

OCR-det:  60%|█████▉    | 90/151 [00:01<00:00, 85.63it/s][A[AINFO:     127.0.0.1:55908 - "GET /tasks/1d396d67-6a41-41ee-9272-b5c1fb9cc28e HTTP/1.1" 200 OK


OCR-det:  68%|██████▊   | 103/151 [00:01<00:00, 93.12it/s][A[AOCR-det:  28%|██▊       | 40/142 [00:01<00:01, 56.54it/s]

OCR-det:  80%|████████  | 121/151 [00:01<00:00, 101.78it/s][A[AOCR-det:  37%|███▋      | 53/142 [00:01<00:01, 68.37it/s]OCR-det:  54%|█████▍    | 77/142 [00:01<00:00, 98.26it/s]

OCR-det:  88%|████████▊ | 133/151 [00:01<00:00, 88.13it/s] [A[AOCR-det:  62%|██████▏   | 88/142 [00:01<00:00, 86.97it/s]

OCR-det:  95%|█████████▍| 143/151 [00:02<00:00, 72.18it/s][A[AOCR-det:  70%|███████   | 100/142 [00:01<00:00, 92.51it/s]OCR-det: 100%|██████████| 151/151 [00:02<00:00, 65.20it/s]


Processing pages:   0%|          | 0/10 [00:00<?, ?it/s][A[AOCR-det:  78%|███████▊  | 111/142 [00:01<00:00, 82.68it/s]

Processing pages:  10%|█         | 1/10 [00:00<00:01,  6.36it/s][A[AOCR-det:  85%|████████▍ | 120/142 [00:02<00:00, 66.76it/s]

Processing pages:  20%|██        | 2/10 [00:00<00:01,  5.92it/s][A[AOCR-det:  90%|█████████ | 128/142 [00:02<00:00, 57.49it/s]

Processing pages:  30%|███       | 3/10 [00:00<00:01,  5.71it/s][A[A

Processing pages:  40%|████      | 4/10 [00:00<00:00,  6.03it/s][A[AOCR-det:  97%|█████████▋| 138/142 [00:02<00:00, 49.47it/s]

Processing pages:  50%|█████     | 5/10 [00:00<00:00,  6.40it/s][A[AOCR-det: 100%|██████████| 142/142 [00:02<00:00, 51.40it/s]


Processing pages:  60%|██████    | 6/10 [00:00<00:00,  5.95it/s][A[A

Processing pages:  70%|███████   | 7/10 [00:01<00:00,  6.36it/s][A[A

Processing pages:  80%|████████  | 8/10 [00:01<00:00,  6.41it/s][A[A

Processing pages:  90%|█████████ | 9/10 [00:01<00:00,  6.48it/s][A[A

Processing pages: 100%|██████████| 10/10 [00:01<00:00,  6.51it/s][A[AProcessing pages: 100%|██████████| 10/10 [00:01<00:00,  6.29it/s]
OCR-rec Predict:   0%|          | 0/1 [00:00<?, ?it/s]INFO:     127.0.0.1:55908 - "GET /tasks/3acaf371-e5ed-477f-bb91-341b9a1f2f5e HTTP/1.1" 200 OK


Processing pages:   0%|          | 0/10 [00:00<?, ?it/s][A[AINFO:     127.0.0.1:49870 - "GET /tasks/2e56d5fa-33a5-4c6e-9a2f-af19a382d654 HTTP/1.1" 200 OK
OCR-rec Predict: 100%|██████████| 1/1 [00:00<00:00, 38.01it/s]


Processing pages:  10%|█         | 1/10 [00:00<00:01,  7.60it/s][A[A

Processing pages:  20%|██        | 2/10 [00:00<00:02,  3.27it/s][A[A

Processing pages:  30%|███       | 3/10 [00:00<00:01,  4.53it/s][A[A

Processing pages:  40%|████      | 4/10 [00:00<00:01,  5.18it/s][A[A

Processing pages:  50%|█████     | 5/10 [00:00<00:00,  5.86it/s][A[A

Processing pages:  60%|██████    | 6/10 [00:01<00:00,  6.36it/s][A[A

Processing pages:  70%|███████   | 7/10 [00:01<00:00,  6.72it/s][A[A

Processing pages:  80%|████████  | 8/10 [00:01<00:00,  7.27it/s][A[A

Processing pages:  90%|█████████ | 9/10 [00:01<00:00,  6.91it/s][A[A

Processing pages: 100%|██████████| 10/10 [00:01<00:00,  7.31it/s][A[AProcessing pages: 100%|██████████| 10/10 [00:01<00:00,  6.19it/s]
OCR-rec Predict:   0%|          | 0/2 [00:00<?, ?it/s]
External Layout Extraction: 100%|██████████| 4/4 [00:06<00:00,  1.66s/it][AExternal Layout Extraction: 100%|██████████| 4/4 [00:06<00:00,  1.54s/it]
INFO:     127.0.0.1:49876 - "GET /tasks/1d396d67-6a41-41ee-9272-b5c1fb9cc28e HTTP/1.1" 200 OK
INFO:     127.0.0.1:49870 - "GET /tasks/2e56d5fa-33a5-4c6e-9a2f-af19a382d654 HTTP/1.1" 200 OK
INFO:     127.0.0.1:55908 - "GET /tasks/3acaf371-e5ed-477f-bb91-341b9a1f2f5e HTTP/1.1" 200 OK
OCR-rec Predict: 100%|██████████| 2/2 [00:00<00:00,  4.76it/s]OCR-rec Predict: 100%|██████████| 2/2 [00:00<00:00,  4.72it/s]
OCR-det:   0%|          | 0/147 [00:00<?, ?it/s]OCR-det:   3%|▎         | 4/147 [00:00<00:20,  6.95it/s]OCR-det:   4%|▍         | 6/147 [00:00<00:15,  9.23it/s]OCR-det:  10%|▉         | 14/147 [00:00<00:05, 23.81it/s]OCR-det:  16%|█▋        | 24/147 [00:00<00:03, 40.45it/s]OCR-det:  30%|██▉       | 44/147 [00:01<00:01, 77.91it/s]OCR-det:  46%|████▌     | 67/147 [00:01<00:00, 111.27it/s]INFO:     127.0.0.1:55908 - "GET /tasks/1d396d67-6a41-41ee-9272-b5c1fb9cc28e HTTP/1.1" 200 OK
INFO:     127.0.0.1:55908 - "GET /tasks/1d396d67-6a41-41ee-9272-b5c1fb9cc28e/result HTTP/1.1" 200 OK
OCR-det:  56%|█████▌    | 82/147 [00:01<00:00, 113.88it/s]INFO:     127.0.0.1:55908 - "POST /tasks HTTP/1.1" 202 Accepted
INFO:     127.0.0.1:55908 - "GET /tasks/d816be6d-277d-4301-8298-c04f1970db14 HTTP/1.1" 200 OK
2026-09-28 12:00:42.982 | INFO     | mineru.utils.engine_utils:get_vlm_engine:34 - Using vllm-async-engine as the inference engine for VLM.
OCR-det:  65%|██████▌   | 96/147 [00:01<00:00, 93.28it/s] OCR-det:  76%|███████▌  | 111/147 [00:01<00:00, 91.63it/s]OCR-det:  83%|████████▎ | 122/147 [00:01<00:00, 87.59it/s]OCR-det:  90%|████████▉ | 132/147 [00:01<00:00, 74.53it/s]2026-09-28 12:00:43.653 | INFO     | mineru.backend.hybrid.hybrid_analyze:aio_doc_analyze:1139 - Hybrid processing-window run. page_count=10, window_size=64, total_windows=1
2026-09-28 12:00:43.654 | INFO     | mineru.backend.hybrid.hybrid_analyze:get_batch_ratio:875 - hybrid batch ratio (auto, vram=40GB): 16
INFO:     127.0.0.1:49870 - "GET /tasks/3acaf371-e5ed-477f-bb91-341b9a1f2f5e HTTP/1.1" 200 OK
INFO:     127.0.0.1:55908 - "GET /tasks/2e56d5fa-33a5-4c6e-9a2f-af19a382d654 HTTP/1.1" 200 OK
INFO:     127.0.0.1:49870 - "GET /tasks/3acaf371-e5ed-477f-bb91-341b9a1f2f5e/result HTTP/1.1" 200 OK
OCR-det:  96%|█████████▌| 141/147 [00:02<00:00, 57.60it/s]OCR-det: 100%|██████████| 147/147 [00:02<00:00, 63.73it/s]
Processing pages:   0%|          | 0/10 [00:00<?, ?it/s]Processing pages:  10%|█         | 1/10 [00:00<00:01,  7.65it/s]Processing pages:  20%|██        | 2/10 [00:00<00:01,  7.25it/s]Processing pages:  30%|███       | 3/10 [00:00<00:01,  4.55it/s]Processing pages:  40%|████      | 4/10 [00:00<00:01,  5.36it/s]Processing pages:  50%|█████     | 5/10 [00:00<00:00,  5.81it/s]Processing pages:  60%|██████    | 6/10 [00:01<00:00,  6.06it/s]Processing pages:  70%|███████   | 7/10 [00:01<00:00,  6.66it/s]Processing pages:  80%|████████  | 8/10 [00:01<00:00,  6.62it/s]Processing pages: 100%|██████████| 10/10 [00:01<00:00,  7.58it/s]Processing pages: 100%|██████████| 10/10 [00:01<00:00,  6.58it/s]
2026-09-28 12:00:45.396 | INFO     | mineru.backend.hybrid.hybrid_analyze:aio_doc_analyze:1161 - Hybrid processing window 1/1: pages 1-10/10 (10 pages)
INFO:     127.0.0.1:49870 - "GET /tasks/d816be6d-277d-4301-8298-c04f1970db14 HTTP/1.1" 200 OK
Layout Predict:   0%|          | 0/10 [00:00<?, ?it/s]INFO:     127.0.0.1:49870 - "GET /tasks/2e56d5fa-33a5-4c6e-9a2f-af19a382d654 HTTP/1.1" 200 OK
INFO:     127.0.0.1:55908 - "POST /tasks HTTP/1.1" 202 Accepted
INFO:     127.0.0.1:55908 - "GET /tasks/32cfbdd3-20c0-4e18-8160-5e76347b8596 HTTP/1.1" 200 OK
2026-09-28 12:00:45.931 | INFO     | mineru.utils.engine_utils:get_vlm_engine:34 - Using vllm-async-engine as the inference engine for VLM.
Layout Predict:  80%|████████  | 8/10 [00:00<00:00,  9.98it/s]Layout Predict: 100%|██████████| 10/10 [00:00<00:00, 10.88it/s]Layout Predict: 100%|██████████| 10/10 [00:00<00:00, 10.64it/s]
2026-09-28 12:00:46.584 | INFO     | mineru.backend.hybrid.hybrid_analyze:aio_doc_analyze:1139 - Hybrid processing-window run. page_count=10, window_size=64, total_windows=1
2026-09-28 12:00:46.584 | INFO     | mineru.backend.hybrid.hybrid_analyze:get_batch_ratio:875 - hybrid batch ratio (auto, vram=40GB): 16
INFO:     127.0.0.1:49870 - "GET /tasks/2e56d5fa-33a5-4c6e-9a2f-af19a382d654/result HTTP/1.1" 200 OK
Table orientation det:   0%|          | 0/10 [00:00<?, ?it/s]Table orientation det:  30%|███       | 3/10 [00:00<00:00, 16.81it/s]INFO:     127.0.0.1:55908 - "POST /tasks HTTP/1.1" 202 Accepted
INFO:     127.0.0.1:55908 - "GET /tasks/d6e5b990-d5f9-471f-bd38-5db422087c4e HTTP/1.1" 200 OK
2026-09-28 12:00:47.016 | INFO     | mineru.utils.engine_utils:get_vlm_engine:34 - Using vllm-async-engine as the inference engine for VLM.
Table orientation det:  50%|█████     | 5/10 [00:00<00:00,  9.17it/s]Table orientation det:  70%|███████   | 7/10 [00:00<00:00, 10.74it/s]Table orientation det: 100%|██████████| 10/10 [00:00<00:00, 15.10it/s]Table orientation score: 100%|██████████| 10/10 [00:00<00:00, 15.10it/s]Table orientation score: 100%|██████████| 10/10 [00:00<00:00, 15.10it/s]Table orientation: 100%|██████████| 10/10 [00:00<00:00, 15.10it/s]      Table orientation: 100%|██████████| 10/10 [00:00<00:00, 15.10it/s]Table orientation: 100%|██████████| 10/10 [00:00<00:00, 13.34it/s]
2026-09-28 12:00:47.886 | INFO     | mineru.backend.hybrid.hybrid_analyze:aio_doc_analyze:1139 - Hybrid processing-window run. page_count=10, window_size=64, total_windows=1
2026-09-28 12:00:47.886 | INFO     | mineru.backend.hybrid.hybrid_analyze:get_batch_ratio:875 - hybrid batch ratio (auto, vram=40GB): 16
INFO:     127.0.0.1:49870 - "GET /tasks/32cfbdd3-20c0-4e18-8160-5e76347b8596 HTTP/1.1" 200 OK
2026-09-28 12:00:47.890 | INFO     | mineru.backend.hybrid.hybrid_analyze:aio_doc_analyze:1161 - Hybrid processing window 1/1: pages 1-10/10 (10 pages)
INFO:     127.0.0.1:55908 - "GET /tasks/d816be6d-277d-4301-8298-c04f1970db14 HTTP/1.1" 200 OK
Layout Predict:   0%|          | 0/10 [00:00<?, ?it/s]
External Layout Extraction:   0%|          | 0/10 [00:00<?, ?it/s][ALayout Predict:  80%|████████  | 8/10 [00:00<00:00, 20.68it/s]Layout Predict: 100%|██████████| 10/10 [00:00<00:00, 19.76it/s]
Table orientation det:   0%|          | 0/3 [00:00<?, ?it/s]Table orientation det:  67%|██████▋   | 2/3 [00:00<00:00, 13.68it/s]
External Layout Extraction:  10%|█         | 1/10 [00:00<00:06,  1.46it/s][ATable orientation score: 100%|██████████| 3/3 [00:00<00:00, 13.68it/s]Table orientation score: 100%|██████████| 3/3 [00:00<00:00, 13.68it/s]Table orientation: 100%|██████████| 3/3 [00:00<00:00, 13.68it/s]      Table orientation: 100%|██████████| 3/3 [00:00<00:00, 13.68it/s]Table orientation: 100%|██████████| 3/3 [00:00<00:00, 10.95it/s]
External Layout Extraction:   0%|          | 0/3 [00:00<?, ?it/s]2026-09-28 12:00:48.728 | INFO     | mineru.backend.hybrid.hybrid_analyze:aio_doc_analyze:1161 - Hybrid processing window 1/1: pages 1-10/10 (10 pages)


Layout Predict:   0%|          | 0/10 [00:00<?, ?it/s][A[A
External Layout Extraction:  40%|████      | 4/10 [00:00<00:01,  5.32it/s][AINFO:     127.0.0.1:55908 - "GET /tasks/d6e5b990-d5f9-471f-bd38-5db422087c4e HTTP/1.1" 200 OK

External Layout Extraction:  60%|██████    | 6/10 [00:01<00:00,  6.96it/s][A

Layout Predict:  80%|████████  | 8/10 [00:00<00:00, 25.78it/s][A[ALayout Predict: 100%|██████████| 10/10 [00:00<00:00, 23.87it/s]


Table orientation det:   0%|          | 0/5 [00:00<?, ?it/s][A[AExternal Layout Extraction:  33%|███▎      | 1/3 [00:00<00:01,  1.99it/s]

Table orientation det:  60%|██████    | 3/5 [00:00<00:00, 12.91it/s][A[A

Table orientation score: 100%|██████████| 5/5 [00:00<00:00, 12.91it/s][A[A

Table orientation score: 100%|██████████| 5/5 [00:00<00:00, 12.91it/s][A[A

Table orientation: 100%|██████████| 5/5 [00:00<00:00, 12.91it/s]      [A[A

Table orientation: 100%|██████████| 5/5 [00:00<00:00, 12.91it/s][A[ATable orientation: 100%|██████████| 5/5 [00:00<00:00, 15.29it/s]


External Layout Extraction:   0%|          | 0/16 [00:00<?, ?it/s][A[A

External Layout Extraction:  19%|█▉        | 3/16 [00:00<00:01, 10.88it/s][A[A
External Layout Extraction:  80%|████████  | 8/10 [00:01<00:00,  4.07it/s][A

External Layout Extraction:  31%|███▏      | 5/16 [00:00<00:00, 13.55it/s][A[AINFO:     127.0.0.1:55908 - "GET /tasks/32cfbdd3-20c0-4e18-8160-5e76347b8596 HTTP/1.1" 200 OK
INFO:     127.0.0.1:49870 - "GET /tasks/d816be6d-277d-4301-8298-c04f1970db14 HTTP/1.1" 200 OK


External Layout Extraction:  81%|████████▏ | 13/16 [00:00<00:00, 30.55it/s][A[AExternal Layout Extraction: 100%|██████████| 3/3 [00:01<00:00,  2.08it/s]External Layout Extraction: 100%|██████████| 3/3 [00:01<00:00,  2.07it/s]
MFR Predict:   0%|          | 0/20 [00:00<?, ?it/s]MFR Predict:  80%|████████  | 16/20 [00:00<00:00, 33.59it/s]INFO:     127.0.0.1:55908 - "GET /tasks/d6e5b990-d5f9-471f-bd38-5db422087c4e HTTP/1.1" 200 OK
MFR Predict: 100%|██████████| 20/20 [00:01<00:00, 14.10it/s]MFR Predict: 100%|██████████| 20/20 [00:01<00:00, 16.38it/s]
OCR-det:   0%|          | 0/168 [00:00<?, ?it/s]
External Layout Extraction:  90%|█████████ | 9/10 [00:03<00:00,  1.73it/s][A
External Layout Extraction: 100%|██████████| 10/10 [00:03<00:00,  2.01it/s][AExternal Layout Extraction: 100%|██████████| 10/10 [00:03<00:00,  2.55it/s]

MFR Predict:   0%|          | 0/2 [00:00<?, ?it/s][AINFO:     127.0.0.1:55908 - "GET /tasks/32cfbdd3-20c0-4e18-8160-5e76347b8596 HTTP/1.1" 200 OK
INFO:     127.0.0.1:49870 - "GET /tasks/d816be6d-277d-4301-8298-c04f1970db14 HTTP/1.1" 200 OK

MFR Predict:  50%|█████     | 1/2 [00:00<00:00,  6.67it/s][AOCR-det:   1%|          | 1/168 [00:00<02:01,  1.38it/s]
MFR Predict: 100%|██████████| 2/2 [00:00<00:00,  6.67it/s][AMFR Predict: 100%|██████████| 2/2 [00:00<00:00,  6.67it/s]

OCR-det:   0%|          | 0/125 [00:00<?, ?it/s][AOCR-det:   5%|▌         | 9/168 [00:00<00:11, 14.27it/s]OCR-det:  12%|█▎        | 21/168 [00:00<00:04, 32.78it/s]OCR-det:  27%|██▋       | 46/168 [00:01<00:01, 69.18it/s]OCR-det:  35%|███▍      | 58/168 [00:01<00:01, 77.66it/s]
OCR-det:   6%|▌         | 7/125 [00:00<00:09, 12.17it/s][AOCR-det:  42%|████▏     | 70/168 [00:01<00:01, 79.29it/s]INFO:     127.0.0.1:55908 - "GET /tasks/d6e5b990-d5f9-471f-bd38-5db422087c4e HTTP/1.1" 200 OK

OCR-det:  10%|▉         | 12/125 [00:00<00:05, 19.46it/s][AOCR-det:  49%|████▉     | 82/168 [00:01<00:01, 76.95it/s]
OCR-det:  18%|█▊        | 22/125 [00:00<00:03, 33.72it/s][AOCR-det:  57%|█████▋    | 96/168 [00:01<00:00, 88.96it/s]
OCR-det:  26%|██▌       | 32/125 [00:00<00:01, 48.39it/s][AOCR-det:  69%|██████▉   | 116/168 [00:01<00:00, 104.10it/s]
OCR-det:  39%|███▉      | 49/125 [00:01<00:01, 72.91it/s][AOCR-det:  78%|███████▊  | 131/168 [00:01<00:00, 105.24it/s]
OCR-det:  49%|████▉     | 61/125 [00:01<00:00, 84.24it/s][A
OCR-det:  60%|██████    | 75/125 [00:01<00:00, 93.62it/s][AOCR-det:  85%|████████▌ | 143/168 [00:02<00:00, 81.04it/s] 
OCR-det:  73%|███████▎  | 91/125 [00:01<00:00, 87.73it/s][AOCR-det:  91%|█████████ | 153/168 [00:02<00:00, 77.41it/s]
OCR-det:  81%|████████  | 101/125 [00:01<00:00, 76.51it/s][AINFO:     127.0.0.1:55908 - "GET /tasks/32cfbdd3-20c0-4e18-8160-5e76347b8596 HTTP/1.1" 200 OK
INFO:     127.0.0.1:49870 - "GET /tasks/d816be6d-277d-4301-8298-c04f1970db14 HTTP/1.1" 200 OK
OCR-det:  96%|█████████▋| 162/168 [00:02<00:00, 73.99it/s]OCR-det: 100%|██████████| 168/168 [00:02<00:00, 65.08it/s]
Processing pages:   0%|          | 0/10 [00:00<?, ?it/s]
OCR-det:  89%|████████▉ | 111/125 [00:01<00:00, 61.62it/s][AProcessing pages:  10%|█         | 1/10 [00:00<00:01,  6.31it/s]Processing pages:  20%|██        | 2/10 [00:00<00:01,  5.67it/s]
OCR-det:  95%|█████████▌| 119/125 [00:02<00:00, 44.82it/s][AProcessing pages:  30%|███       | 3/10 [00:00<00:01,  5.49it/s]
OCR-det: 100%|██████████| 125/125 [00:02<00:00, 41.94it/s][AOCR-det: 100%|██████████| 125/125 [00:02<00:00, 51.46it/s]
Processing pages:  40%|████      | 4/10 [00:00<00:01,  5.57it/s]Processing pages:  50%|█████     | 5/10 [00:00<00:00,  5.93it/s]Processing pages:  60%|██████    | 6/10 [00:01<00:00,  6.22it/s]Processing pages:  70%|███████   | 7/10 [00:01<00:00,  6.54it/s]Processing pages:  80%|████████  | 8/10 [00:01<00:00,  6.75it/s]Processing pages:  90%|█████████ | 9/10 [00:01<00:00,  6.98it/s]Processing pages: 100%|██████████| 10/10 [00:01<00:00,  6.86it/s]Processing pages: 100%|██████████| 10/10 [00:01<00:00,  6.39it/s]
INFO:     127.0.0.1:55908 - "GET /tasks/d6e5b990-d5f9-471f-bd38-5db422087c4e HTTP/1.1" 200 OK
Processing pages:   0%|          | 0/10 [00:00<?, ?it/s]Processing pages:  10%|█         | 1/10 [00:00<00:01,  6.76it/s]Processing pages:  20%|██        | 2/10 [00:00<00:01,  6.37it/s]Processing pages:  30%|███       | 3/10 [00:00<00:01,  6.73it/s]Processing pages:  40%|████      | 4/10 [00:00<00:00,  7.02it/s]Processing pages:  50%|█████     | 5/10 [00:00<00:00,  7.45it/s]Processing pages:  60%|██████    | 6/10 [00:00<00:00,  7.53it/s]Processing pages:  70%|███████   | 7/10 [00:00<00:00,  7.33it/s]Processing pages:  80%|████████  | 8/10 [00:01<00:00,  6.76it/s]Processing pages:  90%|█████████ | 9/10 [00:01<00:00,  6.65it/s]Processing pages: 100%|██████████| 10/10 [00:01<00:00,  7.19it/s]
INFO:     127.0.0.1:55908 - "GET /tasks/32cfbdd3-20c0-4e18-8160-5e76347b8596 HTTP/1.1" 200 OK
External Layout Extraction: 100%|██████████| 16/16 [00:08<00:00,  1.99it/s]
INFO:     127.0.0.1:49870 - "GET /tasks/d816be6d-277d-4301-8298-c04f1970db14 HTTP/1.1" 200 OK
INFO:     127.0.0.1:49870 - "GET /tasks/d6e5b990-d5f9-471f-bd38-5db422087c4e HTTP/1.1" 200 OK
MFR Predict:   0%|          | 0/22 [00:00<?, ?it/s]INFO:     127.0.0.1:55908 - "GET /tasks/32cfbdd3-20c0-4e18-8160-5e76347b8596/result HTTP/1.1" 200 OK
INFO:     127.0.0.1:55908 - "POST /tasks HTTP/1.1" 202 Accepted
INFO:     127.0.0.1:55908 - "GET /tasks/0e9b4837-a445-4c88-97e3-9e768a70e99b HTTP/1.1" 200 OK
2026-09-28 12:00:58.234 | INFO     | mineru.utils.engine_utils:get_vlm_engine:34 - Using vllm-async-engine as the inference engine for VLM.
MFR Predict:  73%|███████▎  | 16/22 [00:00<00:00, 44.90it/s]MFR Predict: 100%|██████████| 22/22 [00:00<00:00, 22.46it/s]MFR Predict: 100%|██████████| 22/22 [00:00<00:00, 25.20it/s]
OCR-det:   0%|          | 0/142 [00:00<?, ?it/s]2026-09-28 12:00:59.143 | INFO     | mineru.backend.hybrid.hybrid_analyze:aio_doc_analyze:1139 - Hybrid processing-window run. page_count=10, window_size=64, total_windows=1
2026-09-28 12:00:59.144 | INFO     | mineru.backend.hybrid.hybrid_analyze:get_batch_ratio:875 - hybrid batch ratio (auto, vram=40GB): 16
INFO:     127.0.0.1:55908 - "GET /tasks/d816be6d-277d-4301-8298-c04f1970db14 HTTP/1.1" 200 OK
OCR-det:   1%|▏         | 2/142 [00:00<00:50,  2.79it/s]INFO:     127.0.0.1:55908 - "GET /tasks/d816be6d-277d-4301-8298-c04f1970db14/result HTTP/1.1" 200 OK
OCR-det:  11%|█▏        | 16/142 [00:00<00:05, 25.06it/s]INFO:     127.0.0.1:55908 - "POST /tasks HTTP/1.1" 202 Accepted
INFO:     127.0.0.1:55908 - "GET /tasks/a0d365c9-bf33-4bf8-b8da-430abdfb6024 HTTP/1.1" 200 OK
INFO:     127.0.0.1:55908 - "GET /tasks/d6e5b990-d5f9-471f-bd38-5db422087c4e HTTP/1.1" 200 OK
OCR-det:  20%|█▉        | 28/142 [00:01<00:03, 34.51it/s]2026-09-28 12:00:59.939 | INFO     | mineru.utils.engine_utils:get_vlm_engine:34 - Using vllm-async-engine as the inference engine for VLM.
OCR-det:  25%|██▍       | 35/142 [00:01<00:02, 39.13it/s]OCR-det:  32%|███▏      | 46/142 [00:01<00:02, 43.44it/s]OCR-det:  42%|████▏     | 60/142 [00:01<00:01, 54.95it/s]OCR-det:  49%|████▊     | 69/142 [00:01<00:01, 60.82it/s]OCR-det:  56%|█████▋    | 80/142 [00:01<00:00, 69.24it/s]OCR-det:  70%|██████▉   | 99/142 [00:01<00:00, 89.61it/s]2026-09-28 12:01:00.926 | INFO     | mineru.backend.hybrid.hybrid_analyze:aio_doc_analyze:1139 - Hybrid processing-window run. page_count=10, window_size=64, total_windows=1
2026-09-28 12:01:00.926 | INFO     | mineru.backend.hybrid.hybrid_analyze:get_batch_ratio:875 - hybrid batch ratio (auto, vram=40GB): 16
2026-09-28 12:01:00.927 | INFO     | mineru.backend.hybrid.hybrid_analyze:aio_doc_analyze:1161 - Hybrid processing window 1/1: pages 1-10/10 (10 pages)

Layout Predict:   0%|          | 0/10 [00:00<?, ?it/s][AINFO:     127.0.0.1:55908 - "GET /tasks/0e9b4837-a445-4c88-97e3-9e768a70e99b HTTP/1.1" 200 OK
OCR-det:  77%|███████▋  | 109/142 [00:02<00:00, 80.27it/s]OCR-det:  84%|████████▍ | 119/142 [00:02<00:00, 64.93it/s]
Layout Predict:  80%|████████  | 8/10 [00:00<00:00, 31.51it/s][ALayout Predict: 100%|██████████| 10/10 [00:00<00:00, 27.00it/s]

Table orientation det:   0%|          | 0/6 [00:00<?, ?it/s][AOCR-det:  89%|████████▉ | 127/142 [00:02<00:00, 59.79it/s]
Table orientation det:  33%|███▎      | 2/6 [00:00<00:00, 16.26it/s][AOCR-det:  98%|█████████▊| 139/142 [00:02<00:00, 69.11it/s]
Table orientation det:  67%|██████▋   | 4/6 [00:00<00:00, 13.03it/s][AOCR-det: 100%|██████████| 142/142 [00:02<00:00, 51.55it/s]
Processing pages:   0%|          | 0/10 [00:00<?, ?it/s]Processing pages:  10%|█         | 1/10 [00:00<00:02,  4.49it/s]
Table orientation det: 100%|██████████| 6/6 [00:00<00:00,  8.70it/s][A
Table orientation score: 100%|██████████| 6/6 [00:00<00:00,  8.70it/s][A
Table orientation score: 100%|██████████| 6/6 [00:00<00:00,  8.70it/s][A
Table orientation: 100%|██████████| 6/6 [00:00<00:00,  8.70it/s]      [A
Table orientation: 100%|██████████| 6/6 [00:00<00:00,  8.70it/s][ATable orientation: 100%|██████████| 6/6 [00:00<00:00,  9.69it/s]
Processing pages:  20%|██        | 2/10 [00:00<00:01,  5.78it/s]Processing pages:  30%|███       | 3/10 [00:00<00:01,  6.25it/s]Processing pages:  40%|████      | 4/10 [00:00<00:00,  6.48it/s]Processing pages:  50%|█████     | 5/10 [00:00<00:00,  6.62it/s]Processing pages:  60%|██████    | 6/10 [00:00<00:00,  6.58it/s]Processing pages:  70%|███████   | 7/10 [00:01<00:00,  7.31it/s]Processing pages:  80%|████████  | 8/10 [00:01<00:00,  7.16it/s]Processing pages:  90%|█████████ | 9/10 [00:01<00:00,  7.05it/s]Processing pages: 100%|██████████| 10/10 [00:01<00:00,  6.80it/s]Processing pages: 100%|██████████| 10/10 [00:01<00:00,  6.63it/s]
2026-09-28 12:01:03.207 | INFO     | mineru.backend.hybrid.hybrid_analyze:aio_doc_analyze:1161 - Hybrid processing window 1/1: pages 1-10/10 (10 pages)
INFO:     127.0.0.1:49870 - "GET /tasks/d6e5b990-d5f9-471f-bd38-5db422087c4e HTTP/1.1" 200 OK
INFO:     127.0.0.1:55908 - "GET /tasks/a0d365c9-bf33-4bf8-b8da-430abdfb6024 HTTP/1.1" 200 OK
Layout Predict:   0%|          | 0/10 [00:00<?, ?it/s]INFO:     127.0.0.1:34936 - "GET /tasks/0e9b4837-a445-4c88-97e3-9e768a70e99b HTTP/1.1" 200 OK

External Layout Extraction:   0%|          | 0/6 [00:00<?, ?it/s][ALayout Predict:  80%|████████  | 8/10 [00:00<00:00, 11.12it/s]Layout Predict: 100%|██████████| 10/10 [00:00<00:00, 12.38it/s]Layout Predict: 100%|██████████| 10/10 [00:00<00:00, 12.05it/s]
Table orientation det:   0%|          | 0/8 [00:00<?, ?it/s]Table orientation det:  38%|███▊      | 3/8 [00:00<00:00, 22.54it/s]
External Layout Extraction:  17%|█▋        | 1/6 [00:00<00:03,  1.41it/s][ATable orientation det:  75%|███████▌  | 6/8 [00:00<00:00, 18.66it/s]
External Layout Extraction:  33%|███▎      | 2/6 [00:00<00:01,  2.79it/s][ATable orientation det: 100%|██████████| 8/8 [00:00<00:00, 18.97it/s]Table orientation score: 100%|██████████| 8/8 [00:00<00:00, 18.97it/s]Table orientation score: 100%|██████████| 8/8 [00:00<00:00, 18.97it/s]Table orientation: 100%|██████████| 8/8 [00:00<00:00, 18.97it/s]      Table orientation: 100%|██████████| 8/8 [00:00<00:00, 18.97it/s]Table orientation: 100%|██████████| 8/8 [00:00<00:00, 19.21it/s]
External Layout Extraction:   0%|          | 0/14 [00:00<?, ?it/s]External Layout Extraction:  14%|█▍        | 2/14 [00:00<00:00, 13.19it/s]
External Layout Extraction:  50%|█████     | 3/6 [00:01<00:00,  3.36it/s][AExternal Layout Extraction:  29%|██▊       | 4/14 [00:00<00:00, 12.61it/s]External Layout Extraction:  57%|█████▋    | 8/14 [00:00<00:00, 21.78it/s]
External Layout Extraction:  83%|████████▎ | 5/6 [00:01<00:00,  5.12it/s][AINFO:     127.0.0.1:55908 - "GET /tasks/d6e5b990-d5f9-471f-bd38-5db422087c4e HTTP/1.1" 200 OK
INFO:     127.0.0.1:49870 - "GET /tasks/a0d365c9-bf33-4bf8-b8da-430abdfb6024 HTTP/1.1" 200 OK
INFO:     127.0.0.1:34936 - "GET /tasks/0e9b4837-a445-4c88-97e3-9e768a70e99b HTTP/1.1" 200 OK
INFO:     127.0.0.1:55908 - "GET /tasks/d6e5b990-d5f9-471f-bd38-5db422087c4e/result HTTP/1.1" 200 OK
External Layout Extraction:  86%|████████▌ | 12/14 [00:00<00:00, 13.25it/s]INFO:     127.0.0.1:55908 - "POST /tasks HTTP/1.1" 202 Accepted
INFO:     127.0.0.1:55908 - "GET /tasks/0f8b2349-0850-4433-8299-4cde0fb222ba HTTP/1.1" 200 OK
2026-09-28 12:01:05.609 | INFO     | mineru.utils.engine_utils:get_vlm_engine:34 - Using vllm-async-engine as the inference engine for VLM.
2026-09-28 12:01:06.094 | INFO     | mineru.backend.hybrid.hybrid_analyze:aio_doc_analyze:1139 - Hybrid processing-window run. page_count=10, window_size=64, total_windows=1
External Layout Extraction: 100%|██████████| 14/14 [00:01<00:00,  6.40it/s]External Layout Extraction: 100%|██████████| 14/14 [00:01<00:00,  8.51it/s]
MFR Predict:   0%|          | 0/54 [00:00<?, ?it/s]MFR Predict:  59%|█████▉    | 32/54 [00:00<00:00, 108.04it/s]
External Layout Extraction: 100%|██████████| 6/6 [00:02<00:00,  1.67it/s][AExternal Layout Extraction: 100%|██████████| 6/6 [00:02<00:00,  2.09it/s]

MFR Predict:   0%|          | 0/6 [00:00<?, ?it/s][A
MFR Predict:  67%|██████▋   | 4/6 [00:00<00:00, 15.15it/s][A2026-09-28 12:01:07.044 | INFO     | mineru.backend.hybrid.hybrid_analyze:aio_doc_analyze:1161 - Hybrid processing window 1/1: pages 1-10/10 (10 pages)


Layout Predict:   0%|          | 0/10 [00:00<?, ?it/s][A[AMFR Predict: 100%|██████████| 54/54 [00:00<00:00, 50.86it/s] MFR Predict: 100%|██████████| 54/54 [00:00<00:00, 56.13it/s]


Layout Predict:  10%|█         | 1/10 [00:00<00:01,  7.96it/s][A[A
MFR Predict: 100%|██████████| 6/6 [00:00<00:00,  8.57it/s][AMFR Predict: 100%|██████████| 6/6 [00:00<00:00,  9.38it/s]
OCR-det:   0%|          | 0/162 [00:00<?, ?it/s]
OCR-det:   0%|          | 0/141 [00:00<?, ?it/s][AINFO:     127.0.0.1:55908 - "GET /tasks/0e9b4837-a445-4c88-97e3-9e768a70e99b HTTP/1.1" 200 OK
INFO:     127.0.0.1:49870 - "GET /tasks/a0d365c9-bf33-4bf8-b8da-430abdfb6024 HTTP/1.1" 200 OK


Layout Predict:  30%|███       | 3/10 [00:00<00:00, 10.99it/s][A[AINFO:     127.0.0.1:55908 - "GET /tasks/0f8b2349-0850-4433-8299-4cde0fb222ba HTTP/1.1" 200 OK


Layout Predict:  50%|█████     | 5/10 [00:00<00:00, 12.08it/s][A[A

Layout Predict:  70%|███████   | 7/10 [00:00<00:00, 12.78it/s][A[A

Layout Predict:  90%|█████████ | 9/10 [00:00<00:00, 13.14it/s][A[ALayout Predict: 100%|██████████| 10/10 [00:00<00:00, 12.50it/s]


Table orientation det:   0%|          | 0/1 [00:00<?, ?it/s][A[A
OCR-det:   1%|▏         | 2/141 [00:00<00:45,  3.03it/s][A

Table orientation score: 100%|██████████| 1/1 [00:00<00:00, 22.92it/s][A[A

Table orientation score: 100%|██████████| 1/1 [00:00<00:00, 22.85it/s][A[A

Table orientation: 100%|██████████| 1/1 [00:00<00:00, 22.80it/s]      [A[A

Table orientation: 100%|██████████| 1/1 [00:00<00:00, 22.76it/s][A[ATable orientation: 100%|██████████| 1/1 [00:00<00:00, 22.70it/s]


External Layout Extraction:   0%|          | 0/146 [00:00<?, ?it/s][A[A
OCR-det:   4%|▎         | 5/141 [00:00<00:17,  7.59it/s][AOCR-det:   1%|          | 1/162 [00:00<02:10,  1.24it/s]
OCR-det:   7%|▋         | 10/141 [00:00<00:08, 15.79it/s][AOCR-det:   5%|▍         | 8/162 [00:00<00:13, 11.31it/s]

External Layout Extraction:   1%|          | 1/146 [00:00<00:44,  3.26it/s][A[A
OCR-det:  11%|█▏        | 16/141 [00:01<00:05, 24.10it/s][AOCR-det:  12%|█▏        | 20/162 [00:01<00:05, 26.33it/s]
OCR-det:  15%|█▍        | 21/141 [00:01<00:04, 28.78it/s][A

External Layout Extraction:   1%|▏         | 2/146 [00:00<00:32,  4.40it/s][A[AOCR-det:  15%|█▌        | 25/162 [00:01<00:04, 30.15it/s]OCR-det:  23%|██▎       | 37/162 [00:01<00:02, 42.01it/s]
OCR-det:  30%|███       | 43/141 [00:01<00:01, 53.50it/s][AOCR-det:  33%|███▎      | 54/162 [00:01<00:01, 66.66it/s]

External Layout Extraction:   2%|▏         | 3/146 [00:00<00:40,  3.53it/s][A[A
OCR-det:  38%|███▊      | 54/141 [00:01<00:01, 59.05it/s][A

External Layout Extraction:   3%|▎         | 5/146 [00:00<00:21,  6.50it/s][A[AOCR-det:  44%|████▍     | 71/162 [00:01<00:01, 74.35it/s]
OCR-det:  45%|████▌     | 64/141 [00:01<00:01, 64.73it/s][A

External Layout Extraction:   4%|▍         | 6/146 [00:01<00:20,  6.90it/s][A[AOCR-det:  52%|█████▏    | 85/162 [00:01<00:00, 83.27it/s]
OCR-det:  51%|█████     | 72/141 [00:01<00:01, 63.96it/s][A

External Layout Extraction:   5%|▍         | 7/146 [00:01<00:19,  7.31it/s][A[AOCR-det:  60%|█████▉    | 97/162 [00:01<00:00, 90.52it/s]
OCR-det:  60%|█████▉    | 84/141 [00:01<00:00, 73.96it/s][A

External Layout Extraction:   5%|▌         | 8/146 [00:01<00:18,  7.47it/s][A[AINFO:     127.0.0.1:55908 - "GET /tasks/0e9b4837-a445-4c88-97e3-9e768a70e99b HTTP/1.1" 200 OK
INFO:     127.0.0.1:49870 - "GET /tasks/a0d365c9-bf33-4bf8-b8da-430abdfb6024 HTTP/1.1" 200 OK

OCR-det:  67%|██████▋   | 95/141 [00:02<00:00, 76.86it/s][AOCR-det:  69%|██████▊   | 111/162 [00:02<00:00, 86.28it/s]

External Layout Extraction:  10%|█         | 15/146 [00:01<00:06, 21.09it/s][A[A
OCR-det:  73%|███████▎  | 103/141 [00:02<00:00, 75.13it/s][AOCR-det:  77%|███████▋  | 124/162 [00:02<00:00, 92.02it/s]

External Layout Extraction:  14%|█▎        | 20/146 [00:01<00:04, 27.07it/s][A[AINFO:     127.0.0.1:55908 - "GET /tasks/0f8b2349-0850-4433-8299-4cde0fb222ba HTTP/1.1" 200 OK
OCR-det:  85%|████████▍ | 137/162 [00:02<00:00, 90.02it/s]
OCR-det:  79%|███████▉  | 112/141 [00:02<00:00, 60.54it/s][A

External Layout Extraction:  17%|█▋        | 25/146 [00:01<00:04, 26.06it/s][A[AOCR-det:  91%|█████████ | 147/162 [00:02<00:00, 82.65it/s]
OCR-det:  87%|████████▋ | 122/141 [00:02<00:00, 57.26it/s][A

External Layout Extraction:  25%|██▍       | 36/146 [00:01<00:02, 41.15it/s][A[A

External Layout Extraction:  29%|██▉       | 43/146 [00:01<00:02, 46.90it/s][A[A
OCR-det:  93%|█████████▎| 131/141 [00:02<00:00, 59.21it/s][AOCR-det:  98%|█████████▊| 158/162 [00:02<00:00, 67.30it/s]OCR-det: 100%|██████████| 162/162 [00:02<00:00, 56.50it/s]

OCR-det:  99%|█████████▉| 140/141 [00:02<00:00, 61.01it/s][A

External Layout Extraction:  34%|███▎      | 49/146 [00:02<00:02, 41.59it/s][A[AProcessing pages:   0%|          | 0/10 [00:00<?, ?it/s]OCR-det: 100%|██████████| 141/141 [00:02<00:00, 48.42it/s]
Processing pages:  10%|█         | 1/10 [00:00<00:01,  5.73it/s]Processing pages:  20%|██        | 2/10 [00:00<00:01,  6.29it/s]Processing pages:  30%|███       | 3/10 [00:00<00:01,  6.75it/s]Processing pages:  40%|████      | 4/10 [00:00<00:00,  6.82it/s]Processing pages:  50%|█████     | 5/10 [00:00<00:00,  7.08it/s]Processing pages:  60%|██████    | 6/10 [00:00<00:00,  6.92it/s]Processing pages:  70%|███████   | 7/10 [00:01<00:00,  6.98it/s]Processing pages:  80%|████████  | 8/10 [00:01<00:00,  6.91it/s]Processing pages:  90%|█████████ | 9/10 [00:01<00:00,  6.81it/s]Processing pages: 100%|██████████| 10/10 [00:01<00:00,  6.63it/s]Processing pages: 100%|██████████| 10/10 [00:01<00:00,  6.73it/s]
INFO:     127.0.0.1:49870 - "GET /tasks/0e9b4837-a445-4c88-97e3-9e768a70e99b HTTP/1.1" 200 OK
INFO:     127.0.0.1:55908 - "GET /tasks/a0d365c9-bf33-4bf8-b8da-430abdfb6024 HTTP/1.1" 200 OK
INFO:     127.0.0.1:34952 - "GET /tasks/0f8b2349-0850-4433-8299-4cde0fb222ba HTTP/1.1" 200 OK
Processing pages:   0%|          | 0/10 [00:00<?, ?it/s]Processing pages:  10%|█         | 1/10 [00:00<00:01,  7.26it/s]Processing pages:  20%|██        | 2/10 [00:00<00:02,  3.50it/s]Processing pages:  30%|███       | 3/10 [00:00<00:01,  4.43it/s]Processing pages:  40%|████      | 4/10 [00:00<00:01,  5.16it/s]Processing pages:  50%|█████     | 5/10 [00:00<00:00,  5.74it/s]Processing pages:  60%|██████    | 6/10 [00:01<00:00,  6.20it/s]Processing pages:  70%|███████   | 7/10 [00:01<00:00,  6.64it/s]Processing pages:  80%|████████  | 8/10 [00:01<00:00,  6.73it/s]Processing pages:  90%|█████████ | 9/10 [00:01<00:00,  6.73it/s]Processing pages: 100%|██████████| 10/10 [00:01<00:00,  4.19it/s]Processing pages: 100%|██████████| 10/10 [00:01<00:00,  5.09it/s]


External Layout Extraction: 100%|██████████| 146/146 [00:06<00:00, 24.01it/s][A[AExternal Layout Extraction: 100%|██████████| 146/146 [00:06<00:00, 22.54it/s]
INFO:     127.0.0.1:34952 - "GET /tasks/0f8b2349-0850-4433-8299-4cde0fb222ba HTTP/1.1" 200 OK
INFO:     127.0.0.1:49870 - "GET /tasks/a0d365c9-bf33-4bf8-b8da-430abdfb6024 HTTP/1.1" 200 OK
INFO:     127.0.0.1:55908 - "GET /tasks/0e9b4837-a445-4c88-97e3-9e768a70e99b HTTP/1.1" 200 OK
OCR-det:   0%|          | 0/78 [00:00<?, ?it/s]INFO:     127.0.0.1:55908 - "GET /tasks/a0d365c9-bf33-4bf8-b8da-430abdfb6024/result HTTP/1.1" 200 OK
INFO:     127.0.0.1:55908 - "POST /tasks HTTP/1.1" 202 Accepted
INFO:     127.0.0.1:55908 - "GET /tasks/04076027-094c-4ab0-bdff-82a0dddc9366 HTTP/1.1" 200 OK
2026-09-28 12:01:15.104 | INFO     | mineru.utils.engine_utils:get_vlm_engine:34 - Using vllm-async-engine as the inference engine for VLM.
OCR-det:   3%|▎         | 2/78 [00:00<00:25,  2.94it/s]OCR-det:   9%|▉         | 7/78 [00:00<00:06, 10.24it/s]2026-09-28 12:01:15.741 | INFO     | mineru.backend.hybrid.hybrid_analyze:aio_doc_analyze:1139 - Hybrid processing-window run. page_count=10, window_size=64, total_windows=1
2026-09-28 12:01:15.741 | INFO     | mineru.backend.hybrid.hybrid_analyze:get_batch_ratio:875 - hybrid batch ratio (auto, vram=40GB): 16
OCR-det:  19%|█▉        | 15/78 [00:00<00:02, 22.90it/s]OCR-det:  29%|██▉       | 23/78 [00:01<00:01, 34.39it/s]OCR-det:  41%|████      | 32/78 [00:01<00:00, 46.73it/s]OCR-det:  50%|█████     | 39/78 [00:01<00:00, 49.52it/s]OCR-det:  64%|██████▍   | 50/78 [00:01<00:00, 61.33it/s]INFO:     127.0.0.1:55908 - "GET /tasks/0f8b2349-0850-4433-8299-4cde0fb222ba HTTP/1.1" 200 OK
INFO:     127.0.0.1:49870 - "GET /tasks/0e9b4837-a445-4c88-97e3-9e768a70e99b HTTP/1.1" 200 OK
OCR-det:  76%|███████▌  | 59/78 [00:01<00:00, 56.00it/s]INFO:     127.0.0.1:55908 - "GET /tasks/0e9b4837-a445-4c88-97e3-9e768a70e99b/result HTTP/1.1" 200 OK
2026-09-28 12:01:16.564 | INFO     | mineru.backend.hybrid.hybrid_analyze:aio_doc_analyze:1161 - Hybrid processing window 1/1: pages 1-10/10 (10 pages)

Layout Predict:   0%|          | 0/10 [00:00<?, ?it/s][AOCR-det:  85%|████████▍ | 66/78 [00:01<00:00, 51.73it/s]INFO:     127.0.0.1:55908 - "POST /tasks HTTP/1.1" 202 Accepted
INFO:     127.0.0.1:55908 - "GET /tasks/921d8635-62d5-4bfb-8781-5f76d35760d5 HTTP/1.1" 200 OK
OCR-det:  92%|█████████▏| 72/78 [00:01<00:00, 44.00it/s]2026-09-28 12:01:16.910 | INFO     | mineru.utils.engine_utils:get_vlm_engine:34 - Using vllm-async-engine as the inference engine for VLM.
OCR-det:  99%|█████████▊| 77/78 [00:02<00:00, 32.40it/s]
Layout Predict:  80%|████████  | 8/10 [00:00<00:00, 14.32it/s][AOCR-det: 100%|██████████| 78/78 [00:02<00:00, 34.17it/s]

Layout Predict: 100%|██████████| 10/10 [00:00<00:00, 13.94it/s][ALayout Predict: 100%|██████████| 10/10 [00:00<00:00, 14.03it/s]
2026-09-28 12:01:17.658 | INFO     | mineru.backend.hybrid.hybrid_analyze:aio_doc_analyze:1139 - Hybrid processing-window run. page_count=10, window_size=64, total_windows=1
2026-09-28 12:01:17.659 | INFO     | mineru.backend.hybrid.hybrid_analyze:get_batch_ratio:875 - hybrid batch ratio (auto, vram=40GB): 16
Processing pages:   0%|          | 0/10 [00:00<?, ?it/s]INFO:     127.0.0.1:55908 - "GET /tasks/04076027-094c-4ab0-bdff-82a0dddc9366 HTTP/1.1" 200 OK

Table orientation det:   0%|          | 0/5 [00:00<?, ?it/s][AProcessing pages:  30%|███       | 3/10 [00:00<00:00, 27.96it/s]
Table orientation det:  20%|██        | 1/5 [00:00<00:00,  9.70it/s][AProcessing pages:  60%|██████    | 6/10 [00:00<00:00, 24.21it/s]
Table orientation det: 100%|██████████| 5/5 [00:00<00:00, 19.25it/s][A
Table orientation score: 100%|██████████| 5/5 [00:00<00:00, 19.25it/s][A
Table orientation score: 100%|██████████| 5/5 [00:00<00:00, 19.25it/s][A
Table orientation: 100%|██████████| 5/5 [00:00<00:00, 19.25it/s]      [A
Table orientation: 100%|██████████| 5/5 [00:00<00:00, 19.25it/s][ATable orientation: 100%|██████████| 5/5 [00:00<00:00, 17.87it/s]
Processing pages:  90%|█████████ | 9/10 [00:00<00:00, 24.24it/s]Processing pages: 100%|██████████| 10/10 [00:00<00:00, 25.13it/s]
External Layout Extraction:   0%|          | 0/24 [00:00<?, ?it/s]INFO:     127.0.0.1:55908 - "GET /tasks/0f8b2349-0850-4433-8299-4cde0fb222ba HTTP/1.1" 200 OK
INFO:     127.0.0.1:55908 - "GET /tasks/0f8b2349-0850-4433-8299-4cde0fb222ba/result HTTP/1.1" 200 OK
INFO:     127.0.0.1:49870 - "GET /tasks/921d8635-62d5-4bfb-8781-5f76d35760d5 HTTP/1.1" 200 OK
INFO:     127.0.0.1:55908 - "POST /tasks HTTP/1.1" 202 Accepted
INFO:     127.0.0.1:55908 - "GET /tasks/09a8144d-994b-4d1c-8cbe-60e877dae339 HTTP/1.1" 200 OK
2026-09-28 12:01:18.839 | INFO     | mineru.utils.engine_utils:get_vlm_engine:34 - Using vllm-async-engine as the inference engine for VLM.
2026-09-28 12:01:19.424 | INFO     | mineru.backend.hybrid.hybrid_analyze:aio_doc_analyze:1139 - Hybrid processing-window run. page_count=10, window_size=64, total_windows=1
2026-09-28 12:01:19.424 | INFO     | mineru.backend.hybrid.hybrid_analyze:get_batch_ratio:875 - hybrid batch ratio (auto, vram=40GB): 16
2026-09-28 12:01:19.433 | INFO     | mineru.backend.hybrid.hybrid_analyze:aio_doc_analyze:1161 - Hybrid processing window 1/1: pages 1-10/10 (10 pages)

Layout Predict:   0%|          | 0/10 [00:00<?, ?it/s][AExternal Layout Extraction:  25%|██▌       | 6/24 [00:00<00:02,  6.09it/s]INFO:     127.0.0.1:55908 - "GET /tasks/04076027-094c-4ab0-bdff-82a0dddc9366 HTTP/1.1" 200 OK

Layout Predict:  80%|████████  | 8/10 [00:00<00:00, 24.99it/s][ALayout Predict: 100%|██████████| 10/10 [00:00<00:00, 23.14it/s]

Table orientation det:   0%|          | 0/6 [00:00<?, ?it/s][A
Table orientation det:  50%|█████     | 3/6 [00:00<00:00, 23.71it/s][AExternal Layout Extraction:  88%|████████▊ | 21/24 [00:01<00:00, 13.51it/s]
Table orientation det: 100%|██████████| 6/6 [00:00<00:00, 17.42it/s][A
Table orientation score: 100%|██████████| 6/6 [00:00<00:00, 17.42it/s][A
Table orientation score: 100%|██████████| 6/6 [00:00<00:00, 17.42it/s][A
Table orientation: 100%|██████████| 6/6 [00:00<00:00, 17.42it/s]      [A
Table orientation: 100%|██████████| 6/6 [00:00<00:00, 17.42it/s][ATable orientation: 100%|██████████| 6/6 [00:00<00:00, 18.03it/s]

External Layout Extraction:   0%|          | 0/12 [00:00<?, ?it/s][A2026-09-28 12:01:20.392 | INFO     | mineru.backend.hybrid.hybrid_analyze:aio_doc_analyze:1161 - Hybrid processing window 1/1: pages 1-10/10 (10 pages)


Layout Predict:   0%|          | 0/10 [00:00<?, ?it/s][A[A
External Layout Extraction:   8%|▊         | 1/12 [00:00<00:01,  6.09it/s][A
External Layout Extraction:  50%|█████     | 6/12 [00:00<00:00, 24.37it/s][A

Layout Predict:  80%|████████  | 8/10 [00:00<00:00, 26.58it/s][A[AINFO:     127.0.0.1:55908 - "GET /tasks/921d8635-62d5-4bfb-8781-5f76d35760d5 HTTP/1.1" 200 OK
INFO:     127.0.0.1:55908 - "GET /tasks/09a8144d-994b-4d1c-8cbe-60e877dae339 HTTP/1.1" 200 OK
Layout Predict: 100%|██████████| 10/10 [00:00<00:00, 24.18it/s]


Table orientation det:   0%|          | 0/1 [00:00<?, ?it/s][A[A

Table orientation score: 100%|██████████| 1/1 [00:00<00:00, 30.67it/s][A[A

Table orientation score: 100%|██████████| 1/1 [00:00<00:00, 30.57it/s][A[A

Table orientation: 100%|██████████| 1/1 [00:00<00:00, 30.51it/s]      [A[A

Table orientation: 100%|██████████| 1/1 [00:00<00:00, 30.46it/s][A[ATable orientation: 100%|██████████| 1/1 [00:00<00:00, 30.36it/s]


External Layout Extraction:   0%|          | 0/1 [00:00<?, ?it/s][A[A
External Layout Extraction:  75%|███████▌  | 9/12 [00:00<00:00, 12.05it/s][AINFO:     127.0.0.1:55908 - "GET /tasks/04076027-094c-4ab0-bdff-82a0dddc9366 HTTP/1.1" 200 OK
External Layout Extraction:  96%|█████████▌| 23/24 [00:03<00:00,  6.02it/s]

External Layout Extraction: 100%|██████████| 1/1 [00:01<00:00,  1.07s/it][A[AExternal Layout Extraction: 100%|██████████| 1/1 [00:01<00:00,  1.07s/it]


MFR Predict:   0%|          | 0/19 [00:00<?, ?it/s][A[AExternal Layout Extraction: 100%|██████████| 24/24 [00:03<00:00,  5.86it/s]External Layout Extraction: 100%|██████████| 24/24 [00:03<00:00,  6.84it/s]
MFR Predict:   0%|          | 0/79 [00:00<?, ?it/s]

MFR Predict:  84%|████████▍ | 16/19 [00:00<00:00, 23.97it/s][A[AINFO:     127.0.0.1:55908 - "GET /tasks/921d8635-62d5-4bfb-8781-5f76d35760d5 HTTP/1.1" 200 OK
INFO:     127.0.0.1:55908 - "GET /tasks/09a8144d-994b-4d1c-8cbe-60e877dae339 HTTP/1.1" 200 OK

External Layout Extraction: 100%|██████████| 12/12 [00:02<00:00,  3.36it/s][AExternal Layout Extraction: 100%|██████████| 12/12 [00:02<00:00,  4.53it/s]

MFR Predict:   0%|          | 0/49 [00:00<?, ?it/s][AMFR Predict:  81%|████████  | 64/79 [00:01<00:00, 53.42it/s]

MFR Predict: 100%|██████████| 19/19 [00:01<00:00, 10.02it/s][A[AMFR Predict: 100%|██████████| 19/19 [00:01<00:00, 11.75it/s]

MFR Predict:  65%|██████▌   | 32/49 [00:00<00:00, 48.16it/s][A

OCR-det:   0%|          | 0/149 [00:00<?, ?it/s][A[AINFO:     127.0.0.1:55908 - "GET /tasks/04076027-094c-4ab0-bdff-82a0dddc9366 HTTP/1.1" 200 OK


OCR-det:   3%|▎         | 5/149 [00:00<00:18,  7.83it/s][A[A

OCR-det:   7%|▋         | 11/149 [00:00<00:08, 16.74it/s][A[A

OCR-det:  18%|█▊        | 27/149 [00:00<00:02, 43.29it/s][A[AMFR Predict: 100%|██████████| 79/79 [00:02<00:00, 27.88it/s]MFR Predict: 100%|██████████| 79/79 [00:02<00:00, 31.54it/s]
OCR-det:   0%|          | 0/141 [00:00<?, ?it/s]

OCR-det:  29%|██▉       | 43/149 [00:01<00:01, 60.75it/s][A[AINFO:     127.0.0.1:55908 - "GET /tasks/921d8635-62d5-4bfb-8781-5f76d35760d5 HTTP/1.1" 200 OK


OCR-det:  39%|███▉      | 58/149 [00:01<00:01, 77.84it/s][A[AINFO:     127.0.0.1:55908 - "GET /tasks/09a8144d-994b-4d1c-8cbe-60e877dae339 HTTP/1.1" 200 OK


OCR-det:  50%|████▉     | 74/149 [00:01<00:00, 92.20it/s][A[A
MFR Predict: 100%|██████████| 49/49 [00:02<00:00, 20.55it/s][AMFR Predict: 100%|██████████| 49/49 [00:02<00:00, 23.15it/s]


OCR-det:  58%|█████▊    | 86/149 [00:01<00:00, 89.15it/s][A[A
OCR-det:   0%|          | 0/174 [00:00<?, ?it/s][A

OCR-det:  65%|██████▌   | 97/149 [00:01<00:00, 84.74it/s][A[AOCR-det:   1%|▏         | 2/141 [00:00<00:44,  3.12it/s]OCR-det:   4%|▍         | 6/141 [00:00<00:13,  9.73it/s]

OCR-det:  72%|███████▏  | 107/149 [00:01<00:00, 76.01it/s][A[AOCR-det:  16%|█▋        | 23/141 [00:00<00:02, 39.36it/s]

OCR-det:  78%|███████▊  | 116/149 [00:01<00:00, 70.74it/s][A[AOCR-det:  30%|██▉       | 42/141 [00:00<00:01, 69.98it/s]

OCR-det:  86%|████████▌ | 128/149 [00:02<00:00, 77.37it/s][A[AINFO:     127.0.0.1:55908 - "GET /tasks/04076027-094c-4ab0-bdff-82a0dddc9366 HTTP/1.1" 200 OK


OCR-det:  98%|█████████▊| 146/149 [00:02<00:00, 93.58it/s][A[AOCR-det: 100%|██████████| 149/149 [00:02<00:00, 68.09it/s]


Processing pages:   0%|          | 0/10 [00:00<?, ?it/s][A[A
OCR-det:   1%|          | 2/174 [00:00<01:06,  2.58it/s][AOCR-det:  40%|███▉      | 56/141 [00:01<00:01, 56.62it/s]
OCR-det:   6%|▋         | 11/174 [00:00<00:10, 15.60it/s][A

Processing pages:  10%|█         | 1/10 [00:00<00:01,  4.54it/s][A[AOCR-det:  47%|████▋     | 66/141 [00:01<00:01, 55.94it/s]
OCR-det:  10%|█         | 18/174 [00:01<00:06, 22.85it/s][A

Processing pages:  20%|██        | 2/10 [00:00<00:01,  4.49it/s][A[AOCR-det:  52%|█████▏    | 74/141 [00:01<00:01, 48.06it/s]
OCR-det:  17%|█▋        | 29/174 [00:01<00:04, 32.58it/s][A

Processing pages:  30%|███       | 3/10 [00:00<00:01,  4.50it/s][A[A
OCR-det:  25%|██▌       | 44/174 [00:01<00:02, 46.59it/s][AOCR-det:  64%|██████▍   | 90/141 [00:01<00:00, 54.20it/s]
OCR-det:  34%|███▍      | 60/174 [00:01<00:01, 67.08it/s][A

Processing pages:  40%|████      | 4/10 [00:00<00:01,  4.42it/s][A[AOCR-det:  71%|███████   | 100/141 [00:02<00:00, 52.59it/s]
OCR-det:  41%|████      | 71/174 [00:01<00:01, 62.48it/s][AOCR-det:  76%|███████▌  | 107/141 [00:02<00:00, 54.97it/s]

Processing pages:  50%|█████     | 5/10 [00:01<00:01,  4.42it/s][A[AOCR-det:  81%|████████  | 114/141 [00:02<00:00, 51.68it/s]
OCR-det:  47%|████▋     | 81/174 [00:01<00:01, 56.46it/s][A

Processing pages:  60%|██████    | 6/10 [00:01<00:00,  4.51it/s][A[AOCR-det:  87%|████████▋ | 122/141 [00:02<00:00, 48.45it/s]
OCR-det:  53%|█████▎    | 93/174 [00:02<00:01, 57.26it/s][A

Processing pages:  70%|███████   | 7/10 [00:01<00:00,  4.66it/s][A[A
OCR-det:  62%|██████▏   | 108/174 [00:02<00:00, 68.81it/s][AOCR-det:  91%|█████████ | 128/141 [00:02<00:00, 45.03it/s]
OCR-det:  67%|██████▋   | 117/174 [00:02<00:00, 72.67it/s][A

Processing pages:  80%|████████  | 8/10 [00:01<00:00,  4.70it/s][A[AOCR-det:  94%|█████████▍| 133/141 [00:03<00:00, 37.20it/s]
OCR-det:  74%|███████▍  | 129/174 [00:02<00:00, 65.90it/s][AOCR-det:  99%|█████████▉| 140/141 [00:03<00:00, 41.34it/s]

Processing pages:  90%|█████████ | 9/10 [00:01<00:00,  4.50it/s][A[AOCR-det: 100%|██████████| 141/141 [00:03<00:00, 43.12it/s]

OCR-det:  79%|███████▊  | 137/174 [00:02<00:00, 54.61it/s][A

Processing pages: 100%|██████████| 10/10 [00:02<00:00,  4.53it/s][A[AProcessing pages: 100%|██████████| 10/10 [00:02<00:00,  4.53it/s]
INFO:     127.0.0.1:55908 - "GET /tasks/921d8635-62d5-4bfb-8781-5f76d35760d5 HTTP/1.1" 200 OK
Processing pages:   0%|          | 0/10 [00:00<?, ?it/s]INFO:     127.0.0.1:53858 - "GET /tasks/09a8144d-994b-4d1c-8cbe-60e877dae339 HTTP/1.1" 200 OK
Processing pages:  10%|█         | 1/10 [00:00<00:01,  6.87it/s]
OCR-det:  86%|████████▌ | 149/174 [00:03<00:00, 44.72it/s][AProcessing pages:  20%|██        | 2/10 [00:00<00:02,  2.98it/s]
OCR-det:  90%|████████▉ | 156/174 [00:03<00:00, 31.99it/s][AProcessing pages:  30%|███       | 3/10 [00:00<00:01,  3.91it/s]
OCR-det:  94%|█████████▍| 164/174 [00:03<00:00, 35.36it/s][AProcessing pages:  40%|████      | 4/10 [00:00<00:01,  4.10it/s]
OCR-det:  99%|█████████▉| 172/174 [00:04<00:00, 35.38it/s][AOCR-det: 100%|██████████| 174/174 [00:04<00:00, 42.19it/s]
Processing pages:  50%|█████     | 5/10 [00:01<00:01,  4.00it/s]Processing pages:  60%|██████    | 6/10 [00:01<00:00,  4.69it/s]Processing pages:  70%|███████   | 7/10 [00:01<00:00,  5.29it/s]Processing pages:  80%|████████  | 8/10 [00:01<00:00,  5.68it/s]Processing pages:  90%|█████████ | 9/10 [00:01<00:00,  6.08it/s]Processing pages: 100%|██████████| 10/10 [00:01<00:00,  6.23it/s]Processing pages: 100%|██████████| 10/10 [00:01<00:00,  5.05it/s]
INFO:     127.0.0.1:53866 - "GET /tasks/04076027-094c-4ab0-bdff-82a0dddc9366 HTTP/1.1" 200 OK
INFO:     127.0.0.1:53858 - "GET /tasks/09a8144d-994b-4d1c-8cbe-60e877dae339 HTTP/1.1" 200 OK
INFO:     127.0.0.1:55908 - "GET /tasks/921d8635-62d5-4bfb-8781-5f76d35760d5 HTTP/1.1" 200 OK
Processing pages:   0%|          | 0/10 [00:00<?, ?it/s]Processing pages:  10%|█         | 1/10 [00:00<00:01,  7.40it/s]Processing pages:  20%|██        | 2/10 [00:00<00:01,  6.65it/s]Processing pages:  30%|███       | 3/10 [00:00<00:01,  6.49it/s]Processing pages:  40%|████      | 4/10 [00:00<00:00,  6.44it/s]Processing pages:  50%|█████     | 5/10 [00:00<00:00,  6.48it/s]Processing pages:  60%|██████    | 6/10 [00:00<00:00,  6.76it/s]Processing pages:  70%|███████   | 7/10 [00:01<00:00,  6.64it/s]Processing pages:  80%|████████  | 8/10 [00:01<00:00,  6.74it/s]Processing pages:  90%|█████████ | 9/10 [00:01<00:00,  6.91it/s]Processing pages: 100%|██████████| 10/10 [00:01<00:00,  6.71it/s]Processing pages: 100%|██████████| 10/10 [00:01<00:00,  6.68it/s]
OCR-rec Predict:   0%|          | 0/1 [00:00<?, ?it/s]INFO:     127.0.0.1:55908 - "GET /tasks/04076027-094c-4ab0-bdff-82a0dddc9366 HTTP/1.1" 200 OK
OCR-rec Predict: 100%|██████████| 1/1 [00:00<00:00, 55.45it/s]
INFO:     127.0.0.1:53866 - "GET /tasks/921d8635-62d5-4bfb-8781-5f76d35760d5 HTTP/1.1" 200 OK
INFO:     127.0.0.1:53858 - "GET /tasks/09a8144d-994b-4d1c-8cbe-60e877dae339/result HTTP/1.1" 200 OK
INFO:     127.0.0.1:53866 - "GET /tasks/921d8635-62d5-4bfb-8781-5f76d35760d5/result HTTP/1.1" 200 OK
INFO:     127.0.0.1:55908 - "GET /tasks/04076027-094c-4ab0-bdff-82a0dddc9366/result HTTP/1.1" 200 OK
INFO:     127.0.0.1:53858 - "POST /tasks HTTP/1.1" 202 Accepted
INFO:     127.0.0.1:53858 - "GET /tasks/c99bdcb4-8308-431e-b6dd-7980be774265 HTTP/1.1" 200 OK
2026-09-28 12:01:33.274 | INFO     | mineru.utils.engine_utils:get_vlm_engine:34 - Using vllm-async-engine as the inference engine for VLM.
2026-09-28 12:01:33.761 | INFO     | mineru.backend.hybrid.hybrid_analyze:aio_doc_analyze:1139 - Hybrid processing-window run. page_count=10, window_size=64, total_windows=1
2026-09-28 12:01:33.761 | INFO     | mineru.backend.hybrid.hybrid_analyze:get_batch_ratio:875 - hybrid batch ratio (auto, vram=40GB): 16
INFO:     127.0.0.1:53866 - "POST /tasks HTTP/1.1" 202 Accepted
INFO:     127.0.0.1:55908 - "POST /tasks HTTP/1.1" 202 Accepted
INFO:     127.0.0.1:55908 - "GET /tasks/dd22ba8a-be56-4a44-be51-a0eae16d47db HTTP/1.1" 200 OK
INFO:     127.0.0.1:53858 - "GET /tasks/3a1e728f-011a-4d76-8f40-4d47ac537b2c HTTP/1.1" 200 OK
2026-09-28 12:01:33.929 | INFO     | mineru.utils.engine_utils:get_vlm_engine:34 - Using vllm-async-engine as the inference engine for VLM.
2026-09-28 12:01:34.512 | INFO     | mineru.backend.hybrid.hybrid_analyze:aio_doc_analyze:1139 - Hybrid processing-window run. page_count=10, window_size=64, total_windows=1
2026-09-28 12:01:34.513 | INFO     | mineru.backend.hybrid.hybrid_analyze:get_batch_ratio:875 - hybrid batch ratio (auto, vram=40GB): 16
2026-09-28 12:01:34.528 | INFO     | mineru.utils.engine_utils:get_vlm_engine:34 - Using vllm-async-engine as the inference engine for VLM.
2026-09-28 12:01:35.098 | INFO     | mineru.backend.hybrid.hybrid_analyze:aio_doc_analyze:1139 - Hybrid processing-window run. page_count=10, window_size=64, total_windows=1
2026-09-28 12:01:35.098 | INFO     | mineru.backend.hybrid.hybrid_analyze:get_batch_ratio:875 - hybrid batch ratio (auto, vram=40GB): 16
2026-09-28 12:01:35.099 | INFO     | mineru.backend.hybrid.hybrid_analyze:aio_doc_analyze:1161 - Hybrid processing window 1/1: pages 1-10/10 (10 pages)
Layout Predict:   0%|          | 0/10 [00:00<?, ?it/s]INFO:     127.0.0.1:55908 - "GET /tasks/c99bdcb4-8308-431e-b6dd-7980be774265 HTTP/1.1" 200 OK
Layout Predict:  80%|████████  | 8/10 [00:00<00:00, 24.79it/s]Layout Predict: 100%|██████████| 10/10 [00:00<00:00, 19.25it/s]
Table orientation det:   0%|          | 0/5 [00:00<?, ?it/s]2026-09-28 12:01:35.669 | INFO     | mineru.backend.hybrid.hybrid_analyze:aio_doc_analyze:1161 - Hybrid processing window 1/1: pages 1-10/10 (10 pages)

Layout Predict:   0%|          | 0/10 [00:00<?, ?it/s][ATable orientation det:  40%|████      | 2/5 [00:00<00:00, 12.15it/s]INFO:     127.0.0.1:55908 - "GET /tasks/dd22ba8a-be56-4a44-be51-a0eae16d47db HTTP/1.1" 200 OK
INFO:     127.0.0.1:53858 - "GET /tasks/3a1e728f-011a-4d76-8f40-4d47ac537b2c HTTP/1.1" 200 OK
Table orientation det:  80%|████████  | 4/5 [00:00<00:00, 12.48it/s]Table orientation score: 100%|██████████| 5/5 [00:00<00:00, 12.48it/s]Table orientation score: 100%|██████████| 5/5 [00:00<00:00, 12.48it/s]Table orientation: 100%|██████████| 5/5 [00:00<00:00, 12.48it/s]      Table orientation: 100%|██████████| 5/5 [00:00<00:00, 12.48it/s]Table orientation: 100%|██████████| 5/5 [00:00<00:00, 13.32it/s]
External Layout Extraction:   0%|          | 0/18 [00:00<?, ?it/s]2026-09-28 12:01:36.038 | INFO     | mineru.backend.hybrid.hybrid_analyze:aio_doc_analyze:1161 - Hybrid processing window 1/1: pages 1-10/10 (10 pages)


Layout Predict:   0%|          | 0/10 [00:00<?, ?it/s][A[A
Layout Predict:  80%|████████  | 8/10 [00:00<00:00, 17.41it/s][AExternal Layout Extraction:  22%|██▏       | 4/18 [00:00<00:01, 11.83it/s]External Layout Extraction:  39%|███▉      | 7/18 [00:00<00:00, 16.36it/s]
Layout Predict: 100%|██████████| 10/10 [00:00<00:00, 11.36it/s][ALayout Predict: 100%|██████████| 10/10 [00:00<00:00, 12.39it/s]

Table orientation det:   0%|          | 0/2 [00:00<?, ?it/s][A

Layout Predict:  80%|████████  | 8/10 [00:00<00:00, 17.60it/s][A[AExternal Layout Extraction:  50%|█████     | 9/18 [00:00<00:00, 16.55it/s]
Table orientation det: 100%|██████████| 2/2 [00:00<00:00,  9.56it/s][A
Table orientation score: 100%|██████████| 2/2 [00:00<00:00,  9.56it/s][A
Table orientation score: 100%|██████████| 2/2 [00:00<00:00,  9.56it/s][A
Table orientation: 100%|██████████| 2/2 [00:00<00:00,  9.56it/s]      [A
Table orientation: 100%|██████████| 2/2 [00:00<00:00,  9.56it/s][ATable orientation: 100%|██████████| 2/2 [00:00<00:00,  9.32it/s]

External Layout Extraction:   0%|          | 0/2 [00:00<?, ?it/s][A

Layout Predict: 100%|██████████| 10/10 [00:00<00:00, 13.86it/s][A[ALayout Predict: 100%|██████████| 10/10 [00:00<00:00, 14.60it/s]


Table orientation det:   0%|          | 0/5 [00:00<?, ?it/s][A[A

Table orientation det:  60%|██████    | 3/5 [00:00<00:00, 23.80it/s][A[AExternal Layout Extraction:  61%|██████    | 11/18 [00:00<00:00, 11.10it/s]

Table orientation score: 100%|██████████| 5/5 [00:00<00:00, 23.80it/s][A[A

Table orientation score: 100%|██████████| 5/5 [00:00<00:00, 23.80it/s][A[A

Table orientation: 100%|██████████| 5/5 [00:00<00:00, 23.80it/s]      [A[A

Table orientation: 100%|██████████| 5/5 [00:00<00:00, 23.80it/s][A[ATable orientation: 100%|██████████| 5/5 [00:00<00:00, 19.47it/s]


External Layout Extraction:   0%|          | 0/6 [00:00<?, ?it/s][A[AExternal Layout Extraction:  83%|████████▎ | 15/18 [00:01<00:00, 12.11it/s]

External Layout Extraction:  17%|█▋        | 1/6 [00:00<00:01,  4.41it/s][A[AINFO:     127.0.0.1:55908 - "GET /tasks/c99bdcb4-8308-431e-b6dd-7980be774265 HTTP/1.1" 200 OK


External Layout Extraction:  33%|███▎      | 2/6 [00:00<00:00,  4.80it/s][A[AExternal Layout Extraction:  94%|█████████▍| 17/18 [00:01<00:00, 10.65it/s]External Layout Extraction: 100%|██████████| 18/18 [00:01<00:00, 12.49it/s]
MFR Predict:   0%|          | 0/95 [00:00<?, ?it/s]INFO:     127.0.0.1:55908 - "GET /tasks/dd22ba8a-be56-4a44-be51-a0eae16d47db HTTP/1.1" 200 OK
INFO:     127.0.0.1:53858 - "GET /tasks/3a1e728f-011a-4d76-8f40-4d47ac537b2c HTTP/1.1" 200 OK
MFR Predict:  67%|██████▋   | 64/95 [00:00<00:00, 83.78it/s]

External Layout Extraction:  67%|██████▋   | 4/6 [00:01<00:00,  2.22it/s][A[AMFR Predict: 100%|██████████| 95/95 [00:01<00:00, 53.80it/s]MFR Predict: 100%|██████████| 95/95 [00:01<00:00, 57.98it/s]
OCR-det:   0%|          | 0/149 [00:00<?, ?it/s]INFO:     127.0.0.1:55908 - "GET /tasks/c99bdcb4-8308-431e-b6dd-7980be774265 HTTP/1.1" 200 OK


External Layout Extraction:  83%|████████▎ | 5/6 [00:02<00:00,  1.91it/s][A[A
External Layout Extraction:  50%|█████     | 1/2 [00:02<00:02,  2.74s/it][AOCR-det:   1%|▏         | 2/149 [00:00<00:48,  3.06it/s]INFO:     127.0.0.1:55908 - "GET /tasks/dd22ba8a-be56-4a44-be51-a0eae16d47db HTTP/1.1" 200 OK
INFO:     127.0.0.1:53858 - "GET /tasks/3a1e728f-011a-4d76-8f40-4d47ac537b2c HTTP/1.1" 200 OK
OCR-det:   7%|▋         | 11/149 [00:00<00:07, 18.34it/s]OCR-det:  18%|█▊        | 27/149 [00:00<00:02, 43.80it/s]OCR-det:  31%|███       | 46/149 [00:01<00:01, 66.27it/s]OCR-det:  47%|████▋     | 70/149 [00:01<00:00, 101.30it/s]

External Layout Extraction: 100%|██████████| 6/6 [00:03<00:00,  1.38it/s][A[AExternal Layout Extraction: 100%|██████████| 6/6 [00:03<00:00,  1.72it/s]
OCR-det:  60%|█████▉    | 89/149 [00:01<00:00, 105.05it/s]

OCR-det:   0%|          | 0/124 [00:00<?, ?it/s][A[AOCR-det:  70%|███████   | 105/149 [00:01<00:00, 93.59it/s]OCR-det:  80%|███████▉  | 119/149 [00:01<00:00, 90.75it/s]OCR-det:  91%|█████████▏| 136/149 [00:01<00:00, 103.29it/s]

OCR-det:   3%|▎         | 4/124 [00:00<00:18,  6.52it/s][A[AINFO:     127.0.0.1:55908 - "GET /tasks/c99bdcb4-8308-431e-b6dd-7980be774265 HTTP/1.1" 200 OK
OCR-det: 100%|██████████| 149/149 [00:02<00:00, 81.85it/s] OCR-det: 100%|██████████| 149/149 [00:02<00:00, 71.44it/s]
Processing pages:   0%|          | 0/10 [00:00<?, ?it/s]

OCR-det:  11%|█▏        | 14/124 [00:00<00:05, 21.67it/s][A[AProcessing pages:  10%|█         | 1/10 [00:00<00:01,  5.82it/s]

OCR-det:  20%|██        | 25/124 [00:00<00:02, 34.63it/s][A[AProcessing pages:  20%|██        | 2/10 [00:00<00:01,  5.93it/s]

OCR-det:  27%|██▋       | 33/124 [00:01<00:02, 38.20it/s][A[AProcessing pages:  30%|███       | 3/10 [00:00<00:01,  5.68it/s]

OCR-det:  38%|███▊      | 47/124 [00:01<00:01, 49.84it/s][A[AProcessing pages:  40%|████      | 4/10 [00:00<00:01,  5.85it/s]

OCR-det:  44%|████▎     | 54/124 [00:01<00:01, 48.40it/s][A[A

OCR-det:  49%|████▉     | 61/124 [00:01<00:01, 46.48it/s][A[AProcessing pages:  50%|█████     | 5/10 [00:00<00:00,  5.51it/s]Processing pages:  60%|██████    | 6/10 [00:01<00:00,  4.96it/s]

OCR-det:  55%|█████▍    | 68/124 [00:01<00:01, 38.01it/s][A[AProcessing pages:  70%|███████   | 7/10 [00:01<00:00,  5.45it/s]

OCR-det:  64%|██████▎   | 79/124 [00:02<00:00, 45.65it/s][A[AProcessing pages:  80%|████████  | 8/10 [00:01<00:00,  5.60it/s]

OCR-det:  70%|███████   | 87/124 [00:02<00:00, 44.55it/s][A[AProcessing pages:  90%|█████████ | 9/10 [00:01<00:00,  5.45it/s]

OCR-det:  76%|███████▌  | 94/124 [00:02<00:00, 44.33it/s][A[A

OCR-det:  81%|████████▏ | 101/124 [00:02<00:00, 48.18it/s][A[AProcessing pages: 100%|██████████| 10/10 [00:01<00:00,  5.26it/s]Processing pages: 100%|██████████| 10/10 [00:01<00:00,  5.43it/s]
INFO:     127.0.0.1:53858 - "GET /tasks/3a1e728f-011a-4d76-8f40-4d47ac537b2c HTTP/1.1" 200 OK
INFO:     127.0.0.1:55908 - "GET /tasks/dd22ba8a-be56-4a44-be51-a0eae16d47db HTTP/1.1" 200 OK
INFO:     127.0.0.1:55908 - "GET /tasks/c99bdcb4-8308-431e-b6dd-7980be774265 HTTP/1.1" 200 OK
INFO:     127.0.0.1:55908 - "GET /tasks/c99bdcb4-8308-431e-b6dd-7980be774265/result HTTP/1.1" 200 OK


OCR-det:  86%|████████▋ | 107/124 [00:03<00:00, 23.68it/s][A[A

OCR-det:  91%|█████████ | 113/124 [00:03<00:00, 27.81it/s][A[AINFO:     127.0.0.1:55908 - "POST /tasks HTTP/1.1" 202 Accepted
INFO:     127.0.0.1:55908 - "GET /tasks/3be93aaa-6061-4510-9e45-d422a057b4ed HTTP/1.1" 200 OK
2026-09-28 12:01:43.995 | INFO     | mineru.utils.engine_utils:get_vlm_engine:34 - Using vllm-async-engine as the inference engine for VLM.


OCR-det:  95%|█████████▌| 118/124 [00:03<00:00, 25.01it/s][A[AOCR-det: 100%|██████████| 124/124 [00:03<00:00, 34.16it/s]
2026-09-28 12:01:44.611 | INFO     | mineru.backend.hybrid.hybrid_analyze:aio_doc_analyze:1139 - Hybrid processing-window run. page_count=10, window_size=64, total_windows=1
2026-09-28 12:01:44.612 | INFO     | mineru.backend.hybrid.hybrid_analyze:get_batch_ratio:875 - hybrid batch ratio (auto, vram=40GB): 16
Processing pages:   0%|          | 0/10 [00:00<?, ?it/s]Processing pages:  10%|█         | 1/10 [00:00<00:01,  7.93it/s]Processing pages:  20%|██        | 2/10 [00:00<00:01,  6.98it/s]Processing pages:  30%|███       | 3/10 [00:00<00:00,  7.18it/s]Processing pages:  40%|████      | 4/10 [00:00<00:00,  7.09it/s]Processing pages:  50%|█████     | 5/10 [00:00<00:00,  6.82it/s]Processing pages:  60%|██████    | 6/10 [00:01<00:00,  5.04it/s]Processing pages:  70%|███████   | 7/10 [00:01<00:00,  5.40it/s]Processing pages:  80%|████████  | 8/10 [00:01<00:00,  5.83it/s]Processing pages:  90%|█████████ | 9/10 [00:01<00:00,  6.05it/s]Processing pages: 100%|██████████| 10/10 [00:01<00:00,  6.15it/s]Processing pages: 100%|██████████| 10/10 [00:01<00:00,  6.16it/s]

External Layout Extraction: 100%|██████████| 2/2 [00:09<00:00,  5.14s/it][AExternal Layout Extraction: 100%|██████████| 2/2 [00:09<00:00,  4.78s/it]
2026-09-28 12:01:46.264 | INFO     | mineru.backend.hybrid.hybrid_analyze:aio_doc_analyze:1161 - Hybrid processing window 1/1: pages 1-10/10 (10 pages)
Layout Predict:   0%|          | 0/10 [00:00<?, ?it/s]INFO:     127.0.0.1:53858 - "GET /tasks/dd22ba8a-be56-4a44-be51-a0eae16d47db HTTP/1.1" 200 OK
INFO:     127.0.0.1:55908 - "GET /tasks/3a1e728f-011a-4d76-8f40-4d47ac537b2c HTTP/1.1" 200 OK
INFO:     127.0.0.1:43398 - "GET /tasks/3be93aaa-6061-4510-9e45-d422a057b4ed HTTP/1.1" 200 OK

MFR Predict:   0%|          | 0/7 [00:00<?, ?it/s][ALayout Predict:  80%|████████  | 8/10 [00:00<00:00, 13.09it/s]Layout Predict: 100%|██████████| 10/10 [00:00<00:00, 13.74it/s]Layout Predict: 100%|██████████| 10/10 [00:00<00:00, 13.57it/s]
Table orientation det:   0%|          | 0/4 [00:00<?, ?it/s]Table orientation det:  75%|███████▌  | 3/4 [00:00<00:00, 29.63it/s]Table orientation score: 100%|██████████| 4/4 [00:00<00:00, 29.63it/s]Table orientation score: 100%|██████████| 4/4 [00:00<00:00, 29.63it/s]Table orientation: 100%|██████████| 4/4 [00:00<00:00, 29.63it/s]      Table orientation: 100%|██████████| 4/4 [00:00<00:00, 29.63it/s]Table orientation: 100%|██████████| 4/4 [00:00<00:00, 30.02it/s]
External Layout Extraction:   0%|          | 0/4 [00:00<?, ?it/s]
MFR Predict:  57%|█████▋    | 4/7 [00:00<00:00,  8.64it/s][AExternal Layout Extraction:  25%|██▌       | 1/4 [00:00<00:01,  1.68it/s]
MFR Predict: 100%|██████████| 7/7 [00:01<00:00,  6.07it/s][AMFR Predict: 100%|██████████| 7/7 [00:01<00:00,  6.40it/s]

OCR-det:   0%|          | 0/147 [00:00<?, ?it/s][AExternal Layout Extraction: 100%|██████████| 4/4 [00:00<00:00,  5.35it/s]External Layout Extraction: 100%|██████████| 4/4 [00:00<00:00,  4.60it/s]
OCR-det:   0%|          | 0/150 [00:00<?, ?it/s]INFO:     127.0.0.1:55908 - "GET /tasks/dd22ba8a-be56-4a44-be51-a0eae16d47db HTTP/1.1" 200 OK
INFO:     127.0.0.1:43398 - "GET /tasks/3be93aaa-6061-4510-9e45-d422a057b4ed HTTP/1.1" 200 OK
INFO:     127.0.0.1:53858 - "GET /tasks/3a1e728f-011a-4d76-8f40-4d47ac537b2c HTTP/1.1" 200 OK
INFO:     127.0.0.1:55908 - "GET /tasks/3a1e728f-011a-4d76-8f40-4d47ac537b2c/result HTTP/1.1" 200 OK
INFO:     127.0.0.1:55908 - "POST /tasks HTTP/1.1" 202 Accepted
INFO:     127.0.0.1:55908 - "GET /tasks/49c4dcaf-d0f6-4436-b632-1c2841b5b45a HTTP/1.1" 200 OK
2026-09-28 12:01:48.700 | INFO     | mineru.utils.engine_utils:get_vlm_engine:34 - Using vllm-async-engine as the inference engine for VLM.

OCR-det:   1%|▏         | 2/147 [00:00<01:03,  2.29it/s][A
OCR-det:   8%|▊         | 12/147 [00:00<00:08, 16.02it/s][A
OCR-det:  14%|█▍        | 21/147 [00:01<00:04, 27.13it/s][AOCR-det:   1%|          | 1/150 [00:00<02:08,  1.16it/s]OCR-det:   3%|▎         | 4/150 [00:00<00:28,  5.13it/s]
OCR-det:  21%|██        | 31/147 [00:01<00:03, 38.10it/s][AOCR-det:   9%|▊         | 13/150 [00:01<00:07, 18.94it/s]
OCR-det:  27%|██▋       | 39/147 [00:01<00:02, 45.79it/s][AOCR-det:  17%|█▋        | 25/150 [00:01<00:03, 36.37it/s]