[2026-09-28T12:53:05Z] Starting caller: env PYTHONPATH=/gpfs/home5/sfris1/multimodal-tip-of-tongue-for-scientific-papers/src .venv-mineru/bin/python -m extraction --input-dir /scratch-shared/sfris1/pdf_datasets --split-index /scratch-shared/sfris1/data/splits/pdf_dataset_split.json --split train+test --output-dir /scratch-shared/sfris1/processed --api-url http://127.0.0.1:43797 --max-in-flight 8 --domains Physics
{
  "mineru_health": {
    "completed_tasks": 0,
    "failed_tasks": 0,
    "max_concurrent_requests": 8,
    "processing_tasks": 0,
    "processing_window_size": 64,
    "protocol_version": 2,
    "queued_tasks": 0,
    "servers": [
      {
        "base_url": "http://127.0.0.1:49763",
        "completed_tasks": 0,
        "failed_tasks": 0,
        "gpu": "0",
        "healthy": true,
        "last_checked_at": "2026-09-28T12:53:28.712648+00:00",
        "last_error": null,
        "max_concurrent_requests": 8,
        "processing_tasks": 0,
        "processing_window_size": 64,
        "queued_tasks": 0,
        "server_id": "local-gpu-0",
        "source": "local"
      }
    ],
    "status": "healthy",
    "version": "3.4.0"
  }
}
progress completed=1 failed=0 in_flight=7 remaining=1421 papers/s=0.008 pages/s=0.0797
progress completed=2 failed=0 in_flight=7 remaining=1420 papers/s=0.0159 pages/s=0.159
progress completed=3 failed=0 in_flight=7 remaining=1419 papers/s=0.0238 pages/s=0.2382
progress completed=4 failed=0 in_flight=7 remaining=1418 papers/s=0.0317 pages/s=0.317
progress completed=5 failed=0 in_flight=7 remaining=1417 papers/s=0.0396 pages/s=0.396
progress completed=6 failed=0 in_flight=7 remaining=1416 papers/s=0.0466 pages/s=0.4661
progress completed=7 failed=0 in_flight=7 remaining=1415 papers/s=0.0537 pages/s=0.537
progress completed=8 failed=0 in_flight=7 remaining=1414 papers/s=0.0613 pages/s=0.6129
progress completed=9 failed=0 in_flight=7 remaining=1413 papers/s=0.0531 pages/s=0.5315
progress completed=10 failed=0 in_flight=7 remaining=1412 papers/s=0.059 pages/s=0.5903
progress completed=11 failed=0 in_flight=7 remaining=1411 papers/s=0.0644 pages/s=0.6439
progress completed=12 failed=0 in_flight=7 remaining=1410 papers/s=0.0698 pages/s=0.6982
progress completed=13 failed=0 in_flight=7 remaining=1409 papers/s=0.0755 pages/s=0.7553
progress completed=14 failed=0 in_flight=7 remaining=1408 papers/s=0.0812 pages/s=0.8122
progress completed=15 failed=0 in_flight=7 remaining=1407 papers/s=0.0869 pages/s=0.869
progress completed=16 failed=0 in_flight=7 remaining=1406 papers/s=0.0927 pages/s=0.9266
progress completed=17 failed=0 in_flight=7 remaining=1405 papers/s=0.0855 pages/s=0.8353
progress completed=18 failed=0 in_flight=7 remaining=1404 papers/s=0.0905 pages/s=0.8753
progress completed=19 failed=0 in_flight=7 remaining=1403 papers/s=0.0955 pages/s=0.9001
progress completed=20 failed=0 in_flight=7 remaining=1402 papers/s=0.1005 pages/s=0.94
progress completed=21 failed=0 in_flight=7 remaining=1401 papers/s=0.1055 pages/s=0.9897
progress completed=22 failed=0 in_flight=7 remaining=1400 papers/s=0.1074 pages/s=1.0101
progress completed=23 failed=0 in_flight=7 remaining=1399 papers/s=0.1122 pages/s=1.0587
progress completed=24 failed=0 in_flight=7 remaining=1398 papers/s=0.1155 pages/s=1.0876
progress completed=25 failed=0 in_flight=7 remaining=1397 papers/s=0.1139 pages/s=1.0523
progress completed=26 failed=0 in_flight=7 remaining=1396 papers/s=0.1096 pages/s=1.0158
progress completed=27 failed=0 in_flight=7 remaining=1395 papers/s=0.1138 pages/s=1.0576
progress completed=28 failed=0 in_flight=7 remaining=1394 papers/s=0.1179 pages/s=1.0986
progress completed=29 failed=0 in_flight=7 remaining=1393 papers/s=0.122 pages/s=1.1403
progress completed=30 failed=0 in_flight=7 remaining=1392 papers/s=0.1262 pages/s=1.1821
progress completed=31 failed=0 in_flight=7 remaining=1391 papers/s=0.1304 pages/s=1.2237
progress completed=32 failed=0 in_flight=7 remaining=1390 papers/s=0.1315 pages/s=1.2365
progress completed=33 failed=0 in_flight=7 remaining=1389 papers/s=0.1337 pages/s=1.2476
progress completed=34 failed=0 in_flight=7 remaining=1388 papers/s=0.1253 pages/s=1.1533
progress completed=35 failed=0 in_flight=7 remaining=1387 papers/s=0.1289 pages/s=1.1862
progress completed=36 failed=0 in_flight=7 remaining=1386 papers/s=0.1326 pages/s=1.2117
progress completed=37 failed=0 in_flight=7 remaining=1385 papers/s=0.1362 pages/s=1.2482
progress completed=38 failed=0 in_flight=7 remaining=1384 papers/s=0.1398 pages/s=1.2844
progress completed=39 failed=0 in_flight=7 remaining=1383 papers/s=0.1434 pages/s=1.3204
progress completed=40 failed=0 in_flight=7 remaining=1382 papers/s=0.1445 pages/s=1.3334
progress completed=41 failed=0 in_flight=7 remaining=1381 papers/s=0.1474 pages/s=1.3622
progress completed=42 failed=0 in_flight=7 remaining=1380 papers/s=0.145 pages/s=1.3429
progress completed=43 failed=0 in_flight=7 remaining=1379 papers/s=0.1484 pages/s=1.3769
progress completed=44 failed=0 in_flight=7 remaining=1378 papers/s=0.1401 pages/s=1.3021
progress completed=45 failed=0 in_flight=7 remaining=1377 papers/s=0.1432 pages/s=1.3337
progress completed=46 failed=0 in_flight=7 remaining=1376 papers/s=0.1463 pages/s=1.3647
progress completed=47 failed=0 in_flight=7 remaining=1375 papers/s=0.1494 pages/s=1.3957
progress completed=48 failed=0 in_flight=7 remaining=1374 papers/s=0.1511 pages/s=1.4133
progress completed=49 failed=0 in_flight=7 remaining=1373 papers/s=0.1542 pages/s=1.4441
progress completed=50 failed=0 in_flight=7 remaining=1372 papers/s=0.1573 pages/s=1.4688
progress completed=51 failed=0 in_flight=7 remaining=1371 papers/s=0.1602 pages/s=1.4981
progress completed=52 failed=0 in_flight=7 remaining=1370 papers/s=0.1564 pages/s=1.4651
progress completed=53 failed=0 in_flight=7 remaining=1369 papers/s=0.1594 pages/s=1.4853
progress completed=54 failed=0 in_flight=7 remaining=1368 papers/s=0.1504 pages/s=1.4041
progress completed=55 failed=0 in_flight=7 remaining=1367 papers/s=0.1532 pages/s=1.4316
progress completed=56 failed=0 in_flight=7 remaining=1366 papers/s=0.1523 pages/s=1.417
progress completed=57 failed=0 in_flight=7 remaining=1365 papers/s=0.1452 pages/s=1.3446
progress completed=58 failed=0 in_flight=7 remaining=1364 papers/s=0.1477 pages/s=1.3622
progress completed=59 failed=0 in_flight=7 remaining=1363 papers/s=0.1501 pages/s=1.3869
progress completed=60 failed=0 in_flight=7 remaining=1362 papers/s=0.1526 pages/s=1.4115
progress completed=61 failed=0 in_flight=7 remaining=1361 papers/s=0.1551 pages/s=1.4365
progress completed=62 failed=0 in_flight=7 remaining=1360 papers/s=0.1569 pages/s=1.4553
progress completed=63 failed=0 in_flight=7 remaining=1359 papers/s=0.158 pages/s=1.4675
progress completed=64 failed=0 in_flight=7 remaining=1358 papers/s=0.1591 pages/s=1.479
progress completed=65 failed=0 in_flight=7 remaining=1357 papers/s=0.1525 pages/s=1.4124
progress completed=66 failed=0 in_flight=7 remaining=1356 papers/s=0.1548 pages/s=1.4356
progress completed=67 failed=0 in_flight=7 remaining=1355 papers/s=0.1571 pages/s=1.4584
progress completed=68 failed=0 in_flight=7 remaining=1354 papers/s=0.1594 pages/s=1.4815
progress completed=69 failed=0 in_flight=7 remaining=1353 papers/s=0.1611 pages/s=1.4898
progress completed=70 failed=0 in_flight=7 remaining=1352 papers/s=0.1634 pages/s=1.5106
progress completed=71 failed=0 in_flight=7 remaining=1351 papers/s=0.1657 pages/s=1.5332
progress completed=72 failed=0 in_flight=7 remaining=1350 papers/s=0.1679 pages/s=1.5558
progress completed=73 failed=0 in_flight=7 remaining=1349 papers/s=0.1657 pages/s=1.5279
progress completed=74 failed=0 in_flight=7 remaining=1348 papers/s=0.1623 pages/s=1.4888
progress completed=75 failed=0 in_flight=7 remaining=1347 papers/s=0.1644 pages/s=1.5105
progress completed=76 failed=0 in_flight=7 remaining=1346 papers/s=0.166 pages/s=1.5269
progress completed=77 failed=0 in_flight=7 remaining=1345 papers/s=0.1681 pages/s=1.5386
progress completed=78 failed=0 in_flight=7 remaining=1344 papers/s=0.1702 pages/s=1.5599
progress completed=79 failed=0 in_flight=7 remaining=1343 papers/s=0.1723 pages/s=1.5811
progress completed=80 failed=0 in_flight=7 remaining=1342 papers/s=0.1701 pages/s=1.5627
progress completed=81 failed=0 in_flight=7 remaining=1341 papers/s=0.1719 pages/s=1.581
progress completed=82 failed=0 in_flight=7 remaining=1340 papers/s=0.1643 pages/s=1.5131
progress completed=83 failed=0 in_flight=7 remaining=1339 papers/s=0.1661 pages/s=1.5311
progress completed=84 failed=0 in_flight=7 remaining=1338 papers/s=0.168 pages/s=1.5419
progress completed=85 failed=0 in_flight=7 remaining=1337 papers/s=0.17 pages/s=1.5617
progress completed=86 failed=0 in_flight=7 remaining=1336 papers/s=0.1719 pages/s=1.5812
progress completed=87 failed=0 in_flight=7 remaining=1335 papers/s=0.1738 pages/s=1.6005
progress completed=88 failed=0 in_flight=7 remaining=1334 papers/s=0.1758 pages/s=1.6182
progress completed=89 failed=0 in_flight=7 remaining=1333 papers/s=0.1758 pages/s=1.6197
progress completed=90 failed=0 in_flight=7 remaining=1332 papers/s=0.1756 pages/s=1.6197
progress completed=91 failed=0 in_flight=7 remaining=1331 papers/s=0.1758 pages/s=1.6227
progress completed=92 failed=0 in_flight=7 remaining=1330 papers/s=0.1752 pages/s=1.6186
progress completed=93 failed=0 in_flight=7 remaining=1329 papers/s=0.1718 pages/s=1.5883
progress completed=94 failed=0 in_flight=7 remaining=1328 papers/s=0.1736 pages/s=1.6066
progress completed=95 failed=0 in_flight=7 remaining=1327 papers/s=0.1743 pages/s=1.6147
progress completed=96 failed=0 in_flight=7 remaining=1326 papers/s=0.1761 pages/s=1.6326
progress completed=97 failed=0 in_flight=7 remaining=1325 papers/s=0.1779 pages/s=1.6506
progress completed=98 failed=0 in_flight=7 remaining=1324 papers/s=0.1776 pages/s=1.6488
progress completed=99 failed=0 in_flight=7 remaining=1323 papers/s=0.1794 pages/s=1.6667
progress completed=100 failed=0 in_flight=7 remaining=1322 papers/s=0.1804 pages/s=1.6757
progress completed=101 failed=0 in_flight=7 remaining=1321 papers/s=0.1782 pages/s=1.6548
progress completed=102 failed=0 in_flight=7 remaining=1320 papers/s=0.1763 pages/s=1.6386
progress completed=103 failed=0 in_flight=7 remaining=1319 papers/s=0.178 pages/s=1.6552
progress completed=104 failed=0 in_flight=7 remaining=1318 papers/s=0.1797 pages/s=1.6688
progress completed=105 failed=0 in_flight=7 remaining=1317 papers/s=0.1814 pages/s=1.6857
progress completed=106 failed=0 in_flight=7 remaining=1316 papers/s=0.1831 pages/s=1.7028
progress completed=107 failed=0 in_flight=7 remaining=1315 papers/s=0.1839 pages/s=1.7114
progress completed=108 failed=0 in_flight=7 remaining=1314 papers/s=0.182 pages/s=1.6956
progress completed=109 failed=0 in_flight=7 remaining=1313 papers/s=0.1837 pages/s=1.7086
progress completed=110 failed=0 in_flight=7 remaining=1312 papers/s=0.1841 pages/s=1.7075
progress completed=111 failed=0 in_flight=7 remaining=1311 papers/s=0.1784 pages/s=1.6493
progress completed=112 failed=0 in_flight=7 remaining=1310 papers/s=0.18 pages/s=1.665
progress completed=113 failed=0 in_flight=7 remaining=1309 papers/s=0.1816 pages/s=1.6809
progress completed=114 failed=0 in_flight=7 remaining=1308 papers/s=0.1832 pages/s=1.6966
progress completed=115 failed=0 in_flight=7 remaining=1307 papers/s=0.1847 pages/s=1.7124
progress completed=116 failed=0 in_flight=7 remaining=1306 papers/s=0.1863 pages/s=1.7281
progress completed=117 failed=0 in_flight=7 remaining=1305 papers/s=0.1873 pages/s=1.7381
progress completed=118 failed=0 in_flight=7 remaining=1304 papers/s=0.1888 pages/s=1.7475
progress completed=119 failed=0 in_flight=7 remaining=1303 papers/s=0.1865 pages/s=1.7275
progress completed=120 failed=0 in_flight=7 remaining=1302 papers/s=0.1874 pages/s=1.7307
progress completed=121 failed=0 in_flight=7 remaining=1301 papers/s=0.1881 pages/s=1.7379
progress completed=122 failed=0 in_flight=7 remaining=1300 papers/s=0.1875 pages/s=1.7292
progress completed=123 failed=0 in_flight=7 remaining=1299 papers/s=0.1873 pages/s=1.7269
progress completed=124 failed=0 in_flight=7 remaining=1298 papers/s=0.1888 pages/s=1.7418
progress completed=125 failed=0 in_flight=7 remaining=1297 papers/s=0.1873 pages/s=1.7233
progress completed=126 failed=0 in_flight=7 remaining=1296 papers/s=0.1888 pages/s=1.7381
progress completed=127 failed=0 in_flight=7 remaining=1295 papers/s=0.1903 pages/s=1.7529
progress completed=128 failed=0 in_flight=7 remaining=1294 papers/s=0.1917 pages/s=1.7676
progress completed=129 failed=0 in_flight=7 remaining=1293 papers/s=0.1928 pages/s=1.7786
progress completed=130 failed=0 in_flight=7 remaining=1292 papers/s=0.1943 pages/s=1.7933
progress completed=131 failed=0 in_flight=7 remaining=1291 papers/s=0.193 pages/s=1.7771
progress completed=132 failed=0 in_flight=7 remaining=1290 papers/s=0.194 pages/s=1.7871
progress completed=133 failed=0 in_flight=7 remaining=1289 papers/s=0.1933 pages/s=1.7816
progress completed=134 failed=0 in_flight=7 remaining=1288 papers/s=0.189 pages/s=1.738
progress completed=135 failed=0 in_flight=7 remaining=1287 papers/s=0.1904 pages/s=1.752
progress completed=136 failed=0 in_flight=7 remaining=1286 papers/s=0.1918 pages/s=1.7657
progress completed=137 failed=0 in_flight=7 remaining=1285 papers/s=0.1932 pages/s=1.7797
progress completed=138 failed=0 in_flight=7 remaining=1284 papers/s=0.1946 pages/s=1.7937
progress completed=139 failed=0 in_flight=7 remaining=1283 papers/s=0.1949 pages/s=1.796
progress completed=140 failed=0 in_flight=7 remaining=1282 papers/s=0.1962 pages/s=1.8066
progress completed=141 failed=0 in_flight=7 remaining=1281 papers/s=0.1943 pages/s=1.7898
progress completed=142 failed=0 in_flight=7 remaining=1280 papers/s=0.1923 pages/s=1.7731
progress completed=143 failed=0 in_flight=7 remaining=1279 papers/s=0.1892 pages/s=1.7454
progress completed=144 failed=0 in_flight=7 remaining=1278 papers/s=0.1905 pages/s=1.7583
progress completed=145 failed=0 in_flight=7 remaining=1277 papers/s=0.1918 pages/s=1.7712
progress completed=146 failed=0 in_flight=7 remaining=1276 papers/s=0.1931 pages/s=1.7838
progress completed=147 failed=0 in_flight=7 remaining=1275 papers/s=0.1943 pages/s=1.7964
progress completed=148 failed=0 in_flight=7 remaining=1274 papers/s=0.1956 pages/s=1.8078
progress completed=149 failed=0 in_flight=7 remaining=1273 papers/s=0.1962 pages/s=1.8145
progress completed=150 failed=0 in_flight=7 remaining=1272 papers/s=0.1959 pages/s=1.811
progress completed=151 failed=0 in_flight=7 remaining=1271 papers/s=0.1895 pages/s=1.7536
progress completed=152 failed=0 in_flight=7 remaining=1270 papers/s=0.1908 pages/s=1.7659
progress completed=153 failed=0 in_flight=7 remaining=1269 papers/s=0.192 pages/s=1.7779
progress completed=154 failed=0 in_flight=7 remaining=1268 papers/s=0.1932 pages/s=1.7902
progress completed=155 failed=0 in_flight=7 remaining=1267 papers/s=0.1944 pages/s=1.7989
progress completed=156 failed=0 in_flight=7 remaining=1266 papers/s=0.1957 pages/s=1.8112
progress completed=157 failed=0 in_flight=7 remaining=1265 papers/s=0.1969 pages/s=1.8235
progress completed=158 failed=0 in_flight=7 remaining=1264 papers/s=0.197 pages/s=1.8246
progress completed=159 failed=0 in_flight=7 remaining=1263 papers/s=0.1893 pages/s=1.7541
progress completed=160 failed=0 in_flight=7 remaining=1262 papers/s=0.1905 pages/s=1.761
progress completed=161 failed=0 in_flight=7 remaining=1261 papers/s=0.1917 pages/s=1.7726
progress completed=162 failed=0 in_flight=7 remaining=1260 papers/s=0.1928 pages/s=1.7842
progress completed=163 failed=0 in_flight=7 remaining=1259 papers/s=0.194 pages/s=1.7959
progress completed=164 failed=0 in_flight=7 remaining=1258 papers/s=0.1951 pages/s=1.8073
progress completed=165 failed=0 in_flight=7 remaining=1257 papers/s=0.1955 pages/s=1.8118
progress completed=166 failed=0 in_flight=7 remaining=1256 papers/s=0.1966 pages/s=1.8232
progress completed=167 failed=0 in_flight=7 remaining=1255 papers/s=0.1909 pages/s=1.7681
progress completed=168 failed=0 in_flight=7 remaining=1254 papers/s=0.192 pages/s=1.7794
progress completed=169 failed=0 in_flight=7 remaining=1253 papers/s=0.1928 pages/s=1.7873
progress completed=170 failed=0 in_flight=7 remaining=1252 papers/s=0.1939 pages/s=1.7983
progress completed=171 failed=0 in_flight=7 remaining=1251 papers/s=0.195 pages/s=1.8095
progress completed=172 failed=0 in_flight=7 remaining=1250 papers/s=0.1961 pages/s=1.8207
progress completed=173 failed=0 in_flight=7 remaining=1249 papers/s=0.1956 pages/s=1.8135
progress completed=174 failed=0 in_flight=7 remaining=1248 papers/s=0.1967 pages/s=1.8233
progress completed=175 failed=0 in_flight=7 remaining=1247 papers/s=0.1909 pages/s=1.7707
progress completed=176 failed=0 in_flight=7 remaining=1246 papers/s=0.192 pages/s=1.7815
progress completed=177 failed=0 in_flight=7 remaining=1245 papers/s=0.1931 pages/s=1.7901
progress completed=178 failed=0 in_flight=7 remaining=1244 papers/s=0.1942 pages/s=1.8009
progress completed=179 failed=0 in_flight=7 remaining=1243 papers/s=0.195 pages/s=1.8096
progress completed=180 failed=0 in_flight=7 remaining=1242 papers/s=0.196 pages/s=1.8197
progress completed=181 failed=0 in_flight=7 remaining=1241 papers/s=0.1971 pages/s=1.8302
progress completed=182 failed=0 in_flight=7 remaining=1240 papers/s=0.1981 pages/s=1.8408
progress completed=183 failed=0 in_flight=7 remaining=1239 papers/s=0.197 pages/s=1.8307
progress completed=184 failed=0 in_flight=7 remaining=1238 papers/s=0.1932 pages/s=1.7966
progress completed=185 failed=0 in_flight=7 remaining=1237 papers/s=0.1942 pages/s=1.8067
progress completed=186 failed=0 in_flight=7 remaining=1236 papers/s=0.1952 pages/s=1.8162
progress completed=187 failed=0 in_flight=7 remaining=1235 papers/s=0.1962 pages/s=1.8265
progress completed=188 failed=0 in_flight=7 remaining=1234 papers/s=0.1972 pages/s=1.8368
progress completed=189 failed=0 in_flight=7 remaining=1233 papers/s=0.1983 pages/s=1.8472
progress completed=190 failed=0 in_flight=7 remaining=1232 papers/s=0.198 pages/s=1.8452
progress completed=191 failed=0 in_flight=7 remaining=1231 papers/s=0.1987 pages/s=1.853
progress completed=192 failed=0 in_flight=7 remaining=1230 papers/s=0.1946 pages/s=1.8152
progress completed=193 failed=0 in_flight=7 remaining=1229 papers/s=0.1956 pages/s=1.8252
progress completed=194 failed=0 in_flight=7 remaining=1228 papers/s=0.1966 pages/s=1.8348
progress completed=195 failed=0 in_flight=7 remaining=1227 papers/s=0.1975 pages/s=1.8448
progress completed=196 failed=0 in_flight=7 remaining=1226 papers/s=0.1985 pages/s=1.8548
progress completed=197 failed=0 in_flight=7 remaining=1225 papers/s=0.1995 pages/s=1.8647
progress completed=198 failed=0 in_flight=7 remaining=1224 papers/s=0.2005 pages/s=1.8747
progress completed=199 failed=0 in_flight=7 remaining=1223 papers/s=0.2007 pages/s=1.8751
progress completed=200 failed=0 in_flight=7 remaining=1222 papers/s=0.2 pages/s=1.8686
progress completed=201 failed=0 in_flight=7 remaining=1221 papers/s=0.1977 pages/s=1.8479
progress completed=202 failed=0 in_flight=7 remaining=1220 papers/s=0.1986 pages/s=1.8554
progress completed=203 failed=0 in_flight=7 remaining=1219 papers/s=0.1995 pages/s=1.8639
progress completed=204 failed=0 in_flight=7 remaining=1218 papers/s=0.2004 pages/s=1.8732
progress completed=205 failed=0 in_flight=7 remaining=1217 papers/s=0.2013 pages/s=1.8779
progress completed=206 failed=0 in_flight=7 remaining=1216 papers/s=0.2023 pages/s=1.8876
progress completed=207 failed=0 in_flight=7 remaining=1215 papers/s=0.2011 pages/s=1.8772
progress completed=208 failed=0 in_flight=7 remaining=1214 papers/s=0.2021 pages/s=1.8867
progress completed=209 failed=0 in_flight=7 remaining=1213 papers/s=0.1976 pages/s=1.8455
progress completed=210 failed=0 in_flight=7 remaining=1212 papers/s=0.1985 pages/s=1.852
progress completed=211 failed=0 in_flight=7 remaining=1211 papers/s=0.1995 pages/s=1.8604
progress completed=212 failed=0 in_flight=7 remaining=1210 papers/s=0.2004 pages/s=1.8697
progress completed=213 failed=0 in_flight=7 remaining=1209 papers/s=0.2013 pages/s=1.8769
progress completed=214 failed=0 in_flight=7 remaining=1208 papers/s=0.2022 pages/s=1.8839
progress completed=215 failed=0 in_flight=7 remaining=1207 papers/s=0.203 pages/s=1.8915
progress completed=216 failed=0 in_flight=7 remaining=1206 papers/s=0.2037 pages/s=1.8976
progress completed=217 failed=0 in_flight=7 remaining=1205 papers/s=0.199 pages/s=1.8493
progress completed=218 failed=0 in_flight=7 remaining=1204 papers/s=0.1999 pages/s=1.8584
progress completed=219 failed=0 in_flight=7 remaining=1203 papers/s=0.2008 pages/s=1.8674
progress completed=220 failed=0 in_flight=7 remaining=1202 papers/s=0.2016 pages/s=1.8762
progress completed=221 failed=0 in_flight=7 remaining=1201 papers/s=0.2025 pages/s=1.8852
progress completed=222 failed=0 in_flight=7 remaining=1200 papers/s=0.2035 pages/s=1.8943
progress completed=223 failed=0 in_flight=7 remaining=1199 papers/s=0.2034 pages/s=1.8945
progress completed=224 failed=0 in_flight=7 remaining=1198 papers/s=0.2043 pages/s=1.9033
progress completed=225 failed=0 in_flight=7 remaining=1197 papers/s=0.2019 pages/s=1.8815
progress completed=226 failed=0 in_flight=7 remaining=1196 papers/s=0.1993 pages/s=1.8568
progress completed=227 failed=0 in_flight=7 remaining=1195 papers/s=0.2002 pages/s=1.8646
progress completed=228 failed=0 in_flight=7 remaining=1194 papers/s=0.2011 pages/s=1.873
progress completed=229 failed=0 in_flight=7 remaining=1193 papers/s=0.2018 pages/s=1.8802
progress completed=230 failed=0 in_flight=7 remaining=1192 papers/s=0.2026 pages/s=1.8867
progress completed=231 failed=0 in_flight=7 remaining=1191 papers/s=0.2035 pages/s=1.8954
progress completed=232 failed=0 in_flight=7 remaining=1190 papers/s=0.2043 pages/s=1.9039
progress completed=233 failed=0 in_flight=7 remaining=1189 papers/s=0.2039 pages/s=1.901
progress completed=234 failed=0 in_flight=7 remaining=1188 papers/s=0.2045 pages/s=1.9067
progress completed=235 failed=0 in_flight=7 remaining=1187 papers/s=0.2045 pages/s=1.903
progress completed=236 failed=0 in_flight=7 remaining=1186 papers/s=0.2009 pages/s=1.8685
progress completed=237 failed=0 in_flight=7 remaining=1185 papers/s=0.2017 pages/s=1.877
progress completed=238 failed=0 in_flight=7 remaining=1184 papers/s=0.2026 pages/s=1.8853
progress completed=239 failed=0 in_flight=7 remaining=1183 papers/s=0.2026 pages/s=1.8863
progress completed=240 failed=0 in_flight=7 remaining=1182 papers/s=0.2023 pages/s=1.8842
progress completed=241 failed=0 in_flight=7 remaining=1181 papers/s=0.2031 pages/s=1.8924
progress completed=242 failed=0 in_flight=7 remaining=1180 papers/s=0.2035 pages/s=1.8964
progress completed=243 failed=0 in_flight=7 remaining=1179 papers/s=0.2043 pages/s=1.9045
progress completed=244 failed=0 in_flight=7 remaining=1178 papers/s=0.2037 pages/s=1.8953
progress completed=245 failed=0 in_flight=7 remaining=1177 papers/s=0.2022 pages/s=1.8816
progress completed=246 failed=0 in_flight=7 remaining=1176 papers/s=0.2019 pages/s=1.8796
progress completed=247 failed=0 in_flight=7 remaining=1175 papers/s=0.2027 pages/s=1.8876
progress completed=248 failed=0 in_flight=7 remaining=1174 papers/s=0.2035 pages/s=1.8957
progress completed=249 failed=0 in_flight=7 remaining=1173 papers/s=0.2043 pages/s=1.9038
progress completed=250 failed=0 in_flight=7 remaining=1172 papers/s=0.2035 pages/s=1.8962
progress completed=251 failed=0 in_flight=7 remaining=1171 papers/s=0.2041 pages/s=1.9018
progress completed=252 failed=0 in_flight=7 remaining=1170 papers/s=0.2049 pages/s=1.9098
progress completed=253 failed=0 in_flight=7 remaining=1169 papers/s=0.2033 pages/s=1.8959
progress completed=254 failed=0 in_flight=7 remaining=1168 papers/s=0.2016 pages/s=1.88
progress completed=255 failed=0 in_flight=7 remaining=1167 papers/s=0.2023 pages/s=1.8871
progress completed=256 failed=0 in_flight=7 remaining=1166 papers/s=0.203 pages/s=1.8907
progress completed=257 failed=0 in_flight=7 remaining=1165 papers/s=0.2038 pages/s=1.8985
progress completed=258 failed=0 in_flight=7 remaining=1164 papers/s=0.2046 pages/s=1.9062
progress completed=259 failed=0 in_flight=7 remaining=1163 papers/s=0.2049 pages/s=1.9097
progress completed=260 failed=0 in_flight=7 remaining=1162 papers/s=0.2057 pages/s=1.9174
progress completed=261 failed=0 in_flight=7 remaining=1161 papers/s=0.2055 pages/s=1.9131
progress completed=262 failed=0 in_flight=7 remaining=1160 papers/s=0.2057 pages/s=1.9154
progress completed=263 failed=0 in_flight=7 remaining=1159 papers/s=0.2058 pages/s=1.9173
progress completed=264 failed=0 in_flight=7 remaining=1158 papers/s=0.2055 pages/s=1.9153
progress completed=265 failed=0 in_flight=7 remaining=1157 papers/s=0.2036 pages/s=1.8969
progress completed=266 failed=0 in_flight=7 remaining=1156 papers/s=0.2043 pages/s=1.9043
progress completed=267 failed=0 in_flight=7 remaining=1155 papers/s=0.205 pages/s=1.9107
progress completed=268 failed=0 in_flight=7 remaining=1154 papers/s=0.2058 pages/s=1.9183
progress completed=269 failed=0 in_flight=7 remaining=1153 papers/s=0.2066 pages/s=1.9258
progress completed=270 failed=0 in_flight=7 remaining=1152 papers/s=0.2066 pages/s=1.9263
progress completed=271 failed=0 in_flight=7 remaining=1151 papers/s=0.2073 pages/s=1.9337
progress completed=272 failed=0 in_flight=7 remaining=1150 papers/s=0.2065 pages/s=1.9269
progress completed=273 failed=0 in_flight=7 remaining=1149 papers/s=0.203 pages/s=1.8945
progress completed=274 failed=0 in_flight=7 remaining=1148 papers/s=0.2037 pages/s=1.901
progress completed=275 failed=0 in_flight=7 remaining=1147 papers/s=0.2044 pages/s=1.9081
progress completed=276 failed=0 in_flight=7 remaining=1146 papers/s=0.2051 pages/s=1.9154
progress completed=277 failed=0 in_flight=7 remaining=1145 papers/s=0.2059 pages/s=1.9225
progress completed=278 failed=0 in_flight=7 remaining=1144 papers/s=0.2066 pages/s=1.9298
progress completed=279 failed=0 in_flight=7 remaining=1143 papers/s=0.2066 pages/s=1.9283
progress completed=280 failed=0 in_flight=7 remaining=1142 papers/s=0.2073 pages/s=1.9355
progress completed=281 failed=0 in_flight=7 remaining=1141 papers/s=0.207 pages/s=1.9332
progress completed=282 failed=0 in_flight=7 remaining=1140 papers/s=0.2051 pages/s=1.915
progress completed=283 failed=0 in_flight=7 remaining=1139 papers/s=0.2057 pages/s=1.9214
progress completed=284 failed=0 in_flight=7 remaining=1138 papers/s=0.2064 pages/s=1.9284
progress completed=285 failed=0 in_flight=7 remaining=1137 papers/s=0.2071 pages/s=1.9341
progress completed=286 failed=0 in_flight=7 remaining=1136 papers/s=0.2079 pages/s=1.9412
progress completed=287 failed=0 in_flight=7 remaining=1135 papers/s=0.2073 pages/s=1.9337
progress completed=288 failed=0 in_flight=7 remaining=1134 papers/s=0.2076 pages/s=1.9365
progress completed=289 failed=0 in_flight=7 remaining=1133 papers/s=0.2076 pages/s=1.9378
progress completed=290 failed=0 in_flight=7 remaining=1132 papers/s=0.2081 pages/s=1.9424
progress completed=291 failed=0 in_flight=7 remaining=1131 papers/s=0.2069 pages/s=1.9286
progress completed=292 failed=0 in_flight=7 remaining=1130 papers/s=0.207 pages/s=1.9301
progress completed=293 failed=0 in_flight=7 remaining=1129 papers/s=0.2077 pages/s=1.9335
progress completed=294 failed=0 in_flight=7 remaining=1128 papers/s=0.2083 pages/s=1.9403
progress completed=295 failed=0 in_flight=7 remaining=1127 papers/s=0.2089 pages/s=1.9462
progress completed=296 failed=0 in_flight=7 remaining=1126 papers/s=0.2095 pages/s=1.9525
progress completed=297 failed=0 in_flight=7 remaining=1125 papers/s=0.2083 pages/s=1.9414
progress completed=298 failed=0 in_flight=7 remaining=1124 papers/s=0.2084 pages/s=1.9428
progress completed=299 failed=0 in_flight=7 remaining=1123 papers/s=0.2059 pages/s=1.9168
progress completed=300 failed=0 in_flight=7 remaining=1122 papers/s=0.2066 pages/s=1.9236
progress completed=301 failed=0 in_flight=7 remaining=1121 papers/s=0.2072 pages/s=1.9297
progress completed=302 failed=0 in_flight=7 remaining=1120 papers/s=0.2078 pages/s=1.9358
progress completed=303 failed=0 in_flight=7 remaining=1119 papers/s=0.2085 pages/s=1.9424
progress completed=304 failed=0 in_flight=7 remaining=1118 papers/s=0.2092 pages/s=1.9485
progress completed=305 failed=0 in_flight=7 remaining=1117 papers/s=0.2098 pages/s=1.9553
progress completed=306 failed=0 in_flight=7 remaining=1116 papers/s=0.2096 pages/s=1.9532
progress completed=307 failed=0 in_flight=7 remaining=1115 papers/s=0.2093 pages/s=1.9497
progress completed=308 failed=0 in_flight=7 remaining=1114 papers/s=0.2065 pages/s=1.9242
progress completed=309 failed=0 in_flight=7 remaining=1113 papers/s=0.2072 pages/s=1.9308
progress completed=310 failed=0 in_flight=7 remaining=1112 papers/s=0.2078 pages/s=1.9372
progress completed=311 failed=0 in_flight=7 remaining=1111 papers/s=0.2085 pages/s=1.9438
progress completed=312 failed=0 in_flight=7 remaining=1110 papers/s=0.2091 pages/s=1.9498
progress completed=313 failed=0 in_flight=7 remaining=1109 papers/s=0.2098 pages/s=1.9564
progress completed=314 failed=0 in_flight=7 remaining=1108 papers/s=0.2099 pages/s=1.9584
progress completed=315 failed=0 in_flight=7 remaining=1107 papers/s=0.2106 pages/s=1.9647
progress completed=316 failed=0 in_flight=7 remaining=1106 papers/s=0.2092 pages/s=1.95
progress completed=317 failed=0 in_flight=7 remaining=1105 papers/s=0.2097 pages/s=1.9531
progress completed=318 failed=0 in_flight=7 remaining=1104 papers/s=0.2088 pages/s=1.9451
progress completed=319 failed=0 in_flight=7 remaining=1103 papers/s=0.2095 pages/s=1.9516
progress completed=320 failed=0 in_flight=7 remaining=1102 papers/s=0.2101 pages/s=1.9581
progress completed=321 failed=0 in_flight=7 remaining=1101 papers/s=0.2098 pages/s=1.9557
progress completed=322 failed=0 in_flight=7 remaining=1100 papers/s=0.2105 pages/s=1.9621
progress completed=323 failed=0 in_flight=7 remaining=1099 papers/s=0.2111 pages/s=1.9683
progress completed=324 failed=0 in_flight=7 remaining=1098 papers/s=0.2111 pages/s=1.9667
progress completed=325 failed=0 in_flight=7 remaining=1097 papers/s=0.2116 pages/s=1.971
progress completed=326 failed=0 in_flight=7 remaining=1096 papers/s=0.211 pages/s=1.9641
progress completed=327 failed=0 in_flight=7 remaining=1095 papers/s=0.2103 pages/s=1.9582
progress completed=328 failed=0 in_flight=7 remaining=1094 papers/s=0.2108 pages/s=1.9603
progress completed=329 failed=0 in_flight=7 remaining=1093 papers/s=0.2114 pages/s=1.9666
progress completed=330 failed=0 in_flight=7 remaining=1092 papers/s=0.2121 pages/s=1.9728
progress completed=331 failed=0 in_flight=7 remaining=1091 papers/s=0.2123 pages/s=1.9754
progress completed=332 failed=0 in_flight=7 remaining=1090 papers/s=0.2122 pages/s=1.9721
progress completed=333 failed=0 in_flight=7 remaining=1089 papers/s=0.2104 pages/s=1.9554
progress completed=334 failed=0 in_flight=7 remaining=1088 papers/s=0.211 pages/s=1.9608
progress completed=335 failed=0 in_flight=7 remaining=1087 papers/s=0.2116 pages/s=1.9666
progress completed=336 failed=0 in_flight=7 remaining=1086 papers/s=0.2121 pages/s=1.9716
progress completed=337 failed=0 in_flight=7 remaining=1085 papers/s=0.2127 pages/s=1.9777
progress completed=338 failed=0 in_flight=7 remaining=1084 papers/s=0.2132 pages/s=1.9835
progress completed=339 failed=0 in_flight=7 remaining=1083 papers/s=0.2122 pages/s=1.9741
progress completed=340 failed=0 in_flight=7 remaining=1082 papers/s=0.2126 pages/s=1.9775
progress completed=341 failed=0 in_flight=7 remaining=1081 papers/s=0.2121 pages/s=1.9696
progress completed=342 failed=0 in_flight=7 remaining=1080 papers/s=0.2126 pages/s=1.9747
progress completed=343 failed=0 in_flight=7 remaining=1079 papers/s=0.2131 pages/s=1.9792
progress completed=344 failed=0 in_flight=7 remaining=1078 papers/s=0.2113 pages/s=1.9635
progress completed=345 failed=0 in_flight=7 remaining=1077 papers/s=0.2119 pages/s=1.9677
progress completed=346 failed=0 in_flight=7 remaining=1076 papers/s=0.2123 pages/s=1.9715
progress completed=347 failed=0 in_flight=7 remaining=1075 papers/s=0.2129 pages/s=1.977
progress completed=348 failed=0 in_flight=7 remaining=1074 papers/s=0.2135 pages/s=1.983
progress completed=349 failed=0 in_flight=7 remaining=1073 papers/s=0.2126 pages/s=1.9746
progress completed=350 failed=0 in_flight=7 remaining=1072 papers/s=0.2132 pages/s=1.9805
progress completed=351 failed=0 in_flight=7 remaining=1071 papers/s=0.2135 pages/s=1.9843
progress completed=352 failed=0 in_flight=7 remaining=1070 papers/s=0.2112 pages/s=1.9606
progress completed=353 failed=0 in_flight=7 remaining=1069 papers/s=0.2118 pages/s=1.9666
progress completed=354 failed=0 in_flight=7 remaining=1068 papers/s=0.2124 pages/s=1.9724
progress completed=355 failed=0 in_flight=7 remaining=1067 papers/s=0.213 pages/s=1.9783
progress completed=356 failed=0 in_flight=7 remaining=1066 papers/s=0.2135 pages/s=1.9842
progress completed=357 failed=0 in_flight=7 remaining=1065 papers/s=0.2136 pages/s=1.984
progress completed=358 failed=0 in_flight=7 remaining=1064 papers/s=0.2139 pages/s=1.9874
progress completed=359 failed=0 in_flight=7 remaining=1063 papers/s=0.2106 pages/s=1.9544
progress completed=360 failed=0 in_flight=7 remaining=1062 papers/s=0.2112 pages/s=1.9602
progress completed=361 failed=0 in_flight=7 remaining=1061 papers/s=0.2118 pages/s=1.966
progress completed=362 failed=0 in_flight=7 remaining=1060 papers/s=0.2124 pages/s=1.9712
progress completed=363 failed=0 in_flight=7 remaining=1059 papers/s=0.2129 pages/s=1.9769
progress completed=364 failed=0 in_flight=7 remaining=1058 papers/s=0.2135 pages/s=1.9823
progress completed=365 failed=0 in_flight=7 remaining=1057 papers/s=0.2134 pages/s=1.9824
progress completed=366 failed=0 in_flight=7 remaining=1056 papers/s=0.214 pages/s=1.9882
progress completed=367 failed=0 in_flight=7 remaining=1055 papers/s=0.2134 pages/s=1.9817
progress completed=368 failed=0 in_flight=7 remaining=1054 papers/s=0.2119 pages/s=1.9679
progress completed=369 failed=0 in_flight=7 remaining=1053 papers/s=0.2124 pages/s=1.9735
progress completed=370 failed=0 in_flight=7 remaining=1052 papers/s=0.213 pages/s=1.9792
progress completed=371 failed=0 in_flight=7 remaining=1051 papers/s=0.2136 pages/s=1.9837
progress completed=372 failed=0 in_flight=7 remaining=1050 papers/s=0.2141 pages/s=1.9894
progress completed=373 failed=0 in_flight=7 remaining=1049 papers/s=0.2142 pages/s=1.9908
progress completed=374 failed=0 in_flight=7 remaining=1048 papers/s=0.2148 pages/s=1.9964
progress completed=375 failed=0 in_flight=7 remaining=1047 papers/s=0.214 pages/s=1.9896
progress completed=376 failed=0 in_flight=7 remaining=1046 papers/s=0.2135 pages/s=1.9827
progress completed=377 failed=0 in_flight=7 remaining=1045 papers/s=0.2125 pages/s=1.9738
progress completed=378 failed=0 in_flight=7 remaining=1044 papers/s=0.2129 pages/s=1.9782
progress completed=379 failed=0 in_flight=7 remaining=1043 papers/s=0.2135 pages/s=1.9836
progress completed=380 failed=0 in_flight=7 remaining=1042 papers/s=0.214 pages/s=1.9889
progress completed=381 failed=0 in_flight=7 remaining=1041 papers/s=0.2145 pages/s=1.9945
progress completed=382 failed=0 in_flight=7 remaining=1040 papers/s=0.2139 pages/s=1.9886
progress completed=383 failed=0 in_flight=7 remaining=1039 papers/s=0.2144 pages/s=1.9938
progress completed=384 failed=0 in_flight=7 remaining=1038 papers/s=0.2148 pages/s=1.996
progress completed=385 failed=0 in_flight=7 remaining=1037 papers/s=0.212 pages/s=1.9709
progress completed=386 failed=0 in_flight=7 remaining=1036 papers/s=0.2126 pages/s=1.9763
progress completed=387 failed=0 in_flight=7 remaining=1035 papers/s=0.2131 pages/s=1.9817
progress completed=388 failed=0 in_flight=7 remaining=1034 papers/s=0.2136 pages/s=1.9871
progress completed=389 failed=0 in_flight=7 remaining=1033 papers/s=0.2142 pages/s=1.9925
progress completed=390 failed=0 in_flight=7 remaining=1032 papers/s=0.2144 pages/s=1.9927
progress completed=391 failed=0 in_flight=7 remaining=1031 papers/s=0.2148 pages/s=1.9966
progress completed=392 failed=0 in_flight=7 remaining=1030 papers/s=0.2153 pages/s=2.0018
progress completed=393 failed=0 in_flight=7 remaining=1029 papers/s=0.2146 pages/s=1.9922
progress completed=394 failed=0 in_flight=7 remaining=1028 papers/s=0.2119 pages/s=1.9675
progress completed=395 failed=0 in_flight=7 remaining=1027 papers/s=0.2123 pages/s=1.9704
progress completed=396 failed=0 in_flight=7 remaining=1026 papers/s=0.2128 pages/s=1.9757
progress completed=397 failed=0 in_flight=7 remaining=1025 papers/s=0.2134 pages/s=1.9782
progress completed=398 failed=0 in_flight=7 remaining=1024 papers/s=0.2138 pages/s=1.9828
progress completed=399 failed=0 in_flight=7 remaining=1023 papers/s=0.2143 pages/s=1.9879
progress completed=400 failed=0 in_flight=7 remaining=1022 papers/s=0.2139 pages/s=1.984
progress completed=401 failed=0 in_flight=7 remaining=1021 papers/s=0.2142 pages/s=1.9877
progress completed=402 failed=0 in_flight=7 remaining=1020 papers/s=0.2113 pages/s=1.9608
progress completed=403 failed=0 in_flight=7 remaining=1019 papers/s=0.2118 pages/s=1.966
progress completed=404 failed=0 in_flight=7 remaining=1018 papers/s=0.2123 pages/s=1.9711
progress completed=405 failed=0 in_flight=7 remaining=1017 papers/s=0.2128 pages/s=1.9763
progress completed=406 failed=0 in_flight=7 remaining=1016 papers/s=0.2133 pages/s=1.9812
progress completed=407 failed=0 in_flight=7 remaining=1015 papers/s=0.2138 pages/s=1.9864
progress completed=408 failed=0 in_flight=7 remaining=1014 papers/s=0.2143 pages/s=1.9915
progress completed=409 failed=0 in_flight=7 remaining=1013 papers/s=0.2148 pages/s=1.9966
progress completed=410 failed=0 in_flight=7 remaining=1012 papers/s=0.2108 pages/s=1.9594
progress completed=411 failed=0 in_flight=7 remaining=1011 papers/s=0.2113 pages/s=1.9629
progress completed=412 failed=0 in_flight=7 remaining=1010 papers/s=0.2118 pages/s=1.968
progress completed=413 failed=0 in_flight=7 remaining=1009 papers/s=0.2123 pages/s=1.973
progress completed=414 failed=0 in_flight=7 remaining=1008 papers/s=0.2128 pages/s=1.9778
progress completed=415 failed=0 in_flight=7 remaining=1007 papers/s=0.2133 pages/s=1.9829
progress completed=416 failed=0 in_flight=7 remaining=1006 papers/s=0.2138 pages/s=1.9879
progress completed=417 failed=0 in_flight=7 remaining=1005 papers/s=0.2138 pages/s=1.9883
progress completed=418 failed=0 in_flight=7 remaining=1004 papers/s=0.2107 pages/s=1.9599
progress completed=419 failed=0 in_flight=7 remaining=1003 papers/s=0.2112 pages/s=1.9648
progress completed=420 failed=0 in_flight=7 remaining=1002 papers/s=0.2117 pages/s=1.9682
progress completed=421 failed=0 in_flight=7 remaining=1001 papers/s=0.2122 pages/s=1.9717
progress completed=422 failed=0 in_flight=7 remaining=1000 papers/s=0.2127 pages/s=1.9766
progress completed=423 failed=0 in_flight=7 remaining=999 papers/s=0.2132 pages/s=1.9805
progress completed=424 failed=0 in_flight=7 remaining=998 papers/s=0.2132 pages/s=1.9809
progress completed=425 failed=0 in_flight=7 remaining=997 papers/s=0.2136 pages/s=1.9857
progress completed=426 failed=0 in_flight=7 remaining=996 papers/s=0.2116 pages/s=1.9666
progress completed=427 failed=0 in_flight=7 remaining=995 papers/s=0.212 pages/s=1.9715
progress completed=428 failed=0 in_flight=7 remaining=994 papers/s=0.2116 pages/s=1.9677
progress completed=429 failed=0 in_flight=7 remaining=993 papers/s=0.2121 pages/s=1.9725
progress completed=430 failed=0 in_flight=7 remaining=992 papers/s=0.2126 pages/s=1.9774
progress completed=431 failed=0 in_flight=7 remaining=991 papers/s=0.2124 pages/s=1.976
progress completed=432 failed=0 in_flight=7 remaining=990 papers/s=0.2129 pages/s=1.9808
progress completed=433 failed=0 in_flight=7 remaining=989 papers/s=0.2131 pages/s=1.9836
progress completed=434 failed=0 in_flight=7 remaining=988 papers/s=0.2129 pages/s=1.9818
progress completed=435 failed=0 in_flight=7 remaining=987 papers/s=0.2116 pages/s=1.9699
progress completed=436 failed=0 in_flight=7 remaining=986 papers/s=0.2121 pages/s=1.9722
progress completed=437 failed=0 in_flight=7 remaining=985 papers/s=0.2125 pages/s=1.9769
progress completed=438 failed=0 in_flight=7 remaining=984 papers/s=0.213 pages/s=1.9817
progress completed=439 failed=0 in_flight=7 remaining=983 papers/s=0.2132 pages/s=1.9824
progress completed=440 failed=0 in_flight=7 remaining=982 papers/s=0.2137 pages/s=1.9857
progress completed=441 failed=0 in_flight=7 remaining=981 papers/s=0.2142 pages/s=1.9903
progress completed=442 failed=0 in_flight=7 remaining=980 papers/s=0.2132 pages/s=1.982
progress completed=443 failed=0 in_flight=7 remaining=979 papers/s=0.2126 pages/s=1.9748
progress completed=444 failed=0 in_flight=7 remaining=978 papers/s=0.2119 pages/s=1.9679
progress completed=445 failed=0 in_flight=7 remaining=977 papers/s=0.2123 pages/s=1.9726
progress completed=446 failed=0 in_flight=7 remaining=976 papers/s=0.2128 pages/s=1.9773
progress completed=447 failed=0 in_flight=7 remaining=975 papers/s=0.2123 pages/s=1.9715
progress completed=448 failed=0 in_flight=7 remaining=974 papers/s=0.2124 pages/s=1.9736
progress completed=449 failed=0 in_flight=7 remaining=973 papers/s=0.2129 pages/s=1.9781
progress completed=450 failed=0 in_flight=7 remaining=972 papers/s=0.2133 pages/s=1.9826
progress completed=451 failed=0 in_flight=7 remaining=971 papers/s=0.213 pages/s=1.98
progress completed=452 failed=0 in_flight=7 remaining=970 papers/s=0.2123 pages/s=1.9737
progress completed=453 failed=0 in_flight=7 remaining=969 papers/s=0.2106 pages/s=1.9577
progress completed=454 failed=0 in_flight=7 remaining=968 papers/s=0.211 pages/s=1.9609
progress completed=455 failed=0 in_flight=7 remaining=967 papers/s=0.2114 pages/s=1.9647
progress completed=456 failed=0 in_flight=7 remaining=966 papers/s=0.2119 pages/s=1.9693
progress completed=457 failed=0 in_flight=7 remaining=965 papers/s=0.2123 pages/s=1.9739
progress completed=458 failed=0 in_flight=7 remaining=964 papers/s=0.2128 pages/s=1.9785
progress completed=459 failed=0 in_flight=7 remaining=963 papers/s=0.2133 pages/s=1.983
progress completed=460 failed=0 in_flight=7 remaining=962 papers/s=0.2126 pages/s=1.9752
progress completed=461 failed=0 in_flight=7 remaining=961 papers/s=0.2113 pages/s=1.9634
progress completed=462 failed=0 in_flight=7 remaining=960 papers/s=0.2118 pages/s=1.967
progress completed=463 failed=0 in_flight=7 remaining=959 papers/s=0.2122 pages/s=1.9715
progress completed=464 failed=0 in_flight=7 remaining=958 papers/s=0.2127 pages/s=1.9751
progress completed=465 failed=0 in_flight=7 remaining=957 papers/s=0.2131 pages/s=1.9796
progress completed=466 failed=0 in_flight=7 remaining=956 papers/s=0.2136 pages/s=1.984
progress completed=467 failed=0 in_flight=7 remaining=955 papers/s=0.2135 pages/s=1.9841
progress completed=468 failed=0 in_flight=7 remaining=954 papers/s=0.2131 pages/s=1.9785
progress completed=469 failed=0 in_flight=7 remaining=953 papers/s=0.2133 pages/s=1.9809
progress completed=470 failed=0 in_flight=7 remaining=952 papers/s=0.2114 pages/s=1.9639
progress completed=471 failed=0 in_flight=7 remaining=951 papers/s=0.2119 pages/s=1.9684
progress completed=472 failed=0 in_flight=7 remaining=950 papers/s=0.2123 pages/s=1.9727
progress completed=473 failed=0 in_flight=7 remaining=949 papers/s=0.2125 pages/s=1.9746
progress completed=474 failed=0 in_flight=7 remaining=948 papers/s=0.2129 pages/s=1.979
progress completed=475 failed=0 in_flight=7 remaining=947 papers/s=0.2133 pages/s=1.9834
progress completed=476 failed=0 in_flight=7 remaining=946 papers/s=0.2126 pages/s=1.9764
progress completed=477 failed=0 in_flight=7 remaining=945 papers/s=0.213 pages/s=1.9808
progress completed=478 failed=0 in_flight=7 remaining=944 papers/s=0.211 pages/s=1.9628
progress completed=479 failed=0 in_flight=7 remaining=943 papers/s=0.2115 pages/s=1.9672
progress completed=480 failed=0 in_flight=7 remaining=942 papers/s=0.2119 pages/s=1.9715
progress completed=481 failed=0 in_flight=7 remaining=941 papers/s=0.2123 pages/s=1.9754
progress completed=482 failed=0 in_flight=7 remaining=940 papers/s=0.2123 pages/s=1.9754
progress completed=483 failed=0 in_flight=7 remaining=939 papers/s=0.2127 pages/s=1.9797
progress completed=484 failed=0 in_flight=7 remaining=938 papers/s=0.2125 pages/s=1.9779
progress completed=485 failed=0 in_flight=7 remaining=937 papers/s=0.2129 pages/s=1.9821
progress completed=486 failed=0 in_flight=7 remaining=936 papers/s=0.2126 pages/s=1.977
progress completed=487 failed=0 in_flight=7 remaining=935 papers/s=0.212 pages/s=1.9717
progress completed=488 failed=0 in_flight=7 remaining=934 papers/s=0.2123 pages/s=1.973
progress completed=489 failed=0 in_flight=7 remaining=933 papers/s=0.2127 pages/s=1.9772
progress completed=490 failed=0 in_flight=7 remaining=932 papers/s=0.2131 pages/s=1.9814
progress completed=491 failed=0 in_flight=7 remaining=931 papers/s=0.213 pages/s=1.9803
progress completed=492 failed=0 in_flight=7 remaining=930 papers/s=0.2113 pages/s=1.9645
progress completed=493 failed=0 in_flight=7 remaining=929 papers/s=0.2117 pages/s=1.9672
progress completed=494 failed=0 in_flight=7 remaining=928 papers/s=0.2121 pages/s=1.9714
progress completed=495 failed=0 in_flight=7 remaining=927 papers/s=0.2124 pages/s=1.9751
progress completed=496 failed=0 in_flight=7 remaining=926 papers/s=0.2129 pages/s=1.9794
progress completed=497 failed=0 in_flight=7 remaining=925 papers/s=0.2131 pages/s=1.9818
progress completed=498 failed=0 in_flight=7 remaining=924 papers/s=0.2135 pages/s=1.9859
progress completed=499 failed=0 in_flight=7 remaining=923 papers/s=0.2139 pages/s=1.9901
progress completed=500 failed=0 in_flight=7 remaining=922 papers/s=0.2135 pages/s=1.9862
progress completed=501 failed=0 in_flight=7 remaining=921 papers/s=0.2114 pages/s=1.9648
progress completed=502 failed=0 in_flight=7 remaining=920 papers/s=0.2118 pages/s=1.9689
progress completed=503 failed=0 in_flight=7 remaining=919 papers/s=0.2122 pages/s=1.973
progress completed=504 failed=0 in_flight=7 remaining=918 papers/s=0.2126 pages/s=1.9772
progress completed=505 failed=0 in_flight=7 remaining=917 papers/s=0.2129 pages/s=1.9799
progress completed=506 failed=0 in_flight=7 remaining=916 papers/s=0.2132 pages/s=1.9836
progress completed=507 failed=0 in_flight=7 remaining=915 papers/s=0.2136 pages/s=1.9876
progress completed=508 failed=0 in_flight=7 remaining=914 papers/s=0.214 pages/s=1.9917
progress completed=509 failed=0 in_flight=7 remaining=913 papers/s=0.2133 pages/s=1.9829
progress completed=510 failed=0 in_flight=7 remaining=912 papers/s=0.2122 pages/s=1.9731
progress completed=511 failed=0 in_flight=7 remaining=911 papers/s=0.2126 pages/s=1.9772
progress completed=512 failed=0 in_flight=7 remaining=910 papers/s=0.213 pages/s=1.9813
progress completed=513 failed=0 in_flight=7 remaining=909 papers/s=0.2134 pages/s=1.9855
progress completed=514 failed=0 in_flight=7 remaining=908 papers/s=0.2135 pages/s=1.9862
progress completed=515 failed=0 in_flight=7 remaining=907 papers/s=0.2139 pages/s=1.9903
progress completed=516 failed=0 in_flight=7 remaining=906 papers/s=0.2141 pages/s=1.9929
progress completed=517 failed=0 in_flight=7 remaining=905 papers/s=0.2137 pages/s=1.989
progress completed=518 failed=0 in_flight=7 remaining=904 papers/s=0.2121 pages/s=1.9741
progress completed=519 failed=0 in_flight=7 remaining=903 papers/s=0.2125 pages/s=1.9765
progress completed=520 failed=0 in_flight=7 remaining=902 papers/s=0.2129 pages/s=1.9801
progress completed=521 failed=0 in_flight=7 remaining=901 papers/s=0.2131 pages/s=1.9826
progress completed=522 failed=0 in_flight=7 remaining=900 papers/s=0.2135 pages/s=1.9849
progress completed=523 failed=0 in_flight=7 remaining=899 papers/s=0.2139 pages/s=1.9889
progress completed=524 failed=0 in_flight=7 remaining=898 papers/s=0.2143 pages/s=1.9928
progress completed=525 failed=0 in_flight=7 remaining=897 papers/s=0.2138 pages/s=1.9883
progress completed=526 failed=0 in_flight=7 remaining=896 papers/s=0.2139 pages/s=1.9893
progress completed=527 failed=0 in_flight=7 remaining=895 papers/s=0.2142 pages/s=1.992
progress completed=528 failed=0 in_flight=7 remaining=894 papers/s=0.2137 pages/s=1.9857
progress completed=529 failed=0 in_flight=7 remaining=893 papers/s=0.2125 pages/s=1.9748
progress completed=530 failed=0 in_flight=7 remaining=892 papers/s=0.2128 pages/s=1.9787
progress completed=531 failed=0 in_flight=7 remaining=891 papers/s=0.2132 pages/s=1.9826
progress completed=532 failed=0 in_flight=7 remaining=890 papers/s=0.2136 pages/s=1.9866
progress completed=533 failed=0 in_flight=7 remaining=889 papers/s=0.2134 pages/s=1.9838
progress completed=534 failed=0 in_flight=7 remaining=888 papers/s=0.2138 pages/s=1.9876
progress completed=535 failed=0 in_flight=7 remaining=887 papers/s=0.2139 pages/s=1.9871
progress completed=536 failed=0 in_flight=7 remaining=886 papers/s=0.2143 pages/s=1.991
progress completed=537 failed=0 in_flight=7 remaining=885 papers/s=0.2142 pages/s=1.9909
progress completed=538 failed=0 in_flight=7 remaining=884 papers/s=0.2142 pages/s=1.991
progress completed=539 failed=0 in_flight=7 remaining=883 papers/s=0.212 pages/s=1.9695
progress completed=540 failed=0 in_flight=7 remaining=882 papers/s=0.2123 pages/s=1.9732
progress completed=541 failed=0 in_flight=7 remaining=881 papers/s=0.2127 pages/s=1.9766
progress completed=542 failed=0 in_flight=7 remaining=880 papers/s=0.2131 pages/s=1.9805
progress completed=543 failed=0 in_flight=7 remaining=879 papers/s=0.2135 pages/s=1.9844
progress completed=544 failed=0 in_flight=7 remaining=878 papers/s=0.2139 pages/s=1.9883
progress completed=545 failed=0 in_flight=7 remaining=877 papers/s=0.2139 pages/s=1.9885
progress completed=546 failed=0 in_flight=7 remaining=876 papers/s=0.2143 pages/s=1.9923
progress completed=547 failed=0 in_flight=7 remaining=875 papers/s=0.2138 pages/s=1.9859
progress completed=548 failed=0 in_flight=7 remaining=874 papers/s=0.2122 pages/s=1.9719
progress completed=549 failed=0 in_flight=7 remaining=873 papers/s=0.2126 pages/s=1.9744
progress completed=550 failed=0 in_flight=7 remaining=872 papers/s=0.213 pages/s=1.9782
progress completed=551 failed=0 in_flight=7 remaining=871 papers/s=0.2133 pages/s=1.982
progress completed=552 failed=0 in_flight=7 remaining=870 papers/s=0.2137 pages/s=1.9858
progress completed=553 failed=0 in_flight=7 remaining=869 papers/s=0.2138 pages/s=1.9865
progress completed=554 failed=0 in_flight=7 remaining=868 papers/s=0.2142 pages/s=1.9903
progress completed=555 failed=0 in_flight=7 remaining=867 papers/s=0.2142 pages/s=1.9902
progress completed=556 failed=0 in_flight=7 remaining=866 papers/s=0.2123 pages/s=1.9731
progress completed=557 failed=0 in_flight=7 remaining=865 papers/s=0.2127 pages/s=1.9751
progress completed=558 failed=0 in_flight=7 remaining=864 papers/s=0.213 pages/s=1.9789
progress completed=559 failed=0 in_flight=7 remaining=863 papers/s=0.2134 pages/s=1.9825
progress completed=560 failed=0 in_flight=7 remaining=862 papers/s=0.2138 pages/s=1.9844
progress completed=561 failed=0 in_flight=7 remaining=861 papers/s=0.2142 pages/s=1.9881
progress completed=562 failed=0 in_flight=7 remaining=860 papers/s=0.2142 pages/s=1.989
progress completed=563 failed=0 in_flight=7 remaining=859 papers/s=0.2146 pages/s=1.992
progress completed=564 failed=0 in_flight=7 remaining=858 papers/s=0.2142 pages/s=1.9862
progress completed=565 failed=0 in_flight=7 remaining=857 papers/s=0.2142 pages/s=1.9847
progress completed=566 failed=0 in_flight=7 remaining=856 papers/s=0.2136 pages/s=1.9784
progress completed=567 failed=0 in_flight=7 remaining=855 papers/s=0.214 pages/s=1.982
progress completed=568 failed=0 in_flight=7 remaining=854 papers/s=0.2142 pages/s=1.9841
progress completed=569 failed=0 in_flight=7 remaining=853 papers/s=0.2145 pages/s=1.9878
progress completed=570 failed=0 in_flight=7 remaining=852 papers/s=0.2149 pages/s=1.991
progress completed=571 failed=0 in_flight=7 remaining=851 papers/s=0.2145 pages/s=1.9867
progress completed=572 failed=0 in_flight=7 remaining=850 papers/s=0.2149 pages/s=1.9905
progress completed=573 failed=0 in_flight=7 remaining=849 papers/s=0.2151 pages/s=1.9922
progress completed=574 failed=0 in_flight=7 remaining=848 papers/s=0.2149 pages/s=1.9892
progress completed=575 failed=0 in_flight=7 remaining=847 papers/s=0.2144 pages/s=1.9851
progress completed=576 failed=0 in_flight=7 remaining=846 papers/s=0.2148 pages/s=1.9887
progress completed=577 failed=0 in_flight=7 remaining=845 papers/s=0.2151 pages/s=1.9923
progress completed=578 failed=0 in_flight=7 remaining=844 papers/s=0.2141 pages/s=1.9817
progress completed=579 failed=0 in_flight=7 remaining=843 papers/s=0.2144 pages/s=1.9841
progress completed=580 failed=0 in_flight=7 remaining=842 papers/s=0.2148 pages/s=1.9877
progress completed=581 failed=0 in_flight=7 remaining=841 papers/s=0.2151 pages/s=1.9913
progress completed=582 failed=0 in_flight=7 remaining=840 papers/s=0.2155 pages/s=1.995
progress completed=583 failed=0 in_flight=7 remaining=839 papers/s=0.2155 pages/s=1.9958
progress completed=584 failed=0 in_flight=7 remaining=838 papers/s=0.2139 pages/s=1.9804
progress completed=585 failed=0 in_flight=7 remaining=837 papers/s=0.2142 pages/s=1.984
progress completed=586 failed=0 in_flight=7 remaining=836 papers/s=0.2145 pages/s=1.9873
progress completed=587 failed=0 in_flight=7 remaining=835 papers/s=0.2149 pages/s=1.9909
progress completed=588 failed=0 in_flight=7 remaining=834 papers/s=0.2153 pages/s=1.9944
progress completed=589 failed=0 in_flight=7 remaining=833 papers/s=0.2156 pages/s=1.998
progress completed=590 failed=0 in_flight=7 remaining=832 papers/s=0.2157 pages/s=1.9988
progress completed=591 failed=0 in_flight=7 remaining=831 papers/s=0.216 pages/s=2.0023
progress completed=592 failed=0 in_flight=7 remaining=830 papers/s=0.2156 pages/s=1.9984
progress completed=593 failed=0 in_flight=7 remaining=829 papers/s=0.2159 pages/s=1.9996
progress completed=594 failed=0 in_flight=7 remaining=828 papers/s=0.2158 pages/s=1.9989
progress completed=595 failed=0 in_flight=7 remaining=827 papers/s=0.2149 pages/s=1.9914
progress completed=596 failed=0 in_flight=7 remaining=826 papers/s=0.2153 pages/s=1.9934
progress completed=597 failed=0 in_flight=7 remaining=825 papers/s=0.2156 pages/s=1.997
progress completed=598 failed=0 in_flight=7 remaining=824 papers/s=0.2158 pages/s=1.9988
progress completed=599 failed=0 in_flight=7 remaining=823 papers/s=0.2161 pages/s=2.0023
progress completed=600 failed=0 in_flight=7 remaining=822 papers/s=0.2165 pages/s=2.0059
progress completed=601 failed=0 in_flight=7 remaining=821 papers/s=0.2168 pages/s=2.0094
progress completed=602 failed=0 in_flight=7 remaining=820 papers/s=0.2166 pages/s=2.0054
progress completed=603 failed=0 in_flight=7 remaining=819 papers/s=0.2152 pages/s=1.9925
progress completed=604 failed=0 in_flight=7 remaining=818 papers/s=0.2155 pages/s=1.9943
progress completed=605 failed=0 in_flight=7 remaining=817 papers/s=0.2158 pages/s=1.9964
progress completed=606 failed=0 in_flight=7 remaining=816 papers/s=0.2162 pages/s=1.9998
progress completed=607 failed=0 in_flight=7 remaining=815 papers/s=0.2165 pages/s=2.003
progress completed=608 failed=0 in_flight=7 remaining=814 papers/s=0.2169 pages/s=2.0061
progress completed=609 failed=0 in_flight=7 remaining=813 papers/s=0.2171 pages/s=2.0081
progress completed=610 failed=0 in_flight=7 remaining=812 papers/s=0.2167 pages/s=2.0053
progress completed=611 failed=0 in_flight=7 remaining=811 papers/s=0.2151 pages/s=1.9888
progress completed=612 failed=0 in_flight=7 remaining=810 papers/s=0.2154 pages/s=1.9902
progress completed=613 failed=0 in_flight=7 remaining=809 papers/s=0.2157 pages/s=1.9932
progress completed=614 failed=0 in_flight=7 remaining=808 papers/s=0.216 pages/s=1.9967
progress completed=615 failed=0 in_flight=7 remaining=807 papers/s=0.2162 pages/s=1.9989
progress completed=616 failed=0 in_flight=7 remaining=806 papers/s=0.2166 pages/s=2.0023
progress completed=617 failed=0 in_flight=7 remaining=805 papers/s=0.2169 pages/s=2.0057
progress completed=618 failed=0 in_flight=7 remaining=804 papers/s=0.2173 pages/s=2.0087
progress completed=619 failed=0 in_flight=7 remaining=803 papers/s=0.2166 pages/s=2.002
progress completed=620 failed=0 in_flight=7 remaining=802 papers/s=0.2162 pages/s=1.9989
progress completed=621 failed=0 in_flight=7 remaining=801 papers/s=0.2164 pages/s=1.9996
progress completed=622 failed=0 in_flight=7 remaining=800 papers/s=0.2167 pages/s=2.003
progress completed=623 failed=0 in_flight=7 remaining=799 papers/s=0.2158 pages/s=1.9943
progress completed=624 failed=0 in_flight=7 remaining=798 papers/s=0.2161 pages/s=1.9977
progress completed=625 failed=0 in_flight=7 remaining=797 papers/s=0.2163 pages/s=1.9992
progress completed=626 failed=0 in_flight=7 remaining=796 papers/s=0.2166 pages/s=2.0025
progress completed=627 failed=0 in_flight=7 remaining=795 papers/s=0.2169 pages/s=2.0059
progress completed=628 failed=0 in_flight=7 remaining=794 papers/s=0.2164 pages/s=2.0017
progress completed=629 failed=0 in_flight=7 remaining=793 papers/s=0.2168 pages/s=2.005
progress completed=630 failed=0 in_flight=7 remaining=792 papers/s=0.2171 pages/s=2.0084
progress completed=631 failed=0 in_flight=7 remaining=791 papers/s=0.2151 pages/s=1.99
progress completed=632 failed=0 in_flight=7 remaining=790 papers/s=0.2154 pages/s=1.9933
progress completed=633 failed=0 in_flight=7 remaining=789 papers/s=0.2158 pages/s=1.9967
progress completed=634 failed=0 in_flight=7 remaining=788 papers/s=0.2161 pages/s=2.0
progress completed=635 failed=0 in_flight=7 remaining=787 papers/s=0.2164 pages/s=2.0033
progress completed=636 failed=0 in_flight=7 remaining=786 papers/s=0.2167 pages/s=2.0065
progress completed=637 failed=0 in_flight=7 remaining=785 papers/s=0.2171 pages/s=2.0099
progress completed=638 failed=0 in_flight=7 remaining=784 papers/s=0.217 pages/s=2.0085
progress completed=639 failed=0 in_flight=7 remaining=783 papers/s=0.2151 pages/s=1.9907
progress completed=640 failed=0 in_flight=7 remaining=782 papers/s=0.2154 pages/s=1.9941
progress completed=641 failed=0 in_flight=7 remaining=781 papers/s=0.2156 pages/s=1.9953
progress completed=642 failed=0 in_flight=7 remaining=780 papers/s=0.2159 pages/s=1.9986
progress completed=643 failed=0 in_flight=7 remaining=779 papers/s=0.2163 pages/s=2.0016
progress completed=644 failed=0 in_flight=7 remaining=778 papers/s=0.2166 pages/s=2.0045
progress completed=645 failed=0 in_flight=7 remaining=777 papers/s=0.2168 pages/s=2.0074
progress completed=646 failed=0 in_flight=7 remaining=776 papers/s=0.2172 pages/s=2.0102
progress completed=647 failed=0 in_flight=7 remaining=775 papers/s=0.2166 pages/s=2.0051
progress completed=648 failed=0 in_flight=7 remaining=774 papers/s=0.2161 pages/s=2.0005
progress completed=649 failed=0 in_flight=7 remaining=773 papers/s=0.2164 pages/s=2.0031
progress completed=650 failed=0 in_flight=7 remaining=772 papers/s=0.2156 pages/s=1.9958
progress completed=651 failed=0 in_flight=7 remaining=771 papers/s=0.2159 pages/s=1.999
progress completed=652 failed=0 in_flight=7 remaining=770 papers/s=0.2162 pages/s=2.0022
progress completed=653 failed=0 in_flight=7 remaining=769 papers/s=0.2165 pages/s=2.0053
progress completed=654 failed=0 in_flight=7 remaining=768 papers/s=0.216 pages/s=2.001
progress completed=655 failed=0 in_flight=7 remaining=767 papers/s=0.2163 pages/s=2.0019
progress completed=656 failed=0 in_flight=7 remaining=766 papers/s=0.2166 pages/s=2.0048
progress completed=657 failed=0 in_flight=7 remaining=765 papers/s=0.2163 pages/s=2.0002
progress completed=658 failed=0 in_flight=7 remaining=764 papers/s=0.2164 pages/s=2.0016
progress completed=659 failed=0 in_flight=7 remaining=763 papers/s=0.216 pages/s=1.9988
progress completed=660 failed=0 in_flight=7 remaining=762 papers/s=0.2162 pages/s=2.001
progress completed=661 failed=0 in_flight=7 remaining=761 papers/s=0.2166 pages/s=2.0042
progress completed=662 failed=0 in_flight=7 remaining=760 papers/s=0.2169 pages/s=2.0074
progress completed=663 failed=0 in_flight=7 remaining=759 papers/s=0.2172 pages/s=2.0106
progress completed=664 failed=0 in_flight=7 remaining=758 papers/s=0.2171 pages/s=2.0096
progress completed=665 failed=0 in_flight=7 remaining=757 papers/s=0.2156 pages/s=1.9961
progress completed=666 failed=0 in_flight=7 remaining=756 papers/s=0.2159 pages/s=1.999
progress completed=667 failed=0 in_flight=7 remaining=755 papers/s=0.2162 pages/s=2.0022
progress completed=668 failed=0 in_flight=7 remaining=754 papers/s=0.2165 pages/s=2.0053
progress completed=669 failed=0 in_flight=7 remaining=753 papers/s=0.2168 pages/s=2.0084
progress completed=670 failed=0 in_flight=7 remaining=752 papers/s=0.2171 pages/s=2.0116
progress completed=671 failed=0 in_flight=7 remaining=751 papers/s=0.2175 pages/s=2.0148
progress completed=672 failed=0 in_flight=7 remaining=750 papers/s=0.2176 pages/s=2.0163
progress completed=673 failed=0 in_flight=7 remaining=749 papers/s=0.2167 pages/s=2.008
progress completed=674 failed=0 in_flight=7 remaining=748 papers/s=0.217 pages/s=2.0112
progress completed=675 failed=0 in_flight=7 remaining=747 papers/s=0.2173 pages/s=2.0128
progress completed=676 failed=0 in_flight=7 remaining=746 papers/s=0.2176 pages/s=2.0159
progress completed=677 failed=0 in_flight=7 remaining=745 papers/s=0.2172 pages/s=2.0122
progress completed=678 failed=0 in_flight=7 remaining=744 papers/s=0.2175 pages/s=2.0152
progress completed=679 failed=0 in_flight=7 remaining=743 papers/s=0.2176 pages/s=2.0164
progress completed=680 failed=0 in_flight=7 remaining=742 papers/s=0.2179 pages/s=2.0195
progress completed=681 failed=0 in_flight=7 remaining=741 papers/s=0.2172 pages/s=2.0124
progress completed=682 failed=0 in_flight=7 remaining=740 papers/s=0.216 pages/s=2.0018
progress completed=683 failed=0 in_flight=7 remaining=739 papers/s=0.2162 pages/s=2.0041
progress completed=684 failed=0 in_flight=7 remaining=738 papers/s=0.2165 pages/s=2.0068
progress completed=685 failed=0 in_flight=7 remaining=737 papers/s=0.2169 pages/s=2.0087
progress completed=686 failed=0 in_flight=7 remaining=736 papers/s=0.2172 pages/s=2.0111
progress completed=687 failed=0 in_flight=7 remaining=735 papers/s=0.2175 pages/s=2.0142
progress completed=688 failed=0 in_flight=7 remaining=734 papers/s=0.2178 pages/s=2.0173
progress completed=689 failed=0 in_flight=7 remaining=733 papers/s=0.2157 pages/s=1.9972
progress completed=690 failed=0 in_flight=7 remaining=732 papers/s=0.216 pages/s=2.0002
progress completed=691 failed=0 in_flight=7 remaining=731 papers/s=0.2163 pages/s=2.0033
progress completed=692 failed=0 in_flight=7 remaining=730 papers/s=0.2166 pages/s=2.0064
progress completed=693 failed=0 in_flight=7 remaining=729 papers/s=0.2169 pages/s=2.0094
progress completed=694 failed=0 in_flight=7 remaining=728 papers/s=0.2172 pages/s=2.0122
progress completed=695 failed=0 in_flight=7 remaining=727 papers/s=0.2174 pages/s=2.0144
progress completed=696 failed=0 in_flight=7 remaining=726 papers/s=0.2177 pages/s=2.0171
progress completed=697 failed=0 in_flight=7 remaining=725 papers/s=0.2171 pages/s=2.0116
progress completed=698 failed=0 in_flight=7 remaining=724 papers/s=0.2165 pages/s=2.0066
progress completed=699 failed=0 in_flight=7 remaining=723 papers/s=0.2167 pages/s=2.009
progress completed=700 failed=0 in_flight=7 remaining=722 papers/s=0.2171 pages/s=2.0121
progress completed=701 failed=0 in_flight=7 remaining=721 papers/s=0.2172 pages/s=2.0138
progress completed=702 failed=0 in_flight=7 remaining=720 papers/s=0.2175 pages/s=2.0162
progress completed=703 failed=0 in_flight=7 remaining=719 papers/s=0.2178 pages/s=2.0191
progress completed=704 failed=0 in_flight=7 remaining=718 papers/s=0.2175 pages/s=2.0159
progress completed=705 failed=0 in_flight=7 remaining=717 papers/s=0.2178 pages/s=2.0189
progress completed=706 failed=0 in_flight=7 remaining=716 papers/s=0.2176 pages/s=2.0164
progress completed=707 failed=0 in_flight=7 remaining=715 papers/s=0.2177 pages/s=2.0172
progress completed=708 failed=0 in_flight=7 remaining=714 papers/s=0.218 pages/s=2.0201
progress completed=709 failed=0 in_flight=7 remaining=713 papers/s=0.2174 pages/s=2.0141
progress completed=710 failed=0 in_flight=7 remaining=712 papers/s=0.2177 pages/s=2.0162
progress completed=711 failed=0 in_flight=7 remaining=711 papers/s=0.218 pages/s=2.0192
progress completed=712 failed=0 in_flight=7 remaining=710 papers/s=0.2181 pages/s=2.0206
progress completed=713 failed=0 in_flight=7 remaining=709 papers/s=0.2178 pages/s=2.0178
progress completed=714 failed=0 in_flight=7 remaining=708 papers/s=0.2176 pages/s=2.0162
progress completed=715 failed=0 in_flight=7 remaining=707 papers/s=0.2179 pages/s=2.0185
progress completed=716 failed=0 in_flight=7 remaining=706 papers/s=0.2173 pages/s=2.0136
progress completed=717 failed=0 in_flight=7 remaining=705 papers/s=0.2176 pages/s=2.0166
progress completed=718 failed=0 in_flight=7 remaining=704 papers/s=0.2179 pages/s=2.0192
progress completed=719 failed=0 in_flight=7 remaining=703 papers/s=0.2179 pages/s=2.0192
progress completed=720 failed=0 in_flight=7 remaining=702 papers/s=0.2178 pages/s=2.0173
progress completed=721 failed=0 in_flight=7 remaining=701 papers/s=0.2178 pages/s=2.0172
progress completed=722 failed=0 in_flight=7 remaining=700 papers/s=0.2176 pages/s=2.0145
progress completed=723 failed=0 in_flight=7 remaining=699 papers/s=0.2178 pages/s=2.0162
progress completed=724 failed=0 in_flight=7 remaining=698 papers/s=0.2171 pages/s=2.0104
progress completed=725 failed=0 in_flight=7 remaining=697 papers/s=0.2172 pages/s=2.0117
progress completed=726 failed=0 in_flight=7 remaining=696 papers/s=0.2175 pages/s=2.0137
progress completed=727 failed=0 in_flight=7 remaining=695 papers/s=0.2178 pages/s=2.0167
progress completed=728 failed=0 in_flight=7 remaining=694 papers/s=0.2174 pages/s=2.0128
progress completed=729 failed=0 in_flight=7 remaining=693 papers/s=0.2176 pages/s=2.0146
progress completed=730 failed=0 in_flight=7 remaining=692 papers/s=0.2179 pages/s=2.0175
progress completed=731 failed=0 in_flight=7 remaining=691 papers/s=0.2182 pages/s=2.0204
progress completed=732 failed=0 in_flight=7 remaining=690 papers/s=0.2178 pages/s=2.0176
progress completed=733 failed=0 in_flight=7 remaining=689 papers/s=0.2181 pages/s=2.0193
progress completed=734 failed=0 in_flight=7 remaining=688 papers/s=0.218 pages/s=2.0186
progress completed=735 failed=0 in_flight=7 remaining=687 papers/s=0.2183 pages/s=2.0215
progress completed=736 failed=0 in_flight=7 remaining=686 papers/s=0.2179 pages/s=2.0167
progress completed=737 failed=0 in_flight=7 remaining=685 papers/s=0.2182 pages/s=2.0195
progress completed=738 failed=0 in_flight=7 remaining=684 papers/s=0.2183 pages/s=2.0202
progress completed=739 failed=0 in_flight=7 remaining=683 papers/s=0.2184 pages/s=2.0219
progress completed=740 failed=0 in_flight=7 remaining=682 papers/s=0.2181 pages/s=2.0174
progress completed=741 failed=0 in_flight=7 remaining=681 papers/s=0.218 pages/s=2.0168
failure paper_id=Physics_2210.12602 error_type=submission_failure attempts=3 message=Server error '503 Service Unavailable' for url 'http://127.0.0.1:43797/tasks'
For more information check: https://developer.mozilla.org/en-US/docs/Web/HTTP/Status/503
progress completed=741 failed=1 in_flight=7 remaining=680 papers/s=0.2172 pages/s=2.0093
failure paper_id=Physics_2210.11425 error_type=submission_failure attempts=3 message=Server error '503 Service Unavailable' for url 'http://127.0.0.1:43797/tasks'
For more information check: https://developer.mozilla.org/en-US/docs/Web/HTTP/Status/503
progress completed=741 failed=2 in_flight=7 remaining=679 papers/s=0.2172 pages/s=2.0092
failure paper_id=Physics_2210.12474 error_type=submission_failure attempts=3 message=Server error '503 Service Unavailable' for url 'http://127.0.0.1:43797/tasks'
For more information check: https://developer.mozilla.org/en-US/docs/Web/HTTP/Status/503
progress completed=741 failed=3 in_flight=7 remaining=678 papers/s=0.2172 pages/s=2.0092
failure paper_id=Physics_2210.11007 error_type=submission_failure attempts=3 message=Server error '503 Service Unavailable' for url 'http://127.0.0.1:43797/tasks'
For more information check: https://developer.mozilla.org/en-US/docs/Web/HTTP/Status/503
progress completed=741 failed=4 in_flight=7 remaining=677 papers/s=0.2171 pages/s=2.0091
failure paper_id=Physics_2210.10835 error_type=submission_failure attempts=3 message=Server error '503 Service Unavailable' for url 'http://127.0.0.1:43797/tasks'
For more information check: https://developer.mozilla.org/en-US/docs/Web/HTTP/Status/503
progress completed=741 failed=5 in_flight=7 remaining=676 papers/s=0.2171 pages/s=2.0091
failure paper_id=Physics_2210.12188 error_type=submission_failure attempts=3 message=Server error '503 Service Unavailable' for url 'http://127.0.0.1:43797/tasks'
For more information check: https://developer.mozilla.org/en-US/docs/Web/HTTP/Status/503
progress completed=741 failed=6 in_flight=7 remaining=675 papers/s=0.2171 pages/s=2.0091
progress completed=742 failed=6 in_flight=7 remaining=674 papers/s=0.212 pages/s=1.9616
progress completed=743 failed=6 in_flight=7 remaining=673 papers/s=0.2123 pages/s=1.9644
progress completed=744 failed=6 in_flight=7 remaining=672 papers/s=0.2125 pages/s=1.9662
progress completed=745 failed=6 in_flight=7 remaining=671 papers/s=0.2121 pages/s=1.9626
progress completed=746 failed=6 in_flight=7 remaining=670 papers/s=0.2124 pages/s=1.9654
progress completed=747 failed=6 in_flight=7 remaining=669 papers/s=0.2126 pages/s=1.9671
progress completed=748 failed=6 in_flight=7 remaining=668 papers/s=0.2128 pages/s=1.9699
progress completed=749 failed=6 in_flight=7 remaining=667 papers/s=0.2131 pages/s=1.9727
progress completed=750 failed=6 in_flight=7 remaining=666 papers/s=0.2118 pages/s=1.961
progress completed=751 failed=6 in_flight=7 remaining=665 papers/s=0.2121 pages/s=1.9638
progress completed=752 failed=6 in_flight=7 remaining=664 papers/s=0.2124 pages/s=1.9665
progress completed=753 failed=6 in_flight=7 remaining=663 papers/s=0.2127 pages/s=1.9681
progress completed=754 failed=6 in_flight=7 remaining=662 papers/s=0.2129 pages/s=1.9709
progress completed=755 failed=6 in_flight=7 remaining=661 papers/s=0.2132 pages/s=1.9734
progress completed=756 failed=6 in_flight=7 remaining=660 papers/s=0.2135 pages/s=1.9762
progress completed=757 failed=6 in_flight=7 remaining=659 papers/s=0.2138 pages/s=1.979
progress completed=758 failed=6 in_flight=7 remaining=658 papers/s=0.212 pages/s=1.9622
progress completed=759 failed=6 in_flight=7 remaining=657 papers/s=0.2123 pages/s=1.9649
progress completed=760 failed=6 in_flight=7 remaining=656 papers/s=0.2125 pages/s=1.9677
progress completed=761 failed=6 in_flight=7 remaining=655 papers/s=0.2128 pages/s=1.9698
progress completed=762 failed=6 in_flight=7 remaining=654 papers/s=0.2131 pages/s=1.9725
progress completed=763 failed=6 in_flight=7 remaining=653 papers/s=0.2132 pages/s=1.9739
progress completed=764 failed=6 in_flight=7 remaining=652 papers/s=0.2135 pages/s=1.9767
progress completed=765 failed=6 in_flight=7 remaining=651 papers/s=0.2138 pages/s=1.9794
progress completed=766 failed=6 in_flight=7 remaining=650 papers/s=0.2137 pages/s=1.9782
progress completed=767 failed=6 in_flight=7 remaining=649 papers/s=0.2123 pages/s=1.9652
progress completed=768 failed=6 in_flight=7 remaining=648 papers/s=0.2125 pages/s=1.9679
progress completed=769 failed=6 in_flight=7 remaining=647 papers/s=0.2128 pages/s=1.9706
progress completed=770 failed=6 in_flight=7 remaining=646 papers/s=0.2131 pages/s=1.9733
progress completed=771 failed=6 in_flight=7 remaining=645 papers/s=0.2133 pages/s=1.976
progress completed=772 failed=6 in_flight=7 remaining=644 papers/s=0.2135 pages/s=1.9767
progress completed=773 failed=6 in_flight=7 remaining=643 papers/s=0.2137 pages/s=1.9787
progress completed=774 failed=6 in_flight=7 remaining=642 papers/s=0.214 pages/s=1.9813
progress completed=775 failed=6 in_flight=7 remaining=641 papers/s=0.2137 pages/s=1.9776
progress completed=776 failed=6 in_flight=7 remaining=640 papers/s=0.2135 pages/s=1.9745
progress completed=777 failed=6 in_flight=7 remaining=639 papers/s=0.2127 pages/s=1.9669
progress completed=778 failed=6 in_flight=7 remaining=638 papers/s=0.2129 pages/s=1.9697
progress completed=779 failed=6 in_flight=7 remaining=637 papers/s=0.2132 pages/s=1.9715
progress completed=780 failed=6 in_flight=7 remaining=636 papers/s=0.2135 pages/s=1.9742
progress completed=781 failed=6 in_flight=7 remaining=635 papers/s=0.2135 pages/s=1.975
progress completed=782 failed=6 in_flight=7 remaining=634 papers/s=0.2138 pages/s=1.9777
progress completed=783 failed=6 in_flight=7 remaining=633 papers/s=0.214 pages/s=1.9803
progress completed=784 failed=6 in_flight=7 remaining=632 papers/s=0.2139 pages/s=1.9791
progress completed=785 failed=6 in_flight=7 remaining=631 papers/s=0.2137 pages/s=1.9777
progress completed=786 failed=6 in_flight=7 remaining=630 papers/s=0.2137 pages/s=1.9776
progress completed=787 failed=6 in_flight=7 remaining=629 papers/s=0.2139 pages/s=1.9798
progress completed=788 failed=6 in_flight=7 remaining=628 papers/s=0.2142 pages/s=1.9825
progress completed=789 failed=6 in_flight=7 remaining=627 papers/s=0.214 pages/s=1.9809
progress completed=790 failed=6 in_flight=7 remaining=626 papers/s=0.2132 pages/s=1.9724
progress completed=791 failed=6 in_flight=7 remaining=625 papers/s=0.2134 pages/s=1.9741
progress completed=792 failed=6 in_flight=7 remaining=624 papers/s=0.2137 pages/s=1.9762
progress completed=793 failed=6 in_flight=7 remaining=623 papers/s=0.214 pages/s=1.9789
progress completed=794 failed=6 in_flight=7 remaining=622 papers/s=0.2141 pages/s=1.9788
progress completed=795 failed=6 in_flight=7 remaining=621 papers/s=0.2143 pages/s=1.9802
progress completed=796 failed=6 in_flight=7 remaining=620 papers/s=0.2146 pages/s=1.9828
progress completed=797 failed=6 in_flight=7 remaining=619 papers/s=0.2144 pages/s=1.9813
progress completed=798 failed=6 in_flight=7 remaining=618 papers/s=0.2129 pages/s=1.968
progress completed=799 failed=6 in_flight=7 remaining=617 papers/s=0.2132 pages/s=1.9706
progress completed=800 failed=6 in_flight=7 remaining=616 papers/s=0.2135 pages/s=1.9732
progress completed=801 failed=6 in_flight=7 remaining=615 papers/s=0.2137 pages/s=1.9758
progress completed=802 failed=6 in_flight=7 remaining=614 papers/s=0.214 pages/s=1.9777
progress completed=803 failed=6 in_flight=7 remaining=613 papers/s=0.2142 pages/s=1.9797
progress completed=804 failed=6 in_flight=7 remaining=612 papers/s=0.2144 pages/s=1.9823
progress completed=805 failed=6 in_flight=7 remaining=611 papers/s=0.2147 pages/s=1.9849
progress completed=806 failed=6 in_flight=7 remaining=610 papers/s=0.2139 pages/s=1.9766
progress completed=807 failed=6 in_flight=7 remaining=609 papers/s=0.2131 pages/s=1.9695
progress completed=808 failed=6 in_flight=7 remaining=608 papers/s=0.2133 pages/s=1.971
progress completed=809 failed=6 in_flight=7 remaining=607 papers/s=0.2136 pages/s=1.9736
progress completed=810 failed=6 in_flight=7 remaining=606 papers/s=0.2138 pages/s=1.9757
progress completed=811 failed=6 in_flight=7 remaining=605 papers/s=0.214 pages/s=1.9781
progress completed=812 failed=6 in_flight=7 remaining=604 papers/s=0.2142 pages/s=1.9801
progress completed=813 failed=6 in_flight=7 remaining=603 papers/s=0.2145 pages/s=1.9827
progress completed=814 failed=6 in_flight=7 remaining=602 papers/s=0.2141 pages/s=1.979
progress completed=815 failed=6 in_flight=7 remaining=601 papers/s=0.2142 pages/s=1.9806
progress completed=816 failed=6 in_flight=7 remaining=600 papers/s=0.2135 pages/s=1.9743
progress completed=817 failed=6 in_flight=7 remaining=599 papers/s=0.2138 pages/s=1.9758
progress completed=818 failed=6 in_flight=7 remaining=598 papers/s=0.214 pages/s=1.9784
progress completed=819 failed=6 in_flight=7 remaining=597 papers/s=0.2143 pages/s=1.981
progress completed=820 failed=6 in_flight=7 remaining=596 papers/s=0.2144 pages/s=1.9825
progress completed=821 failed=6 in_flight=7 remaining=595 papers/s=0.2147 pages/s=1.9849
progress completed=822 failed=6 in_flight=7 remaining=594 papers/s=0.2146 pages/s=1.9846
progress completed=823 failed=6 in_flight=7 remaining=593 papers/s=0.2134 pages/s=1.9736
progress completed=824 failed=6 in_flight=7 remaining=592 papers/s=0.2136 pages/s=1.9759
progress completed=825 failed=6 in_flight=7 remaining=591 papers/s=0.2139 pages/s=1.9784
progress completed=826 failed=6 in_flight=7 remaining=590 papers/s=0.2141 pages/s=1.9803
progress completed=827 failed=6 in_flight=7 remaining=589 papers/s=0.2143 pages/s=1.9828
progress completed=828 failed=6 in_flight=7 remaining=588 papers/s=0.2146 pages/s=1.9854
progress completed=829 failed=6 in_flight=7 remaining=587 papers/s=0.2148 pages/s=1.9878
progress completed=830 failed=6 in_flight=7 remaining=586 papers/s=0.2151 pages/s=1.9904
progress completed=831 failed=6 in_flight=7 remaining=585 papers/s=0.2145 pages/s=1.9845
progress completed=832 failed=6 in_flight=7 remaining=584 papers/s=0.2131 pages/s=1.9712
progress completed=833 failed=6 in_flight=7 remaining=583 papers/s=0.2133 pages/s=1.9737
progress completed=834 failed=6 in_flight=7 remaining=582 papers/s=0.2136 pages/s=1.9752
progress completed=835 failed=6 in_flight=7 remaining=581 papers/s=0.2138 pages/s=1.9778
progress completed=836 failed=6 in_flight=7 remaining=580 papers/s=0.2141 pages/s=1.9803
progress completed=837 failed=6 in_flight=7 remaining=579 papers/s=0.2142 pages/s=1.9811
progress completed=838 failed=6 in_flight=7 remaining=578 papers/s=0.2144 pages/s=1.9837
progress completed=839 failed=6 in_flight=7 remaining=577 papers/s=0.2147 pages/s=1.9861
progress completed=840 failed=6 in_flight=7 remaining=576 papers/s=0.2133 pages/s=1.9727
progress completed=841 failed=6 in_flight=7 remaining=575 papers/s=0.2135 pages/s=1.9752
progress completed=842 failed=6 in_flight=7 remaining=574 papers/s=0.2138 pages/s=1.9765
progress completed=843 failed=6 in_flight=7 remaining=573 papers/s=0.214 pages/s=1.979
progress completed=844 failed=6 in_flight=7 remaining=572 papers/s=0.2143 pages/s=1.9814
progress completed=845 failed=6 in_flight=7 remaining=571 papers/s=0.2145 pages/s=1.9839
progress completed=846 failed=6 in_flight=7 remaining=570 papers/s=0.2146 pages/s=1.9845
progress completed=847 failed=6 in_flight=7 remaining=569 papers/s=0.2148 pages/s=1.9867
progress completed=848 failed=6 in_flight=7 remaining=568 papers/s=0.2145 pages/s=1.9841
progress completed=849 failed=6 in_flight=7 remaining=567 papers/s=0.2138 pages/s=1.9778
progress completed=850 failed=6 in_flight=7 remaining=566 papers/s=0.214 pages/s=1.979
progress completed=851 failed=6 in_flight=7 remaining=565 papers/s=0.2143 pages/s=1.9814
progress completed=852 failed=6 in_flight=7 remaining=564 papers/s=0.2145 pages/s=1.9839
progress completed=853 failed=6 in_flight=7 remaining=563 papers/s=0.2148 pages/s=1.9864
progress completed=854 failed=6 in_flight=7 remaining=562 papers/s=0.2148 pages/s=1.9871
progress completed=855 failed=6 in_flight=7 remaining=561 papers/s=0.2151 pages/s=1.9894
progress completed=856 failed=6 in_flight=7 remaining=560 papers/s=0.215 pages/s=1.9882
progress completed=857 failed=6 in_flight=7 remaining=559 papers/s=0.2147 pages/s=1.985
progress completed=858 failed=6 in_flight=7 remaining=558 papers/s=0.2149 pages/s=1.986
progress completed=859 failed=6 in_flight=7 remaining=557 papers/s=0.2141 pages/s=1.979
progress completed=860 failed=6 in_flight=7 remaining=556 papers/s=0.2143 pages/s=1.9814
progress completed=861 failed=6 in_flight=7 remaining=555 papers/s=0.2145 pages/s=1.9835
progress completed=862 failed=6 in_flight=7 remaining=554 papers/s=0.2147 pages/s=1.9856
progress completed=863 failed=6 in_flight=7 remaining=553 papers/s=0.215 pages/s=1.988
progress completed=864 failed=6 in_flight=7 remaining=552 papers/s=0.215 pages/s=1.989
progress completed=865 failed=6 in_flight=7 remaining=551 papers/s=0.2142 pages/s=1.9809
progress completed=866 failed=6 in_flight=7 remaining=550 papers/s=0.2134 pages/s=1.974
progress completed=867 failed=6 in_flight=7 remaining=549 papers/s=0.2136 pages/s=1.9765
progress completed=868 failed=6 in_flight=7 remaining=548 papers/s=0.2139 pages/s=1.9788
progress completed=869 failed=6 in_flight=7 remaining=547 papers/s=0.2141 pages/s=1.9812
progress completed=870 failed=6 in_flight=7 remaining=546 papers/s=0.2143 pages/s=1.9831
progress completed=871 failed=6 in_flight=7 remaining=545 papers/s=0.2145 pages/s=1.9855
progress completed=872 failed=6 in_flight=7 remaining=544 papers/s=0.2148 pages/s=1.9878
progress completed=873 failed=6 in_flight=7 remaining=543 papers/s=0.214 pages/s=1.9808
progress completed=874 failed=6 in_flight=7 remaining=542 papers/s=0.2136 pages/s=1.9768
progress completed=875 failed=6 in_flight=7 remaining=541 papers/s=0.2138 pages/s=1.9789
progress completed=876 failed=6 in_flight=7 remaining=540 papers/s=0.214 pages/s=1.9806
progress completed=877 failed=6 in_flight=7 remaining=539 papers/s=0.2142 pages/s=1.9829
progress completed=878 failed=6 in_flight=7 remaining=538 papers/s=0.2145 pages/s=1.9853
progress completed=879 failed=6 in_flight=7 remaining=537 papers/s=0.2146 pages/s=1.9864
progress completed=880 failed=6 in_flight=7 remaining=536 papers/s=0.2148 pages/s=1.9888
progress completed=881 failed=6 in_flight=7 remaining=535 papers/s=0.2143 pages/s=1.9844
progress completed=882 failed=6 in_flight=7 remaining=534 papers/s=0.2135 pages/s=1.9765
progress completed=883 failed=6 in_flight=7 remaining=533 papers/s=0.2137 pages/s=1.9789
progress completed=884 failed=6 in_flight=7 remaining=532 papers/s=0.214 pages/s=1.9813
progress completed=885 failed=6 in_flight=7 remaining=531 papers/s=0.2142 pages/s=1.9836
progress completed=886 failed=6 in_flight=7 remaining=530 papers/s=0.2144 pages/s=1.9859
progress completed=887 failed=6 in_flight=7 remaining=529 papers/s=0.2147 pages/s=1.9883
progress completed=888 failed=6 in_flight=7 remaining=528 papers/s=0.2147 pages/s=1.9888
progress completed=889 failed=6 in_flight=7 remaining=527 papers/s=0.2138 pages/s=1.9804
progress completed=890 failed=6 in_flight=7 remaining=526 papers/s=0.214 pages/s=1.9823
progress completed=891 failed=6 in_flight=7 remaining=525 papers/s=0.2142 pages/s=1.9839
progress completed=892 failed=6 in_flight=7 remaining=524 papers/s=0.2145 pages/s=1.9863
progress completed=893 failed=6 in_flight=7 remaining=523 papers/s=0.2147 pages/s=1.9879
progress completed=894 failed=6 in_flight=7 remaining=522 papers/s=0.2149 pages/s=1.9895
progress completed=895 failed=6 in_flight=7 remaining=521 papers/s=0.215 pages/s=1.9904
progress completed=896 failed=6 in_flight=7 remaining=520 papers/s=0.2149 pages/s=1.9895
progress completed=897 failed=6 in_flight=7 remaining=519 papers/s=0.2138 pages/s=1.9794
progress completed=898 failed=6 in_flight=7 remaining=518 papers/s=0.214 pages/s=1.9817
progress completed=899 failed=6 in_flight=7 remaining=517 papers/s=0.2143 pages/s=1.9841
progress completed=900 failed=6 in_flight=7 remaining=516 papers/s=0.2145 pages/s=1.9864
progress completed=901 failed=6 in_flight=7 remaining=515 papers/s=0.2147 pages/s=1.9883
progress completed=902 failed=6 in_flight=7 remaining=514 papers/s=0.2149 pages/s=1.9891
progress completed=903 failed=6 in_flight=7 remaining=513 papers/s=0.215 pages/s=1.9906
progress completed=904 failed=6 in_flight=7 remaining=512 papers/s=0.2153 pages/s=1.9929
progress completed=905 failed=6 in_flight=7 remaining=511 papers/s=0.2147 pages/s=1.9879
progress completed=906 failed=6 in_flight=7 remaining=510 papers/s=0.2147 pages/s=1.9879
progress completed=907 failed=6 in_flight=7 remaining=509 papers/s=0.2142 pages/s=1.983
progress completed=908 failed=6 in_flight=7 remaining=508 papers/s=0.2144 pages/s=1.9842
progress completed=909 failed=6 in_flight=7 remaining=507 papers/s=0.2146 pages/s=1.9861
progress completed=910 failed=6 in_flight=7 remaining=506 papers/s=0.2148 pages/s=1.9884
progress completed=911 failed=6 in_flight=7 remaining=505 papers/s=0.215 pages/s=1.9907
progress completed=912 failed=6 in_flight=7 remaining=504 papers/s=0.2152 pages/s=1.9918
progress completed=913 failed=6 in_flight=7 remaining=503 papers/s=0.2139 pages/s=1.9792
progress completed=914 failed=6 in_flight=7 remaining=502 papers/s=0.2142 pages/s=1.9815
progress completed=915 failed=6 in_flight=7 remaining=501 papers/s=0.2144 pages/s=1.9826
progress completed=916 failed=6 in_flight=7 remaining=500 papers/s=0.2146 pages/s=1.9849
progress completed=917 failed=6 in_flight=7 remaining=499 papers/s=0.2148 pages/s=1.9865
progress completed=918 failed=6 in_flight=7 remaining=498 papers/s=0.215 pages/s=1.9887
progress completed=919 failed=6 in_flight=7 remaining=497 papers/s=0.2152 pages/s=1.991
progress completed=920 failed=6 in_flight=7 remaining=496 papers/s=0.2155 pages/s=1.9933
progress completed=921 failed=6 in_flight=7 remaining=495 papers/s=0.2137 pages/s=1.9767
progress completed=922 failed=6 in_flight=7 remaining=494 papers/s=0.2139 pages/s=1.9787
progress completed=923 failed=6 in_flight=7 remaining=493 papers/s=0.2141 pages/s=1.981
progress completed=924 failed=6 in_flight=7 remaining=492 papers/s=0.2143 pages/s=1.9833
progress completed=925 failed=6 in_flight=7 remaining=491 papers/s=0.2146 pages/s=1.9856
progress completed=926 failed=6 in_flight=7 remaining=490 papers/s=0.2148 pages/s=1.9878
progress completed=927 failed=6 in_flight=7 remaining=489 papers/s=0.215 pages/s=1.9901
progress completed=928 failed=6 in_flight=7 remaining=488 papers/s=0.2152 pages/s=1.9923
progress completed=929 failed=6 in_flight=7 remaining=487 papers/s=0.2146 pages/s=1.9864
progress completed=930 failed=6 in_flight=7 remaining=486 papers/s=0.2141 pages/s=1.9823
progress completed=931 failed=6 in_flight=7 remaining=485 papers/s=0.2143 pages/s=1.9836
progress completed=932 failed=6 in_flight=7 remaining=484 papers/s=0.2146 pages/s=1.9858
progress completed=933 failed=6 in_flight=7 remaining=483 papers/s=0.2148 pages/s=1.9879
progress completed=934 failed=6 in_flight=7 remaining=482 papers/s=0.215 pages/s=1.99
progress completed=935 failed=6 in_flight=7 remaining=481 papers/s=0.2147 pages/s=1.9878
progress completed=936 failed=6 in_flight=7 remaining=480 papers/s=0.215 pages/s=1.9901
progress completed=937 failed=6 in_flight=7 remaining=479 papers/s=0.215 pages/s=1.9892
progress completed=938 failed=6 in_flight=7 remaining=478 papers/s=0.2149 pages/s=1.9886
progress completed=939 failed=6 in_flight=7 remaining=477 papers/s=0.2142 pages/s=1.9823
progress completed=940 failed=6 in_flight=7 remaining=476 papers/s=0.2144 pages/s=1.9845
progress completed=941 failed=6 in_flight=7 remaining=475 papers/s=0.2146 pages/s=1.9867
progress completed=942 failed=6 in_flight=7 remaining=474 papers/s=0.2148 pages/s=1.989
progress completed=943 failed=6 in_flight=7 remaining=473 papers/s=0.2151 pages/s=1.9908
progress completed=944 failed=6 in_flight=7 remaining=472 papers/s=0.215 pages/s=1.9901
progress completed=945 failed=6 in_flight=7 remaining=471 papers/s=0.2139 pages/s=1.9799
progress completed=946 failed=6 in_flight=7 remaining=470 papers/s=0.2141 pages/s=1.9816
progress completed=947 failed=6 in_flight=7 remaining=469 papers/s=0.2143 pages/s=1.9834
progress completed=948 failed=6 in_flight=7 remaining=468 papers/s=0.2146 pages/s=1.9857
progress completed=949 failed=6 in_flight=7 remaining=467 papers/s=0.2148 pages/s=1.9879
progress completed=950 failed=6 in_flight=7 remaining=466 papers/s=0.215 pages/s=1.9901
progress completed=951 failed=6 in_flight=7 remaining=465 papers/s=0.2152 pages/s=1.9919
progress completed=952 failed=6 in_flight=7 remaining=464 papers/s=0.2152 pages/s=1.9914
progress completed=953 failed=6 in_flight=7 remaining=463 papers/s=0.2138 pages/s=1.9792
progress completed=954 failed=6 in_flight=7 remaining=462 papers/s=0.214 pages/s=1.981
progress completed=955 failed=6 in_flight=7 remaining=461 papers/s=0.2143 pages/s=1.9823
progress completed=956 failed=6 in_flight=7 remaining=460 papers/s=0.2145 pages/s=1.9838
progress completed=957 failed=6 in_flight=7 remaining=459 papers/s=0.2146 pages/s=1.9854
progress completed=958 failed=6 in_flight=7 remaining=458 papers/s=0.2148 pages/s=1.9876
progress completed=959 failed=6 in_flight=7 remaining=457 papers/s=0.2151 pages/s=1.9898
progress completed=960 failed=6 in_flight=7 remaining=456 papers/s=0.2152 pages/s=1.9909
progress completed=961 failed=6 in_flight=7 remaining=455 papers/s=0.215 pages/s=1.9887
progress completed=962 failed=6 in_flight=7 remaining=454 papers/s=0.2143 pages/s=1.9827
progress completed=963 failed=6 in_flight=7 remaining=453 papers/s=0.2146 pages/s=1.984
progress completed=964 failed=6 in_flight=7 remaining=452 papers/s=0.2148 pages/s=1.9851
progress completed=965 failed=6 in_flight=7 remaining=451 papers/s=0.215 pages/s=1.987
progress completed=966 failed=6 in_flight=7 remaining=450 papers/s=0.2151 pages/s=1.9882
progress completed=967 failed=6 in_flight=7 remaining=449 papers/s=0.2151 pages/s=1.9885
progress completed=968 failed=6 in_flight=7 remaining=448 papers/s=0.2149 pages/s=1.9872
progress completed=969 failed=6 in_flight=7 remaining=447 papers/s=0.2135 pages/s=1.9739
progress completed=970 failed=6 in_flight=7 remaining=446 papers/s=0.2137 pages/s=1.9758
progress completed=971 failed=6 in_flight=7 remaining=445 papers/s=0.2139 pages/s=1.978
progress completed=972 failed=6 in_flight=7 remaining=444 papers/s=0.2141 pages/s=1.9802
progress completed=973 failed=6 in_flight=7 remaining=443 papers/s=0.2144 pages/s=1.9819
progress completed=974 failed=6 in_flight=7 remaining=442 papers/s=0.2145 pages/s=1.9835
progress completed=975 failed=6 in_flight=7 remaining=441 papers/s=0.2147 pages/s=1.9853
progress completed=976 failed=6 in_flight=7 remaining=440 papers/s=0.2149 pages/s=1.9866
progress completed=977 failed=6 in_flight=7 remaining=439 papers/s=0.2147 pages/s=1.9845
progress completed=978 failed=6 in_flight=7 remaining=438 papers/s=0.2142 pages/s=1.9805
progress completed=979 failed=6 in_flight=7 remaining=437 papers/s=0.2144 pages/s=1.9814
progress completed=980 failed=6 in_flight=7 remaining=436 papers/s=0.2146 pages/s=1.9826
progress completed=981 failed=6 in_flight=7 remaining=435 papers/s=0.2148 pages/s=1.9838
progress completed=982 failed=6 in_flight=7 remaining=434 papers/s=0.215 pages/s=1.9856
progress completed=983 failed=6 in_flight=7 remaining=433 papers/s=0.215 pages/s=1.9854
progress completed=984 failed=6 in_flight=7 remaining=432 papers/s=0.2145 pages/s=1.9798
progress completed=985 failed=6 in_flight=7 remaining=431 papers/s=0.2147 pages/s=1.982
progress completed=986 failed=6 in_flight=7 remaining=430 papers/s=0.2149 pages/s=1.9837
progress completed=987 failed=6 in_flight=7 remaining=429 papers/s=0.2151 pages/s=1.9854
progress completed=988 failed=6 in_flight=7 remaining=428 papers/s=0.2153 pages/s=1.9875
progress completed=989 failed=6 in_flight=7 remaining=427 papers/s=0.2155 pages/s=1.9879
progress completed=990 failed=6 in_flight=7 remaining=426 papers/s=0.2151 pages/s=1.9842
progress completed=991 failed=6 in_flight=7 remaining=425 papers/s=0.2147 pages/s=1.9796
progress completed=992 failed=6 in_flight=7 remaining=424 papers/s=0.2149 pages/s=1.9816
progress completed=993 failed=6 in_flight=7 remaining=423 papers/s=0.2151 pages/s=1.9828
progress completed=994 failed=6 in_flight=7 remaining=422 papers/s=0.2153 pages/s=1.9845
progress completed=995 failed=6 in_flight=7 remaining=421 papers/s=0.2154 pages/s=1.9851
progress completed=996 failed=6 in_flight=7 remaining=420 papers/s=0.2156 pages/s=1.9869
progress completed=997 failed=6 in_flight=7 remaining=419 papers/s=0.2153 pages/s=1.9839
progress completed=998 failed=6 in_flight=7 remaining=418 papers/s=0.215 pages/s=1.9818
progress completed=999 failed=6 in_flight=7 remaining=417 papers/s=0.2143 pages/s=1.975
progress completed=1000 failed=6 in_flight=7 remaining=416 papers/s=0.2145 pages/s=1.9769
progress completed=1001 failed=6 in_flight=7 remaining=415 papers/s=0.2147 pages/s=1.9785
progress completed=1002 failed=6 in_flight=7 remaining=414 papers/s=0.2149 pages/s=1.9805
progress completed=1003 failed=6 in_flight=7 remaining=413 papers/s=0.2151 pages/s=1.9826
progress completed=1004 failed=6 in_flight=7 remaining=412 papers/s=0.2151 pages/s=1.9831
progress completed=1005 failed=6 in_flight=7 remaining=411 papers/s=0.2153 pages/s=1.9852
progress completed=1006 failed=6 in_flight=7 remaining=410 papers/s=0.2148 pages/s=1.9807
progress completed=1007 failed=6 in_flight=7 remaining=409 papers/s=0.2136 pages/s=1.9694
progress completed=1008 failed=6 in_flight=7 remaining=408 papers/s=0.2138 pages/s=1.9706
progress completed=1009 failed=6 in_flight=7 remaining=407 papers/s=0.214 pages/s=1.9725
progress completed=1010 failed=6 in_flight=7 remaining=406 papers/s=0.2142 pages/s=1.9746
progress completed=1011 failed=6 in_flight=7 remaining=405 papers/s=0.2143 pages/s=1.9752
progress completed=1012 failed=6 in_flight=7 remaining=404 papers/s=0.2145 pages/s=1.9772
progress completed=1013 failed=6 in_flight=7 remaining=403 papers/s=0.2147 pages/s=1.9793
progress completed=1014 failed=6 in_flight=7 remaining=402 papers/s=0.2149 pages/s=1.9813
progress completed=1015 failed=6 in_flight=7 remaining=401 papers/s=0.2133 pages/s=1.9659
progress completed=1016 failed=6 in_flight=7 remaining=400 papers/s=0.2135 pages/s=1.9676
progress completed=1017 failed=6 in_flight=7 remaining=399 papers/s=0.2137 pages/s=1.9696
progress completed=1018 failed=6 in_flight=7 remaining=398 papers/s=0.2139 pages/s=1.9711
progress completed=1019 failed=6 in_flight=7 remaining=397 papers/s=0.2141 pages/s=1.9732
progress completed=1020 failed=6 in_flight=7 remaining=396 papers/s=0.2143 pages/s=1.9747
progress completed=1021 failed=6 in_flight=7 remaining=395 papers/s=0.2144 pages/s=1.9761
progress completed=1022 failed=6 in_flight=7 remaining=394 papers/s=0.2141 pages/s=1.9733
progress completed=1023 failed=6 in_flight=7 remaining=393 papers/s=0.2132 pages/s=1.9652
progress completed=1024 failed=6 in_flight=7 remaining=392 papers/s=0.2134 pages/s=1.9673
progress completed=1025 failed=6 in_flight=7 remaining=391 papers/s=0.2136 pages/s=1.9693
progress completed=1026 failed=6 in_flight=7 remaining=390 papers/s=0.2138 pages/s=1.9713
progress completed=1027 failed=6 in_flight=7 remaining=389 papers/s=0.214 pages/s=1.9734
progress completed=1028 failed=6 in_flight=7 remaining=388 papers/s=0.2137 pages/s=1.9708
progress completed=1029 failed=6 in_flight=7 remaining=387 papers/s=0.2139 pages/s=1.9729
progress completed=1030 failed=6 in_flight=7 remaining=386 papers/s=0.2141 pages/s=1.9742
progress completed=1031 failed=6 in_flight=7 remaining=385 papers/s=0.2139 pages/s=1.9726
progress completed=1032 failed=6 in_flight=7 remaining=384 papers/s=0.2129 pages/s=1.9627
progress completed=1033 failed=6 in_flight=7 remaining=383 papers/s=0.2131 pages/s=1.9647
progress completed=1034 failed=6 in_flight=7 remaining=382 papers/s=0.2133 pages/s=1.9667
progress completed=1035 failed=6 in_flight=7 remaining=381 papers/s=0.2135 pages/s=1.9688
progress completed=1036 failed=6 in_flight=7 remaining=380 papers/s=0.2137 pages/s=1.9708
progress completed=1037 failed=6 in_flight=7 remaining=379 papers/s=0.2139 pages/s=1.9728
progress completed=1038 failed=6 in_flight=7 remaining=378 papers/s=0.2139 pages/s=1.9732
progress completed=1039 failed=6 in_flight=7 remaining=377 papers/s=0.2141 pages/s=1.975
progress completed=1040 failed=6 in_flight=7 remaining=376 papers/s=0.2136 pages/s=1.97
progress completed=1041 failed=6 in_flight=7 remaining=375 papers/s=0.2129 pages/s=1.9642
progress completed=1042 failed=6 in_flight=7 remaining=374 papers/s=0.2131 pages/s=1.9654
progress completed=1043 failed=6 in_flight=7 remaining=373 papers/s=0.2133 pages/s=1.9673
progress completed=1044 failed=6 in_flight=7 remaining=372 papers/s=0.2135 pages/s=1.9693
progress completed=1045 failed=6 in_flight=7 remaining=371 papers/s=0.2137 pages/s=1.9713
progress completed=1046 failed=6 in_flight=7 remaining=370 papers/s=0.2137 pages/s=1.9716
progress completed=1047 failed=6 in_flight=7 remaining=369 papers/s=0.2139 pages/s=1.9736
progress completed=1048 failed=6 in_flight=7 remaining=368 papers/s=0.2129 pages/s=1.9629
progress completed=1049 failed=6 in_flight=7 remaining=367 papers/s=0.2122 pages/s=1.9557
progress completed=1050 failed=6 in_flight=7 remaining=366 papers/s=0.2124 pages/s=1.9569
progress completed=1051 failed=6 in_flight=7 remaining=365 papers/s=0.2125 pages/s=1.9589
progress completed=1052 failed=6 in_flight=7 remaining=364 papers/s=0.2124 pages/s=1.9574
progress completed=1053 failed=6 in_flight=7 remaining=363 papers/s=0.2122 pages/s=1.9558
progress completed=1054 failed=6 in_flight=7 remaining=362 papers/s=0.2123 pages/s=1.9573
progress completed=1055 failed=6 in_flight=7 remaining=361 papers/s=0.2125 pages/s=1.9592
progress completed=1056 failed=6 in_flight=7 remaining=360 papers/s=0.2122 pages/s=1.9561
progress completed=1057 failed=6 in_flight=7 remaining=359 papers/s=0.2123 pages/s=1.9579
progress completed=1058 failed=6 in_flight=7 remaining=358 papers/s=0.2122 pages/s=1.957
progress completed=1059 failed=6 in_flight=7 remaining=357 papers/s=0.2115 pages/s=1.9493
progress completed=1060 failed=6 in_flight=7 remaining=356 papers/s=0.2117 pages/s=1.9504
progress completed=1061 failed=6 in_flight=7 remaining=355 papers/s=0.2118 pages/s=1.9524
progress completed=1062 failed=6 in_flight=7 remaining=354 papers/s=0.212 pages/s=1.9541
progress completed=1063 failed=6 in_flight=7 remaining=353 papers/s=0.2122 pages/s=1.9551
progress completed=1064 failed=6 in_flight=7 remaining=352 papers/s=0.2122 pages/s=1.9551
progress completed=1065 failed=6 in_flight=7 remaining=351 papers/s=0.2124 pages/s=1.957
progress completed=1066 failed=6 in_flight=7 remaining=350 papers/s=0.2112 pages/s=1.946
progress completed=1067 failed=6 in_flight=7 remaining=349 papers/s=0.2114 pages/s=1.9478
progress completed=1068 failed=6 in_flight=7 remaining=348 papers/s=0.2116 pages/s=1.9495
progress completed=1069 failed=6 in_flight=7 remaining=347 papers/s=0.2118 pages/s=1.9511
progress completed=1070 failed=6 in_flight=7 remaining=346 papers/s=0.212 pages/s=1.9524
progress completed=1071 failed=6 in_flight=7 remaining=345 papers/s=0.2122 pages/s=1.9544
progress completed=1072 failed=6 in_flight=7 remaining=344 papers/s=0.2122 pages/s=1.9548
progress completed=1073 failed=6 in_flight=7 remaining=343 papers/s=0.2124 pages/s=1.9568
progress completed=1074 failed=6 in_flight=7 remaining=342 papers/s=0.2121 pages/s=1.9538
progress completed=1075 failed=6 in_flight=7 remaining=341 papers/s=0.211 pages/s=1.9434
progress completed=1076 failed=6 in_flight=7 remaining=340 papers/s=0.2112 pages/s=1.9444
progress completed=1077 failed=6 in_flight=7 remaining=339 papers/s=0.2114 pages/s=1.9463
progress completed=1078 failed=6 in_flight=7 remaining=338 papers/s=0.2116 pages/s=1.948
progress completed=1079 failed=6 in_flight=7 remaining=337 papers/s=0.2118 pages/s=1.9499
progress completed=1080 failed=6 in_flight=7 remaining=336 papers/s=0.2119 pages/s=1.9517
progress completed=1081 failed=6 in_flight=7 remaining=335 papers/s=0.2121 pages/s=1.9532
progress completed=1082 failed=6 in_flight=7 remaining=334 papers/s=0.2121 pages/s=1.953
progress completed=1083 failed=6 in_flight=7 remaining=333 papers/s=0.2109 pages/s=1.9418
progress completed=1084 failed=6 in_flight=7 remaining=332 papers/s=0.2111 pages/s=1.9437
progress completed=1085 failed=6 in_flight=7 remaining=331 papers/s=0.2113 pages/s=1.9456
progress completed=1086 failed=6 in_flight=7 remaining=330 papers/s=0.2115 pages/s=1.9472
progress completed=1087 failed=6 in_flight=7 remaining=329 papers/s=0.2117 pages/s=1.9489
progress completed=1088 failed=6 in_flight=7 remaining=328 papers/s=0.2117 pages/s=1.9488
progress completed=1089 failed=6 in_flight=7 remaining=327 papers/s=0.2119 pages/s=1.9503
progress completed=1090 failed=6 in_flight=7 remaining=326 papers/s=0.212 pages/s=1.952
progress completed=1091 failed=6 in_flight=7 remaining=325 papers/s=0.2106 pages/s=1.9379
progress completed=1092 failed=6 in_flight=7 remaining=324 papers/s=0.2107 pages/s=1.9392
progress completed=1093 failed=6 in_flight=7 remaining=323 papers/s=0.2109 pages/s=1.9403
progress completed=1094 failed=6 in_flight=7 remaining=322 papers/s=0.2111 pages/s=1.9422
progress completed=1095 failed=6 in_flight=7 remaining=321 papers/s=0.2113 pages/s=1.9441
progress completed=1096 failed=6 in_flight=7 remaining=320 papers/s=0.2115 pages/s=1.9455
progress completed=1097 failed=6 in_flight=7 remaining=319 papers/s=0.2116 pages/s=1.947
progress completed=1098 failed=6 in_flight=7 remaining=318 papers/s=0.2118 pages/s=1.9489
progress completed=1099 failed=6 in_flight=7 remaining=317 papers/s=0.2113 pages/s=1.9441
progress completed=1100 failed=6 in_flight=7 remaining=316 papers/s=0.2107 pages/s=1.9391
progress completed=1101 failed=6 in_flight=7 remaining=315 papers/s=0.2109 pages/s=1.9404
progress completed=1102 failed=6 in_flight=7 remaining=314 papers/s=0.2111 pages/s=1.9423
progress completed=1103 failed=6 in_flight=7 remaining=313 papers/s=0.2113 pages/s=1.9438
progress completed=1104 failed=6 in_flight=7 remaining=312 papers/s=0.2114 pages/s=1.945
progress completed=1105 failed=6 in_flight=7 remaining=311 papers/s=0.2116 pages/s=1.9468
progress completed=1106 failed=6 in_flight=7 remaining=310 papers/s=0.2118 pages/s=1.9486
progress completed=1107 failed=6 in_flight=7 remaining=309 papers/s=0.2118 pages/s=1.9482
progress completed=1108 failed=6 in_flight=7 remaining=308 papers/s=0.2117 pages/s=1.9467
progress completed=1109 failed=6 in_flight=7 remaining=307 papers/s=0.2116 pages/s=1.9462
progress completed=1110 failed=6 in_flight=7 remaining=306 papers/s=0.2109 pages/s=1.9391
progress completed=1111 failed=6 in_flight=7 remaining=305 papers/s=0.2111 pages/s=1.9408
progress completed=1112 failed=6 in_flight=7 remaining=304 papers/s=0.2113 pages/s=1.9426
progress completed=1113 failed=6 in_flight=7 remaining=303 papers/s=0.2115 pages/s=1.9439
progress completed=1114 failed=6 in_flight=7 remaining=302 papers/s=0.2116 pages/s=1.9458
progress completed=1115 failed=6 in_flight=7 remaining=301 papers/s=0.2117 pages/s=1.9464
progress completed=1116 failed=6 in_flight=7 remaining=300 papers/s=0.2119 pages/s=1.9483
progress completed=1117 failed=6 in_flight=7 remaining=299 papers/s=0.2117 pages/s=1.9464
progress completed=1118 failed=6 in_flight=7 remaining=298 papers/s=0.2115 pages/s=1.9439
progress completed=1119 failed=6 in_flight=7 remaining=297 papers/s=0.2111 pages/s=1.9405
progress completed=1120 failed=6 in_flight=7 remaining=296 papers/s=0.2112 pages/s=1.9414
progress completed=1121 failed=6 in_flight=7 remaining=295 papers/s=0.2109 pages/s=1.9372
progress completed=1122 failed=6 in_flight=7 remaining=294 papers/s=0.211 pages/s=1.9385
progress completed=1123 failed=6 in_flight=7 remaining=293 papers/s=0.2112 pages/s=1.9401
progress completed=1124 failed=6 in_flight=7 remaining=292 papers/s=0.2114 pages/s=1.9416
progress completed=1125 failed=6 in_flight=7 remaining=291 papers/s=0.2115 pages/s=1.9434
progress completed=1126 failed=6 in_flight=7 remaining=290 papers/s=0.2117 pages/s=1.945
progress completed=1127 failed=6 in_flight=7 remaining=289 papers/s=0.2115 pages/s=1.9427
progress completed=1128 failed=6 in_flight=7 remaining=288 papers/s=0.2117 pages/s=1.9444
progress completed=1129 failed=6 in_flight=7 remaining=287 papers/s=0.2107 pages/s=1.9353
progress completed=1130 failed=6 in_flight=7 remaining=286 papers/s=0.2109 pages/s=1.9369
progress completed=1131 failed=6 in_flight=7 remaining=285 papers/s=0.2111 pages/s=1.9382
progress completed=1132 failed=6 in_flight=7 remaining=284 papers/s=0.2112 pages/s=1.9396
progress completed=1133 failed=6 in_flight=7 remaining=283 papers/s=0.2114 pages/s=1.9408
progress completed=1134 failed=6 in_flight=7 remaining=282 papers/s=0.2115 pages/s=1.9424
progress completed=1135 failed=6 in_flight=7 remaining=281 papers/s=0.2117 pages/s=1.9433
progress completed=1136 failed=6 in_flight=7 remaining=280 papers/s=0.2118 pages/s=1.9451
progress completed=1137 failed=6 in_flight=7 remaining=279 papers/s=0.2112 pages/s=1.9393
progress completed=1138 failed=6 in_flight=7 remaining=278 papers/s=0.2106 pages/s=1.9335
progress completed=1139 failed=6 in_flight=7 remaining=277 papers/s=0.2108 pages/s=1.9353
progress completed=1140 failed=6 in_flight=7 remaining=276 papers/s=0.211 pages/s=1.9365
progress completed=1141 failed=6 in_flight=7 remaining=275 papers/s=0.2112 pages/s=1.9383
progress completed=1142 failed=6 in_flight=7 remaining=274 papers/s=0.2113 pages/s=1.9401
progress completed=1143 failed=6 in_flight=7 remaining=273 papers/s=0.2115 pages/s=1.942
progress completed=1144 failed=6 in_flight=7 remaining=272 papers/s=0.2116 pages/s=1.9424
progress completed=1145 failed=6 in_flight=7 remaining=271 papers/s=0.2109 pages/s=1.9357
progress completed=1146 failed=6 in_flight=7 remaining=270 papers/s=0.2111 pages/s=1.9375
progress completed=1147 failed=6 in_flight=7 remaining=269 papers/s=0.2113 pages/s=1.9393
progress completed=1148 failed=6 in_flight=7 remaining=268 papers/s=0.2114 pages/s=1.9411
progress completed=1149 failed=6 in_flight=7 remaining=267 papers/s=0.2115 pages/s=1.9412
progress completed=1150 failed=6 in_flight=7 remaining=266 papers/s=0.2117 pages/s=1.942
progress completed=1151 failed=6 in_flight=7 remaining=265 papers/s=0.2118 pages/s=1.9431
progress completed=1152 failed=6 in_flight=7 remaining=264 papers/s=0.2117 pages/s=1.942
progress completed=1153 failed=6 in_flight=7 remaining=263 papers/s=0.2117 pages/s=1.9418
progress completed=1154 failed=6 in_flight=7 remaining=262 papers/s=0.2111 pages/s=1.9358
progress completed=1155 failed=6 in_flight=7 remaining=261 papers/s=0.2113 pages/s=1.9376
progress completed=1156 failed=6 in_flight=7 remaining=260 papers/s=0.2115 pages/s=1.9394
progress completed=1157 failed=6 in_flight=7 remaining=259 papers/s=0.2116 pages/s=1.9412
progress completed=1158 failed=6 in_flight=7 remaining=258 papers/s=0.2118 pages/s=1.943
progress completed=1159 failed=6 in_flight=7 remaining=257 papers/s=0.2119 pages/s=1.9438
progress completed=1160 failed=6 in_flight=7 remaining=256 papers/s=0.2121 pages/s=1.9455
progress completed=1161 failed=6 in_flight=7 remaining=255 papers/s=0.2112 pages/s=1.9379
progress completed=1162 failed=6 in_flight=7 remaining=254 papers/s=0.2114 pages/s=1.9396
progress completed=1163 failed=6 in_flight=7 remaining=253 papers/s=0.2116 pages/s=1.9414
progress completed=1164 failed=6 in_flight=7 remaining=252 papers/s=0.2118 pages/s=1.9432
progress completed=1165 failed=6 in_flight=7 remaining=251 papers/s=0.2119 pages/s=1.9444
progress completed=1166 failed=6 in_flight=7 remaining=250 papers/s=0.212 pages/s=1.9454
progress completed=1167 failed=6 in_flight=7 remaining=249 papers/s=0.2122 pages/s=1.9472
progress completed=1168 failed=6 in_flight=7 remaining=248 papers/s=0.2117 pages/s=1.9426
progress completed=1169 failed=6 in_flight=7 remaining=247 papers/s=0.2106 pages/s=1.933
progress completed=1170 failed=6 in_flight=7 remaining=246 papers/s=0.2108 pages/s=1.9348
progress completed=1171 failed=6 in_flight=7 remaining=245 papers/s=0.211 pages/s=1.9363
progress completed=1172 failed=6 in_flight=7 remaining=244 papers/s=0.2111 pages/s=1.9377
progress completed=1173 failed=6 in_flight=7 remaining=243 papers/s=0.2113 pages/s=1.9395
progress completed=1174 failed=6 in_flight=7 remaining=242 papers/s=0.2115 pages/s=1.9409
progress completed=1175 failed=6 in_flight=7 remaining=241 papers/s=0.2117 pages/s=1.9426
progress completed=1176 failed=6 in_flight=7 remaining=240 papers/s=0.2116 pages/s=1.942
progress completed=1177 failed=6 in_flight=7 remaining=239 papers/s=0.2116 pages/s=1.9409
progress completed=1178 failed=6 in_flight=7 remaining=238 papers/s=0.2107 pages/s=1.9329
progress completed=1179 failed=6 in_flight=7 remaining=237 papers/s=0.2109 pages/s=1.9347
progress completed=1180 failed=6 in_flight=7 remaining=236 papers/s=0.211 pages/s=1.9364
progress completed=1181 failed=6 in_flight=7 remaining=235 papers/s=0.2112 pages/s=1.9376
progress completed=1182 failed=6 in_flight=7 remaining=234 papers/s=0.2114 pages/s=1.9394
progress completed=1183 failed=6 in_flight=7 remaining=233 papers/s=0.2115 pages/s=1.9411
progress completed=1184 failed=6 in_flight=7 remaining=232 papers/s=0.2116 pages/s=1.942
progress completed=1185 failed=6 in_flight=7 remaining=231 papers/s=0.2118 pages/s=1.9437
progress completed=1186 failed=6 in_flight=7 remaining=230 papers/s=0.2116 pages/s=1.9414
progress completed=1187 failed=6 in_flight=7 remaining=229 papers/s=0.2109 pages/s=1.9347
progress completed=1188 failed=6 in_flight=7 remaining=228 papers/s=0.2111 pages/s=1.9364
progress completed=1189 failed=6 in_flight=7 remaining=227 papers/s=0.2112 pages/s=1.9373
progress completed=1190 failed=6 in_flight=7 remaining=226 papers/s=0.2114 pages/s=1.939
progress completed=1191 failed=6 in_flight=7 remaining=225 papers/s=0.2115 pages/s=1.9405
progress completed=1192 failed=6 in_flight=7 remaining=224 papers/s=0.2116 pages/s=1.9413
progress completed=1193 failed=6 in_flight=7 remaining=223 papers/s=0.2118 pages/s=1.943
progress completed=1194 failed=6 in_flight=7 remaining=222 papers/s=0.2119 pages/s=1.9439
progress completed=1195 failed=6 in_flight=7 remaining=221 papers/s=0.2116 pages/s=1.9414
progress completed=1196 failed=6 in_flight=7 remaining=220 papers/s=0.2117 pages/s=1.9429
progress completed=1197 failed=6 in_flight=7 remaining=219 papers/s=0.2108 pages/s=1.9349
progress completed=1198 failed=6 in_flight=7 remaining=218 papers/s=0.211 pages/s=1.9366
progress completed=1199 failed=6 in_flight=7 remaining=217 papers/s=0.2112 pages/s=1.9383
progress completed=1200 failed=6 in_flight=7 remaining=216 papers/s=0.2114 pages/s=1.9401
progress completed=1201 failed=6 in_flight=7 remaining=215 papers/s=0.2115 pages/s=1.9418
progress completed=1202 failed=6 in_flight=7 remaining=214 papers/s=0.2116 pages/s=1.9429
progress completed=1203 failed=6 in_flight=7 remaining=213 papers/s=0.2118 pages/s=1.9446
progress completed=1204 failed=6 in_flight=7 remaining=212 papers/s=0.212 pages/s=1.9463
progress completed=1205 failed=6 in_flight=7 remaining=211 papers/s=0.2114 pages/s=1.9412
progress completed=1206 failed=6 in_flight=7 remaining=210 papers/s=0.2114 pages/s=1.9416
progress completed=1207 failed=6 in_flight=7 remaining=209 papers/s=0.2109 pages/s=1.9358
progress completed=1208 failed=6 in_flight=7 remaining=208 papers/s=0.211 pages/s=1.9375
progress completed=1209 failed=6 in_flight=7 remaining=207 papers/s=0.2112 pages/s=1.9392
progress completed=1210 failed=6 in_flight=7 remaining=206 papers/s=0.2114 pages/s=1.9409
progress completed=1211 failed=6 in_flight=7 remaining=205 papers/s=0.2115 pages/s=1.9426
progress completed=1212 failed=6 in_flight=7 remaining=204 papers/s=0.2116 pages/s=1.9432
progress completed=1213 failed=6 in_flight=7 remaining=203 papers/s=0.2118 pages/s=1.9449
progress completed=1214 failed=6 in_flight=7 remaining=202 papers/s=0.2116 pages/s=1.944
progress completed=1215 failed=6 in_flight=7 remaining=201 papers/s=0.2113 pages/s=1.9409
progress completed=1216 failed=6 in_flight=7 remaining=200 papers/s=0.2108 pages/s=1.9363
progress completed=1217 failed=6 in_flight=7 remaining=199 papers/s=0.211 pages/s=1.9379
progress completed=1218 failed=6 in_flight=7 remaining=198 papers/s=0.2112 pages/s=1.9396
progress completed=1219 failed=6 in_flight=7 remaining=197 papers/s=0.2113 pages/s=1.9413
progress completed=1220 failed=6 in_flight=7 remaining=196 papers/s=0.2115 pages/s=1.9428
progress completed=1221 failed=6 in_flight=7 remaining=195 papers/s=0.2115 pages/s=1.9433
progress completed=1222 failed=6 in_flight=7 remaining=194 papers/s=0.2117 pages/s=1.945
progress completed=1223 failed=6 in_flight=7 remaining=193 papers/s=0.2116 pages/s=1.9439
progress completed=1224 failed=6 in_flight=7 remaining=192 papers/s=0.2116 pages/s=1.9442
progress completed=1225 failed=6 in_flight=7 remaining=191 papers/s=0.2113 pages/s=1.9404
progress completed=1226 failed=6 in_flight=7 remaining=190 papers/s=0.2114 pages/s=1.9417
progress completed=1227 failed=6 in_flight=7 remaining=189 papers/s=0.2116 pages/s=1.9433
progress completed=1228 failed=6 in_flight=7 remaining=188 papers/s=0.2117 pages/s=1.9449
progress completed=1229 failed=6 in_flight=7 remaining=187 papers/s=0.2117 pages/s=1.9448
progress completed=1230 failed=6 in_flight=7 remaining=186 papers/s=0.2119 pages/s=1.9465
progress completed=1231 failed=6 in_flight=7 remaining=185 papers/s=0.2119 pages/s=1.9468
progress completed=1232 failed=6 in_flight=7 remaining=184 papers/s=0.212 pages/s=1.9485
progress completed=1233 failed=6 in_flight=7 remaining=183 papers/s=0.212 pages/s=1.9477
progress completed=1234 failed=6 in_flight=7 remaining=182 papers/s=0.2116 pages/s=1.9449
progress completed=1235 failed=6 in_flight=7 remaining=181 papers/s=0.2118 pages/s=1.9465
progress completed=1236 failed=6 in_flight=7 remaining=180 papers/s=0.212 pages/s=1.9475
progress completed=1237 failed=6 in_flight=7 remaining=179 papers/s=0.2121 pages/s=1.9488
progress completed=1238 failed=6 in_flight=7 remaining=178 papers/s=0.2122 pages/s=1.9502
progress completed=1239 failed=6 in_flight=7 remaining=177 papers/s=0.2123 pages/s=1.9507
progress completed=1240 failed=6 in_flight=7 remaining=176 papers/s=0.2123 pages/s=1.9509
progress completed=1241 failed=6 in_flight=7 remaining=175 papers/s=0.2124 pages/s=1.9521
progress completed=1242 failed=6 in_flight=7 remaining=174 papers/s=0.2116 pages/s=1.945
progress completed=1243 failed=6 in_flight=7 remaining=173 papers/s=0.2118 pages/s=1.9467
progress completed=1244 failed=6 in_flight=7 remaining=172 papers/s=0.2119 pages/s=1.9484
progress completed=1245 failed=6 in_flight=7 remaining=171 papers/s=0.2121 pages/s=1.9501
progress completed=1246 failed=6 in_flight=7 remaining=170 papers/s=0.2123 pages/s=1.9517
progress completed=1247 failed=6 in_flight=7 remaining=169 papers/s=0.2123 pages/s=1.9522
progress completed=1248 failed=6 in_flight=7 remaining=168 papers/s=0.2125 pages/s=1.9538
progress completed=1249 failed=6 in_flight=7 remaining=167 papers/s=0.2127 pages/s=1.9554
progress completed=1250 failed=6 in_flight=7 remaining=166 papers/s=0.2116 pages/s=1.9458
progress completed=1251 failed=6 in_flight=7 remaining=165 papers/s=0.2118 pages/s=1.9474
progress completed=1252 failed=6 in_flight=7 remaining=164 papers/s=0.2119 pages/s=1.9491
progress completed=1253 failed=6 in_flight=7 remaining=163 papers/s=0.2121 pages/s=1.9507
progress completed=1254 failed=6 in_flight=7 remaining=162 papers/s=0.2123 pages/s=1.9523
progress completed=1255 failed=6 in_flight=7 remaining=161 papers/s=0.2124 pages/s=1.9538
progress completed=1256 failed=6 in_flight=7 remaining=160 papers/s=0.2126 pages/s=1.9555
progress completed=1257 failed=6 in_flight=7 remaining=159 papers/s=0.2127 pages/s=1.9572
progress completed=1258 failed=6 in_flight=7 remaining=158 papers/s=0.2123 pages/s=1.9528
progress completed=1259 failed=6 in_flight=7 remaining=157 papers/s=0.2118 pages/s=1.9487
progress completed=1260 failed=6 in_flight=7 remaining=156 papers/s=0.212 pages/s=1.9503
progress completed=1261 failed=6 in_flight=7 remaining=155 papers/s=0.2121 pages/s=1.9519
progress completed=1262 failed=6 in_flight=7 remaining=154 papers/s=0.2123 pages/s=1.9534
progress completed=1263 failed=6 in_flight=7 remaining=153 papers/s=0.2124 pages/s=1.9547
progress completed=1264 failed=6 in_flight=7 remaining=152 papers/s=0.2125 pages/s=1.9553
progress completed=1265 failed=6 in_flight=7 remaining=151 papers/s=0.2126 pages/s=1.9569
progress completed=1266 failed=6 in_flight=7 remaining=150 papers/s=0.2126 pages/s=1.9557
progress completed=1267 failed=6 in_flight=7 remaining=149 papers/s=0.2124 pages/s=1.9547
progress completed=1268 failed=6 in_flight=7 remaining=148 papers/s=0.2126 pages/s=1.9564
progress completed=1269 failed=6 in_flight=7 remaining=147 papers/s=0.2123 pages/s=1.9536
progress completed=1270 failed=6 in_flight=7 remaining=146 papers/s=0.2125 pages/s=1.9552
progress completed=1271 failed=6 in_flight=7 remaining=145 papers/s=0.2126 pages/s=1.9569
progress completed=1272 failed=6 in_flight=7 remaining=144 papers/s=0.2128 pages/s=1.9585
progress completed=1273 failed=6 in_flight=7 remaining=143 papers/s=0.2129 pages/s=1.9602
progress completed=1274 failed=6 in_flight=7 remaining=142 papers/s=0.213 pages/s=1.9607
progress completed=1275 failed=6 in_flight=7 remaining=141 papers/s=0.2128 pages/s=1.9585
progress completed=1276 failed=6 in_flight=7 remaining=140 papers/s=0.213 pages/s=1.9601
progress completed=1277 failed=6 in_flight=7 remaining=139 papers/s=0.2129 pages/s=1.9595
progress completed=1278 failed=6 in_flight=7 remaining=138 papers/s=0.2123 pages/s=1.9543
progress completed=1279 failed=6 in_flight=7 remaining=137 papers/s=0.2125 pages/s=1.9558
progress completed=1280 failed=6 in_flight=7 remaining=136 papers/s=0.2126 pages/s=1.9574
progress completed=1281 failed=6 in_flight=7 remaining=135 papers/s=0.2128 pages/s=1.9589
progress completed=1282 failed=6 in_flight=7 remaining=134 papers/s=0.213 pages/s=1.96
progress completed=1283 failed=6 in_flight=7 remaining=133 papers/s=0.2125 pages/s=1.9555
progress completed=1284 failed=6 in_flight=7 remaining=132 papers/s=0.2126 pages/s=1.9571
progress completed=1285 failed=6 in_flight=7 remaining=131 papers/s=0.2128 pages/s=1.9586
progress completed=1286 failed=6 in_flight=7 remaining=130 papers/s=0.2123 pages/s=1.9543
progress completed=1287 failed=6 in_flight=7 remaining=129 papers/s=0.2117 pages/s=1.9488
progress completed=1288 failed=6 in_flight=7 remaining=128 papers/s=0.2118 pages/s=1.9504
progress completed=1289 failed=6 in_flight=7 remaining=127 papers/s=0.212 pages/s=1.952
progress completed=1290 failed=6 in_flight=7 remaining=126 papers/s=0.2121 pages/s=1.9534
progress completed=1291 failed=6 in_flight=7 remaining=125 papers/s=0.2123 pages/s=1.9549
progress completed=1292 failed=6 in_flight=7 remaining=124 papers/s=0.2124 pages/s=1.9565
progress completed=1293 failed=6 in_flight=7 remaining=123 papers/s=0.2126 pages/s=1.9579
progress completed=1294 failed=6 in_flight=7 remaining=122 papers/s=0.2124 pages/s=1.9566
progress completed=1295 failed=6 in_flight=7 remaining=121 papers/s=0.2123 pages/s=1.9558
progress completed=1296 failed=6 in_flight=7 remaining=120 papers/s=0.2118 pages/s=1.9507
progress completed=1297 failed=6 in_flight=7 remaining=119 papers/s=0.2119 pages/s=1.9523
progress completed=1298 failed=6 in_flight=7 remaining=118 papers/s=0.2121 pages/s=1.9539
progress completed=1299 failed=6 in_flight=7 remaining=117 papers/s=0.2122 pages/s=1.9555
progress completed=1300 failed=6 in_flight=7 remaining=116 papers/s=0.2121 pages/s=1.9545
progress completed=1301 failed=6 in_flight=7 remaining=115 papers/s=0.2123 pages/s=1.9559
progress completed=1302 failed=6 in_flight=7 remaining=114 papers/s=0.2124 pages/s=1.9576
progress completed=1303 failed=6 in_flight=7 remaining=113 papers/s=0.2125 pages/s=1.9585
progress completed=1304 failed=6 in_flight=7 remaining=112 papers/s=0.2125 pages/s=1.9586
progress completed=1305 failed=6 in_flight=7 remaining=111 papers/s=0.2119 pages/s=1.9535
progress completed=1306 failed=6 in_flight=7 remaining=110 papers/s=0.2121 pages/s=1.9546
progress completed=1307 failed=6 in_flight=7 remaining=109 papers/s=0.2123 pages/s=1.9559
progress completed=1308 failed=6 in_flight=7 remaining=108 papers/s=0.2124 pages/s=1.9574
progress completed=1309 failed=6 in_flight=7 remaining=107 papers/s=0.2126 pages/s=1.959
progress completed=1310 failed=6 in_flight=7 remaining=106 papers/s=0.2127 pages/s=1.9606
progress completed=1311 failed=6 in_flight=7 remaining=105 papers/s=0.2129 pages/s=1.9622
progress completed=1312 failed=6 in_flight=7 remaining=104 papers/s=0.2128 pages/s=1.9618
progress completed=1313 failed=6 in_flight=7 remaining=103 papers/s=0.2122 pages/s=1.956
progress completed=1314 failed=6 in_flight=7 remaining=102 papers/s=0.2124 pages/s=1.9576
progress completed=1315 failed=6 in_flight=7 remaining=101 papers/s=0.2125 pages/s=1.9591
progress completed=1316 failed=6 in_flight=7 remaining=100 papers/s=0.2127 pages/s=1.9604
progress completed=1317 failed=6 in_flight=7 remaining=99 papers/s=0.2128 pages/s=1.962
progress completed=1318 failed=6 in_flight=7 remaining=98 papers/s=0.213 pages/s=1.9636
progress completed=1319 failed=6 in_flight=7 remaining=97 papers/s=0.213 pages/s=1.964
progress completed=1320 failed=6 in_flight=7 remaining=96 papers/s=0.2131 pages/s=1.9652
progress completed=1321 failed=6 in_flight=7 remaining=95 papers/s=0.2122 pages/s=1.9567
progress completed=1322 failed=6 in_flight=7 remaining=94 papers/s=0.2124 pages/s=1.9583
progress completed=1323 failed=6 in_flight=7 remaining=93 papers/s=0.2125 pages/s=1.9597
progress completed=1324 failed=6 in_flight=7 remaining=92 papers/s=0.2127 pages/s=1.9612
progress completed=1325 failed=6 in_flight=7 remaining=91 papers/s=0.2128 pages/s=1.9628
progress completed=1326 failed=6 in_flight=7 remaining=90 papers/s=0.2129 pages/s=1.9634
progress completed=1327 failed=6 in_flight=7 remaining=89 papers/s=0.213 pages/s=1.965
progress completed=1328 failed=6 in_flight=7 remaining=88 papers/s=0.2129 pages/s=1.9643
progress completed=1329 failed=6 in_flight=7 remaining=87 papers/s=0.2129 pages/s=1.9643
progress completed=1330 failed=6 in_flight=7 remaining=86 papers/s=0.213 pages/s=1.9653
progress completed=1331 failed=6 in_flight=7 remaining=85 papers/s=0.2124 pages/s=1.9596
progress completed=1332 failed=6 in_flight=7 remaining=84 papers/s=0.2126 pages/s=1.9612
progress completed=1333 failed=6 in_flight=7 remaining=83 papers/s=0.2127 pages/s=1.9628
progress completed=1334 failed=6 in_flight=7 remaining=82 papers/s=0.2129 pages/s=1.9639
progress completed=1335 failed=6 in_flight=7 remaining=81 papers/s=0.213 pages/s=1.9654
progress completed=1336 failed=6 in_flight=7 remaining=80 papers/s=0.2132 pages/s=1.967
progress completed=1337 failed=6 in_flight=7 remaining=79 papers/s=0.2131 pages/s=1.9661
progress completed=1338 failed=6 in_flight=7 remaining=78 papers/s=0.2132 pages/s=1.9667
progress completed=1339 failed=6 in_flight=7 remaining=77 papers/s=0.2123 pages/s=1.9585
progress completed=1340 failed=6 in_flight=7 remaining=76 papers/s=0.2125 pages/s=1.9601
progress completed=1341 failed=6 in_flight=7 remaining=75 papers/s=0.2127 pages/s=1.9616
progress completed=1342 failed=6 in_flight=7 remaining=74 papers/s=0.2128 pages/s=1.9632
progress completed=1343 failed=6 in_flight=7 remaining=73 papers/s=0.213 pages/s=1.9647
progress completed=1344 failed=6 in_flight=7 remaining=72 papers/s=0.2131 pages/s=1.9663
progress completed=1345 failed=6 in_flight=7 remaining=71 papers/s=0.2133 pages/s=1.9678
progress completed=1346 failed=6 in_flight=7 remaining=70 papers/s=0.2133 pages/s=1.968
progress completed=1347 failed=6 in_flight=7 remaining=69 papers/s=0.2133 pages/s=1.9672
progress completed=1348 failed=6 in_flight=7 remaining=68 papers/s=0.2124 pages/s=1.9592
progress completed=1349 failed=6 in_flight=7 remaining=67 papers/s=0.2125 pages/s=1.9607
progress completed=1350 failed=6 in_flight=7 remaining=66 papers/s=0.2127 pages/s=1.9623
progress completed=1351 failed=6 in_flight=7 remaining=65 papers/s=0.2128 pages/s=1.9638
progress completed=1352 failed=6 in_flight=7 remaining=64 papers/s=0.213 pages/s=1.9647
progress completed=1353 failed=6 in_flight=7 remaining=63 papers/s=0.2131 pages/s=1.9662
progress completed=1354 failed=6 in_flight=7 remaining=62 papers/s=0.2131 pages/s=1.9662
progress completed=1355 failed=6 in_flight=7 remaining=61 papers/s=0.2132 pages/s=1.9675
progress completed=1356 failed=6 in_flight=7 remaining=60 papers/s=0.2131 pages/s=1.9664
progress completed=1357 failed=6 in_flight=7 remaining=59 papers/s=0.2127 pages/s=1.962
progress completed=1358 failed=6 in_flight=7 remaining=58 papers/s=0.2128 pages/s=1.9636
progress completed=1359 failed=6 in_flight=7 remaining=57 papers/s=0.213 pages/s=1.9651
progress completed=1360 failed=6 in_flight=7 remaining=56 papers/s=0.2131 pages/s=1.9666
progress completed=1361 failed=6 in_flight=7 remaining=55 papers/s=0.2132 pages/s=1.9673
progress completed=1362 failed=6 in_flight=7 remaining=54 papers/s=0.2134 pages/s=1.9688
progress completed=1363 failed=6 in_flight=7 remaining=53 papers/s=0.2135 pages/s=1.9703
progress completed=1364 failed=6 in_flight=7 remaining=52 papers/s=0.2133 pages/s=1.9684
progress completed=1365 failed=6 in_flight=7 remaining=51 papers/s=0.2134 pages/s=1.9694
progress completed=1366 failed=6 in_flight=7 remaining=50 papers/s=0.213 pages/s=1.9658
progress completed=1367 failed=6 in_flight=7 remaining=49 papers/s=0.2132 pages/s=1.9668
progress completed=1368 failed=6 in_flight=7 remaining=48 papers/s=0.2134 pages/s=1.9683
progress completed=1369 failed=6 in_flight=7 remaining=47 papers/s=0.2135 pages/s=1.9697
progress completed=1370 failed=6 in_flight=7 remaining=46 papers/s=0.2136 pages/s=1.9703
progress completed=1371 failed=6 in_flight=7 remaining=45 papers/s=0.2137 pages/s=1.9718
progress completed=1372 failed=6 in_flight=7 remaining=44 papers/s=0.2136 pages/s=1.9707
progress completed=1373 failed=6 in_flight=7 remaining=43 papers/s=0.2137 pages/s=1.972
progress completed=1374 failed=6 in_flight=7 remaining=42 papers/s=0.2136 pages/s=1.9709
progress completed=1375 failed=6 in_flight=7 remaining=41 papers/s=0.2131 pages/s=1.9658
progress completed=1376 failed=6 in_flight=7 remaining=40 papers/s=0.2132 pages/s=1.9673
progress completed=1377 failed=6 in_flight=7 remaining=39 papers/s=0.2134 pages/s=1.9684
progress completed=1378 failed=6 in_flight=7 remaining=38 papers/s=0.2135 pages/s=1.9699
progress completed=1379 failed=6 in_flight=7 remaining=37 papers/s=0.2137 pages/s=1.9714
progress completed=1380 failed=6 in_flight=7 remaining=36 papers/s=0.2137 pages/s=1.9721
progress completed=1381 failed=6 in_flight=7 remaining=35 papers/s=0.2139 pages/s=1.9736
progress completed=1382 failed=6 in_flight=7 remaining=34 papers/s=0.213 pages/s=1.9648
progress completed=1383 failed=6 in_flight=7 remaining=33 papers/s=0.2131 pages/s=1.9658
progress completed=1384 failed=6 in_flight=7 remaining=32 papers/s=0.2133 pages/s=1.9673
progress completed=1385 failed=6 in_flight=7 remaining=31 papers/s=0.2134 pages/s=1.9687
progress completed=1386 failed=6 in_flight=7 remaining=30 papers/s=0.2136 pages/s=1.9694
progress completed=1387 failed=6 in_flight=7 remaining=29 papers/s=0.2137 pages/s=1.9708
progress completed=1388 failed=6 in_flight=7 remaining=28 papers/s=0.2138 pages/s=1.9723
progress completed=1389 failed=6 in_flight=7 remaining=27 papers/s=0.214 pages/s=1.9738
progress completed=1390 failed=6 in_flight=7 remaining=26 papers/s=0.2129 pages/s=1.9638
progress completed=1391 failed=6 in_flight=7 remaining=25 papers/s=0.2131 pages/s=1.9649
progress completed=1392 failed=6 in_flight=7 remaining=24 papers/s=0.2132 pages/s=1.9664
progress completed=1393 failed=6 in_flight=7 remaining=23 papers/s=0.2134 pages/s=1.9671
progress completed=1394 failed=6 in_flight=7 remaining=22 papers/s=0.2135 pages/s=1.9683
progress completed=1395 failed=6 in_flight=7 remaining=21 papers/s=0.2137 pages/s=1.9698
progress completed=1396 failed=6 in_flight=7 remaining=20 papers/s=0.2138 pages/s=1.9713
progress completed=1397 failed=6 in_flight=7 remaining=19 papers/s=0.2139 pages/s=1.9726
progress completed=1398 failed=6 in_flight=7 remaining=18 papers/s=0.2131 pages/s=1.9643
progress completed=1399 failed=6 in_flight=7 remaining=17 papers/s=0.2132 pages/s=1.9658
progress completed=1400 failed=6 in_flight=7 remaining=16 papers/s=0.2134 pages/s=1.9666
progress completed=1401 failed=6 in_flight=7 remaining=15 papers/s=0.2135 pages/s=1.9681
progress completed=1402 failed=6 in_flight=7 remaining=14 papers/s=0.2137 pages/s=1.9697
progress completed=1403 failed=6 in_flight=7 remaining=13 papers/s=0.2137 pages/s=1.97
progress completed=1404 failed=6 in_flight=7 remaining=12 papers/s=0.2138 pages/s=1.9712
progress completed=1405 failed=6 in_flight=7 remaining=11 papers/s=0.2137 pages/s=1.9703
progress completed=1406 failed=6 in_flight=7 remaining=10 papers/s=0.2134 pages/s=1.9676
progress completed=1407 failed=6 in_flight=7 remaining=9 papers/s=0.213 pages/s=1.9637
progress completed=1408 failed=6 in_flight=7 remaining=8 papers/s=0.2131 pages/s=1.9647
progress completed=1409 failed=6 in_flight=7 remaining=7 papers/s=0.2133 pages/s=1.9662
progress completed=1410 failed=6 in_flight=6 remaining=6 papers/s=0.2134 pages/s=1.9677
progress completed=1411 failed=6 in_flight=5 remaining=5 papers/s=0.2136 pages/s=1.9692
progress completed=1412 failed=6 in_flight=4 remaining=4 papers/s=0.2137 pages/s=1.9707
progress completed=1413 failed=6 in_flight=3 remaining=3 papers/s=0.2139 pages/s=1.9722
progress completed=1414 failed=6 in_flight=2 remaining=2 papers/s=0.2138 pages/s=1.972
progress completed=1415 failed=6 in_flight=1 remaining=1 papers/s=0.2138 pages/s=1.9716
progress completed=1416 failed=6 in_flight=0 remaining=0 papers/s=0.2139 pages/s=1.9726
{
  "output": "/scratch-shared/sfris1/processed/Physics",
  "stats": {
    "already_complete": 888,
    "completed": 1416,
    "elapsed_seconds": 6618.608,
    "failed": 6,
    "figures": 0,
    "in_flight": 0,
    "pages": 13056,
    "pages_per_second": 1.9726,
    "papers_per_second": 0.2139,
    "remaining": 0,
    "submitted": 1422,
    "total": 2310
  }
}
