[2026-09-28T09:35:26Z] Starting MinerU server: /gpfs/home5/sfris1/multimodal-tip-of-tongue-for-scientific-papers/.venv-mineru/bin/mineru-router --host 127.0.0.1 --port 35741
[1;31m2026-09-28 11:35:30.386615255 [E:onnxruntime:Default, env.cc:298 ThreadMain] pthread_setaffinity_np failed for thread: 2800600, index: 18, mask: {19, }, error code: 22 error msg: Invalid argument. Specify the number of threads explicitly so the affinity is not set.[m
[1;31m2026-09-28 11:35:30.391780600 [E:onnxruntime:Default, env.cc:298 ThreadMain] pthread_setaffinity_np failed for thread: 2800617, index: 35, mask: {36, }, error code: 22 error msg: Invalid argument. Specify the number of threads explicitly so the affinity is not set.[m
[1;31m2026-09-28 11:35:30.394002993 [E:onnxruntime:Default, env.cc:298 ThreadMain] pthread_setaffinity_np failed for thread: 2800619, index: 37, mask: {38, }, error code: 22 error msg: Invalid argument. Specify the number of threads explicitly so the affinity is not set.[m
[1;31m2026-09-28 11:35:30.394795640 [E:onnxruntime:Default, env.cc:298 ThreadMain] pthread_setaffinity_np failed for thread: 2800615, index: 33, mask: {34, }, error code: 22 error msg: Invalid argument. Specify the number of threads explicitly so the affinity is not set.[m
[1;31m2026-09-28 11:35:30.391797248 [E:onnxruntime:Default, env.cc:298 ThreadMain] pthread_setaffinity_np failed for thread: 2800618, index: 36, mask: {37, }, error code: 22 error msg: Invalid argument. Specify the number of threads explicitly so the affinity is not set.[m
[1;31m2026-09-28 11:35:30.394810832 [E:onnxruntime:Default, env.cc:298 ThreadMain] pthread_setaffinity_np failed for thread: 2800627, index: 45, mask: {46, }, error code: 22 error msg: Invalid argument. Specify the number of threads explicitly so the affinity is not set.[m
[1;31m2026-09-28 11:35:30.399765070 [E:onnxruntime:Default, env.cc:298 ThreadMain] pthread_setaffinity_np failed for thread: 2800634, index: 52, mask: {53, }, error code: 22 error msg: Invalid argument. Specify the number of threads explicitly so the affinity is not set.[m
[1;31m2026-09-28 11:35:30.399780331 [E:onnxruntime:Default, env.cc:298 ThreadMain] pthread_setaffinity_np failed for thread: 2800649, index: 67, mask: {68, }, error code: 22 error msg: Invalid argument. Specify the number of threads explicitly so the affinity is not set.[m
[1;31m2026-09-28 11:35:30.403756862 [E:onnxruntime:Default, env.cc:298 ThreadMain] pthread_setaffinity_np failed for thread: 2800635, index: 53, mask: {54, }, error code: 22 error msg: Invalid argument. Specify the number of threads explicitly so the affinity is not set.[m
[1;31m2026-09-28 11:35:30.404773584 [E:onnxruntime:Default, env.cc:298 ThreadMain] pthread_setaffinity_np failed for thread: 2800613, index: 31, mask: {32, }, error code: 22 error msg: Invalid argument. Specify the number of threads explicitly so the affinity is not set.[m
[1;31m2026-09-28 11:35:30.404796821 [E:onnxruntime:Default, env.cc:298 ThreadMain] pthread_setaffinity_np failed for thread: 2800609, index: 27, mask: {28, }, error code: 22 error msg: Invalid argument. Specify the number of threads explicitly so the affinity is not set.[m
[1;31m2026-09-28 11:35:30.404826030 [E:onnxruntime:Default, env.cc:298 ThreadMain] pthread_setaffinity_np failed for thread: 2800633, index: 51, mask: {52, }, error code: 22 error msg: Invalid argument. Specify the number of threads explicitly so the affinity is not set.[m
[1;31m2026-09-28 11:35:30.404834243 [E:onnxruntime:Default, env.cc:298 ThreadMain] pthread_setaffinity_np failed for thread: 2800607, index: 25, mask: {26, }, error code: 22 error msg: Invalid argument. Specify the number of threads explicitly so the affinity is not set.[m
[1;31m2026-09-28 11:35:30.404784010 [E:onnxruntime:Default, env.cc:298 ThreadMain] pthread_setaffinity_np failed for thread: 2800608, index: 26, mask: {27, }, error code: 22 error msg: Invalid argument. Specify the number of threads explicitly so the affinity is not set.[m
[1;31m2026-09-28 11:35:30.408745691 [E:onnxruntime:Default, env.cc:298 ThreadMain] pthread_setaffinity_np failed for thread: 2800648, index: 66, mask: {67, }, error code: 22 error msg: Invalid argument. Specify the number of threads explicitly so the affinity is not set.[m
[1;31m2026-09-28 11:35:30.404776173 [E:onnxruntime:Default, env.cc:298 ThreadMain] pthread_setaffinity_np failed for thread: 2800604, index: 22, mask: {23, }, error code: 22 error msg: Invalid argument. Specify the number of threads explicitly so the affinity is not set.[m
[1;31m2026-09-28 11:35:30.404785727 [E:onnxruntime:Default, env.cc:298 ThreadMain] pthread_setaffinity_np failed for thread: 2800605, index: 23, mask: {24, }, error code: 22 error msg: Invalid argument. Specify the number of threads explicitly so the affinity is not set.[m
[1;31m2026-09-28 11:35:30.413781054 [E:onnxruntime:Default, env.cc:298 ThreadMain] pthread_setaffinity_np failed for thread: 2800650, index: 68, mask: {69, }, error code: 22 error msg: Invalid argument. Specify the number of threads explicitly so the affinity is not set.[m
[1;31m2026-09-28 11:35:30.404789504 [E:onnxruntime:Default, env.cc:298 ThreadMain] pthread_setaffinity_np failed for thread: 2800602, index: 20, mask: {21, }, error code: 22 error msg: Invalid argument. Specify the number of threads explicitly so the affinity is not set.[m
[1;31m2026-09-28 11:35:30.404789538 [E:onnxruntime:Default, env.cc:298 ThreadMain] pthread_setaffinity_np failed for thread: 2800603, index: 21, mask: {22, }, error code: 22 error msg: Invalid argument. Specify the number of threads explicitly so the affinity is not set.[m
[1;31m2026-09-28 11:35:30.404801603 [E:onnxruntime:Default, env.cc:298 ThreadMain] pthread_setaffinity_np failed for thread: 2800629, index: 47, mask: {48, }, error code: 22 error msg: Invalid argument. Specify the number of threads explicitly so the affinity is not set.[m
[1;31m2026-09-28 11:35:30.404805145 [E:onnxruntime:Default, env.cc:298 ThreadMain] pthread_setaffinity_np failed for thread: 2800628, index: 46, mask: {47, }, error code: 22 error msg: Invalid argument. Specify the number of threads explicitly so the affinity is not set.[m
[1;31m2026-09-28 11:35:30.420830980 [E:onnxruntime:Default, env.cc:298 ThreadMain] pthread_setaffinity_np failed for thread: 2800636, index: 54, mask: {55, }, error code: 22 error msg: Invalid argument. Specify the number of threads explicitly so the affinity is not set.[m
[1;31m2026-09-28 11:35:30.404790239 [E:onnxruntime:Default, env.cc:298 ThreadMain] pthread_setaffinity_np failed for thread: 2800606, index: 24, mask: {25, }, error code: 22 error msg: Invalid argument. Specify the number of threads explicitly so the affinity is not set.[m
[1;31m2026-09-28 11:35:30.404801757 [E:onnxruntime:Default, env.cc:298 ThreadMain] pthread_setaffinity_np failed for thread: 2800616, index: 34, mask: {35, }, error code: 22 error msg: Invalid argument. Specify the number of threads explicitly so the affinity is not set.[m
[1;31m2026-09-28 11:35:30.404799764 [E:onnxruntime:Default, env.cc:298 ThreadMain] pthread_setaffinity_np failed for thread: 2800610, index: 28, mask: {29, }, error code: 22 error msg: Invalid argument. Specify the number of threads explicitly so the affinity is not set.[m
[1;31m2026-09-28 11:35:30.404809194 [E:onnxruntime:Default, env.cc:298 ThreadMain] pthread_setaffinity_np failed for thread: 2800631, index: 49, mask: {50, }, error code: 22 error msg: Invalid argument. Specify the number of threads explicitly so the affinity is not set.[m
[1;31m2026-09-28 11:35:30.404811434 [E:onnxruntime:Default, env.cc:298 ThreadMain] pthread_setaffinity_np failed for thread: 2800624, index: 42, mask: {43, }, error code: 22 error msg: Invalid argument. Specify the number of threads explicitly so the affinity is not set.[m
[1;31m2026-09-28 11:35:30.404813833 [E:onnxruntime:Default, env.cc:298 ThreadMain] pthread_setaffinity_np failed for thread: 2800621, index: 39, mask: {40, }, error code: 22 error msg: Invalid argument. Specify the number of threads explicitly so the affinity is not set.[m
[1;31m2026-09-28 11:35:30.404815852 [E:onnxruntime:Default, env.cc:298 ThreadMain] pthread_setaffinity_np failed for thread: 2800620, index: 38, mask: {39, }, error code: 22 error msg: Invalid argument. Specify the number of threads explicitly so the affinity is not set.[m
[1;31m2026-09-28 11:35:30.404818000 [E:onnxruntime:Default, env.cc:298 ThreadMain] pthread_setaffinity_np failed for thread: 2800622, index: 40, mask: {41, }, error code: 22 error msg: Invalid argument. Specify the number of threads explicitly so the affinity is not set.[m
[1;31m2026-09-28 11:35:30.404821009 [E:onnxruntime:Default, env.cc:298 ThreadMain] pthread_setaffinity_np failed for thread: 2800626, index: 44, mask: {45, }, error code: 22 error msg: Invalid argument. Specify the number of threads explicitly so the affinity is not set.[m
[1;31m2026-09-28 11:35:30.429759065 [E:onnxruntime:Default, env.cc:298 ThreadMain] pthread_setaffinity_np failed for thread: 2800637, index: 55, mask: {56, }, error code: 22 error msg: Invalid argument. Specify the number of threads explicitly so the affinity is not set.[m
[1;31m2026-09-28 11:35:30.404823540 [E:onnxruntime:Default, env.cc:298 ThreadMain] pthread_setaffinity_np failed for thread: 2800611, index: 29, mask: {30, }, error code: 22 error msg: Invalid argument. Specify the number of threads explicitly so the affinity is not set.[m
[1;31m2026-09-28 11:35:30.404823038 [E:onnxruntime:Default, env.cc:298 ThreadMain] pthread_setaffinity_np failed for thread: 2800632, index: 50, mask: {51, }, error code: 22 error msg: Invalid argument. Specify the number of threads explicitly so the affinity is not set.[m
[1;31m2026-09-28 11:35:30.435763289 [E:onnxruntime:Default, env.cc:298 ThreadMain] pthread_setaffinity_np failed for thread: 2800639, index: 57, mask: {58, }, error code: 22 error msg: Invalid argument. Specify the number of threads explicitly so the affinity is not set.[m
[1;31m2026-09-28 11:35:30.440771923 [E:onnxruntime:Default, env.cc:298 ThreadMain] pthread_setaffinity_np failed for thread: 2800641, index: 59, mask: {60, }, error code: 22 error msg: Invalid argument. Specify the number of threads explicitly so the affinity is not set.[m
[1;31m2026-09-28 11:35:30.404847137 [E:onnxruntime:Default, env.cc:298 ThreadMain] pthread_setaffinity_np failed for thread: 2800625, index: 43, mask: {44, }, error code: 22 error msg: Invalid argument. Specify the number of threads explicitly so the affinity is not set.[m
[1;31m2026-09-28 11:35:30.404781751 [E:onnxruntime:Default, env.cc:298 ThreadMain] pthread_setaffinity_np failed for thread: 2800612, index: 30, mask: {31, }, error code: 22 error msg: Invalid argument. Specify the number of threads explicitly so the affinity is not set.[m
[1;31m2026-09-28 11:35:30.445754184 [E:onnxruntime:Default, env.cc:298 ThreadMain] pthread_setaffinity_np failed for thread: 2800642, index: 60, mask: {61, }, error code: 22 error msg: Invalid argument. Specify the number of threads explicitly so the affinity is not set.[m
[1;31m2026-09-28 11:35:30.404845602 [E:onnxruntime:Default, env.cc:298 ThreadMain] pthread_setaffinity_np failed for thread: 2800601, index: 19, mask: {20, }, error code: 22 error msg: Invalid argument. Specify the number of threads explicitly so the affinity is not set.[m
[1;31m2026-09-28 11:35:30.413751492 [E:onnxruntime:Default, env.cc:298 ThreadMain] pthread_setaffinity_np failed for thread: 2800623, index: 41, mask: {42, }, error code: 22 error msg: Invalid argument. Specify the number of threads explicitly so the affinity is not set.[m
[1;31m2026-09-28 11:35:30.449753524 [E:onnxruntime:Default, env.cc:298 ThreadMain] pthread_setaffinity_np failed for thread: 2800643, index: 61, mask: {62, }, error code: 22 error msg: Invalid argument. Specify the number of threads explicitly so the affinity is not set.[m
[1;31m2026-09-28 11:35:30.404778824 [E:onnxruntime:Default, env.cc:298 ThreadMain] pthread_setaffinity_np failed for thread: 2800614, index: 32, mask: {33, }, error code: 22 error msg: Invalid argument. Specify the number of threads explicitly so the affinity is not set.[m
[1;31m2026-09-28 11:35:30.453754568 [E:onnxruntime:Default, env.cc:298 ThreadMain] pthread_setaffinity_np failed for thread: 2800644, index: 62, mask: {63, }, error code: 22 error msg: Invalid argument. Specify the number of threads explicitly so the affinity is not set.[m
[1;31m2026-09-28 11:35:30.457752308 [E:onnxruntime:Default, env.cc:298 ThreadMain] pthread_setaffinity_np failed for thread: 2800645, index: 63, mask: {64, }, error code: 22 error msg: Invalid argument. Specify the number of threads explicitly so the affinity is not set.[m
[1;31m2026-09-28 11:35:30.461754652 [E:onnxruntime:Default, env.cc:298 ThreadMain] pthread_setaffinity_np failed for thread: 2800646, index: 64, mask: {65, }, error code: 22 error msg: Invalid argument. Specify the number of threads explicitly so the affinity is not set.[m
[1;31m2026-09-28 11:35:30.465773842 [E:onnxruntime:Default, env.cc:298 ThreadMain] pthread_setaffinity_np failed for thread: 2800599, index: 17, mask: {18, }, error code: 22 error msg: Invalid argument. Specify the number of threads explicitly so the affinity is not set.[m
[1;31m2026-09-28 11:35:30.465780117 [E:onnxruntime:Default, env.cc:298 ThreadMain] pthread_setaffinity_np failed for thread: 2800651, index: 69, mask: {70, }, error code: 22 error msg: Invalid argument. Specify the number of threads explicitly so the affinity is not set.[m
[1;31m2026-09-28 11:35:30.465800906 [E:onnxruntime:Default, env.cc:298 ThreadMain] pthread_setaffinity_np failed for thread: 2800640, index: 58, mask: {59, }, error code: 22 error msg: Invalid argument. Specify the number of threads explicitly so the affinity is not set.[m
[1;31m2026-09-28 11:35:30.465777116 [E:onnxruntime:Default, env.cc:298 ThreadMain] pthread_setaffinity_np failed for thread: 2800630, index: 48, mask: {49, }, error code: 22 error msg: Invalid argument. Specify the number of threads explicitly so the affinity is not set.[m
[1;31m2026-09-28 11:35:30.470915405 [E:onnxruntime:Default, env.cc:298 ThreadMain] pthread_setaffinity_np failed for thread: 2800652, index: 70, mask: {71, }, error code: 22 error msg: Invalid argument. Specify the number of threads explicitly so the affinity is not set.[m
[1;31m2026-09-28 11:35:30.473746940 [E:onnxruntime:Default, env.cc:298 ThreadMain] pthread_setaffinity_np failed for thread: 2800638, index: 56, mask: {57, }, error code: 22 error msg: Invalid argument. Specify the number of threads explicitly so the affinity is not set.[m
[1;31m2026-09-28 11:35:30.469745567 [E:onnxruntime:Default, env.cc:298 ThreadMain] pthread_setaffinity_np failed for thread: 2800647, index: 65, mask: {66, }, error code: 22 error msg: Invalid argument. Specify the number of threads explicitly so the affinity is not set.[m
Start MinerU Router Service: http://127.0.0.1:35741
API documentation: http://127.0.0.1:35741/docs
INFO:     Started server process [2800462]
INFO:     Waiting for application startup.
[1;31m2026-09-28 11:35:34.119871775 [E:onnxruntime:Default, env.cc:298 ThreadMain] pthread_setaffinity_np failed for thread: 2800788, index: 51, mask: {52, }, error code: 22 error msg: Invalid argument. Specify the number of threads explicitly so the affinity is not set.[m
[1;31m2026-09-28 11:35:34.120818920 [E:onnxruntime:Default, env.cc:298 ThreadMain] pthread_setaffinity_np failed for thread: 2800796, index: 59, mask: {60, }, error code: 22 error msg: Invalid argument. Specify the number of threads explicitly so the affinity is not set.[m
[1;31m2026-09-28 11:35:34.120864011 [E:onnxruntime:Default, env.cc:298 ThreadMain] pthread_setaffinity_np failed for thread: 2800784, index: 47, mask: {48, }, error code: 22 error msg: Invalid argument. Specify the number of threads explicitly so the affinity is not set.[m
[1;31m2026-09-28 11:35:34.122785736 [E:onnxruntime:Default, env.cc:298 ThreadMain] pthread_setaffinity_np failed for thread: 2800773, index: 36, mask: {37, }, error code: 22 error msg: Invalid argument. Specify the number of threads explicitly so the affinity is not set.[m
[1;31m2026-09-28 11:35:34.124764742 [E:onnxruntime:Default, env.cc:298 ThreadMain] pthread_setaffinity_np failed for thread: 2800805, index: 68, mask: {69, }, error code: 22 error msg: Invalid argument. Specify the number of threads explicitly so the affinity is not set.[m
[1;31m2026-09-28 11:35:34.125771590 [E:onnxruntime:Default, env.cc:298 ThreadMain] pthread_setaffinity_np failed for thread: 2800783, index: 46, mask: {47, }, error code: 22 error msg: Invalid argument. Specify the number of threads explicitly so the affinity is not set.[m
[1;31m2026-09-28 11:35:34.125786627 [E:onnxruntime:Default, env.cc:298 ThreadMain] pthread_setaffinity_np failed for thread: 2800778, index: 41, mask: {42, }, error code: 22 error msg: Invalid argument. Specify the number of threads explicitly so the affinity is not set.[m
[1;31m2026-09-28 11:35:34.125820023 [E:onnxruntime:Default, env.cc:298 ThreadMain] pthread_setaffinity_np failed for thread: 2800777, index: 40, mask: {41, }, error code: 22 error msg: Invalid argument. Specify the number of threads explicitly so the affinity is not set.[m
[1;31m2026-09-28 11:35:34.127766484 [E:onnxruntime:Default, env.cc:298 ThreadMain] pthread_setaffinity_np failed for thread: 2800801, index: 64, mask: {65, }, error code: 22 error msg: Invalid argument. Specify the number of threads explicitly so the affinity is not set.[m
[1;31m2026-09-28 11:35:34.127783873 [E:onnxruntime:Default, env.cc:298 ThreadMain] pthread_setaffinity_np failed for thread: 2800757, index: 20, mask: {21, }, error code: 22 error msg: Invalid argument. Specify the number of threads explicitly so the affinity is not set.[m
[1;31m2026-09-28 11:35:34.128872814 [E:onnxruntime:Default, env.cc:298 ThreadMain] pthread_setaffinity_np failed for thread: 2800789, index: 52, mask: {53, }, error code: 22 error msg: Invalid argument. Specify the number of threads explicitly so the affinity is not set.[m
[1;31m2026-09-28 11:35:34.128888956 [E:onnxruntime:Default, env.cc:298 ThreadMain] pthread_setaffinity_np failed for thread: 2800794, index: 57, mask: {58, }, error code: 22 error msg: Invalid argument. Specify the number of threads explicitly so the affinity is not set.[m
[1;31m2026-09-28 11:35:34.128911632 [E:onnxruntime:Default, env.cc:298 ThreadMain] pthread_setaffinity_np failed for thread: 2800798, index: 61, mask: {62, }, error code: 22 error msg: Invalid argument. Specify the number of threads explicitly so the affinity is not set.[m
[1;31m2026-09-28 11:35:34.128886742 [E:onnxruntime:Default, env.cc:298 ThreadMain] pthread_setaffinity_np failed for thread: 2800795, index: 58, mask: {59, }, error code: 22 error msg: Invalid argument. Specify the number of threads explicitly so the affinity is not set.[m
[1;31m2026-09-28 11:35:34.128937903 [E:onnxruntime:Default, env.cc:298 ThreadMain] pthread_setaffinity_np failed for thread: 2800799, index: 62, mask: {63, }, error code: 22 error msg: Invalid argument. Specify the number of threads explicitly so the affinity is not set.[m
[1;31m2026-09-28 11:35:34.131746682 [E:onnxruntime:Default, env.cc:298 ThreadMain] pthread_setaffinity_np failed for thread: 2800787, index: 50, mask: {51, }, error code: 22 error msg: Invalid argument. Specify the number of threads explicitly so the affinity is not set.[m
[1;31m2026-09-28 11:35:34.132743461 [E:onnxruntime:Default, env.cc:298 ThreadMain] pthread_setaffinity_np failed for thread: 2800790, index: 53, mask: {54, }, error code: 22 error msg: Invalid argument. Specify the number of threads explicitly so the affinity is not set.[m
[1;31m2026-09-28 11:35:34.132749310 [E:onnxruntime:Default, env.cc:298 ThreadMain] pthread_setaffinity_np failed for thread: 2800800, index: 63, mask: {64, }, error code: 22 error msg: Invalid argument. Specify the number of threads explicitly so the affinity is not set.[m
[1;31m2026-09-28 11:35:34.128907935 [E:onnxruntime:Default, env.cc:298 ThreadMain] pthread_setaffinity_np failed for thread: 2800775, index: 38, mask: {39, }, error code: 22 error msg: Invalid argument. Specify the number of threads explicitly so the affinity is not set.[m
[1;31m2026-09-28 11:35:34.132779297 [E:onnxruntime:Default, env.cc:298 ThreadMain] pthread_setaffinity_np failed for thread: 2800774, index: 37, mask: {38, }, error code: 22 error msg: Invalid argument. Specify the number of threads explicitly so the affinity is not set.[m
[1;31m2026-09-28 11:35:34.137747664 [E:onnxruntime:Default, env.cc:298 ThreadMain] pthread_setaffinity_np failed for thread: 2800797, index: 60, mask: {61, }, error code: 22 error msg: Invalid argument. Specify the number of threads explicitly so the affinity is not set.[m
[1;31m2026-09-28 11:35:34.137750499 [E:onnxruntime:Default, env.cc:298 ThreadMain] pthread_setaffinity_np failed for thread: 2800791, index: 54, mask: {55, }, error code: 22 error msg: Invalid argument. Specify the number of threads explicitly so the affinity is not set.[m
[1;31m2026-09-28 11:35:34.138765534 [E:onnxruntime:Default, env.cc:298 ThreadMain] pthread_setaffinity_np failed for thread: 2800766, index: 29, mask: {30, }, error code: 22 error msg: Invalid argument. Specify the number of threads explicitly so the affinity is not set.[m
[1;31m2026-09-28 11:35:34.132748475 [E:onnxruntime:Default, env.cc:298 ThreadMain] pthread_setaffinity_np failed for thread: 2800780, index: 43, mask: {44, }, error code: 22 error msg: Invalid argument. Specify the number of threads explicitly so the affinity is not set.[m
[1;31m2026-09-28 11:35:34.132763936 [E:onnxruntime:Default, env.cc:298 ThreadMain] pthread_setaffinity_np failed for thread: 2800781, index: 44, mask: {45, }, error code: 22 error msg: Invalid argument. Specify the number of threads explicitly so the affinity is not set.[m
[1;31m2026-09-28 11:35:34.146766026 [E:onnxruntime:Default, env.cc:298 ThreadMain] pthread_setaffinity_np failed for thread: 2800765, index: 28, mask: {29, }, error code: 22 error msg: Invalid argument. Specify the number of threads explicitly so the affinity is not set.[m
[1;31m2026-09-28 11:35:34.132779780 [E:onnxruntime:Default, env.cc:298 ThreadMain] pthread_setaffinity_np failed for thread: 2800782, index: 45, mask: {46, }, error code: 22 error msg: Invalid argument. Specify the number of threads explicitly so the affinity is not set.[m
[1;31m2026-09-28 11:35:34.150758075 [E:onnxruntime:Default, env.cc:298 ThreadMain] pthread_setaffinity_np failed for thread: 2800764, index: 27, mask: {28, }, error code: 22 error msg: Invalid argument. Specify the number of threads explicitly so the affinity is not set.[m
[1;31m2026-09-28 11:35:34.128904745 [E:onnxruntime:Default, env.cc:298 ThreadMain] pthread_setaffinity_np failed for thread: 2800785, index: 48, mask: {49, }, error code: 22 error msg: Invalid argument. Specify the number of threads explicitly so the affinity is not set.[m
[1;31m2026-09-28 11:35:34.132746822 [E:onnxruntime:Default, env.cc:298 ThreadMain] pthread_setaffinity_np failed for thread: 2800792, index: 55, mask: {56, }, error code: 22 error msg: Invalid argument. Specify the number of threads explicitly so the affinity is not set.[m
[1;31m2026-09-28 11:35:34.154756362 [E:onnxruntime:Default, env.cc:298 ThreadMain] pthread_setaffinity_np failed for thread: 2800763, index: 26, mask: {27, }, error code: 22 error msg: Invalid argument. Specify the number of threads explicitly so the affinity is not set.[m
[1;31m2026-09-28 11:35:34.158757858 [E:onnxruntime:Default, env.cc:298 ThreadMain] pthread_setaffinity_np failed for thread: 2800762, index: 25, mask: {26, }, error code: 22 error msg: Invalid argument. Specify the number of threads explicitly so the affinity is not set.[m
[1;31m2026-09-28 11:35:34.162757357 [E:onnxruntime:Default, env.cc:298 ThreadMain] pthread_setaffinity_np failed for thread: 2800760, index: 23, mask: {24, }, error code: 22 error msg: Invalid argument. Specify the number of threads explicitly so the affinity is not set.[m
[1;31m2026-09-28 11:35:34.166765868 [E:onnxruntime:Default, env.cc:298 ThreadMain] pthread_setaffinity_np failed for thread: 2800767, index: 30, mask: {31, }, error code: 22 error msg: Invalid argument. Specify the number of threads explicitly so the affinity is not set.[m
[1;31m2026-09-28 11:35:34.175771673 [E:onnxruntime:Default, env.cc:298 ThreadMain] pthread_setaffinity_np failed for thread: 2800776, index: 39, mask: {40, }, error code: 22 error msg: Invalid argument. Specify the number of threads explicitly so the affinity is not set.[m
[1;31m2026-09-28 11:35:34.182758518 [E:onnxruntime:Default, env.cc:298 ThreadMain] pthread_setaffinity_np failed for thread: 2800779, index: 42, mask: {43, }, error code: 22 error msg: Invalid argument. Specify the number of threads explicitly so the affinity is not set.[m
[1;31m2026-09-28 11:35:34.132760837 [E:onnxruntime:Default, env.cc:298 ThreadMain] pthread_setaffinity_np failed for thread: 2800793, index: 56, mask: {57, }, error code: 22 error msg: Invalid argument. Specify the number of threads explicitly so the affinity is not set.[m
[1;31m2026-09-28 11:35:34.187755454 [E:onnxruntime:Default, env.cc:298 ThreadMain] pthread_setaffinity_np failed for thread: 2800756, index: 19, mask: {20, }, error code: 22 error msg: Invalid argument. Specify the number of threads explicitly so the affinity is not set.[m
[1;31m2026-09-28 11:35:34.192753808 [E:onnxruntime:Default, env.cc:298 ThreadMain] pthread_setaffinity_np failed for thread: 2800754, index: 17, mask: {18, }, error code: 22 error msg: Invalid argument. Specify the number of threads explicitly so the affinity is not set.[m
[1;31m2026-09-28 11:35:34.199754508 [E:onnxruntime:Default, env.cc:298 ThreadMain] pthread_setaffinity_np failed for thread: 2800759, index: 22, mask: {23, }, error code: 22 error msg: Invalid argument. Specify the number of threads explicitly so the affinity is not set.[m
[1;31m2026-09-28 11:35:34.204753114 [E:onnxruntime:Default, env.cc:298 ThreadMain] pthread_setaffinity_np failed for thread: 2800772, index: 35, mask: {36, }, error code: 22 error msg: Invalid argument. Specify the number of threads explicitly so the affinity is not set.[m
[1;31m2026-09-28 11:35:34.209754842 [E:onnxruntime:Default, env.cc:298 ThreadMain] pthread_setaffinity_np failed for thread: 2800771, index: 34, mask: {35, }, error code: 22 error msg: Invalid argument. Specify the number of threads explicitly so the affinity is not set.[m
[1;31m2026-09-28 11:35:34.212574157 [E:onnxruntime:Default, env.cc:298 ThreadMain] pthread_setaffinity_np failed for thread: 2800786, index: 49, mask: {50, }, error code: 22 error msg: Invalid argument. Specify the number of threads explicitly so the affinity is not set.[m
[1;31m2026-09-28 11:35:34.214755351 [E:onnxruntime:Default, env.cc:298 ThreadMain] pthread_setaffinity_np failed for thread: 2800806, index: 69, mask: {70, }, error code: 22 error msg: Invalid argument. Specify the number of threads explicitly so the affinity is not set.[m
[1;31m2026-09-28 11:35:34.218768340 [E:onnxruntime:Default, env.cc:298 ThreadMain] pthread_setaffinity_np failed for thread: 2800769, index: 32, mask: {33, }, error code: 22 error msg: Invalid argument. Specify the number of threads explicitly so the affinity is not set.[m
[1;31m2026-09-28 11:35:34.227758370 [E:onnxruntime:Default, env.cc:298 ThreadMain] pthread_setaffinity_np failed for thread: 2800802, index: 65, mask: {66, }, error code: 22 error msg: Invalid argument. Specify the number of threads explicitly so the affinity is not set.[m
[1;31m2026-09-28 11:35:34.234755189 [E:onnxruntime:Default, env.cc:298 ThreadMain] pthread_setaffinity_np failed for thread: 2800803, index: 66, mask: {67, }, error code: 22 error msg: Invalid argument. Specify the number of threads explicitly so the affinity is not set.[m
[1;31m2026-09-28 11:35:34.243754612 [E:onnxruntime:Default, env.cc:298 ThreadMain] pthread_setaffinity_np failed for thread: 2800768, index: 31, mask: {32, }, error code: 22 error msg: Invalid argument. Specify the number of threads explicitly so the affinity is not set.[m
[1;31m2026-09-28 11:35:34.250772700 [E:onnxruntime:Default, env.cc:298 ThreadMain] pthread_setaffinity_np failed for thread: 2800770, index: 33, mask: {34, }, error code: 22 error msg: Invalid argument. Specify the number of threads explicitly so the affinity is not set.[m
[1;31m2026-09-28 11:35:34.251443616 [E:onnxruntime:Default, env.cc:298 ThreadMain] pthread_setaffinity_np failed for thread: 2800758, index: 21, mask: {22, }, error code: 22 error msg: Invalid argument. Specify the number of threads explicitly so the affinity is not set.[m
[1;31m2026-09-28 11:35:34.263749369 [E:onnxruntime:Default, env.cc:298 ThreadMain] pthread_setaffinity_np failed for thread: 2800807, index: 70, mask: {71, }, error code: 22 error msg: Invalid argument. Specify the number of threads explicitly so the affinity is not set.[m
[1;31m2026-09-28 11:35:34.263783511 [E:onnxruntime:Default, env.cc:298 ThreadMain] pthread_setaffinity_np failed for thread: 2800761, index: 24, mask: {25, }, error code: 22 error msg: Invalid argument. Specify the number of threads explicitly so the affinity is not set.[m
[1;31m2026-09-28 11:35:34.276757724 [E:onnxruntime:Default, env.cc:298 ThreadMain] pthread_setaffinity_np failed for thread: 2800755, index: 18, mask: {19, }, error code: 22 error msg: Invalid argument. Specify the number of threads explicitly so the affinity is not set.[m
[1;31m2026-09-28 11:35:34.276789001 [E:onnxruntime:Default, env.cc:298 ThreadMain] pthread_setaffinity_np failed for thread: 2800804, index: 67, mask: {68, }, error code: 22 error msg: Invalid argument. Specify the number of threads explicitly so the affinity is not set.[m
2026-09-28 11:35:37.040 | INFO     | __main__:create_app:236 - Request concurrency limited to 3
Start MinerU FastAPI Service: http://127.0.0.1:51311
API documentation: http://127.0.0.1:51311/docs
INFO:     Started server process [2800716]
INFO:     Waiting for application startup.
INFO:     Application startup complete.
INFO:     Uvicorn running on http://127.0.0.1:51311 (Press CTRL+C to quit)
INFO:     Application startup complete.
INFO:     Uvicorn running on http://127.0.0.1:35741 (Press CTRL+C to quit)
INFO:     127.0.0.1:55478 - "GET /health HTTP/1.1" 200 OK
[2026-09-28T09:35:38Z] MinerU server is ready at http://127.0.0.1:35741
INFO:     127.0.0.1:46112 - "GET /health HTTP/1.1" 200 OK
INFO:     127.0.0.1:46112 - "POST /tasks HTTP/1.1" 202 Accepted
INFO:     127.0.0.1:46138 - "POST /tasks HTTP/1.1" 202 Accepted
INFO:     127.0.0.1:46112 - "GET /tasks/ba372ceb-0731-445b-bcef-85b706569a2b HTTP/1.1" 200 OK
INFO:     127.0.0.1:46138 - "GET /tasks/3cca5e60-0992-4894-9fdd-88b552ac2b98 HTTP/1.1" 200 OK
INFO:     127.0.0.1:46116 - "POST /tasks HTTP/1.1" 202 Accepted
INFO:     127.0.0.1:46112 - "GET /tasks/d86ef06f-bcab-4c3b-a7b9-bb60402c147c HTTP/1.1" 200 OK
2026-09-28 11:37:55.261 | INFO     | mineru.utils.engine_utils:get_vlm_engine:34 - Using vllm-async-engine as the inference engine for VLM.
INFO:     127.0.0.1:46112 - "GET /tasks/ba372ceb-0731-445b-bcef-85b706569a2b HTTP/1.1" 200 OK
INFO:     127.0.0.1:46116 - "GET /tasks/3cca5e60-0992-4894-9fdd-88b552ac2b98 HTTP/1.1" 200 OK
2026-09-28 11:38:01.179 | INFO     | mineru.utils.engine_utils:get_vlm_engine:34 - Using vllm-async-engine as the inference engine for VLM.
Fetching 13 files:   0%|          | 0/13 [00:00<?, ?it/s]Fetching 13 files:  62%|██████▏   | 8/13 [00:00<00:00, 26.97it/s]Fetching 13 files: 100%|██████████| 13/13 [00:03<00:00,  4.21it/s]
WARNING 09-28 11:38:05 [config.py:70] Support for Transformers v4 is deprecated. The Transformers v4 codepath will become unmaintained in vLLM v0.22.0 and will be removed in vLLM v0.24.0. Please upgrade to Transformers v5: pip install --upgrade transformers
2026-09-28 11:38:14.121 | INFO     | mineru.backend.vlm.utils:enable_custom_logits_processors:56 - compute_capability: 8.0 >= 8.0 and vllm version: 0.21.0 >= 0.10.1, enable custom_logits_processors
INFO 09-28 11:38:23 [model.py:568] Resolved architecture: Qwen2VLForConditionalGeneration
INFO 09-28 11:38:23 [model.py:1697] Using max model len 8192
INFO 09-28 11:38:23 [scheduler.py:239] Chunked prefill is enabled with max_num_batched_tokens=2048.
INFO 09-28 11:38:23 [vllm.py:886] Asynchronous scheduling is enabled.
INFO 09-28 11:38:23 [kernel.py:212] Final IR op priority after setting platform defaults: IrOpPriorityConfig(rms_norm=['native'], fused_add_rms_norm=['native'])
The image processor of type `Qwen2VLImageProcessor` is now loaded as a fast processor by default, even if the model checkpoint was saved with a slow processor. This is a breaking change and may produce slightly different outputs. To continue using the slow processor, instantiate this class with `use_fast=False`. Note that this behavior will be extended to all models in a future release.
WARNING 09-28 11:38:29 [system_utils.py:157] We must use the `spawn` multiprocessing start method. Overriding VLLM_WORKER_MULTIPROC_METHOD to 'spawn'. See https://docs.vllm.ai/en/latest/usage/troubleshooting.html#python-multiprocessing for more information. Reasons: CUDA is initialized
[1;31m2026-09-28 11:38:29.733606133 [E:onnxruntime:Default, env.cc:298 ThreadMain] pthread_setaffinity_np failed for thread: 2803548, index: 27, mask: {28, }, error code: 22 error msg: Invalid argument. Specify the number of threads explicitly so the affinity is not set.[m
[1;31m2026-09-28 11:38:29.733365796 [E:onnxruntime:Default, env.cc:298 ThreadMain] pthread_setaffinity_np failed for thread: 2803538, index: 17, mask: {18, }, error code: 22 error msg: Invalid argument. Specify the number of threads explicitly so the affinity is not set.[m
[1;31m2026-09-28 11:38:29.733505107 [E:onnxruntime:Default, env.cc:298 ThreadMain] pthread_setaffinity_np failed for thread: 2803544, index: 23, mask: {24, }, error code: 22 error msg: Invalid argument. Specify the number of threads explicitly so the affinity is not set.[m
[1;31m2026-09-28 11:38:29.733556642 [E:onnxruntime:Default, env.cc:298 ThreadMain] pthread_setaffinity_np failed for thread: 2803546, index: 25, mask: {26, }, error code: 22 error msg: Invalid argument. Specify the number of threads explicitly so the affinity is not set.[m
[1;31m2026-09-28 11:38:29.733579233 [E:onnxruntime:Default, env.cc:298 ThreadMain] pthread_setaffinity_np failed for thread: 2803547, index: 26, mask: {27, }, error code: 22 error msg: Invalid argument. Specify the number of threads explicitly so the affinity is not set.[m
[1;31m2026-09-28 11:38:29.745778636 [E:onnxruntime:Default, env.cc:298 ThreadMain] pthread_setaffinity_np failed for thread: 2803539, index: 18, mask: {19, }, error code: 22 error msg: Invalid argument. Specify the number of threads explicitly so the affinity is not set.[m
[1;31m2026-09-28 11:38:29.749758468 [E:onnxruntime:Default, env.cc:298 ThreadMain] pthread_setaffinity_np failed for thread: 2803540, index: 19, mask: {20, }, error code: 22 error msg: Invalid argument. Specify the number of threads explicitly so the affinity is not set.[m
[1;31m2026-09-28 11:38:29.753771250 [E:onnxruntime:Default, env.cc:298 ThreadMain] pthread_setaffinity_np failed for thread: 2803551, index: 30, mask: {31, }, error code: 22 error msg: Invalid argument. Specify the number of threads explicitly so the affinity is not set.[m
[1;31m2026-09-28 11:38:29.773824851 [E:onnxruntime:Default, env.cc:298 ThreadMain] pthread_setaffinity_np failed for thread: 2803556, index: 35, mask: {36, }, error code: 22 error msg: Invalid argument. Specify the number of threads explicitly so the affinity is not set.[m
[1;31m2026-09-28 11:38:29.773872976 [E:onnxruntime:Default, env.cc:298 ThreadMain] pthread_setaffinity_np failed for thread: 2803541, index: 20, mask: {21, }, error code: 22 error msg: Invalid argument. Specify the number of threads explicitly so the affinity is not set.[m
[1;31m2026-09-28 11:38:29.779803494 [E:onnxruntime:Default, env.cc:298 ThreadMain] pthread_setaffinity_np failed for thread: 2803553, index: 32, mask: {33, }, error code: 22 error msg: Invalid argument. Specify the number of threads explicitly so the affinity is not set.[m
[1;31m2026-09-28 11:38:29.779826037 [E:onnxruntime:Default, env.cc:298 ThreadMain] pthread_setaffinity_np failed for thread: 2803552, index: 31, mask: {32, }, error code: 22 error msg: Invalid argument. Specify the number of threads explicitly so the affinity is not set.[m
[1;31m2026-09-28 11:38:29.779877257 [E:onnxruntime:Default, env.cc:298 ThreadMain] pthread_setaffinity_np failed for thread: 2803549, index: 28, mask: {29, }, error code: 22 error msg: Invalid argument. Specify the number of threads explicitly so the affinity is not set.[m
[1;31m2026-09-28 11:38:29.773831015 [E:onnxruntime:Default, env.cc:298 ThreadMain] pthread_setaffinity_np failed for thread: 2803550, index: 29, mask: {30, }, error code: 22 error msg: Invalid argument. Specify the number of threads explicitly so the affinity is not set.[m
[1;31m2026-09-28 11:38:29.773848810 [E:onnxruntime:Default, env.cc:298 ThreadMain] pthread_setaffinity_np failed for thread: 2803555, index: 34, mask: {35, }, error code: 22 error msg: Invalid argument. Specify the number of threads explicitly so the affinity is not set.[m
[1;31m2026-09-28 11:38:29.782807209 [E:onnxruntime:Default, env.cc:298 ThreadMain] pthread_setaffinity_np failed for thread: 2803545, index: 24, mask: {25, }, error code: 22 error msg: Invalid argument. Specify the number of threads explicitly so the affinity is not set.[m
[1;31m2026-09-28 11:38:29.787745720 [E:onnxruntime:Default, env.cc:298 ThreadMain] pthread_setaffinity_np failed for thread: 2803542, index: 21, mask: {22, }, error code: 22 error msg: Invalid argument. Specify the number of threads explicitly so the affinity is not set.[m
[1;31m2026-09-28 11:38:29.792747398 [E:onnxruntime:Default, env.cc:298 ThreadMain] pthread_setaffinity_np failed for thread: 2803543, index: 22, mask: {23, }, error code: 22 error msg: Invalid argument. Specify the number of threads explicitly so the affinity is not set.[m
[1;31m2026-09-28 11:38:29.792775293 [E:onnxruntime:Default, env.cc:298 ThreadMain] pthread_setaffinity_np failed for thread: 2803554, index: 33, mask: {34, }, error code: 22 error msg: Invalid argument. Specify the number of threads explicitly so the affinity is not set.[m
[1;31m2026-09-28 11:38:29.792848279 [E:onnxruntime:Default, env.cc:298 ThreadMain] pthread_setaffinity_np failed for thread: 2803558, index: 37, mask: {38, }, error code: 22 error msg: Invalid argument. Specify the number of threads explicitly so the affinity is not set.[m
[1;31m2026-09-28 11:38:29.792859156 [E:onnxruntime:Default, env.cc:298 ThreadMain] pthread_setaffinity_np failed for thread: 2803559, index: 38, mask: {39, }, error code: 22 error msg: Invalid argument. Specify the number of threads explicitly so the affinity is not set.[m
[1;31m2026-09-28 11:38:29.793725988 [E:onnxruntime:Default, env.cc:298 ThreadMain] pthread_setaffinity_np failed for thread: 2803567, index: 46, mask: {47, }, error code: 22 error msg: Invalid argument. Specify the number of threads explicitly so the affinity is not set.[m
[1;31m2026-09-28 11:38:29.793761271 [E:onnxruntime:Default, env.cc:298 ThreadMain] pthread_setaffinity_np failed for thread: 2803557, index: 36, mask: {37, }, error code: 22 error msg: Invalid argument. Specify the number of threads explicitly so the affinity is not set.[m
[1;31m2026-09-28 11:38:29.801878274 [E:onnxruntime:Default, env.cc:298 ThreadMain] pthread_setaffinity_np failed for thread: 2803576, index: 55, mask: {56, }, error code: 22 error msg: Invalid argument. Specify the number of threads explicitly so the affinity is not set.[m
[1;31m2026-09-28 11:38:29.801878212 [E:onnxruntime:Default, env.cc:298 ThreadMain] pthread_setaffinity_np failed for thread: 2803575, index: 54, mask: {55, }, error code: 22 error msg: Invalid argument. Specify the number of threads explicitly so the affinity is not set.[m
[1;31m2026-09-28 11:38:29.813751007 [E:onnxruntime:Default, env.cc:298 ThreadMain] pthread_setaffinity_np failed for thread: 2803573, index: 52, mask: {53, }, error code: 22 error msg: Invalid argument. Specify the number of threads explicitly so the affinity is not set.[m
[1;31m2026-09-28 11:38:29.813774418 [E:onnxruntime:Default, env.cc:298 ThreadMain] pthread_setaffinity_np failed for thread: 2803574, index: 53, mask: {54, }, error code: 22 error msg: Invalid argument. Specify the number of threads explicitly so the affinity is not set.[m
[1;31m2026-09-28 11:38:29.813755202 [E:onnxruntime:Default, env.cc:298 ThreadMain] pthread_setaffinity_np failed for thread: 2803569, index: 48, mask: {49, }, error code: 22 error msg: Invalid argument. Specify the number of threads explicitly so the affinity is not set.[m
[1;31m2026-09-28 11:38:29.813752409 [E:onnxruntime:Default, env.cc:298 ThreadMain] pthread_setaffinity_np failed for thread: 2803572, index: 51, mask: {52, }, error code: 22 error msg: Invalid argument. Specify the number of threads explicitly so the affinity is not set.[m
[1;31m2026-09-28 11:38:29.813818884 [E:onnxruntime:Default, env.cc:298 ThreadMain] pthread_setaffinity_np failed for thread: 2803571, index: 50, mask: {51, }, error code: 22 error msg: Invalid argument. Specify the number of threads explicitly so the affinity is not set.[m
[1;31m2026-09-28 11:38:29.817792657 [E:onnxruntime:Default, env.cc:298 ThreadMain] pthread_setaffinity_np failed for thread: 2803579, index: 58, mask: {59, }, error code: 22 error msg: Invalid argument. Specify the number of threads explicitly so the affinity is not set.[m
[1;31m2026-09-28 11:38:29.817833541 [E:onnxruntime:Default, env.cc:298 ThreadMain] pthread_setaffinity_np failed for thread: 2803589, index: 68, mask: {69, }, error code: 22 error msg: Invalid argument. Specify the number of threads explicitly so the affinity is not set.[m
[1;31m2026-09-28 11:38:29.818768406 [E:onnxruntime:Default, env.cc:298 ThreadMain] pthread_setaffinity_np failed for thread: 2803580, index: 59, mask: {60, }, error code: 22 error msg: Invalid argument. Specify the number of threads explicitly so the affinity is not set.[m
[1;31m2026-09-28 11:38:29.821759598 [E:onnxruntime:Default, env.cc:298 ThreadMain] pthread_setaffinity_np failed for thread: 2803586, index: 65, mask: {66, }, error code: 22 error msg: Invalid argument. Specify the number of threads explicitly so the affinity is not set.[m
[1;31m2026-09-28 11:38:29.813823603 [E:onnxruntime:Default, env.cc:298 ThreadMain] pthread_setaffinity_np failed for thread: 2803570, index: 49, mask: {50, }, error code: 22 error msg: Invalid argument. Specify the number of threads explicitly so the affinity is not set.[m
[1;31m2026-09-28 11:38:29.817805310 [E:onnxruntime:Default, env.cc:298 ThreadMain] pthread_setaffinity_np failed for thread: 2803582, index: 61, mask: {62, }, error code: 22 error msg: Invalid argument. Specify the number of threads explicitly so the affinity is not set.[m
[1;31m2026-09-28 11:38:29.823759518 [E:onnxruntime:Default, env.cc:298 ThreadMain] pthread_setaffinity_np failed for thread: 2803583, index: 62, mask: {63, }, error code: 22 error msg: Invalid argument. Specify the number of threads explicitly so the affinity is not set.[m
[1;31m2026-09-28 11:38:29.825799203 [E:onnxruntime:Default, env.cc:298 ThreadMain] pthread_setaffinity_np failed for thread: 2803591, index: 70, mask: {71, }, error code: 22 error msg: Invalid argument. Specify the number of threads explicitly so the affinity is not set.[m
[1;31m2026-09-28 11:38:29.825845587 [E:onnxruntime:Default, env.cc:298 ThreadMain] pthread_setaffinity_np failed for thread: 2803560, index: 39, mask: {40, }, error code: 22 error msg: Invalid argument. Specify the number of threads explicitly so the affinity is not set.[m
[1;31m2026-09-28 11:38:29.826754780 [E:onnxruntime:Default, env.cc:298 ThreadMain] pthread_setaffinity_np failed for thread: 2803587, index: 66, mask: {67, }, error code: 22 error msg: Invalid argument. Specify the number of threads explicitly so the affinity is not set.[m
[1;31m2026-09-28 11:38:29.813824132 [E:onnxruntime:Default, env.cc:298 ThreadMain] pthread_setaffinity_np failed for thread: 2803585, index: 64, mask: {65, }, error code: 22 error msg: Invalid argument. Specify the number of threads explicitly so the affinity is not set.[m
[1;31m2026-09-28 11:38:29.829775728 [E:onnxruntime:Default, env.cc:298 ThreadMain] pthread_setaffinity_np failed for thread: 2803564, index: 43, mask: {44, }, error code: 22 error msg: Invalid argument. Specify the number of threads explicitly so the affinity is not set.[m
[1;31m2026-09-28 11:38:29.831762695 [E:onnxruntime:Default, env.cc:298 ThreadMain] pthread_setaffinity_np failed for thread: 2803590, index: 69, mask: {70, }, error code: 22 error msg: Invalid argument. Specify the number of threads explicitly so the affinity is not set.[m
[1;31m2026-09-28 11:38:29.838756855 [E:onnxruntime:Default, env.cc:298 ThreadMain] pthread_setaffinity_np failed for thread: 2803565, index: 44, mask: {45, }, error code: 22 error msg: Invalid argument. Specify the number of threads explicitly so the affinity is not set.[m
[1;31m2026-09-28 11:38:29.838780338 [E:onnxruntime:Default, env.cc:298 ThreadMain] pthread_setaffinity_np failed for thread: 2803588, index: 67, mask: {68, }, error code: 22 error msg: Invalid argument. Specify the number of threads explicitly so the affinity is not set.[m
[1;31m2026-09-28 11:38:29.838815592 [E:onnxruntime:Default, env.cc:298 ThreadMain] pthread_setaffinity_np failed for thread: 2803568, index: 47, mask: {48, }, error code: 22 error msg: Invalid argument. Specify the number of threads explicitly so the affinity is not set.[m
[1;31m2026-09-28 11:38:29.847745463 [E:onnxruntime:Default, env.cc:298 ThreadMain] pthread_setaffinity_np failed for thread: 2803566, index: 45, mask: {46, }, error code: 22 error msg: Invalid argument. Specify the number of threads explicitly so the affinity is not set.[m
[1;31m2026-09-28 11:38:29.856748347 [E:onnxruntime:Default, env.cc:298 ThreadMain] pthread_setaffinity_np failed for thread: 2803584, index: 63, mask: {64, }, error code: 22 error msg: Invalid argument. Specify the number of threads explicitly so the affinity is not set.[m
[1;31m2026-09-28 11:38:29.856769586 [E:onnxruntime:Default, env.cc:298 ThreadMain] pthread_setaffinity_np failed for thread: 2803581, index: 60, mask: {61, }, error code: 22 error msg: Invalid argument. Specify the number of threads explicitly so the affinity is not set.[m
[1;31m2026-09-28 11:38:29.869789449 [E:onnxruntime:Default, env.cc:298 ThreadMain] pthread_setaffinity_np failed for thread: 2803563, index: 42, mask: {43, }, error code: 22 error msg: Invalid argument. Specify the number of threads explicitly so the affinity is not set.[m
[1;31m2026-09-28 11:38:29.878816681 [E:onnxruntime:Default, env.cc:298 ThreadMain] pthread_setaffinity_np failed for thread: 2803577, index: 56, mask: {57, }, error code: 22 error msg: Invalid argument. Specify the number of threads explicitly so the affinity is not set.[m
[1;31m2026-09-28 11:38:29.878837955 [E:onnxruntime:Default, env.cc:298 ThreadMain] pthread_setaffinity_np failed for thread: 2803562, index: 41, mask: {42, }, error code: 22 error msg: Invalid argument. Specify the number of threads explicitly so the affinity is not set.[m
[1;31m2026-09-28 11:38:29.885810765 [E:onnxruntime:Default, env.cc:298 ThreadMain] pthread_setaffinity_np failed for thread: 2803578, index: 57, mask: {58, }, error code: 22 error msg: Invalid argument. Specify the number of threads explicitly so the affinity is not set.[m
[1;31m2026-09-28 11:38:29.885785864 [E:onnxruntime:Default, env.cc:298 ThreadMain] pthread_setaffinity_np failed for thread: 2803561, index: 40, mask: {41, }, error code: 22 error msg: Invalid argument. Specify the number of threads explicitly so the affinity is not set.[m
WARNING 09-28 11:38:35 [config.py:70] Support for Transformers v4 is deprecated. The Transformers v4 codepath will become unmaintained in vLLM v0.22.0 and will be removed in vLLM v0.24.0. Please upgrade to Transformers v5: pip install --upgrade transformers
(EngineCore pid=2803487) INFO 09-28 11:38:36 [core.py:109] Initializing a V1 LLM engine (v0.21.0) with config: model='/home/sfris1/.cache/huggingface/hub/models--opendatalab--MinerU2.5-Pro-2605-1.2B/snapshots/bff20d4ae2bf202df9f45284b4d43681555a97ed', speculative_config=None, tokenizer='/home/sfris1/.cache/huggingface/hub/models--opendatalab--MinerU2.5-Pro-2605-1.2B/snapshots/bff20d4ae2bf202df9f45284b4d43681555a97ed', skip_tokenizer_init=False, tokenizer_mode=auto, revision=None, tokenizer_revision=None, trust_remote_code=False, dtype=torch.bfloat16, max_seq_len=8192, download_dir=None, load_format=auto, tensor_parallel_size=1, pipeline_parallel_size=1, data_parallel_size=1, decode_context_parallel_size=1, dcp_comm_backend=ag_rs, disable_custom_all_reduce=False, quantization=None, quantization_config=None, enforce_eager=False, enable_return_routed_experts=False, kv_cache_dtype=auto, device_config=cuda, structured_outputs_config=StructuredOutputsConfig(backend='auto', disable_any_whitespace=False, disable_additional_properties=False, reasoning_parser='', reasoning_parser_plugin='', enable_in_reasoning=False), observability_config=ObservabilityConfig(show_hidden_metrics_for_version=None, otlp_traces_endpoint=None, collect_detailed_traces=None, kv_cache_metrics=False, kv_cache_metrics_sample=0.01, cudagraph_metrics=False, enable_layerwise_nvtx_tracing=False, enable_mfu_metrics=False, enable_mm_processor_stats=False, enable_logging_iteration_details=False), seed=0, served_model_name=/home/sfris1/.cache/huggingface/hub/models--opendatalab--MinerU2.5-Pro-2605-1.2B/snapshots/bff20d4ae2bf202df9f45284b4d43681555a97ed, enable_prefix_caching=True, enable_chunked_prefill=True, pooler_config=None, compilation_config={'mode': <CompilationMode.VLLM_COMPILE: 3>, 'debug_dump_path': None, 'cache_dir': '', 'compile_cache_save_format': 'binary', 'backend': 'inductor', 'custom_ops': ['none'], 'ir_enable_torch_wrap': True, 'splitting_ops': ['vllm::unified_attention_with_output', 'vllm::unified_mla_attention_with_output', 'vllm::mamba_mixer2', 'vllm::mamba_mixer', 'vllm::short_conv', 'vllm::linear_attention', 'vllm::plamo2_mamba_mixer', 'vllm::gdn_attention_core', 'vllm::gdn_attention_core_xpu', 'vllm::olmo_hybrid_gdn_full_forward', 'vllm::kda_attention', 'vllm::sparse_attn_indexer', 'vllm::rocm_aiter_sparse_attn_indexer', 'vllm::deepseek_v4_attention', 'vllm::unified_kv_cache_update', 'vllm::unified_mla_kv_cache_update'], 'compile_mm_encoder': False, 'cudagraph_mm_encoder': False, 'encoder_cudagraph_token_budgets': [], 'encoder_cudagraph_max_vision_items_per_batch': 0, 'encoder_cudagraph_max_frames_per_batch': None, 'compile_sizes': [], 'compile_ranges_endpoints': [2048], 'inductor_compile_config': {'enable_auto_functionalized_v2': False, 'size_asserts': False, 'alignment_asserts': False, 'scalar_asserts': False, 'combo_kernels': True, 'benchmark_combo_kernel': True}, 'inductor_passes': {}, 'cudagraph_mode': <CUDAGraphMode.FULL_AND_PIECEWISE: (2, 1)>, 'cudagraph_num_of_warmups': 1, 'cudagraph_capture_sizes': [1, 2, 4, 8, 16, 24, 32, 40, 48, 56, 64, 72, 80, 88, 96, 104, 112, 120, 128, 136, 144, 152, 160, 168, 176, 184, 192, 200, 208, 216, 224, 232, 240, 248, 256], 'cudagraph_copy_inputs': False, 'cudagraph_specialize_lora': True, 'use_inductor_graph_partition': False, 'pass_config': {'fuse_norm_quant': False, 'fuse_act_quant': False, 'fuse_attn_quant': False, 'enable_sp': False, 'fuse_gemm_comms': False, 'fuse_allreduce_rms': False, 'fuse_act_padding': False}, 'max_cudagraph_capture_size': 256, 'dynamic_shapes_config': {'type': <DynamicShapesType.BACKED: 'backed'>, 'evaluate_guards': False, 'assume_32_bit_indexing': False}, 'local_cache_dir': None, 'fast_moe_cold_start': False, 'static_all_moe_layers': []}, kernel_config=KernelConfig(ir_op_priority=IrOpPriorityConfig(rms_norm=['native'], fused_add_rms_norm=['native']), enable_flashinfer_autotune=False, moe_backend='auto')
(EngineCore pid=2803487) INFO 09-28 11:38:39 [parallel_state.py:1410] world_size=1 rank=0 local_rank=0 distributed_init_method=tcp://145.136.62.28:58025 backend=nccl
(EngineCore pid=2803487) INFO 09-28 11:38:39 [parallel_state.py:1723] rank 0 in world size 1 is assigned as DP rank 0, PP rank 0, PCP rank 0, TP rank 0, EP rank N/A, EPLB rank N/A
(EngineCore pid=2803487) INFO 09-28 11:38:41 [topk_topp_sampler.py:45] Using FlashInfer for top-p & top-k sampling.
(EngineCore pid=2803487) The image processor of type `Qwen2VLImageProcessor` is now loaded as a fast processor by default, even if the model checkpoint was saved with a slow processor. This is a breaking change and may produce slightly different outputs. To continue using the slow processor, instantiate this class with `use_fast=False`. Note that this behavior will be extended to all models in a future release.
(EngineCore pid=2803487) INFO 09-28 11:38:44 [gpu_model_runner.py:4857] Starting to load model /home/sfris1/.cache/huggingface/hub/models--opendatalab--MinerU2.5-Pro-2605-1.2B/snapshots/bff20d4ae2bf202df9f45284b4d43681555a97ed...
(EngineCore pid=2803487) INFO 09-28 11:38:45 [cuda.py:427] Using backend AttentionBackendEnum.FLASH_ATTN for vit attention
(EngineCore pid=2803487) INFO 09-28 11:38:45 [mm_encoder_attention.py:372] Using AttentionBackendEnum.FLASH_ATTN for MMEncoderAttention.
(EngineCore pid=2803487) INFO 09-28 11:38:45 [vllm.py:886] Asynchronous scheduling is enabled.
(EngineCore pid=2803487) INFO 09-28 11:38:45 [kernel.py:212] Final IR op priority after setting platform defaults: IrOpPriorityConfig(rms_norm=['native'], fused_add_rms_norm=['native'])
(EngineCore pid=2803487) INFO 09-28 11:38:45 [cuda.py:372] Using FLASH_ATTN attention backend out of potential backends: ['FLASH_ATTN', 'FLASHINFER', 'TRITON_ATTN', 'FLEX_ATTENTION'].
(EngineCore pid=2803487) INFO 09-28 11:38:45 [flash_attn.py:641] Using FlashAttention version 2
(EngineCore pid=2803487) INFO 09-28 11:38:45 [weight_utils.py:938] Filesystem type for checkpoints: GPFS. Checkpoint size: 2.15 GiB. Available RAM: 440.67 GiB.
(EngineCore pid=2803487) INFO 09-28 11:38:45 [weight_utils.py:961] Auto-prefetch is disabled because the filesystem (GPFS) is not a recognized network FS (NFS/Lustre). If you want to force prefetching, start vLLM with --safetensors-load-strategy=prefetch.
(EngineCore pid=2803487) Loading safetensors checkpoint shards:   0% Completed | 0/1 [00:00<?, ?it/s]
(EngineCore pid=2803487) Loading safetensors checkpoint shards: 100% Completed | 1/1 [00:03<00:00,  3.23s/it]
(EngineCore pid=2803487) Loading safetensors checkpoint shards: 100% Completed | 1/1 [00:03<00:00,  3.23s/it]
(EngineCore pid=2803487) 
(EngineCore pid=2803487) INFO 09-28 11:38:49 [default_loader.py:397] Loading weights took 3.29 seconds
INFO:     127.0.0.1:46122 - "POST /tasks HTTP/1.1" 503 Service Unavailable
(EngineCore pid=2803487) INFO 09-28 11:38:49 [gpu_model_runner.py:4959] Model loading took 2.16 GiB memory and 3.923240 seconds
(EngineCore pid=2803487) INFO 09-28 11:38:49 [gpu_model_runner.py:5920] Encoder cache will be initialized with a budget of 8192 tokens, and profiled with 1 video items of the maximum feature size.
INFO:     127.0.0.1:46122 - "POST /tasks HTTP/1.1" 503 Service Unavailable
INFO:     127.0.0.1:46138 - "GET /tasks/d86ef06f-bcab-4c3b-a7b9-bb60402c147c HTTP/1.1" 200 OK
INFO:     127.0.0.1:46138 - "POST /tasks HTTP/1.1" 503 Service Unavailable
INFO:     127.0.0.1:46138 - "POST /tasks HTTP/1.1" 503 Service Unavailable
INFO:     127.0.0.1:46138 - "POST /tasks HTTP/1.1" 503 Service Unavailable
(EngineCore pid=2803487) INFO 09-28 11:38:59 [backends.py:1089] Using cache directory: /home/sfris1/.cache/vllm/torch_compile_cache/557eaef9a3/rank_0_0/backbone for vLLM's torch.compile
(EngineCore pid=2803487) INFO 09-28 11:38:59 [backends.py:1148] Dynamo bytecode transform time: 7.15 s
INFO:     127.0.0.1:46138 - "POST /tasks HTTP/1.1" 503 Service Unavailable
INFO:     127.0.0.1:46138 - "POST /tasks HTTP/1.1" 503 Service Unavailable
INFO:     127.0.0.1:46112 - "GET /tasks/ba372ceb-0731-445b-bcef-85b706569a2b HTTP/1.1" 200 OK
INFO:     127.0.0.1:46116 - "GET /tasks/3cca5e60-0992-4894-9fdd-88b552ac2b98 HTTP/1.1" 200 OK
INFO:     127.0.0.1:46112 - "POST /tasks HTTP/1.1" 503 Service Unavailable
(EngineCore pid=2803487) INFO 09-28 11:39:04 [backends.py:378] Cache the graph of compile range (1, 2048) for later use
INFO:     127.0.0.1:55364 - "POST /tasks HTTP/1.1" 503 Service Unavailable
INFO:     127.0.0.1:55364 - "POST /tasks HTTP/1.1" 503 Service Unavailable
INFO:     127.0.0.1:55364 - "POST /tasks HTTP/1.1" 503 Service Unavailable
(EngineCore pid=2803487) INFO 09-28 11:39:11 [backends.py:393] Compiling a graph for compile range (1, 2048) takes 11.95 s
INFO:     127.0.0.1:55364 - "POST /tasks HTTP/1.1" 503 Service Unavailable
INFO:     127.0.0.1:55364 - "POST /tasks HTTP/1.1" 503 Service Unavailable
(EngineCore pid=2803487) INFO 09-28 11:39:15 [decorators.py:708] saved AOT compiled function to /home/sfris1/.cache/vllm/torch_compile_cache/torch_aot_compile/9fc9def3a1736e8298ba738d46590ca1ad781b4ad811c4a7c19562d6033c953c/rank_0_0/model
(EngineCore pid=2803487) INFO 09-28 11:39:15 [monitor.py:53] torch.compile took 23.18 s in total
INFO:     127.0.0.1:55364 - "POST /tasks HTTP/1.1" 503 Service Unavailable
(EngineCore pid=2803487) INFO 09-28 11:39:15 [monitor.py:81] Initial profiling/warmup run took 0.38 s
(EngineCore pid=2803487) ERROR 09-28 11:39:16 [core.py:1140] EngineCore failed to start.
(EngineCore pid=2803487) ERROR 09-28 11:39:16 [core.py:1140] Traceback (most recent call last):
(EngineCore pid=2803487) ERROR 09-28 11:39:16 [core.py:1140]   File "/gpfs/home5/sfris1/multimodal-tip-of-tongue-for-scientific-papers/.venv-mineru/lib/python3.11/site-packages/vllm/v1/engine/core.py", line 1114, in run_engine_core
(EngineCore pid=2803487) ERROR 09-28 11:39:16 [core.py:1140]     engine_core = EngineCoreProc(*args, engine_index=dp_rank, **kwargs)
(EngineCore pid=2803487) ERROR 09-28 11:39:16 [core.py:1140]                   ^^^^^^^^^^^^^^^^^^^^^^^^^^^^^^^^^^^^^^^^^^^^^^^^^^^^^
(EngineCore pid=2803487) ERROR 09-28 11:39:16 [core.py:1140]   File "/gpfs/home5/sfris1/multimodal-tip-of-tongue-for-scientific-papers/.venv-mineru/lib/python3.11/site-packages/vllm/tracing/otel.py", line 178, in sync_wrapper
(EngineCore pid=2803487) ERROR 09-28 11:39:16 [core.py:1140]     return func(*args, **kwargs)
(EngineCore pid=2803487) ERROR 09-28 11:39:16 [core.py:1140]            ^^^^^^^^^^^^^^^^^^^^^
(EngineCore pid=2803487) ERROR 09-28 11:39:16 [core.py:1140]   File "/gpfs/home5/sfris1/multimodal-tip-of-tongue-for-scientific-papers/.venv-mineru/lib/python3.11/site-packages/vllm/v1/engine/core.py", line 880, in __init__
(EngineCore pid=2803487) ERROR 09-28 11:39:16 [core.py:1140]     super().__init__(
(EngineCore pid=2803487) ERROR 09-28 11:39:16 [core.py:1140]   File "/gpfs/home5/sfris1/multimodal-tip-of-tongue-for-scientific-papers/.venv-mineru/lib/python3.11/site-packages/vllm/v1/engine/core.py", line 128, in __init__
(EngineCore pid=2803487) ERROR 09-28 11:39:16 [core.py:1140]     kv_cache_config = self._initialize_kv_caches(vllm_config)
(EngineCore pid=2803487) ERROR 09-28 11:39:16 [core.py:1140]                       ^^^^^^^^^^^^^^^^^^^^^^^^^^^^^^^^^^^^^^^
(EngineCore pid=2803487) ERROR 09-28 11:39:16 [core.py:1140]   File "/gpfs/home5/sfris1/multimodal-tip-of-tongue-for-scientific-papers/.venv-mineru/lib/python3.11/site-packages/vllm/tracing/otel.py", line 178, in sync_wrapper
(EngineCore pid=2803487) ERROR 09-28 11:39:16 [core.py:1140]     return func(*args, **kwargs)
(EngineCore pid=2803487) ERROR 09-28 11:39:16 [core.py:1140]            ^^^^^^^^^^^^^^^^^^^^^
(EngineCore pid=2803487) ERROR 09-28 11:39:16 [core.py:1140]   File "/gpfs/home5/sfris1/multimodal-tip-of-tongue-for-scientific-papers/.venv-mineru/lib/python3.11/site-packages/vllm/v1/engine/core.py", line 250, in _initialize_kv_caches
(EngineCore pid=2803487) ERROR 09-28 11:39:16 [core.py:1140]     available_gpu_memory = self.model_executor.determine_available_memory()
(EngineCore pid=2803487) ERROR 09-28 11:39:16 [core.py:1140]                            ^^^^^^^^^^^^^^^^^^^^^^^^^^^^^^^^^^^^^^^^^^^^^^^^
(EngineCore pid=2803487) ERROR 09-28 11:39:16 [core.py:1140]   File "/gpfs/home5/sfris1/multimodal-tip-of-tongue-for-scientific-papers/.venv-mineru/lib/python3.11/site-packages/vllm/v1/executor/abstract.py", line 147, in determine_available_memory
(EngineCore pid=2803487) ERROR 09-28 11:39:16 [core.py:1140]     return self.collective_rpc("determine_available_memory")
(EngineCore pid=2803487) ERROR 09-28 11:39:16 [core.py:1140]            ^^^^^^^^^^^^^^^^^^^^^^^^^^^^^^^^^^^^^^^^^^^^^^^^^
(EngineCore pid=2803487) ERROR 09-28 11:39:16 [core.py:1140]   File "/gpfs/home5/sfris1/multimodal-tip-of-tongue-for-scientific-papers/.venv-mineru/lib/python3.11/site-packages/vllm/v1/executor/uniproc_executor.py", line 93, in collective_rpc
(EngineCore pid=2803487) ERROR 09-28 11:39:16 [core.py:1140]     result = run_method(self.driver_worker, method, args, kwargs)
(EngineCore pid=2803487) ERROR 09-28 11:39:16 [core.py:1140]              ^^^^^^^^^^^^^^^^^^^^^^^^^^^^^^^^^^^^^^^^^^^^^^^^^^^^
(EngineCore pid=2803487) ERROR 09-28 11:39:16 [core.py:1140]   File "/gpfs/home5/sfris1/multimodal-tip-of-tongue-for-scientific-papers/.venv-mineru/lib/python3.11/site-packages/vllm/v1/serial_utils.py", line 510, in run_method
(EngineCore pid=2803487) ERROR 09-28 11:39:16 [core.py:1140]     return func(*args, **kwargs)
(EngineCore pid=2803487) ERROR 09-28 11:39:16 [core.py:1140]            ^^^^^^^^^^^^^^^^^^^^^
(EngineCore pid=2803487) ERROR 09-28 11:39:16 [core.py:1140]   File "/gpfs/home5/sfris1/multimodal-tip-of-tongue-for-scientific-papers/.venv-mineru/lib/python3.11/site-packages/torch/utils/_contextlib.py", line 124, in decorate_context
(EngineCore pid=2803487) ERROR 09-28 11:39:16 [core.py:1140]     return func(*args, **kwargs)
(EngineCore pid=2803487) ERROR 09-28 11:39:16 [core.py:1140]            ^^^^^^^^^^^^^^^^^^^^^
(EngineCore pid=2803487) ERROR 09-28 11:39:16 [core.py:1140]   File "/gpfs/home5/sfris1/multimodal-tip-of-tongue-for-scientific-papers/.venv-mineru/lib/python3.11/site-packages/vllm/v1/worker/gpu_worker.py", line 392, in determine_available_memory
(EngineCore pid=2803487) ERROR 09-28 11:39:16 [core.py:1140]     self.model_runner.profile_run()
(EngineCore pid=2803487) ERROR 09-28 11:39:16 [core.py:1140]   File "/gpfs/home5/sfris1/multimodal-tip-of-tongue-for-scientific-papers/.venv-mineru/lib/python3.11/site-packages/vllm/v1/worker/gpu_model_runner.py", line 5955, in profile_run
(EngineCore pid=2803487) ERROR 09-28 11:39:16 [core.py:1140]     output = self._dummy_sampler_run(last_hidden_states)
(EngineCore pid=2803487) ERROR 09-28 11:39:16 [core.py:1140]              ^^^^^^^^^^^^^^^^^^^^^^^^^^^^^^^^^^^^^^^^^^^
(EngineCore pid=2803487) ERROR 09-28 11:39:16 [core.py:1140]   File "/gpfs/home5/sfris1/multimodal-tip-of-tongue-for-scientific-papers/.venv-mineru/lib/python3.11/site-packages/torch/utils/_contextlib.py", line 124, in decorate_context
(EngineCore pid=2803487) ERROR 09-28 11:39:16 [core.py:1140]     return func(*args, **kwargs)
(EngineCore pid=2803487) ERROR 09-28 11:39:16 [core.py:1140]            ^^^^^^^^^^^^^^^^^^^^^
(EngineCore pid=2803487) ERROR 09-28 11:39:16 [core.py:1140]   File "/gpfs/home5/sfris1/multimodal-tip-of-tongue-for-scientific-papers/.venv-mineru/lib/python3.11/site-packages/vllm/v1/worker/gpu_model_runner.py", line 5775, in _dummy_sampler_run
(EngineCore pid=2803487) ERROR 09-28 11:39:16 [core.py:1140]     raise e
(EngineCore pid=2803487) ERROR 09-28 11:39:16 [core.py:1140]   File "/gpfs/home5/sfris1/multimodal-tip-of-tongue-for-scientific-papers/.venv-mineru/lib/python3.11/site-packages/vllm/v1/worker/gpu_model_runner.py", line 5743, in _dummy_sampler_run
(EngineCore pid=2803487) ERROR 09-28 11:39:16 [core.py:1140]     sampler_output = self.sampler(
(EngineCore pid=2803487) ERROR 09-28 11:39:16 [core.py:1140]                      ^^^^^^^^^^^^^
(EngineCore pid=2803487) ERROR 09-28 11:39:16 [core.py:1140]   File "/gpfs/home5/sfris1/multimodal-tip-of-tongue-for-scientific-papers/.venv-mineru/lib/python3.11/site-packages/torch/nn/modules/module.py", line 1779, in _wrapped_call_impl
(EngineCore pid=2803487) ERROR 09-28 11:39:16 [core.py:1140]     return self._call_impl(*args, **kwargs)
(EngineCore pid=2803487) ERROR 09-28 11:39:16 [core.py:1140]            ^^^^^^^^^^^^^^^^^^^^^^^^^^^^^^^^
(EngineCore pid=2803487) ERROR 09-28 11:39:16 [core.py:1140]   File "/gpfs/home5/sfris1/multimodal-tip-of-tongue-for-scientific-papers/.venv-mineru/lib/python3.11/site-packages/torch/nn/modules/module.py", line 1790, in _call_impl
(EngineCore pid=2803487) ERROR 09-28 11:39:16 [core.py:1140]     return forward_call(*args, **kwargs)
(EngineCore pid=2803487) ERROR 09-28 11:39:16 [core.py:1140]            ^^^^^^^^^^^^^^^^^^^^^^^^^^^^^
(EngineCore pid=2803487) ERROR 09-28 11:39:16 [core.py:1140]   File "/gpfs/home5/sfris1/multimodal-tip-of-tongue-for-scientific-papers/.venv-mineru/lib/python3.11/site-packages/vllm/v1/sample/sampler.py", line 97, in forward
(EngineCore pid=2803487) ERROR 09-28 11:39:16 [core.py:1140]     sampled, processed_logprobs = self.sample(logits, sampling_metadata)
(EngineCore pid=2803487) ERROR 09-28 11:39:16 [core.py:1140]                                   ^^^^^^^^^^^^^^^^^^^^^^^^^^^^^^^^^^^^^^
(EngineCore pid=2803487) ERROR 09-28 11:39:16 [core.py:1140]   File "/gpfs/home5/sfris1/multimodal-tip-of-tongue-for-scientific-papers/.venv-mineru/lib/python3.11/site-packages/vllm/v1/sample/sampler.py", line 272, in sample
(EngineCore pid=2803487) ERROR 09-28 11:39:16 [core.py:1140]     random_sampled, processed_logprobs = self.topk_topp_sampler(
(EngineCore pid=2803487) ERROR 09-28 11:39:16 [core.py:1140]                                          ^^^^^^^^^^^^^^^^^^^^^^^
(EngineCore pid=2803487) ERROR 09-28 11:39:16 [core.py:1140]   File "/gpfs/home5/sfris1/multimodal-tip-of-tongue-for-scientific-papers/.venv-mineru/lib/python3.11/site-packages/torch/nn/modules/module.py", line 1779, in _wrapped_call_impl
(EngineCore pid=2803487) ERROR 09-28 11:39:16 [core.py:1140]     return self._call_impl(*args, **kwargs)
(EngineCore pid=2803487) ERROR 09-28 11:39:16 [core.py:1140]            ^^^^^^^^^^^^^^^^^^^^^^^^^^^^^^^^
(EngineCore pid=2803487) ERROR 09-28 11:39:16 [core.py:1140]   File "/gpfs/home5/sfris1/multimodal-tip-of-tongue-for-scientific-papers/.venv-mineru/lib/python3.11/site-packages/torch/nn/modules/module.py", line 1790, in _call_impl
(EngineCore pid=2803487) ERROR 09-28 11:39:16 [core.py:1140]     return forward_call(*args, **kwargs)
(EngineCore pid=2803487) ERROR 09-28 11:39:16 [core.py:1140]            ^^^^^^^^^^^^^^^^^^^^^^^^^^^^^
(EngineCore pid=2803487) ERROR 09-28 11:39:16 [core.py:1140]   File "/gpfs/home5/sfris1/multimodal-tip-of-tongue-for-scientific-papers/.venv-mineru/lib/python3.11/site-packages/vllm/v1/sample/ops/topk_topp_sampler.py", line 157, in forward_cuda
(EngineCore pid=2803487) ERROR 09-28 11:39:16 [core.py:1140]     return flashinfer_sample(logits.contiguous(), k, p, generators), None
(EngineCore pid=2803487) ERROR 09-28 11:39:16 [core.py:1140]            ^^^^^^^^^^^^^^^^^^^^^^^^^^^^^^^^^^^^^^^^^^^^^^^^^^^^^^^^
(EngineCore pid=2803487) ERROR 09-28 11:39:16 [core.py:1140]   File "/gpfs/home5/sfris1/multimodal-tip-of-tongue-for-scientific-papers/.venv-mineru/lib/python3.11/site-packages/vllm/v1/sample/ops/topk_topp_sampler.py", line 447, in flashinfer_sample
(EngineCore pid=2803487) ERROR 09-28 11:39:16 [core.py:1140]     next_token_ids = flashinfer.sampling.top_k_top_p_sampling_from_logits(
(EngineCore pid=2803487) ERROR 09-28 11:39:16 [core.py:1140]                      ^^^^^^^^^^^^^^^^^^^^^^^^^^^^^^^^^^^^^^^^^^^^^^^^^^^^^
(EngineCore pid=2803487) ERROR 09-28 11:39:16 [core.py:1140]   File "/gpfs/home5/sfris1/multimodal-tip-of-tongue-for-scientific-papers/.venv-mineru/lib/python3.11/site-packages/flashinfer/sampling.py", line 1400, in top_k_top_p_sampling_from_logits
(EngineCore pid=2803487) ERROR 09-28 11:39:16 [core.py:1140]     masked_logits = top_k_mask_logits(logits, top_k)
(EngineCore pid=2803487) ERROR 09-28 11:39:16 [core.py:1140]                     ^^^^^^^^^^^^^^^^^^^^^^^^^^^^^^^^
(EngineCore pid=2803487) ERROR 09-28 11:39:16 [core.py:1140]   File "/gpfs/home5/sfris1/multimodal-tip-of-tongue-for-scientific-papers/.venv-mineru/lib/python3.11/site-packages/flashinfer/sampling.py", line 1806, in top_k_mask_logits
(EngineCore pid=2803487) ERROR 09-28 11:39:16 [core.py:1140]     return get_sampling_module().top_k_mask_logits(
(EngineCore pid=2803487) ERROR 09-28 11:39:16 [core.py:1140]            ^^^^^^^^^^^^^^^^^^^^^
(EngineCore pid=2803487) ERROR 09-28 11:39:16 [core.py:1140]   File "/gpfs/home5/sfris1/multimodal-tip-of-tongue-for-scientific-papers/.venv-mineru/lib/python3.11/site-packages/flashinfer/sampling.py", line 54, in get_sampling_module
(EngineCore pid=2803487) ERROR 09-28 11:39:16 [core.py:1140]     module = gen_sampling_module().build_and_load()
(EngineCore pid=2803487) ERROR 09-28 11:39:16 [core.py:1140]              ^^^^^^^^^^^^^^^^^^^^^^^^^^^^^^^^^^^^^^
(EngineCore pid=2803487) ERROR 09-28 11:39:16 [core.py:1140]   File "/gpfs/home5/sfris1/multimodal-tip-of-tongue-for-scientific-papers/.venv-mineru/lib/python3.11/site-packages/flashinfer/jit/core.py", line 318, in build_and_load
(EngineCore pid=2803487) ERROR 09-28 11:39:16 [core.py:1140]     self.build(verbose, need_lock=False)
(EngineCore pid=2803487) ERROR 09-28 11:39:16 [core.py:1140]   File "/gpfs/home5/sfris1/multimodal-tip-of-tongue-for-scientific-papers/.venv-mineru/lib/python3.11/site-packages/flashinfer/jit/core.py", line 303, in build
(EngineCore pid=2803487) ERROR 09-28 11:39:16 [core.py:1140]     self.write_ninja()
(EngineCore pid=2803487) ERROR 09-28 11:39:16 [core.py:1140]   File "/gpfs/home5/sfris1/multimodal-tip-of-tongue-for-scientific-papers/.venv-mineru/lib/python3.11/site-packages/flashinfer/jit/core.py", line 274, in write_ninja
(EngineCore pid=2803487) ERROR 09-28 11:39:16 [core.py:1140]     content = generate_ninja_build_for_op(
(EngineCore pid=2803487) ERROR 09-28 11:39:16 [core.py:1140]               ^^^^^^^^^^^^^^^^^^^^^^^^^^^^
(EngineCore pid=2803487) ERROR 09-28 11:39:16 [core.py:1140]   File "/gpfs/home5/sfris1/multimodal-tip-of-tongue-for-scientific-papers/.venv-mineru/lib/python3.11/site-packages/flashinfer/jit/cpp_ext.py", line 216, in generate_ninja_build_for_op
(EngineCore pid=2803487) ERROR 09-28 11:39:16 [core.py:1140]     cuda_home = get_cuda_path()
(EngineCore pid=2803487) ERROR 09-28 11:39:16 [core.py:1140]                 ^^^^^^^^^^^^^^^
(EngineCore pid=2803487) ERROR 09-28 11:39:16 [core.py:1140]   File "/gpfs/home5/sfris1/multimodal-tip-of-tongue-for-scientific-papers/.venv-mineru/lib/python3.11/site-packages/flashinfer/jit/cpp_ext.py", line 61, in get_cuda_path
(EngineCore pid=2803487) ERROR 09-28 11:39:16 [core.py:1140]     raise RuntimeError(
(EngineCore pid=2803487) ERROR 09-28 11:39:16 [core.py:1140] RuntimeError: Could not find nvcc and default cuda_home='/usr/local/cuda' doesn't exist
(EngineCore pid=2803487) Process EngineCore:
(EngineCore pid=2803487) Traceback (most recent call last):
(EngineCore pid=2803487)   File "/home/sfris1/.local/share/uv/python/cpython-3.11.14-linux-x86_64-gnu/lib/python3.11/multiprocessing/process.py", line 314, in _bootstrap
(EngineCore pid=2803487)     self.run()
(EngineCore pid=2803487)   File "/home/sfris1/.local/share/uv/python/cpython-3.11.14-linux-x86_64-gnu/lib/python3.11/multiprocessing/process.py", line 108, in run
(EngineCore pid=2803487)     self._target(*self._args, **self._kwargs)
(EngineCore pid=2803487)   File "/gpfs/home5/sfris1/multimodal-tip-of-tongue-for-scientific-papers/.venv-mineru/lib/python3.11/site-packages/vllm/v1/engine/core.py", line 1144, in run_engine_core
(EngineCore pid=2803487)     raise e
(EngineCore pid=2803487)   File "/gpfs/home5/sfris1/multimodal-tip-of-tongue-for-scientific-papers/.venv-mineru/lib/python3.11/site-packages/vllm/v1/engine/core.py", line 1114, in run_engine_core
(EngineCore pid=2803487)     engine_core = EngineCoreProc(*args, engine_index=dp_rank, **kwargs)
(EngineCore pid=2803487)                   ^^^^^^^^^^^^^^^^^^^^^^^^^^^^^^^^^^^^^^^^^^^^^^^^^^^^^
(EngineCore pid=2803487)   File "/gpfs/home5/sfris1/multimodal-tip-of-tongue-for-scientific-papers/.venv-mineru/lib/python3.11/site-packages/vllm/tracing/otel.py", line 178, in sync_wrapper
(EngineCore pid=2803487)     return func(*args, **kwargs)
(EngineCore pid=2803487)            ^^^^^^^^^^^^^^^^^^^^^
(EngineCore pid=2803487)   File "/gpfs/home5/sfris1/multimodal-tip-of-tongue-for-scientific-papers/.venv-mineru/lib/python3.11/site-packages/vllm/v1/engine/core.py", line 880, in __init__
(EngineCore pid=2803487)     super().__init__(
(EngineCore pid=2803487)   File "/gpfs/home5/sfris1/multimodal-tip-of-tongue-for-scientific-papers/.venv-mineru/lib/python3.11/site-packages/vllm/v1/engine/core.py", line 128, in __init__
(EngineCore pid=2803487)     kv_cache_config = self._initialize_kv_caches(vllm_config)
(EngineCore pid=2803487)                       ^^^^^^^^^^^^^^^^^^^^^^^^^^^^^^^^^^^^^^^
(EngineCore pid=2803487)   File "/gpfs/home5/sfris1/multimodal-tip-of-tongue-for-scientific-papers/.venv-mineru/lib/python3.11/site-packages/vllm/tracing/otel.py", line 178, in sync_wrapper
(EngineCore pid=2803487)     return func(*args, **kwargs)
(EngineCore pid=2803487)            ^^^^^^^^^^^^^^^^^^^^^
(EngineCore pid=2803487)   File "/gpfs/home5/sfris1/multimodal-tip-of-tongue-for-scientific-papers/.venv-mineru/lib/python3.11/site-packages/vllm/v1/engine/core.py", line 250, in _initialize_kv_caches
(EngineCore pid=2803487)     available_gpu_memory = self.model_executor.determine_available_memory()
(EngineCore pid=2803487)                            ^^^^^^^^^^^^^^^^^^^^^^^^^^^^^^^^^^^^^^^^^^^^^^^^
(EngineCore pid=2803487)   File "/gpfs/home5/sfris1/multimodal-tip-of-tongue-for-scientific-papers/.venv-mineru/lib/python3.11/site-packages/vllm/v1/executor/abstract.py", line 147, in determine_available_memory
(EngineCore pid=2803487)     return self.collective_rpc("determine_available_memory")
(EngineCore pid=2803487)            ^^^^^^^^^^^^^^^^^^^^^^^^^^^^^^^^^^^^^^^^^^^^^^^^^
(EngineCore pid=2803487)   File "/gpfs/home5/sfris1/multimodal-tip-of-tongue-for-scientific-papers/.venv-mineru/lib/python3.11/site-packages/vllm/v1/executor/uniproc_executor.py", line 93, in collective_rpc
(EngineCore pid=2803487)     result = run_method(self.driver_worker, method, args, kwargs)
(EngineCore pid=2803487)              ^^^^^^^^^^^^^^^^^^^^^^^^^^^^^^^^^^^^^^^^^^^^^^^^^^^^
(EngineCore pid=2803487)   File "/gpfs/home5/sfris1/multimodal-tip-of-tongue-for-scientific-papers/.venv-mineru/lib/python3.11/site-packages/vllm/v1/serial_utils.py", line 510, in run_method
(EngineCore pid=2803487)     return func(*args, **kwargs)
(EngineCore pid=2803487)            ^^^^^^^^^^^^^^^^^^^^^
(EngineCore pid=2803487)   File "/gpfs/home5/sfris1/multimodal-tip-of-tongue-for-scientific-papers/.venv-mineru/lib/python3.11/site-packages/torch/utils/_contextlib.py", line 124, in decorate_context
(EngineCore pid=2803487)     return func(*args, **kwargs)
(EngineCore pid=2803487)            ^^^^^^^^^^^^^^^^^^^^^
(EngineCore pid=2803487)   File "/gpfs/home5/sfris1/multimodal-tip-of-tongue-for-scientific-papers/.venv-mineru/lib/python3.11/site-packages/vllm/v1/worker/gpu_worker.py", line 392, in determine_available_memory
(EngineCore pid=2803487)     self.model_runner.profile_run()
(EngineCore pid=2803487)   File "/gpfs/home5/sfris1/multimodal-tip-of-tongue-for-scientific-papers/.venv-mineru/lib/python3.11/site-packages/vllm/v1/worker/gpu_model_runner.py", line 5955, in profile_run
(EngineCore pid=2803487)     output = self._dummy_sampler_run(last_hidden_states)
(EngineCore pid=2803487)              ^^^^^^^^^^^^^^^^^^^^^^^^^^^^^^^^^^^^^^^^^^^
(EngineCore pid=2803487)   File "/gpfs/home5/sfris1/multimodal-tip-of-tongue-for-scientific-papers/.venv-mineru/lib/python3.11/site-packages/torch/utils/_contextlib.py", line 124, in decorate_context
(EngineCore pid=2803487)     return func(*args, **kwargs)
(EngineCore pid=2803487)            ^^^^^^^^^^^^^^^^^^^^^
(EngineCore pid=2803487)   File "/gpfs/home5/sfris1/multimodal-tip-of-tongue-for-scientific-papers/.venv-mineru/lib/python3.11/site-packages/vllm/v1/worker/gpu_model_runner.py", line 5775, in _dummy_sampler_run
(EngineCore pid=2803487)     raise e
(EngineCore pid=2803487)   File "/gpfs/home5/sfris1/multimodal-tip-of-tongue-for-scientific-papers/.venv-mineru/lib/python3.11/site-packages/vllm/v1/worker/gpu_model_runner.py", line 5743, in _dummy_sampler_run
(EngineCore pid=2803487)     sampler_output = self.sampler(
(EngineCore pid=2803487)                      ^^^^^^^^^^^^^
(EngineCore pid=2803487)   File "/gpfs/home5/sfris1/multimodal-tip-of-tongue-for-scientific-papers/.venv-mineru/lib/python3.11/site-packages/torch/nn/modules/module.py", line 1779, in _wrapped_call_impl
(EngineCore pid=2803487)     return self._call_impl(*args, **kwargs)
(EngineCore pid=2803487)            ^^^^^^^^^^^^^^^^^^^^^^^^^^^^^^^^
(EngineCore pid=2803487)   File "/gpfs/home5/sfris1/multimodal-tip-of-tongue-for-scientific-papers/.venv-mineru/lib/python3.11/site-packages/torch/nn/modules/module.py", line 1790, in _call_impl
(EngineCore pid=2803487)     return forward_call(*args, **kwargs)
(EngineCore pid=2803487)            ^^^^^^^^^^^^^^^^^^^^^^^^^^^^^
(EngineCore pid=2803487)   File "/gpfs/home5/sfris1/multimodal-tip-of-tongue-for-scientific-papers/.venv-mineru/lib/python3.11/site-packages/vllm/v1/sample/sampler.py", line 97, in forward
(EngineCore pid=2803487)     sampled, processed_logprobs = self.sample(logits, sampling_metadata)
(EngineCore pid=2803487)                                   ^^^^^^^^^^^^^^^^^^^^^^^^^^^^^^^^^^^^^^
(EngineCore pid=2803487)   File "/gpfs/home5/sfris1/multimodal-tip-of-tongue-for-scientific-papers/.venv-mineru/lib/python3.11/site-packages/vllm/v1/sample/sampler.py", line 272, in sample
(EngineCore pid=2803487)     random_sampled, processed_logprobs = self.topk_topp_sampler(
(EngineCore pid=2803487)                                          ^^^^^^^^^^^^^^^^^^^^^^^
(EngineCore pid=2803487)   File "/gpfs/home5/sfris1/multimodal-tip-of-tongue-for-scientific-papers/.venv-mineru/lib/python3.11/site-packages/torch/nn/modules/module.py", line 1779, in _wrapped_call_impl
(EngineCore pid=2803487)     return self._call_impl(*args, **kwargs)
(EngineCore pid=2803487)            ^^^^^^^^^^^^^^^^^^^^^^^^^^^^^^^^
(EngineCore pid=2803487)   File "/gpfs/home5/sfris1/multimodal-tip-of-tongue-for-scientific-papers/.venv-mineru/lib/python3.11/site-packages/torch/nn/modules/module.py", line 1790, in _call_impl
(EngineCore pid=2803487)     return forward_call(*args, **kwargs)
(EngineCore pid=2803487)            ^^^^^^^^^^^^^^^^^^^^^^^^^^^^^
(EngineCore pid=2803487)   File "/gpfs/home5/sfris1/multimodal-tip-of-tongue-for-scientific-papers/.venv-mineru/lib/python3.11/site-packages/vllm/v1/sample/ops/topk_topp_sampler.py", line 157, in forward_cuda
(EngineCore pid=2803487)     return flashinfer_sample(logits.contiguous(), k, p, generators), None
(EngineCore pid=2803487)            ^^^^^^^^^^^^^^^^^^^^^^^^^^^^^^^^^^^^^^^^^^^^^^^^^^^^^^^^
(EngineCore pid=2803487)   File "/gpfs/home5/sfris1/multimodal-tip-of-tongue-for-scientific-papers/.venv-mineru/lib/python3.11/site-packages/vllm/v1/sample/ops/topk_topp_sampler.py", line 447, in flashinfer_sample
(EngineCore pid=2803487)     next_token_ids = flashinfer.sampling.top_k_top_p_sampling_from_logits(
(EngineCore pid=2803487)                      ^^^^^^^^^^^^^^^^^^^^^^^^^^^^^^^^^^^^^^^^^^^^^^^^^^^^^
(EngineCore pid=2803487)   File "/gpfs/home5/sfris1/multimodal-tip-of-tongue-for-scientific-papers/.venv-mineru/lib/python3.11/site-packages/flashinfer/sampling.py", line 1400, in top_k_top_p_sampling_from_logits
(EngineCore pid=2803487)     masked_logits = top_k_mask_logits(logits, top_k)
(EngineCore pid=2803487)                     ^^^^^^^^^^^^^^^^^^^^^^^^^^^^^^^^
(EngineCore pid=2803487)   File "/gpfs/home5/sfris1/multimodal-tip-of-tongue-for-scientific-papers/.venv-mineru/lib/python3.11/site-packages/flashinfer/sampling.py", line 1806, in top_k_mask_logits
(EngineCore pid=2803487)     return get_sampling_module().top_k_mask_logits(
(EngineCore pid=2803487)            ^^^^^^^^^^^^^^^^^^^^^
(EngineCore pid=2803487)   File "/gpfs/home5/sfris1/multimodal-tip-of-tongue-for-scientific-papers/.venv-mineru/lib/python3.11/site-packages/flashinfer/sampling.py", line 54, in get_sampling_module
(EngineCore pid=2803487)     module = gen_sampling_module().build_and_load()
(EngineCore pid=2803487)              ^^^^^^^^^^^^^^^^^^^^^^^^^^^^^^^^^^^^^^
(EngineCore pid=2803487)   File "/gpfs/home5/sfris1/multimodal-tip-of-tongue-for-scientific-papers/.venv-mineru/lib/python3.11/site-packages/flashinfer/jit/core.py", line 318, in build_and_load
(EngineCore pid=2803487)     self.build(verbose, need_lock=False)
(EngineCore pid=2803487)   File "/gpfs/home5/sfris1/multimodal-tip-of-tongue-for-scientific-papers/.venv-mineru/lib/python3.11/site-packages/flashinfer/jit/core.py", line 303, in build
(EngineCore pid=2803487)     self.write_ninja()
(EngineCore pid=2803487)   File "/gpfs/home5/sfris1/multimodal-tip-of-tongue-for-scientific-papers/.venv-mineru/lib/python3.11/site-packages/flashinfer/jit/core.py", line 274, in write_ninja
(EngineCore pid=2803487)     content = generate_ninja_build_for_op(
(EngineCore pid=2803487)               ^^^^^^^^^^^^^^^^^^^^^^^^^^^^
(EngineCore pid=2803487)   File "/gpfs/home5/sfris1/multimodal-tip-of-tongue-for-scientific-papers/.venv-mineru/lib/python3.11/site-packages/flashinfer/jit/cpp_ext.py", line 216, in generate_ninja_build_for_op
(EngineCore pid=2803487)     cuda_home = get_cuda_path()
(EngineCore pid=2803487)                 ^^^^^^^^^^^^^^^
(EngineCore pid=2803487)   File "/gpfs/home5/sfris1/multimodal-tip-of-tongue-for-scientific-papers/.venv-mineru/lib/python3.11/site-packages/flashinfer/jit/cpp_ext.py", line 61, in get_cuda_path
(EngineCore pid=2803487)     raise RuntimeError(
(EngineCore pid=2803487) RuntimeError: Could not find nvcc and default cuda_home='/usr/local/cuda' doesn't exist
[rank0]:[W928 11:39:17.803236311 ProcessGroupNCCL.cpp:1575] Warning: WARNING: destroy_process_group() was not called before program exit, which can leak resources. For more info, please see https://pytorch.org/docs/stable/distributed.html#shutdown (function operator())
2026-09-28 11:39:18.237 | INFO     | mineru.backend.vlm.utils:enable_custom_logits_processors:56 - compute_capability: 8.0 >= 8.0 and vllm version: 0.21.0 >= 0.10.1, enable custom_logits_processors
INFO 09-28 11:39:18 [model.py:568] Resolved architecture: Qwen2VLForConditionalGeneration
INFO 09-28 11:39:18 [model.py:1697] Using max model len 8192
INFO 09-28 11:39:18 [kernel.py:212] Final IR op priority after setting platform defaults: IrOpPriorityConfig(rms_norm=['native'], fused_add_rms_norm=['native'])
2026-09-28 11:39:18.354 | INFO     | mineru.utils.engine_utils:get_vlm_engine:34 - Using vllm-async-engine as the inference engine for VLM.
INFO:     127.0.0.1:55364 - "POST /tasks HTTP/1.1" 503 Service Unavailable
INFO:     127.0.0.1:55364 - "POST /tasks HTTP/1.1" 503 Service Unavailable
[1;31m2026-09-28 11:39:20.397920842 [E:onnxruntime:Default, env.cc:298 ThreadMain] pthread_setaffinity_np failed for thread: 2804544, index: 25, mask: {26, }, error code: 22 error msg: Invalid argument. Specify the number of threads explicitly so the affinity is not set.[m
[1;31m2026-09-28 11:39:20.398053533 [E:onnxruntime:Default, env.cc:298 ThreadMain] pthread_setaffinity_np failed for thread: 2804559, index: 40, mask: {41, }, error code: 22 error msg: Invalid argument. Specify the number of threads explicitly so the affinity is not set.[m
[1;31m2026-09-28 11:39:20.406757865 [E:onnxruntime:Default, env.cc:298 ThreadMain] pthread_setaffinity_np failed for thread: 2804541, index: 22, mask: {23, }, error code: 22 error msg: Invalid argument. Specify the number of threads explicitly so the affinity is not set.[m
[1;31m2026-09-28 11:39:20.410756907 [E:onnxruntime:Default, env.cc:298 ThreadMain] pthread_setaffinity_np failed for thread: 2804542, index: 23, mask: {24, }, error code: 22 error msg: Invalid argument. Specify the number of threads explicitly so the affinity is not set.[m
[1;31m2026-09-28 11:39:20.415766960 [E:onnxruntime:Default, env.cc:298 ThreadMain] pthread_setaffinity_np failed for thread: 2804545, index: 26, mask: {27, }, error code: 22 error msg: Invalid argument. Specify the number of threads explicitly so the affinity is not set.[m
[1;31m2026-09-28 11:39:20.424759730 [E:onnxruntime:Default, env.cc:298 ThreadMain] pthread_setaffinity_np failed for thread: 2804543, index: 24, mask: {25, }, error code: 22 error msg: Invalid argument. Specify the number of threads explicitly so the affinity is not set.[m
[1;31m2026-09-28 11:39:20.431755334 [E:onnxruntime:Default, env.cc:298 ThreadMain] pthread_setaffinity_np failed for thread: 2804547, index: 28, mask: {29, }, error code: 22 error msg: Invalid argument. Specify the number of threads explicitly so the affinity is not set.[m
[1;31m2026-09-28 11:39:20.431779399 [E:onnxruntime:Default, env.cc:298 ThreadMain] pthread_setaffinity_np failed for thread: 2804546, index: 27, mask: {28, }, error code: 22 error msg: Invalid argument. Specify the number of threads explicitly so the affinity is not set.[m
[1;31m2026-09-28 11:39:20.442784768 [E:onnxruntime:Default, env.cc:298 ThreadMain] pthread_setaffinity_np failed for thread: 2804551, index: 32, mask: {33, }, error code: 22 error msg: Invalid argument. Specify the number of threads explicitly so the affinity is not set.[m
[1;31m2026-09-28 11:39:20.442803649 [E:onnxruntime:Default, env.cc:298 ThreadMain] pthread_setaffinity_np failed for thread: 2804549, index: 30, mask: {31, }, error code: 22 error msg: Invalid argument. Specify the number of threads explicitly so the affinity is not set.[m
[1;31m2026-09-28 11:39:20.442819129 [E:onnxruntime:Default, env.cc:298 ThreadMain] pthread_setaffinity_np failed for thread: 2804552, index: 33, mask: {34, }, error code: 22 error msg: Invalid argument. Specify the number of threads explicitly so the affinity is not set.[m
[1;31m2026-09-28 11:39:20.442861326 [E:onnxruntime:Default, env.cc:298 ThreadMain] pthread_setaffinity_np failed for thread: 2804554, index: 35, mask: {36, }, error code: 22 error msg: Invalid argument. Specify the number of threads explicitly so the affinity is not set.[m
[1;31m2026-09-28 11:39:20.442861741 [E:onnxruntime:Default, env.cc:298 ThreadMain] pthread_setaffinity_np failed for thread: 2804539, index: 20, mask: {21, }, error code: 22 error msg: Invalid argument. Specify the number of threads explicitly so the affinity is not set.[m
[1;31m2026-09-28 11:39:20.442881820 [E:onnxruntime:Default, env.cc:298 ThreadMain] pthread_setaffinity_np failed for thread: 2804548, index: 29, mask: {30, }, error code: 22 error msg: Invalid argument. Specify the number of threads explicitly so the affinity is not set.[m
[1;31m2026-09-28 11:39:20.442913769 [E:onnxruntime:Default, env.cc:298 ThreadMain] pthread_setaffinity_np failed for thread: 2804550, index: 31, mask: {32, }, error code: 22 error msg: Invalid argument. Specify the number of threads explicitly so the affinity is not set.[m
[1;31m2026-09-28 11:39:20.442864652 [E:onnxruntime:Default, env.cc:298 ThreadMain] pthread_setaffinity_np failed for thread: 2804537, index: 18, mask: {19, }, error code: 22 error msg: Invalid argument. Specify the number of threads explicitly so the affinity is not set.[m
[1;31m2026-09-28 11:39:20.442858253 [E:onnxruntime:Default, env.cc:298 ThreadMain] pthread_setaffinity_np failed for thread: 2804536, index: 17, mask: {18, }, error code: 22 error msg: Invalid argument. Specify the number of threads explicitly so the affinity is not set.[m
[1;31m2026-09-28 11:39:20.443001836 [E:onnxruntime:Default, env.cc:298 ThreadMain] pthread_setaffinity_np failed for thread: 2804558, index: 39, mask: {40, }, error code: 22 error msg: Invalid argument. Specify the number of threads explicitly so the affinity is not set.[m
[1;31m2026-09-28 11:39:20.443664412 [E:onnxruntime:Default, env.cc:298 ThreadMain] pthread_setaffinity_np failed for thread: 2804571, index: 52, mask: {53, }, error code: 22 error msg: Invalid argument. Specify the number of threads explicitly so the affinity is not set.[m
[1;31m2026-09-28 11:39:20.444009383 [E:onnxruntime:Default, env.cc:298 ThreadMain] pthread_setaffinity_np failed for thread: 2804575, index: 56, mask: {57, }, error code: 22 error msg: Invalid argument. Specify the number of threads explicitly so the affinity is not set.[m
[1;31m2026-09-28 11:39:20.444026689 [E:onnxruntime:Default, env.cc:298 ThreadMain] pthread_setaffinity_np failed for thread: 2804582, index: 63, mask: {64, }, error code: 22 error msg: Invalid argument. Specify the number of threads explicitly so the affinity is not set.[m
[1;31m2026-09-28 11:39:20.445954795 [E:onnxruntime:Default, env.cc:298 ThreadMain] pthread_setaffinity_np failed for thread: 2804565, index: 46, mask: {47, }, error code: 22 error msg: Invalid argument. Specify the number of threads explicitly so the affinity is not set.[m
[1;31m2026-09-28 11:39:20.447769203 [E:onnxruntime:Default, env.cc:298 ThreadMain] pthread_setaffinity_np failed for thread: 2804583, index: 64, mask: {65, }, error code: 22 error msg: Invalid argument. Specify the number of threads explicitly so the affinity is not set.[m
[1;31m2026-09-28 11:39:20.442876168 [E:onnxruntime:Default, env.cc:298 ThreadMain] pthread_setaffinity_np failed for thread: 2804538, index: 19, mask: {20, }, error code: 22 error msg: Invalid argument. Specify the number of threads explicitly so the affinity is not set.[m
[1;31m2026-09-28 11:39:20.451757648 [E:onnxruntime:Default, env.cc:298 ThreadMain] pthread_setaffinity_np failed for thread: 2804584, index: 65, mask: {66, }, error code: 22 error msg: Invalid argument. Specify the number of threads explicitly so the affinity is not set.[m
[1;31m2026-09-28 11:39:20.452767249 [E:onnxruntime:Default, env.cc:298 ThreadMain] pthread_setaffinity_np failed for thread: 2804573, index: 54, mask: {55, }, error code: 22 error msg: Invalid argument. Specify the number of threads explicitly so the affinity is not set.[m
[1;31m2026-09-28 11:39:20.455782329 [E:onnxruntime:Default, env.cc:298 ThreadMain] pthread_setaffinity_np failed for thread: 2804570, index: 51, mask: {52, }, error code: 22 error msg: Invalid argument. Specify the number of threads explicitly so the affinity is not set.[m
[1;31m2026-09-28 11:39:20.442860402 [E:onnxruntime:Default, env.cc:298 ThreadMain] pthread_setaffinity_np failed for thread: 2804557, index: 38, mask: {39, }, error code: 22 error msg: Invalid argument. Specify the number of threads explicitly so the affinity is not set.[m
[1;31m2026-09-28 11:39:20.455819273 [E:onnxruntime:Default, env.cc:298 ThreadMain] pthread_setaffinity_np failed for thread: 2804588, index: 69, mask: {70, }, error code: 22 error msg: Invalid argument. Specify the number of threads explicitly so the affinity is not set.[m
[1;31m2026-09-28 11:39:20.442861602 [E:onnxruntime:Default, env.cc:298 ThreadMain] pthread_setaffinity_np failed for thread: 2804540, index: 21, mask: {22, }, error code: 22 error msg: Invalid argument. Specify the number of threads explicitly so the affinity is not set.[m
[1;31m2026-09-28 11:39:20.456762848 [E:onnxruntime:Default, env.cc:298 ThreadMain] pthread_setaffinity_np failed for thread: 2804587, index: 68, mask: {69, }, error code: 22 error msg: Invalid argument. Specify the number of threads explicitly so the affinity is not set.[m
[1;31m2026-09-28 11:39:20.456765794 [E:onnxruntime:Default, env.cc:298 ThreadMain] pthread_setaffinity_np failed for thread: 2804581, index: 62, mask: {63, }, error code: 22 error msg: Invalid argument. Specify the number of threads explicitly so the affinity is not set.[m
[1;31m2026-09-28 11:39:20.461761840 [E:onnxruntime:Default, env.cc:298 ThreadMain] pthread_setaffinity_np failed for thread: 2804585, index: 66, mask: {67, }, error code: 22 error msg: Invalid argument. Specify the number of threads explicitly so the affinity is not set.[m
[1;31m2026-09-28 11:39:20.442953258 [E:onnxruntime:Default, env.cc:298 ThreadMain] pthread_setaffinity_np failed for thread: 2804556, index: 37, mask: {38, }, error code: 22 error msg: Invalid argument. Specify the number of threads explicitly so the affinity is not set.[m
[1;31m2026-09-28 11:39:20.442892153 [E:onnxruntime:Default, env.cc:298 ThreadMain] pthread_setaffinity_np failed for thread: 2804553, index: 34, mask: {35, }, error code: 22 error msg: Invalid argument. Specify the number of threads explicitly so the affinity is not set.[m
[1;31m2026-09-28 11:39:20.455795731 [E:onnxruntime:Default, env.cc:298 ThreadMain] pthread_setaffinity_np failed for thread: 2804586, index: 67, mask: {68, }, error code: 22 error msg: Invalid argument. Specify the number of threads explicitly so the affinity is not set.[m
[1;31m2026-09-28 11:39:20.467750722 [E:onnxruntime:Default, env.cc:298 ThreadMain] pthread_setaffinity_np failed for thread: 2804572, index: 53, mask: {54, }, error code: 22 error msg: Invalid argument. Specify the number of threads explicitly so the affinity is not set.[m
[1;31m2026-09-28 11:39:20.467828913 [E:onnxruntime:Default, env.cc:298 ThreadMain] pthread_setaffinity_np failed for thread: 2804561, index: 42, mask: {43, }, error code: 22 error msg: Invalid argument. Specify the number of threads explicitly so the affinity is not set.[m
[1;31m2026-09-28 11:39:20.469766893 [E:onnxruntime:Default, env.cc:298 ThreadMain] pthread_setaffinity_np failed for thread: 2804580, index: 61, mask: {62, }, error code: 22 error msg: Invalid argument. Specify the number of threads explicitly so the affinity is not set.[m
[1;31m2026-09-28 11:39:20.473772015 [E:onnxruntime:Default, env.cc:298 ThreadMain] pthread_setaffinity_np failed for thread: 2804579, index: 60, mask: {61, }, error code: 22 error msg: Invalid argument. Specify the number of threads explicitly so the affinity is not set.[m
[1;31m2026-09-28 11:39:20.473805054 [E:onnxruntime:Default, env.cc:298 ThreadMain] pthread_setaffinity_np failed for thread: 2804574, index: 55, mask: {56, }, error code: 22 error msg: Invalid argument. Specify the number of threads explicitly so the affinity is not set.[m
[1;31m2026-09-28 11:39:20.442966645 [E:onnxruntime:Default, env.cc:298 ThreadMain] pthread_setaffinity_np failed for thread: 2804555, index: 36, mask: {37, }, error code: 22 error msg: Invalid argument. Specify the number of threads explicitly so the affinity is not set.[m
[1;31m2026-09-28 11:39:20.477758997 [E:onnxruntime:Default, env.cc:298 ThreadMain] pthread_setaffinity_np failed for thread: 2804578, index: 59, mask: {60, }, error code: 22 error msg: Invalid argument. Specify the number of threads explicitly so the affinity is not set.[m
[1;31m2026-09-28 11:39:20.480743211 [E:onnxruntime:Default, env.cc:298 ThreadMain] pthread_setaffinity_np failed for thread: 2804560, index: 41, mask: {42, }, error code: 22 error msg: Invalid argument. Specify the number of threads explicitly so the affinity is not set.[m
[1;31m2026-09-28 11:39:20.481757515 [E:onnxruntime:Default, env.cc:298 ThreadMain] pthread_setaffinity_np failed for thread: 2804577, index: 58, mask: {59, }, error code: 22 error msg: Invalid argument. Specify the number of threads explicitly so the affinity is not set.[m
[1;31m2026-09-28 11:39:20.487774360 [E:onnxruntime:Default, env.cc:298 ThreadMain] pthread_setaffinity_np failed for thread: 2804562, index: 43, mask: {44, }, error code: 22 error msg: Invalid argument. Specify the number of threads explicitly so the affinity is not set.[m
[1;31m2026-09-28 11:39:20.487785039 [E:onnxruntime:Default, env.cc:298 ThreadMain] pthread_setaffinity_np failed for thread: 2804568, index: 49, mask: {50, }, error code: 22 error msg: Invalid argument. Specify the number of threads explicitly so the affinity is not set.[m
[1;31m2026-09-28 11:39:20.488810848 [E:onnxruntime:Default, env.cc:298 ThreadMain] pthread_setaffinity_np failed for thread: 2804569, index: 50, mask: {51, }, error code: 22 error msg: Invalid argument. Specify the number of threads explicitly so the affinity is not set.[m
[1;31m2026-09-28 11:39:20.488904508 [E:onnxruntime:Default, env.cc:298 ThreadMain] pthread_setaffinity_np failed for thread: 2804576, index: 57, mask: {58, }, error code: 22 error msg: Invalid argument. Specify the number of threads explicitly so the affinity is not set.[m
[1;31m2026-09-28 11:39:20.487777399 [E:onnxruntime:Default, env.cc:298 ThreadMain] pthread_setaffinity_np failed for thread: 2804566, index: 47, mask: {48, }, error code: 22 error msg: Invalid argument. Specify the number of threads explicitly so the affinity is not set.[m
[1;31m2026-09-28 11:39:20.487778934 [E:onnxruntime:Default, env.cc:298 ThreadMain] pthread_setaffinity_np failed for thread: 2804564, index: 45, mask: {46, }, error code: 22 error msg: Invalid argument. Specify the number of threads explicitly so the affinity is not set.[m
[1;31m2026-09-28 11:39:20.504795682 [E:onnxruntime:Default, env.cc:298 ThreadMain] pthread_setaffinity_np failed for thread: 2804589, index: 70, mask: {71, }, error code: 22 error msg: Invalid argument. Specify the number of threads explicitly so the affinity is not set.[m
[1;31m2026-09-28 11:39:20.508754551 [E:onnxruntime:Default, env.cc:298 ThreadMain] pthread_setaffinity_np failed for thread: 2804567, index: 48, mask: {49, }, error code: 22 error msg: Invalid argument. Specify the number of threads explicitly so the affinity is not set.[m
[1;31m2026-09-28 11:39:20.512764972 [E:onnxruntime:Default, env.cc:298 ThreadMain] pthread_setaffinity_np failed for thread: 2804563, index: 44, mask: {45, }, error code: 22 error msg: Invalid argument. Specify the number of threads explicitly so the affinity is not set.[m
INFO:     127.0.0.1:55364 - "POST /tasks HTTP/1.1" 503 Service Unavailable
INFO:     127.0.0.1:55364 - "POST /tasks HTTP/1.1" 503 Service Unavailable
INFO:     127.0.0.1:55364 - "POST /tasks HTTP/1.1" 503 Service Unavailable
WARNING 09-28 11:39:26 [config.py:70] Support for Transformers v4 is deprecated. The Transformers v4 codepath will become unmaintained in vLLM v0.22.0 and will be removed in vLLM v0.24.0. Please upgrade to Transformers v5: pip install --upgrade transformers
(EngineCore pid=2804494) INFO 09-28 11:39:27 [core.py:109] Initializing a V1 LLM engine (v0.21.0) with config: model='/home/sfris1/.cache/huggingface/hub/models--opendatalab--MinerU2.5-Pro-2605-1.2B/snapshots/bff20d4ae2bf202df9f45284b4d43681555a97ed', speculative_config=None, tokenizer='/home/sfris1/.cache/huggingface/hub/models--opendatalab--MinerU2.5-Pro-2605-1.2B/snapshots/bff20d4ae2bf202df9f45284b4d43681555a97ed', skip_tokenizer_init=False, tokenizer_mode=auto, revision=None, tokenizer_revision=None, trust_remote_code=False, dtype=torch.bfloat16, max_seq_len=8192, download_dir=None, load_format=auto, tensor_parallel_size=1, pipeline_parallel_size=1, data_parallel_size=1, decode_context_parallel_size=1, dcp_comm_backend=ag_rs, disable_custom_all_reduce=False, quantization=None, quantization_config=None, enforce_eager=False, enable_return_routed_experts=False, kv_cache_dtype=auto, device_config=cuda, structured_outputs_config=StructuredOutputsConfig(backend='auto', disable_any_whitespace=False, disable_additional_properties=False, reasoning_parser='', reasoning_parser_plugin='', enable_in_reasoning=False), observability_config=ObservabilityConfig(show_hidden_metrics_for_version=None, otlp_traces_endpoint=None, collect_detailed_traces=None, kv_cache_metrics=False, kv_cache_metrics_sample=0.01, cudagraph_metrics=False, enable_layerwise_nvtx_tracing=False, enable_mfu_metrics=False, enable_mm_processor_stats=False, enable_logging_iteration_details=False), seed=0, served_model_name=/home/sfris1/.cache/huggingface/hub/models--opendatalab--MinerU2.5-Pro-2605-1.2B/snapshots/bff20d4ae2bf202df9f45284b4d43681555a97ed, enable_prefix_caching=True, enable_chunked_prefill=True, pooler_config=None, compilation_config={'mode': <CompilationMode.VLLM_COMPILE: 3>, 'debug_dump_path': None, 'cache_dir': '', 'compile_cache_save_format': 'binary', 'backend': 'inductor', 'custom_ops': ['none'], 'ir_enable_torch_wrap': True, 'splitting_ops': ['vllm::unified_attention_with_output', 'vllm::unified_mla_attention_with_output', 'vllm::mamba_mixer2', 'vllm::mamba_mixer', 'vllm::short_conv', 'vllm::linear_attention', 'vllm::plamo2_mamba_mixer', 'vllm::gdn_attention_core', 'vllm::gdn_attention_core_xpu', 'vllm::olmo_hybrid_gdn_full_forward', 'vllm::kda_attention', 'vllm::sparse_attn_indexer', 'vllm::rocm_aiter_sparse_attn_indexer', 'vllm::deepseek_v4_attention', 'vllm::unified_kv_cache_update', 'vllm::unified_mla_kv_cache_update'], 'compile_mm_encoder': False, 'cudagraph_mm_encoder': False, 'encoder_cudagraph_token_budgets': [], 'encoder_cudagraph_max_vision_items_per_batch': 0, 'encoder_cudagraph_max_frames_per_batch': None, 'compile_sizes': [], 'compile_ranges_endpoints': [2048], 'inductor_compile_config': {'enable_auto_functionalized_v2': False, 'size_asserts': False, 'alignment_asserts': False, 'scalar_asserts': False, 'combo_kernels': True, 'benchmark_combo_kernel': True}, 'inductor_passes': {}, 'cudagraph_mode': <CUDAGraphMode.FULL_AND_PIECEWISE: (2, 1)>, 'cudagraph_num_of_warmups': 1, 'cudagraph_capture_sizes': [1, 2, 4, 8, 16, 24, 32, 40, 48, 56, 64, 72, 80, 88, 96, 104, 112, 120, 128, 136, 144, 152, 160, 168, 176, 184, 192, 200, 208, 216, 224, 232, 240, 248, 256], 'cudagraph_copy_inputs': False, 'cudagraph_specialize_lora': True, 'use_inductor_graph_partition': False, 'pass_config': {'fuse_norm_quant': False, 'fuse_act_quant': False, 'fuse_attn_quant': False, 'enable_sp': False, 'fuse_gemm_comms': False, 'fuse_allreduce_rms': False, 'fuse_act_padding': False}, 'max_cudagraph_capture_size': 256, 'dynamic_shapes_config': {'type': <DynamicShapesType.BACKED: 'backed'>, 'evaluate_guards': False, 'assume_32_bit_indexing': False}, 'local_cache_dir': None, 'fast_moe_cold_start': False, 'static_all_moe_layers': []}, kernel_config=KernelConfig(ir_op_priority=IrOpPriorityConfig(rms_norm=['native'], fused_add_rms_norm=['native']), enable_flashinfer_autotune=False, moe_backend='auto')
INFO:     127.0.0.1:55364 - "POST /tasks HTTP/1.1" 503 Service Unavailable
(EngineCore pid=2804494) INFO 09-28 11:39:29 [parallel_state.py:1410] world_size=1 rank=0 local_rank=0 distributed_init_method=tcp://145.136.62.28:35047 backend=nccl
(EngineCore pid=2804494) INFO 09-28 11:39:29 [parallel_state.py:1723] rank 0 in world size 1 is assigned as DP rank 0, PP rank 0, PCP rank 0, TP rank 0, EP rank N/A, EPLB rank N/A
(EngineCore pid=2804494) INFO 09-28 11:39:30 [topk_topp_sampler.py:45] Using FlashInfer for top-p & top-k sampling.
(EngineCore pid=2804494) The image processor of type `Qwen2VLImageProcessor` is now loaded as a fast processor by default, even if the model checkpoint was saved with a slow processor. This is a breaking change and may produce slightly different outputs. To continue using the slow processor, instantiate this class with `use_fast=False`. Note that this behavior will be extended to all models in a future release.
INFO:     127.0.0.1:55364 - "POST /tasks HTTP/1.1" 503 Service Unavailable
INFO:     127.0.0.1:55364 - "POST /tasks HTTP/1.1" 503 Service Unavailable
(EngineCore pid=2804494) INFO 09-28 11:39:33 [gpu_model_runner.py:4857] Starting to load model /home/sfris1/.cache/huggingface/hub/models--opendatalab--MinerU2.5-Pro-2605-1.2B/snapshots/bff20d4ae2bf202df9f45284b4d43681555a97ed...
(EngineCore pid=2804494) INFO 09-28 11:39:34 [cuda.py:427] Using backend AttentionBackendEnum.FLASH_ATTN for vit attention
(EngineCore pid=2804494) INFO 09-28 11:39:34 [mm_encoder_attention.py:372] Using AttentionBackendEnum.FLASH_ATTN for MMEncoderAttention.
(EngineCore pid=2804494) INFO 09-28 11:39:34 [vllm.py:886] Asynchronous scheduling is enabled.
(EngineCore pid=2804494) INFO 09-28 11:39:34 [kernel.py:212] Final IR op priority after setting platform defaults: IrOpPriorityConfig(rms_norm=['native'], fused_add_rms_norm=['native'])
(EngineCore pid=2804494) INFO 09-28 11:39:34 [cuda.py:372] Using FLASH_ATTN attention backend out of potential backends: ['FLASH_ATTN', 'FLASHINFER', 'TRITON_ATTN', 'FLEX_ATTENTION'].
(EngineCore pid=2804494) INFO 09-28 11:39:34 [flash_attn.py:641] Using FlashAttention version 2
INFO:     127.0.0.1:55364 - "POST /tasks HTTP/1.1" 503 Service Unavailable
(EngineCore pid=2804494) INFO 09-28 11:39:34 [weight_utils.py:938] Filesystem type for checkpoints: GPFS. Checkpoint size: 2.15 GiB. Available RAM: 439.96 GiB.
(EngineCore pid=2804494) INFO 09-28 11:39:34 [weight_utils.py:961] Auto-prefetch is disabled because the filesystem (GPFS) is not a recognized network FS (NFS/Lustre). If you want to force prefetching, start vLLM with --safetensors-load-strategy=prefetch.
(EngineCore pid=2804494) Loading safetensors checkpoint shards:   0% Completed | 0/1 [00:00<?, ?it/s]
(EngineCore pid=2804494) Loading safetensors checkpoint shards: 100% Completed | 1/1 [00:01<00:00,  1.19s/it]
(EngineCore pid=2804494) Loading safetensors checkpoint shards: 100% Completed | 1/1 [00:01<00:00,  1.19s/it]
(EngineCore pid=2804494) 
(EngineCore pid=2804494) INFO 09-28 11:39:35 [default_loader.py:397] Loading weights took 1.25 seconds
(EngineCore pid=2804494) INFO 09-28 11:39:36 [gpu_model_runner.py:4959] Model loading took 2.16 GiB memory and 1.629467 seconds
(EngineCore pid=2804494) INFO 09-28 11:39:36 [gpu_model_runner.py:5920] Encoder cache will be initialized with a budget of 8192 tokens, and profiled with 1 video items of the maximum feature size.
INFO:     127.0.0.1:55364 - "POST /tasks HTTP/1.1" 503 Service Unavailable
INFO:     127.0.0.1:55364 - "POST /tasks HTTP/1.1" 503 Service Unavailable
(EngineCore pid=2804494) INFO 09-28 11:39:40 [backends.py:1089] Using cache directory: /home/sfris1/.cache/vllm/torch_compile_cache/557eaef9a3/rank_0_0/backbone for vLLM's torch.compile
(EngineCore pid=2804494) INFO 09-28 11:39:40 [backends.py:1148] Dynamo bytecode transform time: 2.37 s
INFO:     127.0.0.1:55364 - "POST /tasks HTTP/1.1" 503 Service Unavailable
(EngineCore pid=2804494) INFO 09-28 11:39:41 [backends.py:292] Directly load the compiled graph(s) for compile range (1, 2048) from the cache, took 1.217 s
(EngineCore pid=2804494) INFO 09-28 11:39:41 [decorators.py:311] Directly load AOT compilation from path /home/sfris1/.cache/vllm/torch_compile_cache/torch_aot_compile/9fc9def3a1736e8298ba738d46590ca1ad781b4ad811c4a7c19562d6033c953c/rank_0_0/model
(EngineCore pid=2804494) INFO 09-28 11:39:41 [monitor.py:53] torch.compile took 3.84 s in total
(EngineCore pid=2804494) INFO 09-28 11:39:41 [monitor.py:81] Initial profiling/warmup run took 0.01 s
(EngineCore pid=2804494) ERROR 09-28 11:39:41 [core.py:1140] EngineCore failed to start.
(EngineCore pid=2804494) ERROR 09-28 11:39:41 [core.py:1140] Traceback (most recent call last):
(EngineCore pid=2804494) ERROR 09-28 11:39:41 [core.py:1140]   File "/gpfs/home5/sfris1/multimodal-tip-of-tongue-for-scientific-papers/.venv-mineru/lib/python3.11/site-packages/vllm/v1/engine/core.py", line 1114, in run_engine_core
(EngineCore pid=2804494) ERROR 09-28 11:39:41 [core.py:1140]     engine_core = EngineCoreProc(*args, engine_index=dp_rank, **kwargs)
(EngineCore pid=2804494) ERROR 09-28 11:39:41 [core.py:1140]                   ^^^^^^^^^^^^^^^^^^^^^^^^^^^^^^^^^^^^^^^^^^^^^^^^^^^^^
(EngineCore pid=2804494) ERROR 09-28 11:39:41 [core.py:1140]   File "/gpfs/home5/sfris1/multimodal-tip-of-tongue-for-scientific-papers/.venv-mineru/lib/python3.11/site-packages/vllm/tracing/otel.py", line 178, in sync_wrapper
(EngineCore pid=2804494) ERROR 09-28 11:39:41 [core.py:1140]     return func(*args, **kwargs)
(EngineCore pid=2804494) ERROR 09-28 11:39:41 [core.py:1140]            ^^^^^^^^^^^^^^^^^^^^^
(EngineCore pid=2804494) ERROR 09-28 11:39:41 [core.py:1140]   File "/gpfs/home5/sfris1/multimodal-tip-of-tongue-for-scientific-papers/.venv-mineru/lib/python3.11/site-packages/vllm/v1/engine/core.py", line 880, in __init__
(EngineCore pid=2804494) ERROR 09-28 11:39:41 [core.py:1140]     super().__init__(
(EngineCore pid=2804494) ERROR 09-28 11:39:41 [core.py:1140]   File "/gpfs/home5/sfris1/multimodal-tip-of-tongue-for-scientific-papers/.venv-mineru/lib/python3.11/site-packages/vllm/v1/engine/core.py", line 128, in __init__
(EngineCore pid=2804494) ERROR 09-28 11:39:41 [core.py:1140]     kv_cache_config = self._initialize_kv_caches(vllm_config)
(EngineCore pid=2804494) ERROR 09-28 11:39:41 [core.py:1140]                       ^^^^^^^^^^^^^^^^^^^^^^^^^^^^^^^^^^^^^^^
(EngineCore pid=2804494) ERROR 09-28 11:39:41 [core.py:1140]   File "/gpfs/home5/sfris1/multimodal-tip-of-tongue-for-scientific-papers/.venv-mineru/lib/python3.11/site-packages/vllm/tracing/otel.py", line 178, in sync_wrapper
(EngineCore pid=2804494) ERROR 09-28 11:39:41 [core.py:1140]     return func(*args, **kwargs)
(EngineCore pid=2804494) ERROR 09-28 11:39:41 [core.py:1140]            ^^^^^^^^^^^^^^^^^^^^^
(EngineCore pid=2804494) ERROR 09-28 11:39:41 [core.py:1140]   File "/gpfs/home5/sfris1/multimodal-tip-of-tongue-for-scientific-papers/.venv-mineru/lib/python3.11/site-packages/vllm/v1/engine/core.py", line 250, in _initialize_kv_caches
(EngineCore pid=2804494) ERROR 09-28 11:39:41 [core.py:1140]     available_gpu_memory = self.model_executor.determine_available_memory()
(EngineCore pid=2804494) ERROR 09-28 11:39:41 [core.py:1140]                            ^^^^^^^^^^^^^^^^^^^^^^^^^^^^^^^^^^^^^^^^^^^^^^^^
(EngineCore pid=2804494) ERROR 09-28 11:39:41 [core.py:1140]   File "/gpfs/home5/sfris1/multimodal-tip-of-tongue-for-scientific-papers/.venv-mineru/lib/python3.11/site-packages/vllm/v1/executor/abstract.py", line 147, in determine_available_memory
(EngineCore pid=2804494) ERROR 09-28 11:39:41 [core.py:1140]     return self.collective_rpc("determine_available_memory")
(EngineCore pid=2804494) ERROR 09-28 11:39:41 [core.py:1140]            ^^^^^^^^^^^^^^^^^^^^^^^^^^^^^^^^^^^^^^^^^^^^^^^^^
(EngineCore pid=2804494) ERROR 09-28 11:39:41 [core.py:1140]   File "/gpfs/home5/sfris1/multimodal-tip-of-tongue-for-scientific-papers/.venv-mineru/lib/python3.11/site-packages/vllm/v1/executor/uniproc_executor.py", line 93, in collective_rpc
(EngineCore pid=2804494) ERROR 09-28 11:39:41 [core.py:1140]     result = run_method(self.driver_worker, method, args, kwargs)
(EngineCore pid=2804494) ERROR 09-28 11:39:41 [core.py:1140]              ^^^^^^^^^^^^^^^^^^^^^^^^^^^^^^^^^^^^^^^^^^^^^^^^^^^^
(EngineCore pid=2804494) ERROR 09-28 11:39:41 [core.py:1140]   File "/gpfs/home5/sfris1/multimodal-tip-of-tongue-for-scientific-papers/.venv-mineru/lib/python3.11/site-packages/vllm/v1/serial_utils.py", line 510, in run_method
(EngineCore pid=2804494) ERROR 09-28 11:39:41 [core.py:1140]     return func(*args, **kwargs)
(EngineCore pid=2804494) ERROR 09-28 11:39:41 [core.py:1140]            ^^^^^^^^^^^^^^^^^^^^^
(EngineCore pid=2804494) ERROR 09-28 11:39:41 [core.py:1140]   File "/gpfs/home5/sfris1/multimodal-tip-of-tongue-for-scientific-papers/.venv-mineru/lib/python3.11/site-packages/torch/utils/_contextlib.py", line 124, in decorate_context
(EngineCore pid=2804494) ERROR 09-28 11:39:41 [core.py:1140]     return func(*args, **kwargs)
(EngineCore pid=2804494) ERROR 09-28 11:39:41 [core.py:1140]            ^^^^^^^^^^^^^^^^^^^^^
(EngineCore pid=2804494) ERROR 09-28 11:39:41 [core.py:1140]   File "/gpfs/home5/sfris1/multimodal-tip-of-tongue-for-scientific-papers/.venv-mineru/lib/python3.11/site-packages/vllm/v1/worker/gpu_worker.py", line 392, in determine_available_memory
(EngineCore pid=2804494) ERROR 09-28 11:39:41 [core.py:1140]     self.model_runner.profile_run()
(EngineCore pid=2804494) ERROR 09-28 11:39:41 [core.py:1140]   File "/gpfs/home5/sfris1/multimodal-tip-of-tongue-for-scientific-papers/.venv-mineru/lib/python3.11/site-packages/vllm/v1/worker/gpu_model_runner.py", line 5955, in profile_run
(EngineCore pid=2804494) ERROR 09-28 11:39:41 [core.py:1140]     output = self._dummy_sampler_run(last_hidden_states)
(EngineCore pid=2804494) ERROR 09-28 11:39:41 [core.py:1140]              ^^^^^^^^^^^^^^^^^^^^^^^^^^^^^^^^^^^^^^^^^^^
(EngineCore pid=2804494) ERROR 09-28 11:39:41 [core.py:1140]   File "/gpfs/home5/sfris1/multimodal-tip-of-tongue-for-scientific-papers/.venv-mineru/lib/python3.11/site-packages/torch/utils/_contextlib.py", line 124, in decorate_context
(EngineCore pid=2804494) ERROR 09-28 11:39:41 [core.py:1140]     return func(*args, **kwargs)
(EngineCore pid=2804494) ERROR 09-28 11:39:41 [core.py:1140]            ^^^^^^^^^^^^^^^^^^^^^
(EngineCore pid=2804494) ERROR 09-28 11:39:41 [core.py:1140]   File "/gpfs/home5/sfris1/multimodal-tip-of-tongue-for-scientific-papers/.venv-mineru/lib/python3.11/site-packages/vllm/v1/worker/gpu_model_runner.py", line 5775, in _dummy_sampler_run
(EngineCore pid=2804494) ERROR 09-28 11:39:41 [core.py:1140]     raise e
(EngineCore pid=2804494) ERROR 09-28 11:39:41 [core.py:1140]   File "/gpfs/home5/sfris1/multimodal-tip-of-tongue-for-scientific-papers/.venv-mineru/lib/python3.11/site-packages/vllm/v1/worker/gpu_model_runner.py", line 5743, in _dummy_sampler_run
(EngineCore pid=2804494) ERROR 09-28 11:39:41 [core.py:1140]     sampler_output = self.sampler(
(EngineCore pid=2804494) ERROR 09-28 11:39:41 [core.py:1140]                      ^^^^^^^^^^^^^
(EngineCore pid=2804494) ERROR 09-28 11:39:41 [core.py:1140]   File "/gpfs/home5/sfris1/multimodal-tip-of-tongue-for-scientific-papers/.venv-mineru/lib/python3.11/site-packages/torch/nn/modules/module.py", line 1779, in _wrapped_call_impl
(EngineCore pid=2804494) ERROR 09-28 11:39:41 [core.py:1140]     return self._call_impl(*args, **kwargs)
(EngineCore pid=2804494) ERROR 09-28 11:39:41 [core.py:1140]            ^^^^^^^^^^^^^^^^^^^^^^^^^^^^^^^^
(EngineCore pid=2804494) ERROR 09-28 11:39:41 [core.py:1140]   File "/gpfs/home5/sfris1/multimodal-tip-of-tongue-for-scientific-papers/.venv-mineru/lib/python3.11/site-packages/torch/nn/modules/module.py", line 1790, in _call_impl
(EngineCore pid=2804494) ERROR 09-28 11:39:41 [core.py:1140]     return forward_call(*args, **kwargs)
(EngineCore pid=2804494) ERROR 09-28 11:39:41 [core.py:1140]            ^^^^^^^^^^^^^^^^^^^^^^^^^^^^^
(EngineCore pid=2804494) ERROR 09-28 11:39:41 [core.py:1140]   File "/gpfs/home5/sfris1/multimodal-tip-of-tongue-for-scientific-papers/.venv-mineru/lib/python3.11/site-packages/vllm/v1/sample/sampler.py", line 97, in forward
(EngineCore pid=2804494) ERROR 09-28 11:39:41 [core.py:1140]     sampled, processed_logprobs = self.sample(logits, sampling_metadata)
(EngineCore pid=2804494) ERROR 09-28 11:39:41 [core.py:1140]                                   ^^^^^^^^^^^^^^^^^^^^^^^^^^^^^^^^^^^^^^
(EngineCore pid=2804494) ERROR 09-28 11:39:41 [core.py:1140]   File "/gpfs/home5/sfris1/multimodal-tip-of-tongue-for-scientific-papers/.venv-mineru/lib/python3.11/site-packages/vllm/v1/sample/sampler.py", line 272, in sample
(EngineCore pid=2804494) ERROR 09-28 11:39:41 [core.py:1140]     random_sampled, processed_logprobs = self.topk_topp_sampler(
(EngineCore pid=2804494) ERROR 09-28 11:39:41 [core.py:1140]                                          ^^^^^^^^^^^^^^^^^^^^^^^
(EngineCore pid=2804494) ERROR 09-28 11:39:41 [core.py:1140]   File "/gpfs/home5/sfris1/multimodal-tip-of-tongue-for-scientific-papers/.venv-mineru/lib/python3.11/site-packages/torch/nn/modules/module.py", line 1779, in _wrapped_call_impl
(EngineCore pid=2804494) ERROR 09-28 11:39:41 [core.py:1140]     return self._call_impl(*args, **kwargs)
(EngineCore pid=2804494) ERROR 09-28 11:39:41 [core.py:1140]            ^^^^^^^^^^^^^^^^^^^^^^^^^^^^^^^^
(EngineCore pid=2804494) ERROR 09-28 11:39:41 [core.py:1140]   File "/gpfs/home5/sfris1/multimodal-tip-of-tongue-for-scientific-papers/.venv-mineru/lib/python3.11/site-packages/torch/nn/modules/module.py", line 1790, in _call_impl
(EngineCore pid=2804494) ERROR 09-28 11:39:41 [core.py:1140]     return forward_call(*args, **kwargs)
(EngineCore pid=2804494) ERROR 09-28 11:39:41 [core.py:1140]            ^^^^^^^^^^^^^^^^^^^^^^^^^^^^^
(EngineCore pid=2804494) ERROR 09-28 11:39:41 [core.py:1140]   File "/gpfs/home5/sfris1/multimodal-tip-of-tongue-for-scientific-papers/.venv-mineru/lib/python3.11/site-packages/vllm/v1/sample/ops/topk_topp_sampler.py", line 157, in forward_cuda
(EngineCore pid=2804494) ERROR 09-28 11:39:41 [core.py:1140]     return flashinfer_sample(logits.contiguous(), k, p, generators), None
(EngineCore pid=2804494) ERROR 09-28 11:39:41 [core.py:1140]            ^^^^^^^^^^^^^^^^^^^^^^^^^^^^^^^^^^^^^^^^^^^^^^^^^^^^^^^^
(EngineCore pid=2804494) ERROR 09-28 11:39:41 [core.py:1140]   File "/gpfs/home5/sfris1/multimodal-tip-of-tongue-for-scientific-papers/.venv-mineru/lib/python3.11/site-packages/vllm/v1/sample/ops/topk_topp_sampler.py", line 447, in flashinfer_sample
(EngineCore pid=2804494) ERROR 09-28 11:39:41 [core.py:1140]     next_token_ids = flashinfer.sampling.top_k_top_p_sampling_from_logits(
(EngineCore pid=2804494) ERROR 09-28 11:39:41 [core.py:1140]                      ^^^^^^^^^^^^^^^^^^^^^^^^^^^^^^^^^^^^^^^^^^^^^^^^^^^^^
(EngineCore pid=2804494) ERROR 09-28 11:39:41 [core.py:1140]   File "/gpfs/home5/sfris1/multimodal-tip-of-tongue-for-scientific-papers/.venv-mineru/lib/python3.11/site-packages/flashinfer/sampling.py", line 1400, in top_k_top_p_sampling_from_logits
(EngineCore pid=2804494) ERROR 09-28 11:39:41 [core.py:1140]     masked_logits = top_k_mask_logits(logits, top_k)
(EngineCore pid=2804494) ERROR 09-28 11:39:41 [core.py:1140]                     ^^^^^^^^^^^^^^^^^^^^^^^^^^^^^^^^
(EngineCore pid=2804494) ERROR 09-28 11:39:41 [core.py:1140]   File "/gpfs/home5/sfris1/multimodal-tip-of-tongue-for-scientific-papers/.venv-mineru/lib/python3.11/site-packages/flashinfer/sampling.py", line 1806, in top_k_mask_logits
(EngineCore pid=2804494) ERROR 09-28 11:39:41 [core.py:1140]     return get_sampling_module().top_k_mask_logits(
(EngineCore pid=2804494) ERROR 09-28 11:39:41 [core.py:1140]            ^^^^^^^^^^^^^^^^^^^^^
(EngineCore pid=2804494) ERROR 09-28 11:39:41 [core.py:1140]   File "/gpfs/home5/sfris1/multimodal-tip-of-tongue-for-scientific-papers/.venv-mineru/lib/python3.11/site-packages/flashinfer/sampling.py", line 54, in get_sampling_module
(EngineCore pid=2804494) ERROR 09-28 11:39:41 [core.py:1140]     module = gen_sampling_module().build_and_load()
(EngineCore pid=2804494) ERROR 09-28 11:39:41 [core.py:1140]              ^^^^^^^^^^^^^^^^^^^^^^^^^^^^^^^^^^^^^^
(EngineCore pid=2804494) ERROR 09-28 11:39:41 [core.py:1140]   File "/gpfs/home5/sfris1/multimodal-tip-of-tongue-for-scientific-papers/.venv-mineru/lib/python3.11/site-packages/flashinfer/jit/core.py", line 318, in build_and_load
(EngineCore pid=2804494) ERROR 09-28 11:39:41 [core.py:1140]     self.build(verbose, need_lock=False)
(EngineCore pid=2804494) ERROR 09-28 11:39:41 [core.py:1140]   File "/gpfs/home5/sfris1/multimodal-tip-of-tongue-for-scientific-papers/.venv-mineru/lib/python3.11/site-packages/flashinfer/jit/core.py", line 303, in build
(EngineCore pid=2804494) ERROR 09-28 11:39:41 [core.py:1140]     self.write_ninja()
(EngineCore pid=2804494) ERROR 09-28 11:39:41 [core.py:1140]   File "/gpfs/home5/sfris1/multimodal-tip-of-tongue-for-scientific-papers/.venv-mineru/lib/python3.11/site-packages/flashinfer/jit/core.py", line 274, in write_ninja
(EngineCore pid=2804494) ERROR 09-28 11:39:41 [core.py:1140]     content = generate_ninja_build_for_op(
(EngineCore pid=2804494) ERROR 09-28 11:39:41 [core.py:1140]               ^^^^^^^^^^^^^^^^^^^^^^^^^^^^
(EngineCore pid=2804494) ERROR 09-28 11:39:41 [core.py:1140]   File "/gpfs/home5/sfris1/multimodal-tip-of-tongue-for-scientific-papers/.venv-mineru/lib/python3.11/site-packages/flashinfer/jit/cpp_ext.py", line 216, in generate_ninja_build_for_op
(EngineCore pid=2804494) ERROR 09-28 11:39:41 [core.py:1140]     cuda_home = get_cuda_path()
(EngineCore pid=2804494) ERROR 09-28 11:39:41 [core.py:1140]                 ^^^^^^^^^^^^^^^
(EngineCore pid=2804494) ERROR 09-28 11:39:41 [core.py:1140]   File "/gpfs/home5/sfris1/multimodal-tip-of-tongue-for-scientific-papers/.venv-mineru/lib/python3.11/site-packages/flashinfer/jit/cpp_ext.py", line 61, in get_cuda_path
(EngineCore pid=2804494) ERROR 09-28 11:39:41 [core.py:1140]     raise RuntimeError(
(EngineCore pid=2804494) ERROR 09-28 11:39:41 [core.py:1140] RuntimeError: Could not find nvcc and default cuda_home='/usr/local/cuda' doesn't exist
(EngineCore pid=2804494) Process EngineCore:
(EngineCore pid=2804494) Traceback (most recent call last):
(EngineCore pid=2804494)   File "/home/sfris1/.local/share/uv/python/cpython-3.11.14-linux-x86_64-gnu/lib/python3.11/multiprocessing/process.py", line 314, in _bootstrap
(EngineCore pid=2804494)     self.run()
(EngineCore pid=2804494)   File "/home/sfris1/.local/share/uv/python/cpython-3.11.14-linux-x86_64-gnu/lib/python3.11/multiprocessing/process.py", line 108, in run
(EngineCore pid=2804494)     self._target(*self._args, **self._kwargs)
(EngineCore pid=2804494)   File "/gpfs/home5/sfris1/multimodal-tip-of-tongue-for-scientific-papers/.venv-mineru/lib/python3.11/site-packages/vllm/v1/engine/core.py", line 1144, in run_engine_core
(EngineCore pid=2804494)     raise e
(EngineCore pid=2804494)   File "/gpfs/home5/sfris1/multimodal-tip-of-tongue-for-scientific-papers/.venv-mineru/lib/python3.11/site-packages/vllm/v1/engine/core.py", line 1114, in run_engine_core
(EngineCore pid=2804494)     engine_core = EngineCoreProc(*args, engine_index=dp_rank, **kwargs)
(EngineCore pid=2804494)                   ^^^^^^^^^^^^^^^^^^^^^^^^^^^^^^^^^^^^^^^^^^^^^^^^^^^^^
(EngineCore pid=2804494)   File "/gpfs/home5/sfris1/multimodal-tip-of-tongue-for-scientific-papers/.venv-mineru/lib/python3.11/site-packages/vllm/tracing/otel.py", line 178, in sync_wrapper
(EngineCore pid=2804494)     return func(*args, **kwargs)
(EngineCore pid=2804494)            ^^^^^^^^^^^^^^^^^^^^^
(EngineCore pid=2804494)   File "/gpfs/home5/sfris1/multimodal-tip-of-tongue-for-scientific-papers/.venv-mineru/lib/python3.11/site-packages/vllm/v1/engine/core.py", line 880, in __init__
(EngineCore pid=2804494)     super().__init__(
(EngineCore pid=2804494)   File "/gpfs/home5/sfris1/multimodal-tip-of-tongue-for-scientific-papers/.venv-mineru/lib/python3.11/site-packages/vllm/v1/engine/core.py", line 128, in __init__
(EngineCore pid=2804494)     kv_cache_config = self._initialize_kv_caches(vllm_config)
(EngineCore pid=2804494)                       ^^^^^^^^^^^^^^^^^^^^^^^^^^^^^^^^^^^^^^^
(EngineCore pid=2804494)   File "/gpfs/home5/sfris1/multimodal-tip-of-tongue-for-scientific-papers/.venv-mineru/lib/python3.11/site-packages/vllm/tracing/otel.py", line 178, in sync_wrapper
(EngineCore pid=2804494)     return func(*args, **kwargs)
(EngineCore pid=2804494)            ^^^^^^^^^^^^^^^^^^^^^
(EngineCore pid=2804494)   File "/gpfs/home5/sfris1/multimodal-tip-of-tongue-for-scientific-papers/.venv-mineru/lib/python3.11/site-packages/vllm/v1/engine/core.py", line 250, in _initialize_kv_caches
(EngineCore pid=2804494)     available_gpu_memory = self.model_executor.determine_available_memory()
(EngineCore pid=2804494)                            ^^^^^^^^^^^^^^^^^^^^^^^^^^^^^^^^^^^^^^^^^^^^^^^^
(EngineCore pid=2804494)   File "/gpfs/home5/sfris1/multimodal-tip-of-tongue-for-scientific-papers/.venv-mineru/lib/python3.11/site-packages/vllm/v1/executor/abstract.py", line 147, in determine_available_memory
(EngineCore pid=2804494)     return self.collective_rpc("determine_available_memory")
(EngineCore pid=2804494)            ^^^^^^^^^^^^^^^^^^^^^^^^^^^^^^^^^^^^^^^^^^^^^^^^^
(EngineCore pid=2804494)   File "/gpfs/home5/sfris1/multimodal-tip-of-tongue-for-scientific-papers/.venv-mineru/lib/python3.11/site-packages/vllm/v1/executor/uniproc_executor.py", line 93, in collective_rpc
(EngineCore pid=2804494)     result = run_method(self.driver_worker, method, args, kwargs)
(EngineCore pid=2804494)              ^^^^^^^^^^^^^^^^^^^^^^^^^^^^^^^^^^^^^^^^^^^^^^^^^^^^
(EngineCore pid=2804494)   File "/gpfs/home5/sfris1/multimodal-tip-of-tongue-for-scientific-papers/.venv-mineru/lib/python3.11/site-packages/vllm/v1/serial_utils.py", line 510, in run_method
(EngineCore pid=2804494)     return func(*args, **kwargs)
(EngineCore pid=2804494)            ^^^^^^^^^^^^^^^^^^^^^
(EngineCore pid=2804494)   File "/gpfs/home5/sfris1/multimodal-tip-of-tongue-for-scientific-papers/.venv-mineru/lib/python3.11/site-packages/torch/utils/_contextlib.py", line 124, in decorate_context
(EngineCore pid=2804494)     return func(*args, **kwargs)
(EngineCore pid=2804494)            ^^^^^^^^^^^^^^^^^^^^^
(EngineCore pid=2804494)   File "/gpfs/home5/sfris1/multimodal-tip-of-tongue-for-scientific-papers/.venv-mineru/lib/python3.11/site-packages/vllm/v1/worker/gpu_worker.py", line 392, in determine_available_memory
(EngineCore pid=2804494)     self.model_runner.profile_run()
(EngineCore pid=2804494)   File "/gpfs/home5/sfris1/multimodal-tip-of-tongue-for-scientific-papers/.venv-mineru/lib/python3.11/site-packages/vllm/v1/worker/gpu_model_runner.py", line 5955, in profile_run
(EngineCore pid=2804494)     output = self._dummy_sampler_run(last_hidden_states)
(EngineCore pid=2804494)              ^^^^^^^^^^^^^^^^^^^^^^^^^^^^^^^^^^^^^^^^^^^
(EngineCore pid=2804494)   File "/gpfs/home5/sfris1/multimodal-tip-of-tongue-for-scientific-papers/.venv-mineru/lib/python3.11/site-packages/torch/utils/_contextlib.py", line 124, in decorate_context
(EngineCore pid=2804494)     return func(*args, **kwargs)
(EngineCore pid=2804494)            ^^^^^^^^^^^^^^^^^^^^^
(EngineCore pid=2804494)   File "/gpfs/home5/sfris1/multimodal-tip-of-tongue-for-scientific-papers/.venv-mineru/lib/python3.11/site-packages/vllm/v1/worker/gpu_model_runner.py", line 5775, in _dummy_sampler_run
(EngineCore pid=2804494)     raise e
(EngineCore pid=2804494)   File "/gpfs/home5/sfris1/multimodal-tip-of-tongue-for-scientific-papers/.venv-mineru/lib/python3.11/site-packages/vllm/v1/worker/gpu_model_runner.py", line 5743, in _dummy_sampler_run
(EngineCore pid=2804494)     sampler_output = self.sampler(
(EngineCore pid=2804494)                      ^^^^^^^^^^^^^
(EngineCore pid=2804494)   File "/gpfs/home5/sfris1/multimodal-tip-of-tongue-for-scientific-papers/.venv-mineru/lib/python3.11/site-packages/torch/nn/modules/module.py", line 1779, in _wrapped_call_impl
(EngineCore pid=2804494)     return self._call_impl(*args, **kwargs)
(EngineCore pid=2804494)            ^^^^^^^^^^^^^^^^^^^^^^^^^^^^^^^^
(EngineCore pid=2804494)   File "/gpfs/home5/sfris1/multimodal-tip-of-tongue-for-scientific-papers/.venv-mineru/lib/python3.11/site-packages/torch/nn/modules/module.py", line 1790, in _call_impl
(EngineCore pid=2804494)     return forward_call(*args, **kwargs)
(EngineCore pid=2804494)            ^^^^^^^^^^^^^^^^^^^^^^^^^^^^^
(EngineCore pid=2804494)   File "/gpfs/home5/sfris1/multimodal-tip-of-tongue-for-scientific-papers/.venv-mineru/lib/python3.11/site-packages/vllm/v1/sample/sampler.py", line 97, in forward
(EngineCore pid=2804494)     sampled, processed_logprobs = self.sample(logits, sampling_metadata)
(EngineCore pid=2804494)                                   ^^^^^^^^^^^^^^^^^^^^^^^^^^^^^^^^^^^^^^
(EngineCore pid=2804494)   File "/gpfs/home5/sfris1/multimodal-tip-of-tongue-for-scientific-papers/.venv-mineru/lib/python3.11/site-packages/vllm/v1/sample/sampler.py", line 272, in sample
(EngineCore pid=2804494)     random_sampled, processed_logprobs = self.topk_topp_sampler(
(EngineCore pid=2804494)                                          ^^^^^^^^^^^^^^^^^^^^^^^
(EngineCore pid=2804494)   File "/gpfs/home5/sfris1/multimodal-tip-of-tongue-for-scientific-papers/.venv-mineru/lib/python3.11/site-packages/torch/nn/modules/module.py", line 1779, in _wrapped_call_impl
(EngineCore pid=2804494)     return self._call_impl(*args, **kwargs)
(EngineCore pid=2804494)            ^^^^^^^^^^^^^^^^^^^^^^^^^^^^^^^^
(EngineCore pid=2804494)   File "/gpfs/home5/sfris1/multimodal-tip-of-tongue-for-scientific-papers/.venv-mineru/lib/python3.11/site-packages/torch/nn/modules/module.py", line 1790, in _call_impl
(EngineCore pid=2804494)     return forward_call(*args, **kwargs)
(EngineCore pid=2804494)            ^^^^^^^^^^^^^^^^^^^^^^^^^^^^^
(EngineCore pid=2804494)   File "/gpfs/home5/sfris1/multimodal-tip-of-tongue-for-scientific-papers/.venv-mineru/lib/python3.11/site-packages/vllm/v1/sample/ops/topk_topp_sampler.py", line 157, in forward_cuda
(EngineCore pid=2804494)     return flashinfer_sample(logits.contiguous(), k, p, generators), None
(EngineCore pid=2804494)            ^^^^^^^^^^^^^^^^^^^^^^^^^^^^^^^^^^^^^^^^^^^^^^^^^^^^^^^^
(EngineCore pid=2804494)   File "/gpfs/home5/sfris1/multimodal-tip-of-tongue-for-scientific-papers/.venv-mineru/lib/python3.11/site-packages/vllm/v1/sample/ops/topk_topp_sampler.py", line 447, in flashinfer_sample
(EngineCore pid=2804494)     next_token_ids = flashinfer.sampling.top_k_top_p_sampling_from_logits(
(EngineCore pid=2804494)                      ^^^^^^^^^^^^^^^^^^^^^^^^^^^^^^^^^^^^^^^^^^^^^^^^^^^^^
(EngineCore pid=2804494)   File "/gpfs/home5/sfris1/multimodal-tip-of-tongue-for-scientific-papers/.venv-mineru/lib/python3.11/site-packages/flashinfer/sampling.py", line 1400, in top_k_top_p_sampling_from_logits
(EngineCore pid=2804494)     masked_logits = top_k_mask_logits(logits, top_k)
(EngineCore pid=2804494)                     ^^^^^^^^^^^^^^^^^^^^^^^^^^^^^^^^
(EngineCore pid=2804494)   File "/gpfs/home5/sfris1/multimodal-tip-of-tongue-for-scientific-papers/.venv-mineru/lib/python3.11/site-packages/flashinfer/sampling.py", line 1806, in top_k_mask_logits
(EngineCore pid=2804494)     return get_sampling_module().top_k_mask_logits(
(EngineCore pid=2804494)            ^^^^^^^^^^^^^^^^^^^^^
(EngineCore pid=2804494)   File "/gpfs/home5/sfris1/multimodal-tip-of-tongue-for-scientific-papers/.venv-mineru/lib/python3.11/site-packages/flashinfer/sampling.py", line 54, in get_sampling_module
(EngineCore pid=2804494)     module = gen_sampling_module().build_and_load()
(EngineCore pid=2804494)              ^^^^^^^^^^^^^^^^^^^^^^^^^^^^^^^^^^^^^^
(EngineCore pid=2804494)   File "/gpfs/home5/sfris1/multimodal-tip-of-tongue-for-scientific-papers/.venv-mineru/lib/python3.11/site-packages/flashinfer/jit/core.py", line 318, in build_and_load
(EngineCore pid=2804494)     self.build(verbose, need_lock=False)
(EngineCore pid=2804494)   File "/gpfs/home5/sfris1/multimodal-tip-of-tongue-for-scientific-papers/.venv-mineru/lib/python3.11/site-packages/flashinfer/jit/core.py", line 303, in build
(EngineCore pid=2804494)     self.write_ninja()
(EngineCore pid=2804494)   File "/gpfs/home5/sfris1/multimodal-tip-of-tongue-for-scientific-papers/.venv-mineru/lib/python3.11/site-packages/flashinfer/jit/core.py", line 274, in write_ninja
(EngineCore pid=2804494)     content = generate_ninja_build_for_op(
(EngineCore pid=2804494)               ^^^^^^^^^^^^^^^^^^^^^^^^^^^^
(EngineCore pid=2804494)   File "/gpfs/home5/sfris1/multimodal-tip-of-tongue-for-scientific-papers/.venv-mineru/lib/python3.11/site-packages/flashinfer/jit/cpp_ext.py", line 216, in generate_ninja_build_for_op
(EngineCore pid=2804494)     cuda_home = get_cuda_path()
(EngineCore pid=2804494)                 ^^^^^^^^^^^^^^^
(EngineCore pid=2804494)   File "/gpfs/home5/sfris1/multimodal-tip-of-tongue-for-scientific-papers/.venv-mineru/lib/python3.11/site-packages/flashinfer/jit/cpp_ext.py", line 61, in get_cuda_path
(EngineCore pid=2804494)     raise RuntimeError(
(EngineCore pid=2804494) RuntimeError: Could not find nvcc and default cuda_home='/usr/local/cuda' doesn't exist
[rank0]:[W928 11:39:42.210439357 ProcessGroupNCCL.cpp:1575] Warning: WARNING: destroy_process_group() was not called before program exit, which can leak resources. For more info, please see https://pytorch.org/docs/stable/distributed.html#shutdown (function operator())
2026-09-28 11:39:43.493 | INFO     | mineru.backend.vlm.utils:enable_custom_logits_processors:56 - compute_capability: 8.0 >= 8.0 and vllm version: 0.21.0 >= 0.10.1, enable custom_logits_processors
INFO 09-28 11:39:43 [model.py:568] Resolved architecture: Qwen2VLForConditionalGeneration
INFO 09-28 11:39:43 [model.py:1697] Using max model len 8192
INFO 09-28 11:39:43 [kernel.py:212] Final IR op priority after setting platform defaults: IrOpPriorityConfig(rms_norm=['native'], fused_add_rms_norm=['native'])
2026-09-28 11:39:43.490 | ERROR    | __main__:_process_task:1154 - Async task failed: 972033e6-1d61-4cf3-8397-8229ace4d9c5
Traceback (most recent call last):

  File "<frozen runpy>", line 198, in _run_module_as_main
  File "<frozen runpy>", line 88, in _run_code
  File "/gpfs/home5/sfris1/multimodal-tip-of-tongue-for-scientific-papers/.venv-mineru/lib/python3.11/site-packages/mineru/cli/fast_api.py", line 1474, in <module>
    main()
    └ <Command main>
  File "/gpfs/home5/sfris1/multimodal-tip-of-tongue-for-scientific-papers/.venv-mineru/lib/python3.11/site-packages/click/core.py", line 1631, in __call__
    return self.main(*args, **kwargs)
           │    │     │       └ {}
           │    │     └ ()
           │    └ <function Command.main at 0x14a3ba38da80>
           └ <Command main>
  File "/gpfs/home5/sfris1/multimodal-tip-of-tongue-for-scientific-papers/.venv-mineru/lib/python3.11/site-packages/click/core.py", line 1552, in main
    rv = self.invoke(ctx)
         │    │      └ <click.core.Context object at 0x14a1298ec9d0>
         │    └ <function Command.invoke at 0x14a3ba38d760>
         └ <Command main>
  File "/gpfs/home5/sfris1/multimodal-tip-of-tongue-for-scientific-papers/.venv-mineru/lib/python3.11/site-packages/click/core.py", line 1415, in invoke
    return ctx.invoke(self.callback, **ctx.params)
           │   │      │    │           │   └ {'host': '127.0.0.1', 'port': 51311, 'reload': False, 'allow_public_http_client': False, 'enable_vlm_preload': False}
           │   │      │    │           └ <click.core.Context object at 0x14a1298ec9d0>
           │   │      │    └ <function main at 0x14a1298868e0>
           │   │      └ <Command main>
           │   └ <function Context.invoke at 0x14a3ba38c900>
           └ <click.core.Context object at 0x14a1298ec9d0>
  File "/gpfs/home5/sfris1/multimodal-tip-of-tongue-for-scientific-papers/.venv-mineru/lib/python3.11/site-packages/click/core.py", line 910, in invoke
    return callback(*args, **kwargs)
           │         │       └ {'host': '127.0.0.1', 'port': 51311, 'reload': False, 'allow_public_http_client': False, 'enable_vlm_preload': False}
           │         └ ()
           └ <function main at 0x14a1298868e0>
  File "/gpfs/home5/sfris1/multimodal-tip-of-tongue-for-scientific-papers/.venv-mineru/lib/python3.11/site-packages/click/decorators.py", line 34, in new_func
    return f(get_current_context(), *args, **kwargs)
           │ │                       │       └ {'host': '127.0.0.1', 'port': 51311, 'reload': False, 'allow_public_http_client': False, 'enable_vlm_preload': False}
           │ │                       └ ()
           │ └ <function get_current_context at 0x14a3ba321620>
           └ <function main at 0x14a129886c00>
  File "/gpfs/home5/sfris1/multimodal-tip-of-tongue-for-scientific-papers/.venv-mineru/lib/python3.11/site-packages/mineru/cli/fast_api.py", line 1470, in main
    server.run()
    │      └ <function Server.run at 0x14a3ba2b0900>
    └ <uvicorn.server.Server object at 0x14a3ba259f50>
  File "/gpfs/home5/sfris1/multimodal-tip-of-tongue-for-scientific-papers/.venv-mineru/lib/python3.11/site-packages/uvicorn/server.py", line 86, in run
    return asyncio_run(self.serve(sockets=sockets), loop_factory=self.config.get_loop_factory())
           │           │    │             │                      │    │      └ <function Config.get_loop_factory at 0x14a3ba2640e0>
           │           │    │             │                      │    └ <uvicorn.config.Config object at 0x14a1298ee490>
           │           │    │             │                      └ <uvicorn.server.Server object at 0x14a3ba259f50>
           │           │    │             └ None
           │           │    └ <function Server.serve at 0x14a3ba2b09a0>
           │           └ <uvicorn.server.Server object at 0x14a3ba259f50>
           └ <function asyncio_run at 0x14a3ba211620>
  File "/gpfs/home5/sfris1/multimodal-tip-of-tongue-for-scientific-papers/.venv-mineru/lib/python3.11/site-packages/uvicorn/_compat.py", line 30, in asyncio_run
    return runner.run(main)
           │      │   └ <coroutine object Server.serve at 0x14a12992e020>
           │      └ <function Runner.run at 0x14a3ba4f4f40>
           └ <asyncio.runners.Runner object at 0x14a1298eeb10>
  File "/home/sfris1/.local/share/uv/python/cpython-3.11.14-linux-x86_64-gnu/lib/python3.11/asyncio/runners.py", line 118, in run
    return self._loop.run_until_complete(task)
           │    │     │                  └ <Task pending name='Task-1' coro=<Server.serve() running at /gpfs/home5/sfris1/multimodal-tip-of-tongue-for-scientific-papers...
           │    │     └ <cyfunction Loop.run_until_complete at 0x14a12988f400>
           │    └ <uvloop.Loop running=True closed=False debug=False>
           └ <asyncio.runners.Runner object at 0x14a1298eeb10>
> File "/gpfs/home5/sfris1/multimodal-tip-of-tongue-for-scientific-papers/.venv-mineru/lib/python3.11/site-packages/mineru/cli/fast_api.py", line 1144, in _process_task
    await self._run_task(task)
          │    │         └ AsyncParseTask(task_id='972033e6-1d61-4cf3-8397-8229ace4d9c5', status='failed', backend='hybrid-engine', file_names=['2022.co...
          │    └ <function AsyncTaskManager._run_task at 0x14a12997ca40>
          └ <__main__.AsyncTaskManager object at 0x14a12962d810>
  File "/gpfs/home5/sfris1/multimodal-tip-of-tongue-for-scientific-papers/.venv-mineru/lib/python3.11/site-packages/mineru/cli/fast_api.py", line 1174, in _run_task
    await run_parse_job(
          └ <function run_parse_job at 0x14a129963d80>
  File "/gpfs/home5/sfris1/multimodal-tip-of-tongue-for-scientific-papers/.venv-mineru/lib/python3.11/site-packages/mineru/cli/fast_api.py", line 866, in run_parse_job
    await aio_do_parse(**parse_kwargs)
          │              └ {'output_dir': '/tmp/sfris1/mineru_27290888/tmp/local-gpu-0-mm1vfh5m/output/972033e6-1d61-4cf3-8397-8229ace4d9c5', 'pdf_file_...
          └ <function aio_do_parse at 0x14a129960540>
  File "/gpfs/home5/sfris1/multimodal-tip-of-tongue-for-scientific-papers/.venv-mineru/lib/python3.11/site-packages/mineru/cli/common.py", line 846, in aio_do_parse
    await _async_process_hybrid(
          └ <function _async_process_hybrid at 0x14a129960360>
  File "/gpfs/home5/sfris1/multimodal-tip-of-tongue-for-scientific-papers/.venv-mineru/lib/python3.11/site-packages/mineru/cli/common.py", line 595, in _async_process_hybrid
    middle_json, infer_result = await aio_hybrid_doc_analyze(
                                      └ <function aio_doc_analyze at 0x14a102a798a0>
  File "/gpfs/home5/sfris1/multimodal-tip-of-tongue-for-scientific-papers/.venv-mineru/lib/python3.11/site-packages/mineru/backend/hybrid/hybrid_analyze.py", line 1116, in aio_doc_analyze
    predictor = await _get_model_async(backend, model_path, server_url, **kwargs)
                      │                │        │           │             └ {}
                      │                │        │           └ None
                      │                │        └ None
                      │                └ 'vllm-async-engine'
                      └ <function _get_model_async at 0x14a1b4991580>
  File "/gpfs/home5/sfris1/multimodal-tip-of-tongue-for-scientific-papers/.venv-mineru/lib/python3.11/site-packages/mineru/backend/vlm/vlm_analyze.py", line 271, in _get_model_async
    return await asyncio.to_thread(
                 │       └ <function to_thread at 0x14a3ba5127a0>
                 └ <module 'asyncio' from '/home/sfris1/.local/share/uv/python/cpython-3.11.14-linux-x86_64-gnu/lib/python3.11/asyncio/__init__....
  File "/home/sfris1/.local/share/uv/python/cpython-3.11.14-linux-x86_64-gnu/lib/python3.11/asyncio/threads.py", line 25, in to_thread
    return await loop.run_in_executor(None, func_call)
                 │    │                     └ functools.partial(<built-in method run of _contextvars.Context object at 0x14a106b4e580>, <bound method ModelSingleton.get_mo...
                 │    └ <cyfunction Loop.run_in_executor at 0x14a129598700>
                 └ <uvloop.Loop running=True closed=False debug=False>
  File "/home/sfris1/.local/share/uv/python/cpython-3.11.14-linux-x86_64-gnu/lib/python3.11/concurrent/futures/thread.py", line 58, in run
    result = self.fn(*self.args, **self.kwargs)
             │        │            └ None
             │        └ None
             └ None
  File "/gpfs/home5/sfris1/multimodal-tip-of-tongue-for-scientific-papers/.venv-mineru/lib/python3.11/site-packages/mineru/backend/vlm/vlm_analyze.py", line 174, in get_model
    vllm_async_llm = AsyncLLM.from_engine_args(AsyncEngineArgs(**kwargs))
                     │        │                │                 └ {'gpu_memory_utilization': 0.5, 'model': '/home/sfris1/.cache/huggingface/hub/models--opendatalab--MinerU2.5-Pro-2605-1.2B/sn...
                     │        │                └ <class 'vllm.engine.arg_utils.AsyncEngineArgs'>
                     │        └ <classmethod(<function AsyncLLM.from_engine_args at 0x14a0501c1440>)>
                     └ <class 'vllm.v1.engine.async_llm.AsyncLLM'>
  File "/gpfs/home5/sfris1/multimodal-tip-of-tongue-for-scientific-papers/.venv-mineru/lib/python3.11/site-packages/vllm/v1/engine/async_llm.py", line 246, in from_engine_args
    return cls(
           └ <class 'vllm.v1.engine.async_llm.AsyncLLM'>
  File "/gpfs/home5/sfris1/multimodal-tip-of-tongue-for-scientific-papers/.venv-mineru/lib/python3.11/site-packages/vllm/v1/engine/async_llm.py", line 146, in __init__
    self.engine_core = EngineCoreClient.make_async_mp_client(
    │                  │                └ <staticmethod(<function EngineCoreClient.make_async_mp_client at 0x14a06015d620>)>
    │                  └ <class 'vllm.v1.engine.core_client.EngineCoreClient'>
    └ <vllm.v1.engine.async_llm.AsyncLLM object at 0x14a050dd37d0>
  File "/gpfs/home5/sfris1/multimodal-tip-of-tongue-for-scientific-papers/.venv-mineru/lib/python3.11/site-packages/vllm/tracing/otel.py", line 178, in sync_wrapper
    return func(*args, **kwargs)
           │     │       └ {'vllm_config': VllmConfig(model_config=ModelConfig(model='/home/sfris1/.cache/huggingface/hub/models--opendatalab--MinerU2.5...
           │     └ ()
           └ <function EngineCoreClient.make_async_mp_client at 0x14a06015d4e0>
  File "/gpfs/home5/sfris1/multimodal-tip-of-tongue-for-scientific-papers/.venv-mineru/lib/python3.11/site-packages/vllm/v1/engine/core_client.py", line 130, in make_async_mp_client
    return AsyncMPClient(*client_args)
           │              └ (VllmConfig(model_config=ModelConfig(model='/home/sfris1/.cache/huggingface/hub/models--opendatalab--MinerU2.5-Pro-2605-1.2B/...
           └ <class 'vllm.v1.engine.core_client.AsyncMPClient'>
  File "/gpfs/home5/sfris1/multimodal-tip-of-tongue-for-scientific-papers/.venv-mineru/lib/python3.11/site-packages/vllm/tracing/otel.py", line 178, in sync_wrapper
    return func(*args, **kwargs)
           │     │       └ {}
           │     └ (<vllm.v1.engine.core_client.AsyncMPClient object at 0x14a034d47c90>, VllmConfig(model_config=ModelConfig(model='/home/sfris1...
           └ <function AsyncMPClient.__init__ at 0x14a06016d940>
  File "/gpfs/home5/sfris1/multimodal-tip-of-tongue-for-scientific-papers/.venv-mineru/lib/python3.11/site-packages/vllm/v1/engine/core_client.py", line 900, in __init__
    super().__init__(
  File "/gpfs/home5/sfris1/multimodal-tip-of-tongue-for-scientific-papers/.venv-mineru/lib/python3.11/site-packages/vllm/v1/engine/core_client.py", line 535, in __init__
    with launch_core_engines(
         └ <function launch_core_engines at 0x14a060151620>
  File "/home/sfris1/.local/share/uv/python/cpython-3.11.14-linux-x86_64-gnu/lib/python3.11/contextlib.py", line 144, in __exit__
    next(self.gen)
         │    └ <generator object launch_core_engines at 0x14a0279263e0>
         └ <contextlib._GeneratorContextManager object at 0x14a034b66bd0>
  File "/gpfs/home5/sfris1/multimodal-tip-of-tongue-for-scientific-papers/.venv-mineru/lib/python3.11/site-packages/vllm/v1/engine/utils.py", line 1128, in launch_core_engines
    wait_for_engine_startup(
    └ <function wait_for_engine_startup at 0x14a0601516c0>
  File "/gpfs/home5/sfris1/multimodal-tip-of-tongue-for-scientific-papers/.venv-mineru/lib/python3.11/site-packages/vllm/v1/engine/utils.py", line 1187, in wait_for_engine_startup
    raise RuntimeError(

RuntimeError: Engine core initialization failed. See root cause above. Failed core proc(s): {}
INFO:     127.0.0.1:46122 - "GET /tasks/d86ef06f-bcab-4c3b-a7b9-bb60402c147c HTTP/1.1" 200 OK
2026-09-28 11:39:43.531 | ERROR    | __main__:_process_task:1154 - Async task failed: e1a706af-3fff-443b-b07d-c823b5a42991
Traceback (most recent call last):

  File "<frozen runpy>", line 198, in _run_module_as_main
  File "<frozen runpy>", line 88, in _run_code
  File "/gpfs/home5/sfris1/multimodal-tip-of-tongue-for-scientific-papers/.venv-mineru/lib/python3.11/site-packages/mineru/cli/fast_api.py", line 1474, in <module>
    main()
    └ <Command main>
  File "/gpfs/home5/sfris1/multimodal-tip-of-tongue-for-scientific-papers/.venv-mineru/lib/python3.11/site-packages/click/core.py", line 1631, in __call__
    return self.main(*args, **kwargs)
           │    │     │       └ {}
           │    │     └ ()
           │    └ <function Command.main at 0x14a3ba38da80>
           └ <Command main>
  File "/gpfs/home5/sfris1/multimodal-tip-of-tongue-for-scientific-papers/.venv-mineru/lib/python3.11/site-packages/click/core.py", line 1552, in main
    rv = self.invoke(ctx)
         │    │      └ <click.core.Context object at 0x14a1298ec9d0>
         │    └ <function Command.invoke at 0x14a3ba38d760>
         └ <Command main>
  File "/gpfs/home5/sfris1/multimodal-tip-of-tongue-for-scientific-papers/.venv-mineru/lib/python3.11/site-packages/click/core.py", line 1415, in invoke
    return ctx.invoke(self.callback, **ctx.params)
           │   │      │    │           │   └ {'host': '127.0.0.1', 'port': 51311, 'reload': False, 'allow_public_http_client': False, 'enable_vlm_preload': False}
           │   │      │    │           └ <click.core.Context object at 0x14a1298ec9d0>
           │   │      │    └ <function main at 0x14a1298868e0>
           │   │      └ <Command main>
           │   └ <function Context.invoke at 0x14a3ba38c900>
           └ <click.core.Context object at 0x14a1298ec9d0>
  File "/gpfs/home5/sfris1/multimodal-tip-of-tongue-for-scientific-papers/.venv-mineru/lib/python3.11/site-packages/click/core.py", line 910, in invoke
    return callback(*args, **kwargs)
           │         │       └ {'host': '127.0.0.1', 'port': 51311, 'reload': False, 'allow_public_http_client': False, 'enable_vlm_preload': False}
           │         └ ()
           └ <function main at 0x14a1298868e0>
  File "/gpfs/home5/sfris1/multimodal-tip-of-tongue-for-scientific-papers/.venv-mineru/lib/python3.11/site-packages/click/decorators.py", line 34, in new_func
    return f(get_current_context(), *args, **kwargs)
           │ │                       │       └ {'host': '127.0.0.1', 'port': 51311, 'reload': False, 'allow_public_http_client': False, 'enable_vlm_preload': False}
           │ │                       └ ()
           │ └ <function get_current_context at 0x14a3ba321620>
           └ <function main at 0x14a129886c00>
  File "/gpfs/home5/sfris1/multimodal-tip-of-tongue-for-scientific-papers/.venv-mineru/lib/python3.11/site-packages/mineru/cli/fast_api.py", line 1470, in main
    server.run()
    │      └ <function Server.run at 0x14a3ba2b0900>
    └ <uvicorn.server.Server object at 0x14a3ba259f50>
  File "/gpfs/home5/sfris1/multimodal-tip-of-tongue-for-scientific-papers/.venv-mineru/lib/python3.11/site-packages/uvicorn/server.py", line 86, in run
    return asyncio_run(self.serve(sockets=sockets), loop_factory=self.config.get_loop_factory())
           │           │    │             │                      │    │      └ <function Config.get_loop_factory at 0x14a3ba2640e0>
           │           │    │             │                      │    └ <uvicorn.config.Config object at 0x14a1298ee490>
           │           │    │             │                      └ <uvicorn.server.Server object at 0x14a3ba259f50>
           │           │    │             └ None
           │           │    └ <function Server.serve at 0x14a3ba2b09a0>
           │           └ <uvicorn.server.Server object at 0x14a3ba259f50>
           └ <function asyncio_run at 0x14a3ba211620>
  File "/gpfs/home5/sfris1/multimodal-tip-of-tongue-for-scientific-papers/.venv-mineru/lib/python3.11/site-packages/uvicorn/_compat.py", line 30, in asyncio_run
    return runner.run(main)
           │      │   └ <coroutine object Server.serve at 0x14a12992e020>
           │      └ <function Runner.run at 0x14a3ba4f4f40>
           └ <asyncio.runners.Runner object at 0x14a1298eeb10>
  File "/home/sfris1/.local/share/uv/python/cpython-3.11.14-linux-x86_64-gnu/lib/python3.11/asyncio/runners.py", line 118, in run
    return self._loop.run_until_complete(task)
           │    │     │                  └ <Task pending name='Task-1' coro=<Server.serve() running at /gpfs/home5/sfris1/multimodal-tip-of-tongue-for-scientific-papers...
           │    │     └ <cyfunction Loop.run_until_complete at 0x14a12988f400>
           │    └ <uvloop.Loop running=True closed=False debug=False>
           └ <asyncio.runners.Runner object at 0x14a1298eeb10>
> File "/gpfs/home5/sfris1/multimodal-tip-of-tongue-for-scientific-papers/.venv-mineru/lib/python3.11/site-packages/mineru/cli/fast_api.py", line 1144, in _process_task
    await self._run_task(task)
          │    │         └ AsyncParseTask(task_id='e1a706af-3fff-443b-b07d-c823b5a42991', status='failed', backend='hybrid-engine', file_names=['2022.co...
          │    └ <function AsyncTaskManager._run_task at 0x14a12997ca40>
          └ <__main__.AsyncTaskManager object at 0x14a12962d810>
  File "/gpfs/home5/sfris1/multimodal-tip-of-tongue-for-scientific-papers/.venv-mineru/lib/python3.11/site-packages/mineru/cli/fast_api.py", line 1174, in _run_task
    await run_parse_job(
          └ <function run_parse_job at 0x14a129963d80>
  File "/gpfs/home5/sfris1/multimodal-tip-of-tongue-for-scientific-papers/.venv-mineru/lib/python3.11/site-packages/mineru/cli/fast_api.py", line 866, in run_parse_job
    await aio_do_parse(**parse_kwargs)
          │              └ {'output_dir': '/tmp/sfris1/mineru_27290888/tmp/local-gpu-0-mm1vfh5m/output/e1a706af-3fff-443b-b07d-c823b5a42991', 'pdf_file_...
          └ <function aio_do_parse at 0x14a129960540>
  File "/gpfs/home5/sfris1/multimodal-tip-of-tongue-for-scientific-papers/.venv-mineru/lib/python3.11/site-packages/mineru/cli/common.py", line 846, in aio_do_parse
    await _async_process_hybrid(
          └ <function _async_process_hybrid at 0x14a129960360>
  File "/gpfs/home5/sfris1/multimodal-tip-of-tongue-for-scientific-papers/.venv-mineru/lib/python3.11/site-packages/mineru/cli/common.py", line 595, in _async_process_hybrid
    middle_json, infer_result = await aio_hybrid_doc_analyze(
                                      └ <function aio_doc_analyze at 0x14a102a798a0>
  File "/gpfs/home5/sfris1/multimodal-tip-of-tongue-for-scientific-papers/.venv-mineru/lib/python3.11/site-packages/mineru/backend/hybrid/hybrid_analyze.py", line 1116, in aio_doc_analyze
    predictor = await _get_model_async(backend, model_path, server_url, **kwargs)
                      │                │        │           │             └ {}
                      │                │        │           └ None
                      │                │        └ None
                      │                └ 'vllm-async-engine'
                      └ <function _get_model_async at 0x14a1b4991580>
  File "/gpfs/home5/sfris1/multimodal-tip-of-tongue-for-scientific-papers/.venv-mineru/lib/python3.11/site-packages/mineru/backend/vlm/vlm_analyze.py", line 271, in _get_model_async
    return await asyncio.to_thread(
                 │       └ <function to_thread at 0x14a3ba5127a0>
                 └ <module 'asyncio' from '/home/sfris1/.local/share/uv/python/cpython-3.11.14-linux-x86_64-gnu/lib/python3.11/asyncio/__init__....
  File "/home/sfris1/.local/share/uv/python/cpython-3.11.14-linux-x86_64-gnu/lib/python3.11/asyncio/threads.py", line 25, in to_thread
    return await loop.run_in_executor(None, func_call)
                 │    │                     └ functools.partial(<built-in method run of _contextvars.Context object at 0x14a01c38de00>, <bound method ModelSingleton.get_mo...
                 │    └ <cyfunction Loop.run_in_executor at 0x14a129598700>
                 └ <uvloop.Loop running=True closed=False debug=False>
  File "/home/sfris1/.local/share/uv/python/cpython-3.11.14-linux-x86_64-gnu/lib/python3.11/concurrent/futures/thread.py", line 58, in run
    result = self.fn(*self.args, **self.kwargs)
             │        │            └ None
             │        └ None
             └ None
  File "/gpfs/home5/sfris1/multimodal-tip-of-tongue-for-scientific-papers/.venv-mineru/lib/python3.11/site-packages/mineru/backend/vlm/vlm_analyze.py", line 174, in get_model
    vllm_async_llm = AsyncLLM.from_engine_args(AsyncEngineArgs(**kwargs))
                     │        │                │                 └ {'gpu_memory_utilization': 0.5, 'model': '/home/sfris1/.cache/huggingface/hub/models--opendatalab--MinerU2.5-Pro-2605-1.2B/sn...
                     │        │                └ <class 'vllm.engine.arg_utils.AsyncEngineArgs'>
                     │        └ <classmethod(<function AsyncLLM.from_engine_args at 0x14a0501c1440>)>
                     └ <class 'vllm.v1.engine.async_llm.AsyncLLM'>
  File "/gpfs/home5/sfris1/multimodal-tip-of-tongue-for-scientific-papers/.venv-mineru/lib/python3.11/site-packages/vllm/v1/engine/async_llm.py", line 246, in from_engine_args
    return cls(
           └ <class 'vllm.v1.engine.async_llm.AsyncLLM'>
  File "/gpfs/home5/sfris1/multimodal-tip-of-tongue-for-scientific-papers/.venv-mineru/lib/python3.11/site-packages/vllm/v1/engine/async_llm.py", line 146, in __init__
    self.engine_core = EngineCoreClient.make_async_mp_client(
    │                  │                └ <staticmethod(<function EngineCoreClient.make_async_mp_client at 0x14a06015d620>)>
    │                  └ <class 'vllm.v1.engine.core_client.EngineCoreClient'>
    └ <vllm.v1.engine.async_llm.AsyncLLM object at 0x14a00f14d810>
  File "/gpfs/home5/sfris1/multimodal-tip-of-tongue-for-scientific-papers/.venv-mineru/lib/python3.11/site-packages/vllm/tracing/otel.py", line 178, in sync_wrapper
    return func(*args, **kwargs)
           │     │       └ {'vllm_config': VllmConfig(model_config=ModelConfig(model='/home/sfris1/.cache/huggingface/hub/models--opendatalab--MinerU2.5...
           │     └ ()
           └ <function EngineCoreClient.make_async_mp_client at 0x14a06015d4e0>
  File "/gpfs/home5/sfris1/multimodal-tip-of-tongue-for-scientific-papers/.venv-mineru/lib/python3.11/site-packages/vllm/v1/engine/core_client.py", line 130, in make_async_mp_client
    return AsyncMPClient(*client_args)
           │              └ (VllmConfig(model_config=ModelConfig(model='/home/sfris1/.cache/huggingface/hub/models--opendatalab--MinerU2.5-Pro-2605-1.2B/...
           └ <class 'vllm.v1.engine.core_client.AsyncMPClient'>
  File "/gpfs/home5/sfris1/multimodal-tip-of-tongue-for-scientific-papers/.venv-mineru/lib/python3.11/site-packages/vllm/tracing/otel.py", line 178, in sync_wrapper
    return func(*args, **kwargs)
           │     │       └ {}
           │     └ (<vllm.v1.engine.core_client.AsyncMPClient object at 0x14a0526cd910>, VllmConfig(model_config=ModelConfig(model='/home/sfris1...
           └ <function AsyncMPClient.__init__ at 0x14a06016d940>
  File "/gpfs/home5/sfris1/multimodal-tip-of-tongue-for-scientific-papers/.venv-mineru/lib/python3.11/site-packages/vllm/v1/engine/core_client.py", line 900, in __init__
    super().__init__(
  File "/gpfs/home5/sfris1/multimodal-tip-of-tongue-for-scientific-papers/.venv-mineru/lib/python3.11/site-packages/vllm/v1/engine/core_client.py", line 535, in __init__
    with launch_core_engines(
         └ <function launch_core_engines at 0x14a060151620>
  File "/home/sfris1/.local/share/uv/python/cpython-3.11.14-linux-x86_64-gnu/lib/python3.11/contextlib.py", line 144, in __exit__
    next(self.gen)
         │    └ <generator object launch_core_engines at 0x14a0279267a0>
         └ <contextlib._GeneratorContextManager object at 0x14a102a4fad0>
  File "/gpfs/home5/sfris1/multimodal-tip-of-tongue-for-scientific-papers/.venv-mineru/lib/python3.11/site-packages/vllm/v1/engine/utils.py", line 1128, in launch_core_engines
    wait_for_engine_startup(
    └ <function wait_for_engine_startup at 0x14a0601516c0>
  File "/gpfs/home5/sfris1/multimodal-tip-of-tongue-for-scientific-papers/.venv-mineru/lib/python3.11/site-packages/vllm/v1/engine/utils.py", line 1187, in wait_for_engine_startup
    raise RuntimeError(

RuntimeError: Engine core initialization failed. See root cause above. Failed core proc(s): {}
INFO:     127.0.0.1:46112 - "GET /tasks/ba372ceb-0731-445b-bcef-85b706569a2b HTTP/1.1" 200 OK
INFO:     127.0.0.1:46116 - "GET /tasks/3cca5e60-0992-4894-9fdd-88b552ac2b98 HTTP/1.1" 200 OK
INFO:     127.0.0.1:46112 - "POST /tasks HTTP/1.1" 202 Accepted
2026-09-28 11:39:45.597 | INFO     | mineru.utils.engine_utils:get_vlm_engine:34 - Using vllm-async-engine as the inference engine for VLM.
[1;31m2026-09-28 11:39:46.285850052 [E:onnxruntime:Default, env.cc:298 ThreadMain] pthread_setaffinity_np failed for thread: 2805093, index: 27, mask: {28, }, error code: 22 error msg: Invalid argument. Specify the number of threads explicitly so the affinity is not set.[m
[1;31m2026-09-28 11:39:46.286811294 [E:onnxruntime:Default, env.cc:298 ThreadMain] pthread_setaffinity_np failed for thread: 2805125, index: 59, mask: {60, }, error code: 22 error msg: Invalid argument. Specify the number of threads explicitly so the affinity is not set.[m
[1;31m2026-09-28 11:39:46.286849965 [E:onnxruntime:Default, env.cc:298 ThreadMain] pthread_setaffinity_np failed for thread: 2805124, index: 58, mask: {59, }, error code: 22 error msg: Invalid argument. Specify the number of threads explicitly so the affinity is not set.[m
[1;31m2026-09-28 11:39:46.286878819 [E:onnxruntime:Default, env.cc:298 ThreadMain] pthread_setaffinity_np failed for thread: 2805127, index: 61, mask: {62, }, error code: 22 error msg: Invalid argument. Specify the number of threads explicitly so the affinity is not set.[m
[1;31m2026-09-28 11:39:46.285821790 [E:onnxruntime:Default, env.cc:298 ThreadMain] pthread_setaffinity_np failed for thread: 2805123, index: 57, mask: {58, }, error code: 22 error msg: Invalid argument. Specify the number of threads explicitly so the affinity is not set.[m
[1;31m2026-09-28 11:39:46.286914777 [E:onnxruntime:Default, env.cc:298 ThreadMain] pthread_setaffinity_np failed for thread: 2805120, index: 54, mask: {55, }, error code: 22 error msg: Invalid argument. Specify the number of threads explicitly so the affinity is not set.[m
[1;31m2026-09-28 11:39:46.286928075 [E:onnxruntime:Default, env.cc:298 ThreadMain] pthread_setaffinity_np failed for thread: 2805133, index: 67, mask: {68, }, error code: 22 error msg: Invalid argument. Specify the number of threads explicitly so the affinity is not set.[m
[1;31m2026-09-28 11:39:46.286947124 [E:onnxruntime:Default, env.cc:298 ThreadMain] pthread_setaffinity_np failed for thread: 2805108, index: 42, mask: {43, }, error code: 22 error msg: Invalid argument. Specify the number of threads explicitly so the affinity is not set.[m
[1;31m2026-09-28 11:39:46.286963349 [E:onnxruntime:Default, env.cc:298 ThreadMain] pthread_setaffinity_np failed for thread: 2805134, index: 68, mask: {69, }, error code: 22 error msg: Invalid argument. Specify the number of threads explicitly so the affinity is not set.[m
[1;31m2026-09-28 11:39:46.287763033 [E:onnxruntime:Default, env.cc:298 ThreadMain] pthread_setaffinity_np failed for thread: 2805135, index: 69, mask: {70, }, error code: 22 error msg: Invalid argument. Specify the number of threads explicitly so the affinity is not set.[m
[1;31m2026-09-28 11:39:46.285767221 [E:onnxruntime:Default, env.cc:298 ThreadMain] pthread_setaffinity_np failed for thread: 2805119, index: 53, mask: {54, }, error code: 22 error msg: Invalid argument. Specify the number of threads explicitly so the affinity is not set.[m
[1;31m2026-09-28 11:39:46.290745981 [E:onnxruntime:Default, env.cc:298 ThreadMain] pthread_setaffinity_np failed for thread: 2805115, index: 49, mask: {50, }, error code: 22 error msg: Invalid argument. Specify the number of threads explicitly so the affinity is not set.[m
[1;31m2026-09-28 11:39:46.282075956 [E:onnxruntime:Default, env.cc:298 ThreadMain] pthread_setaffinity_np failed for thread: 2805110, index: 44, mask: {45, }, error code: 22 error msg: Invalid argument. Specify the number of threads explicitly so the affinity is not set.[m
[1;31m2026-09-28 11:39:46.286856303 [E:onnxruntime:Default, env.cc:298 ThreadMain] pthread_setaffinity_np failed for thread: 2805129, index: 63, mask: {64, }, error code: 22 error msg: Invalid argument. Specify the number of threads explicitly so the affinity is not set.[m
[1;31m2026-09-28 11:39:46.286899047 [E:onnxruntime:Default, env.cc:298 ThreadMain] pthread_setaffinity_np failed for thread: 2805118, index: 52, mask: {53, }, error code: 22 error msg: Invalid argument. Specify the number of threads explicitly so the affinity is not set.[m
[1;31m2026-09-28 11:39:46.286881148 [E:onnxruntime:Default, env.cc:298 ThreadMain] pthread_setaffinity_np failed for thread: 2805130, index: 64, mask: {65, }, error code: 22 error msg: Invalid argument. Specify the number of threads explicitly so the affinity is not set.[m
[1;31m2026-09-28 11:39:46.286907342 [E:onnxruntime:Default, env.cc:298 ThreadMain] pthread_setaffinity_np failed for thread: 2805132, index: 66, mask: {67, }, error code: 22 error msg: Invalid argument. Specify the number of threads explicitly so the affinity is not set.[m
[1;31m2026-09-28 11:39:46.286914816 [E:onnxruntime:Default, env.cc:298 ThreadMain] pthread_setaffinity_np failed for thread: 2805099, index: 33, mask: {34, }, error code: 22 error msg: Invalid argument. Specify the number of threads explicitly so the affinity is not set.[m
[1;31m2026-09-28 11:39:46.290803424 [E:onnxruntime:Default, env.cc:298 ThreadMain] pthread_setaffinity_np failed for thread: 2805095, index: 29, mask: {30, }, error code: 22 error msg: Invalid argument. Specify the number of threads explicitly so the affinity is not set.[m
[1;31m2026-09-28 11:39:46.290822081 [E:onnxruntime:Default, env.cc:298 ThreadMain] pthread_setaffinity_np failed for thread: 2805101, index: 35, mask: {36, }, error code: 22 error msg: Invalid argument. Specify the number of threads explicitly so the affinity is not set.[m
[1;31m2026-09-28 11:39:46.292746398 [E:onnxruntime:Default, env.cc:298 ThreadMain] pthread_setaffinity_np failed for thread: 2805136, index: 70, mask: {71, }, error code: 22 error msg: Invalid argument. Specify the number of threads explicitly so the affinity is not set.[m
[1;31m2026-09-28 11:39:46.286918373 [E:onnxruntime:Default, env.cc:298 ThreadMain] pthread_setaffinity_np failed for thread: 2805116, index: 50, mask: {51, }, error code: 22 error msg: Invalid argument. Specify the number of threads explicitly so the affinity is not set.[m
[1;31m2026-09-28 11:39:46.294746111 [E:onnxruntime:Default, env.cc:298 ThreadMain] pthread_setaffinity_np failed for thread: 2805106, index: 40, mask: {41, }, error code: 22 error msg: Invalid argument. Specify the number of threads explicitly so the affinity is not set.[m
[1;31m2026-09-28 11:39:46.286934288 [E:onnxruntime:Default, env.cc:298 ThreadMain] pthread_setaffinity_np failed for thread: 2805107, index: 41, mask: {42, }, error code: 22 error msg: Invalid argument. Specify the number of threads explicitly so the affinity is not set.[m
[1;31m2026-09-28 11:39:46.286941629 [E:onnxruntime:Default, env.cc:298 ThreadMain] pthread_setaffinity_np failed for thread: 2805104, index: 38, mask: {39, }, error code: 22 error msg: Invalid argument. Specify the number of threads explicitly so the affinity is not set.[m
[1;31m2026-09-28 11:39:46.294771750 [E:onnxruntime:Default, env.cc:298 ThreadMain] pthread_setaffinity_np failed for thread: 2805105, index: 39, mask: {40, }, error code: 22 error msg: Invalid argument. Specify the number of threads explicitly so the affinity is not set.[m
[1;31m2026-09-28 11:39:46.285818912 [E:onnxruntime:Default, env.cc:298 ThreadMain] pthread_setaffinity_np failed for thread: 2805094, index: 28, mask: {29, }, error code: 22 error msg: Invalid argument. Specify the number of threads explicitly so the affinity is not set.[m
[1;31m2026-09-28 11:39:46.286878687 [E:onnxruntime:Default, env.cc:298 ThreadMain] pthread_setaffinity_np failed for thread: 2805109, index: 43, mask: {44, }, error code: 22 error msg: Invalid argument. Specify the number of threads explicitly so the affinity is not set.[m
[1;31m2026-09-28 11:39:46.286856877 [E:onnxruntime:Default, env.cc:298 ThreadMain] pthread_setaffinity_np failed for thread: 2805126, index: 60, mask: {61, }, error code: 22 error msg: Invalid argument. Specify the number of threads explicitly so the affinity is not set.[m
[1;31m2026-09-28 11:39:46.290764261 [E:onnxruntime:Default, env.cc:298 ThreadMain] pthread_setaffinity_np failed for thread: 2805114, index: 48, mask: {49, }, error code: 22 error msg: Invalid argument. Specify the number of threads explicitly so the affinity is not set.[m
[1;31m2026-09-28 11:39:46.286898437 [E:onnxruntime:Default, env.cc:298 ThreadMain] pthread_setaffinity_np failed for thread: 2805131, index: 65, mask: {66, }, error code: 22 error msg: Invalid argument. Specify the number of threads explicitly so the affinity is not set.[m
[1;31m2026-09-28 11:39:46.290778642 [E:onnxruntime:Default, env.cc:298 ThreadMain] pthread_setaffinity_np failed for thread: 2805111, index: 45, mask: {46, }, error code: 22 error msg: Invalid argument. Specify the number of threads explicitly so the affinity is not set.[m
[1;31m2026-09-28 11:39:46.286914152 [E:onnxruntime:Default, env.cc:298 ThreadMain] pthread_setaffinity_np failed for thread: 2805117, index: 51, mask: {52, }, error code: 22 error msg: Invalid argument. Specify the number of threads explicitly so the affinity is not set.[m
[1;31m2026-09-28 11:39:46.290747477 [E:onnxruntime:Default, env.cc:298 ThreadMain] pthread_setaffinity_np failed for thread: 2805121, index: 55, mask: {56, }, error code: 22 error msg: Invalid argument. Specify the number of threads explicitly so the affinity is not set.[m
[1;31m2026-09-28 11:39:46.286898898 [E:onnxruntime:Default, env.cc:298 ThreadMain] pthread_setaffinity_np failed for thread: 2805098, index: 32, mask: {33, }, error code: 22 error msg: Invalid argument. Specify the number of threads explicitly so the affinity is not set.[m
[1;31m2026-09-28 11:39:46.286927468 [E:onnxruntime:Default, env.cc:298 ThreadMain] pthread_setaffinity_np failed for thread: 2805113, index: 47, mask: {48, }, error code: 22 error msg: Invalid argument. Specify the number of threads explicitly so the affinity is not set.[m
[1;31m2026-09-28 11:39:46.285796986 [E:onnxruntime:Default, env.cc:298 ThreadMain] pthread_setaffinity_np failed for thread: 2805122, index: 56, mask: {57, }, error code: 22 error msg: Invalid argument. Specify the number of threads explicitly so the affinity is not set.[m
[1;31m2026-09-28 11:39:46.290807803 [E:onnxruntime:Default, env.cc:298 ThreadMain] pthread_setaffinity_np failed for thread: 2805100, index: 34, mask: {35, }, error code: 22 error msg: Invalid argument. Specify the number of threads explicitly so the affinity is not set.[m
[1;31m2026-09-28 11:39:46.323787197 [E:onnxruntime:Default, env.cc:298 ThreadMain] pthread_setaffinity_np failed for thread: 2805089, index: 23, mask: {24, }, error code: 22 error msg: Invalid argument. Specify the number of threads explicitly so the affinity is not set.[m
[1;31m2026-09-28 11:39:46.323859454 [E:onnxruntime:Default, env.cc:298 ThreadMain] pthread_setaffinity_np failed for thread: 2805128, index: 62, mask: {63, }, error code: 22 error msg: Invalid argument. Specify the number of threads explicitly so the affinity is not set.[m
[1;31m2026-09-28 11:39:46.294773311 [E:onnxruntime:Default, env.cc:298 ThreadMain] pthread_setaffinity_np failed for thread: 2805112, index: 46, mask: {47, }, error code: 22 error msg: Invalid argument. Specify the number of threads explicitly so the affinity is not set.[m
[1;31m2026-09-28 11:39:46.345799508 [E:onnxruntime:Default, env.cc:298 ThreadMain] pthread_setaffinity_np failed for thread: 2805090, index: 24, mask: {25, }, error code: 22 error msg: Invalid argument. Specify the number of threads explicitly so the affinity is not set.[m
[1;31m2026-09-28 11:39:46.350767672 [E:onnxruntime:Default, env.cc:298 ThreadMain] pthread_setaffinity_np failed for thread: 2805096, index: 30, mask: {31, }, error code: 22 error msg: Invalid argument. Specify the number of threads explicitly so the affinity is not set.[m
[1;31m2026-09-28 11:39:46.354807839 [E:onnxruntime:Default, env.cc:298 ThreadMain] pthread_setaffinity_np failed for thread: 2805103, index: 37, mask: {38, }, error code: 22 error msg: Invalid argument. Specify the number of threads explicitly so the affinity is not set.[m
[1;31m2026-09-28 11:39:46.358753033 [E:onnxruntime:Default, env.cc:298 ThreadMain] pthread_setaffinity_np failed for thread: 2805097, index: 31, mask: {32, }, error code: 22 error msg: Invalid argument. Specify the number of threads explicitly so the affinity is not set.[m
[1;31m2026-09-28 11:39:46.362754440 [E:onnxruntime:Default, env.cc:298 ThreadMain] pthread_setaffinity_np failed for thread: 2805102, index: 36, mask: {37, }, error code: 22 error msg: Invalid argument. Specify the number of threads explicitly so the affinity is not set.[m
[1;31m2026-09-28 11:39:46.366757291 [E:onnxruntime:Default, env.cc:298 ThreadMain] pthread_setaffinity_np failed for thread: 2805091, index: 25, mask: {26, }, error code: 22 error msg: Invalid argument. Specify the number of threads explicitly so the affinity is not set.[m
[1;31m2026-09-28 11:39:46.366789542 [E:onnxruntime:Default, env.cc:298 ThreadMain] pthread_setaffinity_np failed for thread: 2805092, index: 26, mask: {27, }, error code: 22 error msg: Invalid argument. Specify the number of threads explicitly so the affinity is not set.[m
[1;31m2026-09-28 11:39:46.398784707 [E:onnxruntime:Default, env.cc:298 ThreadMain] pthread_setaffinity_np failed for thread: 2805084, index: 18, mask: {19, }, error code: 22 error msg: Invalid argument. Specify the number of threads explicitly so the affinity is not set.[m
[1;31m2026-09-28 11:39:46.398806262 [E:onnxruntime:Default, env.cc:298 ThreadMain] pthread_setaffinity_np failed for thread: 2805087, index: 21, mask: {22, }, error code: 22 error msg: Invalid argument. Specify the number of threads explicitly so the affinity is not set.[m
[1;31m2026-09-28 11:39:46.398813162 [E:onnxruntime:Default, env.cc:298 ThreadMain] pthread_setaffinity_np failed for thread: 2805086, index: 20, mask: {21, }, error code: 22 error msg: Invalid argument. Specify the number of threads explicitly so the affinity is not set.[m
[1;31m2026-09-28 11:39:46.398809949 [E:onnxruntime:Default, env.cc:298 ThreadMain] pthread_setaffinity_np failed for thread: 2805083, index: 17, mask: {18, }, error code: 22 error msg: Invalid argument. Specify the number of threads explicitly so the affinity is not set.[m
[1;31m2026-09-28 11:39:46.398811980 [E:onnxruntime:Default, env.cc:298 ThreadMain] pthread_setaffinity_np failed for thread: 2805088, index: 22, mask: {23, }, error code: 22 error msg: Invalid argument. Specify the number of threads explicitly so the affinity is not set.[m
[1;31m2026-09-28 11:39:46.420749016 [E:onnxruntime:Default, env.cc:298 ThreadMain] pthread_setaffinity_np failed for thread: 2805085, index: 19, mask: {20, }, error code: 22 error msg: Invalid argument. Specify the number of threads explicitly so the affinity is not set.[m
WARNING 09-28 11:39:52 [config.py:70] Support for Transformers v4 is deprecated. The Transformers v4 codepath will become unmaintained in vLLM v0.22.0 and will be removed in vLLM v0.24.0. Please upgrade to Transformers v5: pip install --upgrade transformers
(EngineCore pid=2805049) INFO 09-28 11:39:53 [core.py:109] Initializing a V1 LLM engine (v0.21.0) with config: model='/home/sfris1/.cache/huggingface/hub/models--opendatalab--MinerU2.5-Pro-2605-1.2B/snapshots/bff20d4ae2bf202df9f45284b4d43681555a97ed', speculative_config=None, tokenizer='/home/sfris1/.cache/huggingface/hub/models--opendatalab--MinerU2.5-Pro-2605-1.2B/snapshots/bff20d4ae2bf202df9f45284b4d43681555a97ed', skip_tokenizer_init=False, tokenizer_mode=auto, revision=None, tokenizer_revision=None, trust_remote_code=False, dtype=torch.bfloat16, max_seq_len=8192, download_dir=None, load_format=auto, tensor_parallel_size=1, pipeline_parallel_size=1, data_parallel_size=1, decode_context_parallel_size=1, dcp_comm_backend=ag_rs, disable_custom_all_reduce=False, quantization=None, quantization_config=None, enforce_eager=False, enable_return_routed_experts=False, kv_cache_dtype=auto, device_config=cuda, structured_outputs_config=StructuredOutputsConfig(backend='auto', disable_any_whitespace=False, disable_additional_properties=False, reasoning_parser='', reasoning_parser_plugin='', enable_in_reasoning=False), observability_config=ObservabilityConfig(show_hidden_metrics_for_version=None, otlp_traces_endpoint=None, collect_detailed_traces=None, kv_cache_metrics=False, kv_cache_metrics_sample=0.01, cudagraph_metrics=False, enable_layerwise_nvtx_tracing=False, enable_mfu_metrics=False, enable_mm_processor_stats=False, enable_logging_iteration_details=False), seed=0, served_model_name=/home/sfris1/.cache/huggingface/hub/models--opendatalab--MinerU2.5-Pro-2605-1.2B/snapshots/bff20d4ae2bf202df9f45284b4d43681555a97ed, enable_prefix_caching=True, enable_chunked_prefill=True, pooler_config=None, compilation_config={'mode': <CompilationMode.VLLM_COMPILE: 3>, 'debug_dump_path': None, 'cache_dir': '', 'compile_cache_save_format': 'binary', 'backend': 'inductor', 'custom_ops': ['none'], 'ir_enable_torch_wrap': True, 'splitting_ops': ['vllm::unified_attention_with_output', 'vllm::unified_mla_attention_with_output', 'vllm::mamba_mixer2', 'vllm::mamba_mixer', 'vllm::short_conv', 'vllm::linear_attention', 'vllm::plamo2_mamba_mixer', 'vllm::gdn_attention_core', 'vllm::gdn_attention_core_xpu', 'vllm::olmo_hybrid_gdn_full_forward', 'vllm::kda_attention', 'vllm::sparse_attn_indexer', 'vllm::rocm_aiter_sparse_attn_indexer', 'vllm::deepseek_v4_attention', 'vllm::unified_kv_cache_update', 'vllm::unified_mla_kv_cache_update'], 'compile_mm_encoder': False, 'cudagraph_mm_encoder': False, 'encoder_cudagraph_token_budgets': [], 'encoder_cudagraph_max_vision_items_per_batch': 0, 'encoder_cudagraph_max_frames_per_batch': None, 'compile_sizes': [], 'compile_ranges_endpoints': [2048], 'inductor_compile_config': {'enable_auto_functionalized_v2': False, 'size_asserts': False, 'alignment_asserts': False, 'scalar_asserts': False, 'combo_kernels': True, 'benchmark_combo_kernel': True}, 'inductor_passes': {}, 'cudagraph_mode': <CUDAGraphMode.FULL_AND_PIECEWISE: (2, 1)>, 'cudagraph_num_of_warmups': 1, 'cudagraph_capture_sizes': [1, 2, 4, 8, 16, 24, 32, 40, 48, 56, 64, 72, 80, 88, 96, 104, 112, 120, 128, 136, 144, 152, 160, 168, 176, 184, 192, 200, 208, 216, 224, 232, 240, 248, 256], 'cudagraph_copy_inputs': False, 'cudagraph_specialize_lora': True, 'use_inductor_graph_partition': False, 'pass_config': {'fuse_norm_quant': False, 'fuse_act_quant': False, 'fuse_attn_quant': False, 'enable_sp': False, 'fuse_gemm_comms': False, 'fuse_allreduce_rms': False, 'fuse_act_padding': False}, 'max_cudagraph_capture_size': 256, 'dynamic_shapes_config': {'type': <DynamicShapesType.BACKED: 'backed'>, 'evaluate_guards': False, 'assume_32_bit_indexing': False}, 'local_cache_dir': None, 'fast_moe_cold_start': False, 'static_all_moe_layers': []}, kernel_config=KernelConfig(ir_op_priority=IrOpPriorityConfig(rms_norm=['native'], fused_add_rms_norm=['native']), enable_flashinfer_autotune=False, moe_backend='auto')
(EngineCore pid=2805049) INFO 09-28 11:39:55 [parallel_state.py:1410] world_size=1 rank=0 local_rank=0 distributed_init_method=tcp://145.136.62.28:57219 backend=nccl
(EngineCore pid=2805049) INFO 09-28 11:39:55 [parallel_state.py:1723] rank 0 in world size 1 is assigned as DP rank 0, PP rank 0, PCP rank 0, TP rank 0, EP rank N/A, EPLB rank N/A
(EngineCore pid=2805049) INFO 09-28 11:39:56 [topk_topp_sampler.py:45] Using FlashInfer for top-p & top-k sampling.
(EngineCore pid=2805049) The image processor of type `Qwen2VLImageProcessor` is now loaded as a fast processor by default, even if the model checkpoint was saved with a slow processor. This is a breaking change and may produce slightly different outputs. To continue using the slow processor, instantiate this class with `use_fast=False`. Note that this behavior will be extended to all models in a future release.
(EngineCore pid=2805049) INFO 09-28 11:39:59 [gpu_model_runner.py:4857] Starting to load model /home/sfris1/.cache/huggingface/hub/models--opendatalab--MinerU2.5-Pro-2605-1.2B/snapshots/bff20d4ae2bf202df9f45284b4d43681555a97ed...
(EngineCore pid=2805049) INFO 09-28 11:39:59 [cuda.py:427] Using backend AttentionBackendEnum.FLASH_ATTN for vit attention
(EngineCore pid=2805049) INFO 09-28 11:39:59 [mm_encoder_attention.py:372] Using AttentionBackendEnum.FLASH_ATTN for MMEncoderAttention.
(EngineCore pid=2805049) INFO 09-28 11:39:59 [vllm.py:886] Asynchronous scheduling is enabled.
(EngineCore pid=2805049) INFO 09-28 11:39:59 [kernel.py:212] Final IR op priority after setting platform defaults: IrOpPriorityConfig(rms_norm=['native'], fused_add_rms_norm=['native'])
(EngineCore pid=2805049) INFO 09-28 11:39:59 [cuda.py:372] Using FLASH_ATTN attention backend out of potential backends: ['FLASH_ATTN', 'FLASHINFER', 'TRITON_ATTN', 'FLEX_ATTENTION'].
(EngineCore pid=2805049) INFO 09-28 11:39:59 [flash_attn.py:641] Using FlashAttention version 2
(EngineCore pid=2805049) INFO 09-28 11:39:59 [weight_utils.py:938] Filesystem type for checkpoints: GPFS. Checkpoint size: 2.15 GiB. Available RAM: 440.43 GiB.
(EngineCore pid=2805049) INFO 09-28 11:39:59 [weight_utils.py:961] Auto-prefetch is disabled because the filesystem (GPFS) is not a recognized network FS (NFS/Lustre). If you want to force prefetching, start vLLM with --safetensors-load-strategy=prefetch.
(EngineCore pid=2805049) Loading safetensors checkpoint shards:   0% Completed | 0/1 [00:00<?, ?it/s]
(EngineCore pid=2805049) Loading safetensors checkpoint shards: 100% Completed | 1/1 [00:01<00:00,  1.19s/it]
(EngineCore pid=2805049) Loading safetensors checkpoint shards: 100% Completed | 1/1 [00:01<00:00,  1.19s/it]
(EngineCore pid=2805049) 
(EngineCore pid=2805049) INFO 09-28 11:40:01 [default_loader.py:397] Loading weights took 1.25 seconds
(EngineCore pid=2805049) INFO 09-28 11:40:01 [gpu_model_runner.py:4959] Model loading took 2.16 GiB memory and 1.630195 seconds
(EngineCore pid=2805049) INFO 09-28 11:40:01 [gpu_model_runner.py:5920] Encoder cache will be initialized with a budget of 8192 tokens, and profiled with 1 video items of the maximum feature size.
(EngineCore pid=2805049) INFO 09-28 11:40:05 [backends.py:1089] Using cache directory: /home/sfris1/.cache/vllm/torch_compile_cache/557eaef9a3/rank_0_0/backbone for vLLM's torch.compile
(EngineCore pid=2805049) INFO 09-28 11:40:05 [backends.py:1148] Dynamo bytecode transform time: 2.39 s
(EngineCore pid=2805049) INFO 09-28 11:40:07 [backends.py:292] Directly load the compiled graph(s) for compile range (1, 2048) from the cache, took 1.215 s
(EngineCore pid=2805049) INFO 09-28 11:40:07 [decorators.py:311] Directly load AOT compilation from path /home/sfris1/.cache/vllm/torch_compile_cache/torch_aot_compile/9fc9def3a1736e8298ba738d46590ca1ad781b4ad811c4a7c19562d6033c953c/rank_0_0/model
(EngineCore pid=2805049) INFO 09-28 11:40:07 [monitor.py:53] torch.compile took 3.86 s in total
(EngineCore pid=2805049) INFO 09-28 11:40:07 [monitor.py:81] Initial profiling/warmup run took 0.01 s
(EngineCore pid=2805049) ERROR 09-28 11:40:07 [core.py:1140] EngineCore failed to start.
(EngineCore pid=2805049) ERROR 09-28 11:40:07 [core.py:1140] Traceback (most recent call last):
(EngineCore pid=2805049) ERROR 09-28 11:40:07 [core.py:1140]   File "/gpfs/home5/sfris1/multimodal-tip-of-tongue-for-scientific-papers/.venv-mineru/lib/python3.11/site-packages/vllm/v1/engine/core.py", line 1114, in run_engine_core
(EngineCore pid=2805049) ERROR 09-28 11:40:07 [core.py:1140]     engine_core = EngineCoreProc(*args, engine_index=dp_rank, **kwargs)
(EngineCore pid=2805049) ERROR 09-28 11:40:07 [core.py:1140]                   ^^^^^^^^^^^^^^^^^^^^^^^^^^^^^^^^^^^^^^^^^^^^^^^^^^^^^
(EngineCore pid=2805049) ERROR 09-28 11:40:07 [core.py:1140]   File "/gpfs/home5/sfris1/multimodal-tip-of-tongue-for-scientific-papers/.venv-mineru/lib/python3.11/site-packages/vllm/tracing/otel.py", line 178, in sync_wrapper
(EngineCore pid=2805049) ERROR 09-28 11:40:07 [core.py:1140]     return func(*args, **kwargs)
(EngineCore pid=2805049) ERROR 09-28 11:40:07 [core.py:1140]            ^^^^^^^^^^^^^^^^^^^^^
(EngineCore pid=2805049) ERROR 09-28 11:40:07 [core.py:1140]   File "/gpfs/home5/sfris1/multimodal-tip-of-tongue-for-scientific-papers/.venv-mineru/lib/python3.11/site-packages/vllm/v1/engine/core.py", line 880, in __init__
(EngineCore pid=2805049) ERROR 09-28 11:40:07 [core.py:1140]     super().__init__(
(EngineCore pid=2805049) ERROR 09-28 11:40:07 [core.py:1140]   File "/gpfs/home5/sfris1/multimodal-tip-of-tongue-for-scientific-papers/.venv-mineru/lib/python3.11/site-packages/vllm/v1/engine/core.py", line 128, in __init__
(EngineCore pid=2805049) ERROR 09-28 11:40:07 [core.py:1140]     kv_cache_config = self._initialize_kv_caches(vllm_config)
(EngineCore pid=2805049) ERROR 09-28 11:40:07 [core.py:1140]                       ^^^^^^^^^^^^^^^^^^^^^^^^^^^^^^^^^^^^^^^
(EngineCore pid=2805049) ERROR 09-28 11:40:07 [core.py:1140]   File "/gpfs/home5/sfris1/multimodal-tip-of-tongue-for-scientific-papers/.venv-mineru/lib/python3.11/site-packages/vllm/tracing/otel.py", line 178, in sync_wrapper
(EngineCore pid=2805049) ERROR 09-28 11:40:07 [core.py:1140]     return func(*args, **kwargs)
(EngineCore pid=2805049) ERROR 09-28 11:40:07 [core.py:1140]            ^^^^^^^^^^^^^^^^^^^^^
(EngineCore pid=2805049) ERROR 09-28 11:40:07 [core.py:1140]   File "/gpfs/home5/sfris1/multimodal-tip-of-tongue-for-scientific-papers/.venv-mineru/lib/python3.11/site-packages/vllm/v1/engine/core.py", line 250, in _initialize_kv_caches
(EngineCore pid=2805049) ERROR 09-28 11:40:07 [core.py:1140]     available_gpu_memory = self.model_executor.determine_available_memory()
(EngineCore pid=2805049) ERROR 09-28 11:40:07 [core.py:1140]                            ^^^^^^^^^^^^^^^^^^^^^^^^^^^^^^^^^^^^^^^^^^^^^^^^
(EngineCore pid=2805049) ERROR 09-28 11:40:07 [core.py:1140]   File "/gpfs/home5/sfris1/multimodal-tip-of-tongue-for-scientific-papers/.venv-mineru/lib/python3.11/site-packages/vllm/v1/executor/abstract.py", line 147, in determine_available_memory
(EngineCore pid=2805049) ERROR 09-28 11:40:07 [core.py:1140]     return self.collective_rpc("determine_available_memory")
(EngineCore pid=2805049) ERROR 09-28 11:40:07 [core.py:1140]            ^^^^^^^^^^^^^^^^^^^^^^^^^^^^^^^^^^^^^^^^^^^^^^^^^
(EngineCore pid=2805049) ERROR 09-28 11:40:07 [core.py:1140]   File "/gpfs/home5/sfris1/multimodal-tip-of-tongue-for-scientific-papers/.venv-mineru/lib/python3.11/site-packages/vllm/v1/executor/uniproc_executor.py", line 93, in collective_rpc
(EngineCore pid=2805049) ERROR 09-28 11:40:07 [core.py:1140]     result = run_method(self.driver_worker, method, args, kwargs)
(EngineCore pid=2805049) ERROR 09-28 11:40:07 [core.py:1140]              ^^^^^^^^^^^^^^^^^^^^^^^^^^^^^^^^^^^^^^^^^^^^^^^^^^^^
(EngineCore pid=2805049) ERROR 09-28 11:40:07 [core.py:1140]   File "/gpfs/home5/sfris1/multimodal-tip-of-tongue-for-scientific-papers/.venv-mineru/lib/python3.11/site-packages/vllm/v1/serial_utils.py", line 510, in run_method
(EngineCore pid=2805049) ERROR 09-28 11:40:07 [core.py:1140]     return func(*args, **kwargs)
(EngineCore pid=2805049) ERROR 09-28 11:40:07 [core.py:1140]            ^^^^^^^^^^^^^^^^^^^^^
(EngineCore pid=2805049) ERROR 09-28 11:40:07 [core.py:1140]   File "/gpfs/home5/sfris1/multimodal-tip-of-tongue-for-scientific-papers/.venv-mineru/lib/python3.11/site-packages/torch/utils/_contextlib.py", line 124, in decorate_context
(EngineCore pid=2805049) ERROR 09-28 11:40:07 [core.py:1140]     return func(*args, **kwargs)
(EngineCore pid=2805049) ERROR 09-28 11:40:07 [core.py:1140]            ^^^^^^^^^^^^^^^^^^^^^
(EngineCore pid=2805049) ERROR 09-28 11:40:07 [core.py:1140]   File "/gpfs/home5/sfris1/multimodal-tip-of-tongue-for-scientific-papers/.venv-mineru/lib/python3.11/site-packages/vllm/v1/worker/gpu_worker.py", line 392, in determine_available_memory
(EngineCore pid=2805049) ERROR 09-28 11:40:07 [core.py:1140]     self.model_runner.profile_run()
(EngineCore pid=2805049) ERROR 09-28 11:40:07 [core.py:1140]   File "/gpfs/home5/sfris1/multimodal-tip-of-tongue-for-scientific-papers/.venv-mineru/lib/python3.11/site-packages/vllm/v1/worker/gpu_model_runner.py", line 5955, in profile_run
(EngineCore pid=2805049) ERROR 09-28 11:40:07 [core.py:1140]     output = self._dummy_sampler_run(last_hidden_states)
(EngineCore pid=2805049) ERROR 09-28 11:40:07 [core.py:1140]              ^^^^^^^^^^^^^^^^^^^^^^^^^^^^^^^^^^^^^^^^^^^
(EngineCore pid=2805049) ERROR 09-28 11:40:07 [core.py:1140]   File "/gpfs/home5/sfris1/multimodal-tip-of-tongue-for-scientific-papers/.venv-mineru/lib/python3.11/site-packages/torch/utils/_contextlib.py", line 124, in decorate_context
(EngineCore pid=2805049) ERROR 09-28 11:40:07 [core.py:1140]     return func(*args, **kwargs)
(EngineCore pid=2805049) ERROR 09-28 11:40:07 [core.py:1140]            ^^^^^^^^^^^^^^^^^^^^^
(EngineCore pid=2805049) ERROR 09-28 11:40:07 [core.py:1140]   File "/gpfs/home5/sfris1/multimodal-tip-of-tongue-for-scientific-papers/.venv-mineru/lib/python3.11/site-packages/vllm/v1/worker/gpu_model_runner.py", line 5775, in _dummy_sampler_run
(EngineCore pid=2805049) ERROR 09-28 11:40:07 [core.py:1140]     raise e
(EngineCore pid=2805049) ERROR 09-28 11:40:07 [core.py:1140]   File "/gpfs/home5/sfris1/multimodal-tip-of-tongue-for-scientific-papers/.venv-mineru/lib/python3.11/site-packages/vllm/v1/worker/gpu_model_runner.py", line 5743, in _dummy_sampler_run
(EngineCore pid=2805049) ERROR 09-28 11:40:07 [core.py:1140]     sampler_output = self.sampler(
(EngineCore pid=2805049) ERROR 09-28 11:40:07 [core.py:1140]                      ^^^^^^^^^^^^^
(EngineCore pid=2805049) ERROR 09-28 11:40:07 [core.py:1140]   File "/gpfs/home5/sfris1/multimodal-tip-of-tongue-for-scientific-papers/.venv-mineru/lib/python3.11/site-packages/torch/nn/modules/module.py", line 1779, in _wrapped_call_impl
(EngineCore pid=2805049) ERROR 09-28 11:40:07 [core.py:1140]     return self._call_impl(*args, **kwargs)
(EngineCore pid=2805049) ERROR 09-28 11:40:07 [core.py:1140]            ^^^^^^^^^^^^^^^^^^^^^^^^^^^^^^^^
(EngineCore pid=2805049) ERROR 09-28 11:40:07 [core.py:1140]   File "/gpfs/home5/sfris1/multimodal-tip-of-tongue-for-scientific-papers/.venv-mineru/lib/python3.11/site-packages/torch/nn/modules/module.py", line 1790, in _call_impl
(EngineCore pid=2805049) ERROR 09-28 11:40:07 [core.py:1140]     return forward_call(*args, **kwargs)
(EngineCore pid=2805049) ERROR 09-28 11:40:07 [core.py:1140]            ^^^^^^^^^^^^^^^^^^^^^^^^^^^^^
(EngineCore pid=2805049) ERROR 09-28 11:40:07 [core.py:1140]   File "/gpfs/home5/sfris1/multimodal-tip-of-tongue-for-scientific-papers/.venv-mineru/lib/python3.11/site-packages/vllm/v1/sample/sampler.py", line 97, in forward
(EngineCore pid=2805049) ERROR 09-28 11:40:07 [core.py:1140]     sampled, processed_logprobs = self.sample(logits, sampling_metadata)
(EngineCore pid=2805049) ERROR 09-28 11:40:07 [core.py:1140]                                   ^^^^^^^^^^^^^^^^^^^^^^^^^^^^^^^^^^^^^^
(EngineCore pid=2805049) ERROR 09-28 11:40:07 [core.py:1140]   File "/gpfs/home5/sfris1/multimodal-tip-of-tongue-for-scientific-papers/.venv-mineru/lib/python3.11/site-packages/vllm/v1/sample/sampler.py", line 272, in sample
(EngineCore pid=2805049) ERROR 09-28 11:40:07 [core.py:1140]     random_sampled, processed_logprobs = self.topk_topp_sampler(
(EngineCore pid=2805049) ERROR 09-28 11:40:07 [core.py:1140]                                          ^^^^^^^^^^^^^^^^^^^^^^^
(EngineCore pid=2805049) ERROR 09-28 11:40:07 [core.py:1140]   File "/gpfs/home5/sfris1/multimodal-tip-of-tongue-for-scientific-papers/.venv-mineru/lib/python3.11/site-packages/torch/nn/modules/module.py", line 1779, in _wrapped_call_impl
(EngineCore pid=2805049) ERROR 09-28 11:40:07 [core.py:1140]     return self._call_impl(*args, **kwargs)
(EngineCore pid=2805049) ERROR 09-28 11:40:07 [core.py:1140]            ^^^^^^^^^^^^^^^^^^^^^^^^^^^^^^^^
(EngineCore pid=2805049) ERROR 09-28 11:40:07 [core.py:1140]   File "/gpfs/home5/sfris1/multimodal-tip-of-tongue-for-scientific-papers/.venv-mineru/lib/python3.11/site-packages/torch/nn/modules/module.py", line 1790, in _call_impl
(EngineCore pid=2805049) ERROR 09-28 11:40:07 [core.py:1140]     return forward_call(*args, **kwargs)
(EngineCore pid=2805049) ERROR 09-28 11:40:07 [core.py:1140]            ^^^^^^^^^^^^^^^^^^^^^^^^^^^^^
(EngineCore pid=2805049) ERROR 09-28 11:40:07 [core.py:1140]   File "/gpfs/home5/sfris1/multimodal-tip-of-tongue-for-scientific-papers/.venv-mineru/lib/python3.11/site-packages/vllm/v1/sample/ops/topk_topp_sampler.py", line 157, in forward_cuda
(EngineCore pid=2805049) ERROR 09-28 11:40:07 [core.py:1140]     return flashinfer_sample(logits.contiguous(), k, p, generators), None
(EngineCore pid=2805049) ERROR 09-28 11:40:07 [core.py:1140]            ^^^^^^^^^^^^^^^^^^^^^^^^^^^^^^^^^^^^^^^^^^^^^^^^^^^^^^^^
(EngineCore pid=2805049) ERROR 09-28 11:40:07 [core.py:1140]   File "/gpfs/home5/sfris1/multimodal-tip-of-tongue-for-scientific-papers/.venv-mineru/lib/python3.11/site-packages/vllm/v1/sample/ops/topk_topp_sampler.py", line 447, in flashinfer_sample
(EngineCore pid=2805049) ERROR 09-28 11:40:07 [core.py:1140]     next_token_ids = flashinfer.sampling.top_k_top_p_sampling_from_logits(
(EngineCore pid=2805049) ERROR 09-28 11:40:07 [core.py:1140]                      ^^^^^^^^^^^^^^^^^^^^^^^^^^^^^^^^^^^^^^^^^^^^^^^^^^^^^
(EngineCore pid=2805049) ERROR 09-28 11:40:07 [core.py:1140]   File "/gpfs/home5/sfris1/multimodal-tip-of-tongue-for-scientific-papers/.venv-mineru/lib/python3.11/site-packages/flashinfer/sampling.py", line 1400, in top_k_top_p_sampling_from_logits
(EngineCore pid=2805049) ERROR 09-28 11:40:07 [core.py:1140]     masked_logits = top_k_mask_logits(logits, top_k)
(EngineCore pid=2805049) ERROR 09-28 11:40:07 [core.py:1140]                     ^^^^^^^^^^^^^^^^^^^^^^^^^^^^^^^^
(EngineCore pid=2805049) ERROR 09-28 11:40:07 [core.py:1140]   File "/gpfs/home5/sfris1/multimodal-tip-of-tongue-for-scientific-papers/.venv-mineru/lib/python3.11/site-packages/flashinfer/sampling.py", line 1806, in top_k_mask_logits
(EngineCore pid=2805049) ERROR 09-28 11:40:07 [core.py:1140]     return get_sampling_module().top_k_mask_logits(
(EngineCore pid=2805049) ERROR 09-28 11:40:07 [core.py:1140]            ^^^^^^^^^^^^^^^^^^^^^
(EngineCore pid=2805049) ERROR 09-28 11:40:07 [core.py:1140]   File "/gpfs/home5/sfris1/multimodal-tip-of-tongue-for-scientific-papers/.venv-mineru/lib/python3.11/site-packages/flashinfer/sampling.py", line 54, in get_sampling_module
(EngineCore pid=2805049) ERROR 09-28 11:40:07 [core.py:1140]     module = gen_sampling_module().build_and_load()
(EngineCore pid=2805049) ERROR 09-28 11:40:07 [core.py:1140]              ^^^^^^^^^^^^^^^^^^^^^^^^^^^^^^^^^^^^^^
(EngineCore pid=2805049) ERROR 09-28 11:40:07 [core.py:1140]   File "/gpfs/home5/sfris1/multimodal-tip-of-tongue-for-scientific-papers/.venv-mineru/lib/python3.11/site-packages/flashinfer/jit/core.py", line 318, in build_and_load
(EngineCore pid=2805049) ERROR 09-28 11:40:07 [core.py:1140]     self.build(verbose, need_lock=False)
(EngineCore pid=2805049) ERROR 09-28 11:40:07 [core.py:1140]   File "/gpfs/home5/sfris1/multimodal-tip-of-tongue-for-scientific-papers/.venv-mineru/lib/python3.11/site-packages/flashinfer/jit/core.py", line 303, in build
(EngineCore pid=2805049) ERROR 09-28 11:40:07 [core.py:1140]     self.write_ninja()
(EngineCore pid=2805049) ERROR 09-28 11:40:07 [core.py:1140]   File "/gpfs/home5/sfris1/multimodal-tip-of-tongue-for-scientific-papers/.venv-mineru/lib/python3.11/site-packages/flashinfer/jit/core.py", line 274, in write_ninja
(EngineCore pid=2805049) ERROR 09-28 11:40:07 [core.py:1140]     content = generate_ninja_build_for_op(
(EngineCore pid=2805049) ERROR 09-28 11:40:07 [core.py:1140]               ^^^^^^^^^^^^^^^^^^^^^^^^^^^^
(EngineCore pid=2805049) ERROR 09-28 11:40:07 [core.py:1140]   File "/gpfs/home5/sfris1/multimodal-tip-of-tongue-for-scientific-papers/.venv-mineru/lib/python3.11/site-packages/flashinfer/jit/cpp_ext.py", line 216, in generate_ninja_build_for_op
(EngineCore pid=2805049) ERROR 09-28 11:40:07 [core.py:1140]     cuda_home = get_cuda_path()
(EngineCore pid=2805049) ERROR 09-28 11:40:07 [core.py:1140]                 ^^^^^^^^^^^^^^^
(EngineCore pid=2805049) ERROR 09-28 11:40:07 [core.py:1140]   File "/gpfs/home5/sfris1/multimodal-tip-of-tongue-for-scientific-papers/.venv-mineru/lib/python3.11/site-packages/flashinfer/jit/cpp_ext.py", line 61, in get_cuda_path
(EngineCore pid=2805049) ERROR 09-28 11:40:07 [core.py:1140]     raise RuntimeError(
(EngineCore pid=2805049) ERROR 09-28 11:40:07 [core.py:1140] RuntimeError: Could not find nvcc and default cuda_home='/usr/local/cuda' doesn't exist
(EngineCore pid=2805049) Process EngineCore:
(EngineCore pid=2805049) Traceback (most recent call last):
(EngineCore pid=2805049)   File "/home/sfris1/.local/share/uv/python/cpython-3.11.14-linux-x86_64-gnu/lib/python3.11/multiprocessing/process.py", line 314, in _bootstrap
(EngineCore pid=2805049)     self.run()
(EngineCore pid=2805049)   File "/home/sfris1/.local/share/uv/python/cpython-3.11.14-linux-x86_64-gnu/lib/python3.11/multiprocessing/process.py", line 108, in run
(EngineCore pid=2805049)     self._target(*self._args, **self._kwargs)
(EngineCore pid=2805049)   File "/gpfs/home5/sfris1/multimodal-tip-of-tongue-for-scientific-papers/.venv-mineru/lib/python3.11/site-packages/vllm/v1/engine/core.py", line 1144, in run_engine_core
(EngineCore pid=2805049)     raise e
(EngineCore pid=2805049)   File "/gpfs/home5/sfris1/multimodal-tip-of-tongue-for-scientific-papers/.venv-mineru/lib/python3.11/site-packages/vllm/v1/engine/core.py", line 1114, in run_engine_core
(EngineCore pid=2805049)     engine_core = EngineCoreProc(*args, engine_index=dp_rank, **kwargs)
(EngineCore pid=2805049)                   ^^^^^^^^^^^^^^^^^^^^^^^^^^^^^^^^^^^^^^^^^^^^^^^^^^^^^
(EngineCore pid=2805049)   File "/gpfs/home5/sfris1/multimodal-tip-of-tongue-for-scientific-papers/.venv-mineru/lib/python3.11/site-packages/vllm/tracing/otel.py", line 178, in sync_wrapper
(EngineCore pid=2805049)     return func(*args, **kwargs)
(EngineCore pid=2805049)            ^^^^^^^^^^^^^^^^^^^^^
(EngineCore pid=2805049)   File "/gpfs/home5/sfris1/multimodal-tip-of-tongue-for-scientific-papers/.venv-mineru/lib/python3.11/site-packages/vllm/v1/engine/core.py", line 880, in __init__
(EngineCore pid=2805049)     super().__init__(
(EngineCore pid=2805049)   File "/gpfs/home5/sfris1/multimodal-tip-of-tongue-for-scientific-papers/.venv-mineru/lib/python3.11/site-packages/vllm/v1/engine/core.py", line 128, in __init__
(EngineCore pid=2805049)     kv_cache_config = self._initialize_kv_caches(vllm_config)
(EngineCore pid=2805049)                       ^^^^^^^^^^^^^^^^^^^^^^^^^^^^^^^^^^^^^^^
(EngineCore pid=2805049)   File "/gpfs/home5/sfris1/multimodal-tip-of-tongue-for-scientific-papers/.venv-mineru/lib/python3.11/site-packages/vllm/tracing/otel.py", line 178, in sync_wrapper
(EngineCore pid=2805049)     return func(*args, **kwargs)
(EngineCore pid=2805049)            ^^^^^^^^^^^^^^^^^^^^^
(EngineCore pid=2805049)   File "/gpfs/home5/sfris1/multimodal-tip-of-tongue-for-scientific-papers/.venv-mineru/lib/python3.11/site-packages/vllm/v1/engine/core.py", line 250, in _initialize_kv_caches
(EngineCore pid=2805049)     available_gpu_memory = self.model_executor.determine_available_memory()
(EngineCore pid=2805049)                            ^^^^^^^^^^^^^^^^^^^^^^^^^^^^^^^^^^^^^^^^^^^^^^^^
(EngineCore pid=2805049)   File "/gpfs/home5/sfris1/multimodal-tip-of-tongue-for-scientific-papers/.venv-mineru/lib/python3.11/site-packages/vllm/v1/executor/abstract.py", line 147, in determine_available_memory
(EngineCore pid=2805049)     return self.collective_rpc("determine_available_memory")
(EngineCore pid=2805049)            ^^^^^^^^^^^^^^^^^^^^^^^^^^^^^^^^^^^^^^^^^^^^^^^^^
(EngineCore pid=2805049)   File "/gpfs/home5/sfris1/multimodal-tip-of-tongue-for-scientific-papers/.venv-mineru/lib/python3.11/site-packages/vllm/v1/executor/uniproc_executor.py", line 93, in collective_rpc
(EngineCore pid=2805049)     result = run_method(self.driver_worker, method, args, kwargs)
(EngineCore pid=2805049)              ^^^^^^^^^^^^^^^^^^^^^^^^^^^^^^^^^^^^^^^^^^^^^^^^^^^^
(EngineCore pid=2805049)   File "/gpfs/home5/sfris1/multimodal-tip-of-tongue-for-scientific-papers/.venv-mineru/lib/python3.11/site-packages/vllm/v1/serial_utils.py", line 510, in run_method
(EngineCore pid=2805049)     return func(*args, **kwargs)
(EngineCore pid=2805049)            ^^^^^^^^^^^^^^^^^^^^^
(EngineCore pid=2805049)   File "/gpfs/home5/sfris1/multimodal-tip-of-tongue-for-scientific-papers/.venv-mineru/lib/python3.11/site-packages/torch/utils/_contextlib.py", line 124, in decorate_context
(EngineCore pid=2805049)     return func(*args, **kwargs)
(EngineCore pid=2805049)            ^^^^^^^^^^^^^^^^^^^^^
(EngineCore pid=2805049)   File "/gpfs/home5/sfris1/multimodal-tip-of-tongue-for-scientific-papers/.venv-mineru/lib/python3.11/site-packages/vllm/v1/worker/gpu_worker.py", line 392, in determine_available_memory
(EngineCore pid=2805049)     self.model_runner.profile_run()
(EngineCore pid=2805049)   File "/gpfs/home5/sfris1/multimodal-tip-of-tongue-for-scientific-papers/.venv-mineru/lib/python3.11/site-packages/vllm/v1/worker/gpu_model_runner.py", line 5955, in profile_run
(EngineCore pid=2805049)     output = self._dummy_sampler_run(last_hidden_states)
(EngineCore pid=2805049)              ^^^^^^^^^^^^^^^^^^^^^^^^^^^^^^^^^^^^^^^^^^^
(EngineCore pid=2805049)   File "/gpfs/home5/sfris1/multimodal-tip-of-tongue-for-scientific-papers/.venv-mineru/lib/python3.11/site-packages/torch/utils/_contextlib.py", line 124, in decorate_context
(EngineCore pid=2805049)     return func(*args, **kwargs)
(EngineCore pid=2805049)            ^^^^^^^^^^^^^^^^^^^^^
(EngineCore pid=2805049)   File "/gpfs/home5/sfris1/multimodal-tip-of-tongue-for-scientific-papers/.venv-mineru/lib/python3.11/site-packages/vllm/v1/worker/gpu_model_runner.py", line 5775, in _dummy_sampler_run
(EngineCore pid=2805049)     raise e
(EngineCore pid=2805049)   File "/gpfs/home5/sfris1/multimodal-tip-of-tongue-for-scientific-papers/.venv-mineru/lib/python3.11/site-packages/vllm/v1/worker/gpu_model_runner.py", line 5743, in _dummy_sampler_run
(EngineCore pid=2805049)     sampler_output = self.sampler(
(EngineCore pid=2805049)                      ^^^^^^^^^^^^^
(EngineCore pid=2805049)   File "/gpfs/home5/sfris1/multimodal-tip-of-tongue-for-scientific-papers/.venv-mineru/lib/python3.11/site-packages/torch/nn/modules/module.py", line 1779, in _wrapped_call_impl
(EngineCore pid=2805049)     return self._call_impl(*args, **kwargs)
(EngineCore pid=2805049)            ^^^^^^^^^^^^^^^^^^^^^^^^^^^^^^^^
(EngineCore pid=2805049)   File "/gpfs/home5/sfris1/multimodal-tip-of-tongue-for-scientific-papers/.venv-mineru/lib/python3.11/site-packages/torch/nn/modules/module.py", line 1790, in _call_impl
(EngineCore pid=2805049)     return forward_call(*args, **kwargs)
(EngineCore pid=2805049)            ^^^^^^^^^^^^^^^^^^^^^^^^^^^^^
(EngineCore pid=2805049)   File "/gpfs/home5/sfris1/multimodal-tip-of-tongue-for-scientific-papers/.venv-mineru/lib/python3.11/site-packages/vllm/v1/sample/sampler.py", line 97, in forward
(EngineCore pid=2805049)     sampled, processed_logprobs = self.sample(logits, sampling_metadata)
(EngineCore pid=2805049)                                   ^^^^^^^^^^^^^^^^^^^^^^^^^^^^^^^^^^^^^^
(EngineCore pid=2805049)   File "/gpfs/home5/sfris1/multimodal-tip-of-tongue-for-scientific-papers/.venv-mineru/lib/python3.11/site-packages/vllm/v1/sample/sampler.py", line 272, in sample
(EngineCore pid=2805049)     random_sampled, processed_logprobs = self.topk_topp_sampler(
(EngineCore pid=2805049)                                          ^^^^^^^^^^^^^^^^^^^^^^^
(EngineCore pid=2805049)   File "/gpfs/home5/sfris1/multimodal-tip-of-tongue-for-scientific-papers/.venv-mineru/lib/python3.11/site-packages/torch/nn/modules/module.py", line 1779, in _wrapped_call_impl
(EngineCore pid=2805049)     return self._call_impl(*args, **kwargs)
(EngineCore pid=2805049)            ^^^^^^^^^^^^^^^^^^^^^^^^^^^^^^^^
(EngineCore pid=2805049)   File "/gpfs/home5/sfris1/multimodal-tip-of-tongue-for-scientific-papers/.venv-mineru/lib/python3.11/site-packages/torch/nn/modules/module.py", line 1790, in _call_impl
(EngineCore pid=2805049)     return forward_call(*args, **kwargs)
(EngineCore pid=2805049)            ^^^^^^^^^^^^^^^^^^^^^^^^^^^^^
(EngineCore pid=2805049)   File "/gpfs/home5/sfris1/multimodal-tip-of-tongue-for-scientific-papers/.venv-mineru/lib/python3.11/site-packages/vllm/v1/sample/ops/topk_topp_sampler.py", line 157, in forward_cuda
(EngineCore pid=2805049)     return flashinfer_sample(logits.contiguous(), k, p, generators), None
(EngineCore pid=2805049)            ^^^^^^^^^^^^^^^^^^^^^^^^^^^^^^^^^^^^^^^^^^^^^^^^^^^^^^^^
(EngineCore pid=2805049)   File "/gpfs/home5/sfris1/multimodal-tip-of-tongue-for-scientific-papers/.venv-mineru/lib/python3.11/site-packages/vllm/v1/sample/ops/topk_topp_sampler.py", line 447, in flashinfer_sample
(EngineCore pid=2805049)     next_token_ids = flashinfer.sampling.top_k_top_p_sampling_from_logits(
(EngineCore pid=2805049)                      ^^^^^^^^^^^^^^^^^^^^^^^^^^^^^^^^^^^^^^^^^^^^^^^^^^^^^
(EngineCore pid=2805049)   File "/gpfs/home5/sfris1/multimodal-tip-of-tongue-for-scientific-papers/.venv-mineru/lib/python3.11/site-packages/flashinfer/sampling.py", line 1400, in top_k_top_p_sampling_from_logits
(EngineCore pid=2805049)     masked_logits = top_k_mask_logits(logits, top_k)
(EngineCore pid=2805049)                     ^^^^^^^^^^^^^^^^^^^^^^^^^^^^^^^^
(EngineCore pid=2805049)   File "/gpfs/home5/sfris1/multimodal-tip-of-tongue-for-scientific-papers/.venv-mineru/lib/python3.11/site-packages/flashinfer/sampling.py", line 1806, in top_k_mask_logits
(EngineCore pid=2805049)     return get_sampling_module().top_k_mask_logits(
(EngineCore pid=2805049)            ^^^^^^^^^^^^^^^^^^^^^
(EngineCore pid=2805049)   File "/gpfs/home5/sfris1/multimodal-tip-of-tongue-for-scientific-papers/.venv-mineru/lib/python3.11/site-packages/flashinfer/sampling.py", line 54, in get_sampling_module
(EngineCore pid=2805049)     module = gen_sampling_module().build_and_load()
(EngineCore pid=2805049)              ^^^^^^^^^^^^^^^^^^^^^^^^^^^^^^^^^^^^^^
(EngineCore pid=2805049)   File "/gpfs/home5/sfris1/multimodal-tip-of-tongue-for-scientific-papers/.venv-mineru/lib/python3.11/site-packages/flashinfer/jit/core.py", line 318, in build_and_load
(EngineCore pid=2805049)     self.build(verbose, need_lock=False)
(EngineCore pid=2805049)   File "/gpfs/home5/sfris1/multimodal-tip-of-tongue-for-scientific-papers/.venv-mineru/lib/python3.11/site-packages/flashinfer/jit/core.py", line 303, in build
(EngineCore pid=2805049)     self.write_ninja()
(EngineCore pid=2805049)   File "/gpfs/home5/sfris1/multimodal-tip-of-tongue-for-scientific-papers/.venv-mineru/lib/python3.11/site-packages/flashinfer/jit/core.py", line 274, in write_ninja
(EngineCore pid=2805049)     content = generate_ninja_build_for_op(
(EngineCore pid=2805049)               ^^^^^^^^^^^^^^^^^^^^^^^^^^^^
(EngineCore pid=2805049)   File "/gpfs/home5/sfris1/multimodal-tip-of-tongue-for-scientific-papers/.venv-mineru/lib/python3.11/site-packages/flashinfer/jit/cpp_ext.py", line 216, in generate_ninja_build_for_op
(EngineCore pid=2805049)     cuda_home = get_cuda_path()
(EngineCore pid=2805049)                 ^^^^^^^^^^^^^^^
(EngineCore pid=2805049)   File "/gpfs/home5/sfris1/multimodal-tip-of-tongue-for-scientific-papers/.venv-mineru/lib/python3.11/site-packages/flashinfer/jit/cpp_ext.py", line 61, in get_cuda_path
(EngineCore pid=2805049)     raise RuntimeError(
(EngineCore pid=2805049) RuntimeError: Could not find nvcc and default cuda_home='/usr/local/cuda' doesn't exist
[rank0]:[W928 11:40:08.796407587 ProcessGroupNCCL.cpp:1575] Warning: WARNING: destroy_process_group() was not called before program exit, which can leak resources. For more info, please see https://pytorch.org/docs/stable/distributed.html#shutdown (function operator())
INFO:     127.0.0.1:46116 - "GET /tasks/d86ef06f-bcab-4c3b-a7b9-bb60402c147c HTTP/1.1" 200 OK
INFO:     127.0.0.1:46112 - "GET /tasks/22060045-1940-4a75-b3eb-94f4babc330c HTTP/1.1" 200 OK
2026-09-28 11:40:09.158 | INFO     | mineru.backend.vlm.utils:enable_custom_logits_processors:56 - compute_capability: 8.0 >= 8.0 and vllm version: 0.21.0 >= 0.10.1, enable custom_logits_processors
2026-09-28 11:40:09.084 | ERROR    | __main__:_process_task:1154 - Async task failed: 10ed6a9c-b4a6-4b8c-b774-bab6c4d64e4b
Traceback (most recent call last):

  File "<frozen runpy>", line 198, in _run_module_as_main
  File "<frozen runpy>", line 88, in _run_code
  File "/gpfs/home5/sfris1/multimodal-tip-of-tongue-for-scientific-papers/.venv-mineru/lib/python3.11/site-packages/mineru/cli/fast_api.py", line 1474, in <module>
    main()
    └ <Command main>
  File "/gpfs/home5/sfris1/multimodal-tip-of-tongue-for-scientific-papers/.venv-mineru/lib/python3.11/site-packages/click/core.py", line 1631, in __call__
    return self.main(*args, **kwargs)
           │    │     │       └ {}
           │    │     └ ()
           │    └ <function Command.main at 0x14a3ba38da80>
           └ <Command main>
  File "/gpfs/home5/sfris1/multimodal-tip-of-tongue-for-scientific-papers/.venv-mineru/lib/python3.11/site-packages/click/core.py", line 1552, in main
    rv = self.invoke(ctx)
         │    │      └ <click.core.Context object at 0x14a1298ec9d0>
         │    └ <function Command.invoke at 0x14a3ba38d760>
         └ <Command main>
  File "/gpfs/home5/sfris1/multimodal-tip-of-tongue-for-scientific-papers/.venv-mineru/lib/python3.11/site-packages/click/core.py", line 1415, in invoke
    return ctx.invoke(self.callback, **ctx.params)
           │   │      │    │           │   └ {'host': '127.0.0.1', 'port': 51311, 'reload': False, 'allow_public_http_client': False, 'enable_vlm_preload': False}
           │   │      │    │           └ <click.core.Context object at 0x14a1298ec9d0>
           │   │      │    └ <function main at 0x14a1298868e0>
           │   │      └ <Command main>
           │   └ <function Context.invoke at 0x14a3ba38c900>
           └ <click.core.Context object at 0x14a1298ec9d0>
  File "/gpfs/home5/sfris1/multimodal-tip-of-tongue-for-scientific-papers/.venv-mineru/lib/python3.11/site-packages/click/core.py", line 910, in invoke
    return callback(*args, **kwargs)
           │         │       └ {'host': '127.0.0.1', 'port': 51311, 'reload': False, 'allow_public_http_client': False, 'enable_vlm_preload': False}
           │         └ ()
           └ <function main at 0x14a1298868e0>
  File "/gpfs/home5/sfris1/multimodal-tip-of-tongue-for-scientific-papers/.venv-mineru/lib/python3.11/site-packages/click/decorators.py", line 34, in new_func
    return f(get_current_context(), *args, **kwargs)
           │ │                       │       └ {'host': '127.0.0.1', 'port': 51311, 'reload': False, 'allow_public_http_client': False, 'enable_vlm_preload': False}
           │ │                       └ ()
           │ └ <function get_current_context at 0x14a3ba321620>
           └ <function main at 0x14a129886c00>
  File "/gpfs/home5/sfris1/multimodal-tip-of-tongue-for-scientific-papers/.venv-mineru/lib/python3.11/site-packages/mineru/cli/fast_api.py", line 1470, in main
    server.run()
    │      └ <function Server.run at 0x14a3ba2b0900>
    └ <uvicorn.server.Server object at 0x14a3ba259f50>
  File "/gpfs/home5/sfris1/multimodal-tip-of-tongue-for-scientific-papers/.venv-mineru/lib/python3.11/site-packages/uvicorn/server.py", line 86, in run
    return asyncio_run(self.serve(sockets=sockets), loop_factory=self.config.get_loop_factory())
           │           │    │             │                      │    │      └ <function Config.get_loop_factory at 0x14a3ba2640e0>
           │           │    │             │                      │    └ <uvicorn.config.Config object at 0x14a1298ee490>
           │           │    │             │                      └ <uvicorn.server.Server object at 0x14a3ba259f50>
           │           │    │             └ None
           │           │    └ <function Server.serve at 0x14a3ba2b09a0>
           │           └ <uvicorn.server.Server object at 0x14a3ba259f50>
           └ <function asyncio_run at 0x14a3ba211620>
  File "/gpfs/home5/sfris1/multimodal-tip-of-tongue-for-scientific-papers/.venv-mineru/lib/python3.11/site-packages/uvicorn/_compat.py", line 30, in asyncio_run
    return runner.run(main)
           │      │   └ <coroutine object Server.serve at 0x14a12992e020>
           │      └ <function Runner.run at 0x14a3ba4f4f40>
           └ <asyncio.runners.Runner object at 0x14a1298eeb10>
  File "/home/sfris1/.local/share/uv/python/cpython-3.11.14-linux-x86_64-gnu/lib/python3.11/asyncio/runners.py", line 118, in run
    return self._loop.run_until_complete(task)
           │    │     │                  └ <Task pending name='Task-1' coro=<Server.serve() running at /gpfs/home5/sfris1/multimodal-tip-of-tongue-for-scientific-papers...
           │    │     └ <cyfunction Loop.run_until_complete at 0x14a12988f400>
           │    └ <uvloop.Loop running=True closed=False debug=False>
           └ <asyncio.runners.Runner object at 0x14a1298eeb10>
> File "/gpfs/home5/sfris1/multimodal-tip-of-tongue-for-scientific-papers/.venv-mineru/lib/python3.11/site-packages/mineru/cli/fast_api.py", line 1144, in _process_task
    await self._run_task(task)
          │    │         └ AsyncParseTask(task_id='10ed6a9c-b4a6-4b8c-b774-bab6c4d64e4b', status='failed', backend='hybrid-engine', file_names=['2022.co...
          │    └ <function AsyncTaskManager._run_task at 0x14a12997ca40>
          └ <__main__.AsyncTaskManager object at 0x14a12962d810>
  File "/gpfs/home5/sfris1/multimodal-tip-of-tongue-for-scientific-papers/.venv-mineru/lib/python3.11/site-packages/mineru/cli/fast_api.py", line 1174, in _run_task
    await run_parse_job(
          └ <function run_parse_job at 0x14a129963d80>
  File "/gpfs/home5/sfris1/multimodal-tip-of-tongue-for-scientific-papers/.venv-mineru/lib/python3.11/site-packages/mineru/cli/fast_api.py", line 866, in run_parse_job
    await aio_do_parse(**parse_kwargs)
          │              └ {'output_dir': '/tmp/sfris1/mineru_27290888/tmp/local-gpu-0-mm1vfh5m/output/10ed6a9c-b4a6-4b8c-b774-bab6c4d64e4b', 'pdf_file_...
          └ <function aio_do_parse at 0x14a129960540>
  File "/gpfs/home5/sfris1/multimodal-tip-of-tongue-for-scientific-papers/.venv-mineru/lib/python3.11/site-packages/mineru/cli/common.py", line 846, in aio_do_parse
    await _async_process_hybrid(
          └ <function _async_process_hybrid at 0x14a129960360>
  File "/gpfs/home5/sfris1/multimodal-tip-of-tongue-for-scientific-papers/.venv-mineru/lib/python3.11/site-packages/mineru/cli/common.py", line 595, in _async_process_hybrid
    middle_json, infer_result = await aio_hybrid_doc_analyze(
                                      └ <function aio_doc_analyze at 0x14a102a798a0>
  File "/gpfs/home5/sfris1/multimodal-tip-of-tongue-for-scientific-papers/.venv-mineru/lib/python3.11/site-packages/mineru/backend/hybrid/hybrid_analyze.py", line 1116, in aio_doc_analyze
    predictor = await _get_model_async(backend, model_path, server_url, **kwargs)
                      │                │        │           │             └ {}
                      │                │        │           └ None
                      │                │        └ None
                      │                └ 'vllm-async-engine'
                      └ <function _get_model_async at 0x14a1b4991580>
  File "/gpfs/home5/sfris1/multimodal-tip-of-tongue-for-scientific-papers/.venv-mineru/lib/python3.11/site-packages/mineru/backend/vlm/vlm_analyze.py", line 271, in _get_model_async
    return await asyncio.to_thread(
                 │       └ <function to_thread at 0x14a3ba5127a0>
                 └ <module 'asyncio' from '/home/sfris1/.local/share/uv/python/cpython-3.11.14-linux-x86_64-gnu/lib/python3.11/asyncio/__init__....
  File "/home/sfris1/.local/share/uv/python/cpython-3.11.14-linux-x86_64-gnu/lib/python3.11/asyncio/threads.py", line 25, in to_thread
    return await loop.run_in_executor(None, func_call)
                 │    │                     └ functools.partial(<built-in method run of _contextvars.Context object at 0x14a1298ae000>, <bound method ModelSingleton.get_mo...
                 │    └ <cyfunction Loop.run_in_executor at 0x14a129598700>
                 └ <uvloop.Loop running=True closed=False debug=False>
  File "/home/sfris1/.local/share/uv/python/cpython-3.11.14-linux-x86_64-gnu/lib/python3.11/concurrent/futures/thread.py", line 58, in run
    result = self.fn(*self.args, **self.kwargs)
             │        │            └ None
             │        └ None
             └ None
  File "/gpfs/home5/sfris1/multimodal-tip-of-tongue-for-scientific-papers/.venv-mineru/lib/python3.11/site-packages/mineru/backend/vlm/vlm_analyze.py", line 174, in get_model
    vllm_async_llm = AsyncLLM.from_engine_args(AsyncEngineArgs(**kwargs))
                     │        │                │                 └ {'gpu_memory_utilization': 0.5, 'model': '/home/sfris1/.cache/huggingface/hub/models--opendatalab--MinerU2.5-Pro-2605-1.2B/sn...
                     │        │                └ <class 'vllm.engine.arg_utils.AsyncEngineArgs'>
                     │        └ <classmethod(<function AsyncLLM.from_engine_args at 0x14a0501c1440>)>
                     └ <class 'vllm.v1.engine.async_llm.AsyncLLM'>
  File "/gpfs/home5/sfris1/multimodal-tip-of-tongue-for-scientific-papers/.venv-mineru/lib/python3.11/site-packages/vllm/v1/engine/async_llm.py", line 246, in from_engine_args
    return cls(
           └ <class 'vllm.v1.engine.async_llm.AsyncLLM'>
  File "/gpfs/home5/sfris1/multimodal-tip-of-tongue-for-scientific-papers/.venv-mineru/lib/python3.11/site-packages/vllm/v1/engine/async_llm.py", line 146, in __init__
    self.engine_core = EngineCoreClient.make_async_mp_client(
    │                  │                └ <staticmethod(<function EngineCoreClient.make_async_mp_client at 0x14a06015d620>)>
    │                  └ <class 'vllm.v1.engine.core_client.EngineCoreClient'>
    └ <vllm.v1.engine.async_llm.AsyncLLM object at 0x14a00ce3d290>
  File "/gpfs/home5/sfris1/multimodal-tip-of-tongue-for-scientific-papers/.venv-mineru/lib/python3.11/site-packages/vllm/tracing/otel.py", line 178, in sync_wrapper
    return func(*args, **kwargs)
           │     │       └ {'vllm_config': VllmConfig(model_config=ModelConfig(model='/home/sfris1/.cache/huggingface/hub/models--opendatalab--MinerU2.5...
           │     └ ()
           └ <function EngineCoreClient.make_async_mp_client at 0x14a06015d4e0>
  File "/gpfs/home5/sfris1/multimodal-tip-of-tongue-for-scientific-papers/.venv-mineru/lib/python3.11/site-packages/vllm/v1/engine/core_client.py", line 130, in make_async_mp_client
    return AsyncMPClient(*client_args)
           │              └ (VllmConfig(model_config=ModelConfig(model='/home/sfris1/.cache/huggingface/hub/models--opendatalab--MinerU2.5-Pro-2605-1.2B/...
           └ <class 'vllm.v1.engine.core_client.AsyncMPClient'>
  File "/gpfs/home5/sfris1/multimodal-tip-of-tongue-for-scientific-papers/.venv-mineru/lib/python3.11/site-packages/vllm/tracing/otel.py", line 178, in sync_wrapper
    return func(*args, **kwargs)
           │     │       └ {}
           │     └ (<vllm.v1.engine.core_client.AsyncMPClient object at 0x14a00f85fe10>, VllmConfig(model_config=ModelConfig(model='/home/sfris1...
           └ <function AsyncMPClient.__init__ at 0x14a06016d940>
  File "/gpfs/home5/sfris1/multimodal-tip-of-tongue-for-scientific-papers/.venv-mineru/lib/python3.11/site-packages/vllm/v1/engine/core_client.py", line 900, in __init__
    super().__init__(
  File "/gpfs/home5/sfris1/multimodal-tip-of-tongue-for-scientific-papers/.venv-mineru/lib/python3.11/site-packages/vllm/v1/engine/core_client.py", line 535, in __init__
    with launch_core_engines(
         └ <function launch_core_engines at 0x14a060151620>
  File "/home/sfris1/.local/share/uv/python/cpython-3.11.14-linux-x86_64-gnu/lib/python3.11/contextlib.py", line 144, in __exit__
    next(self.gen)
         │    └ <generator object launch_core_engines at 0x14a027926b60>
         └ <contextlib._GeneratorContextManager object at 0x14a050dd3910>
  File "/gpfs/home5/sfris1/multimodal-tip-of-tongue-for-scientific-papers/.venv-mineru/lib/python3.11/site-packages/vllm/v1/engine/utils.py", line 1128, in launch_core_engines
    wait_for_engine_startup(
    └ <function wait_for_engine_startup at 0x14a0601516c0>
  File "/gpfs/home5/sfris1/multimodal-tip-of-tongue-for-scientific-papers/.venv-mineru/lib/python3.11/site-packages/vllm/v1/engine/utils.py", line 1187, in wait_for_engine_startup
    raise RuntimeError(

RuntimeError: Engine core initialization failed. See root cause above. Failed core proc(s): {}
INFO 09-28 11:40:09 [model.py:568] Resolved architecture: Qwen2VLForConditionalGeneration
INFO 09-28 11:40:09 [model.py:1697] Using max model len 8192
INFO 09-28 11:40:09 [kernel.py:212] Final IR op priority after setting platform defaults: IrOpPriorityConfig(rms_norm=['native'], fused_add_rms_norm=['native'])
INFO:     127.0.0.1:46320 - "POST /tasks HTTP/1.1" 202 Accepted
INFO:     127.0.0.1:46122 - "POST /tasks HTTP/1.1" 202 Accepted
2026-09-28 11:40:10.789 | INFO     | mineru.utils.engine_utils:get_vlm_engine:34 - Using vllm-async-engine as the inference engine for VLM.
[1;31m2026-09-28 11:40:11.428942286 [E:onnxruntime:Default, env.cc:298 ThreadMain] pthread_setaffinity_np failed for thread: 2805678, index: 17, mask: {18, }, error code: 22 error msg: Invalid argument. Specify the number of threads explicitly so the affinity is not set.[m
[1;31m2026-09-28 11:40:11.428943108 [E:onnxruntime:Default, env.cc:298 ThreadMain] pthread_setaffinity_np failed for thread: 2805679, index: 18, mask: {19, }, error code: 22 error msg: Invalid argument. Specify the number of threads explicitly so the affinity is not set.[m
[1;31m2026-09-28 11:40:11.436839097 [E:onnxruntime:Default, env.cc:298 ThreadMain] pthread_setaffinity_np failed for thread: 2805714, index: 53, mask: {54, }, error code: 22 error msg: Invalid argument. Specify the number of threads explicitly so the affinity is not set.[m
[1;31m2026-09-28 11:40:11.436869792 [E:onnxruntime:Default, env.cc:298 ThreadMain] pthread_setaffinity_np failed for thread: 2805686, index: 25, mask: {26, }, error code: 22 error msg: Invalid argument. Specify the number of threads explicitly so the affinity is not set.[m
[1;31m2026-09-28 11:40:11.438767132 [E:onnxruntime:Default, env.cc:298 ThreadMain] pthread_setaffinity_np failed for thread: 2805696, index: 35, mask: {36, }, error code: 22 error msg: Invalid argument. Specify the number of threads explicitly so the affinity is not set.[m
[1;31m2026-09-28 11:40:11.440764234 [E:onnxruntime:Default, env.cc:298 ThreadMain] pthread_setaffinity_np failed for thread: 2805715, index: 54, mask: {55, }, error code: 22 error msg: Invalid argument. Specify the number of threads explicitly so the affinity is not set.[m
[1;31m2026-09-28 11:40:11.441793257 [E:onnxruntime:Default, env.cc:298 ThreadMain] pthread_setaffinity_np failed for thread: 2805681, index: 20, mask: {21, }, error code: 22 error msg: Invalid argument. Specify the number of threads explicitly so the affinity is not set.[m
[1;31m2026-09-28 11:40:11.444798482 [E:onnxruntime:Default, env.cc:298 ThreadMain] pthread_setaffinity_np failed for thread: 2805717, index: 56, mask: {57, }, error code: 22 error msg: Invalid argument. Specify the number of threads explicitly so the affinity is not set.[m
[1;31m2026-09-28 11:40:11.444853176 [E:onnxruntime:Default, env.cc:298 ThreadMain] pthread_setaffinity_np failed for thread: 2805693, index: 32, mask: {33, }, error code: 22 error msg: Invalid argument. Specify the number of threads explicitly so the affinity is not set.[m
[1;31m2026-09-28 11:40:11.447782519 [E:onnxruntime:Default, env.cc:298 ThreadMain] pthread_setaffinity_np failed for thread: 2805712, index: 51, mask: {52, }, error code: 22 error msg: Invalid argument. Specify the number of threads explicitly so the affinity is not set.[m
[1;31m2026-09-28 11:40:11.448787850 [E:onnxruntime:Default, env.cc:298 ThreadMain] pthread_setaffinity_np failed for thread: 2805687, index: 26, mask: {27, }, error code: 22 error msg: Invalid argument. Specify the number of threads explicitly so the affinity is not set.[m
[1;31m2026-09-28 11:40:11.448797329 [E:onnxruntime:Default, env.cc:298 ThreadMain] pthread_setaffinity_np failed for thread: 2805719, index: 58, mask: {59, }, error code: 22 error msg: Invalid argument. Specify the number of threads explicitly so the affinity is not set.[m
[1;31m2026-09-28 11:40:11.452760229 [E:onnxruntime:Default, env.cc:298 ThreadMain] pthread_setaffinity_np failed for thread: 2805720, index: 59, mask: {60, }, error code: 22 error msg: Invalid argument. Specify the number of threads explicitly so the affinity is not set.[m
[1;31m2026-09-28 11:40:11.456756144 [E:onnxruntime:Default, env.cc:298 ThreadMain] pthread_setaffinity_np failed for thread: 2805721, index: 60, mask: {61, }, error code: 22 error msg: Invalid argument. Specify the number of threads explicitly so the affinity is not set.[m
[1;31m2026-09-28 11:40:11.460761898 [E:onnxruntime:Default, env.cc:298 ThreadMain] pthread_setaffinity_np failed for thread: 2805722, index: 61, mask: {62, }, error code: 22 error msg: Invalid argument. Specify the number of threads explicitly so the affinity is not set.[m
[1;31m2026-09-28 11:40:11.463758822 [E:onnxruntime:Default, env.cc:298 ThreadMain] pthread_setaffinity_np failed for thread: 2805708, index: 47, mask: {48, }, error code: 22 error msg: Invalid argument. Specify the number of threads explicitly so the affinity is not set.[m
[1;31m2026-09-28 11:40:11.464773690 [E:onnxruntime:Default, env.cc:298 ThreadMain] pthread_setaffinity_np failed for thread: 2805692, index: 31, mask: {32, }, error code: 22 error msg: Invalid argument. Specify the number of threads explicitly so the affinity is not set.[m
[1;31m2026-09-28 11:40:11.464796097 [E:onnxruntime:Default, env.cc:298 ThreadMain] pthread_setaffinity_np failed for thread: 2805684, index: 23, mask: {24, }, error code: 22 error msg: Invalid argument. Specify the number of threads explicitly so the affinity is not set.[m
[1;31m2026-09-28 11:40:11.464811078 [E:onnxruntime:Default, env.cc:298 ThreadMain] pthread_setaffinity_np failed for thread: 2805703, index: 42, mask: {43, }, error code: 22 error msg: Invalid argument. Specify the number of threads explicitly so the affinity is not set.[m
[1;31m2026-09-28 11:40:11.464828706 [E:onnxruntime:Default, env.cc:298 ThreadMain] pthread_setaffinity_np failed for thread: 2805701, index: 40, mask: {41, }, error code: 22 error msg: Invalid argument. Specify the number of threads explicitly so the affinity is not set.[m
[1;31m2026-09-28 11:40:11.464859885 [E:onnxruntime:Default, env.cc:298 ThreadMain] pthread_setaffinity_np failed for thread: 2805700, index: 39, mask: {40, }, error code: 22 error msg: Invalid argument. Specify the number of threads explicitly so the affinity is not set.[m
[1;31m2026-09-28 11:40:11.464892885 [E:onnxruntime:Default, env.cc:298 ThreadMain] pthread_setaffinity_np failed for thread: 2805695, index: 34, mask: {35, }, error code: 22 error msg: Invalid argument. Specify the number of threads explicitly so the affinity is not set.[m
[1;31m2026-09-28 11:40:11.464925897 [E:onnxruntime:Default, env.cc:298 ThreadMain] pthread_setaffinity_np failed for thread: 2805702, index: 41, mask: {42, }, error code: 22 error msg: Invalid argument. Specify the number of threads explicitly so the affinity is not set.[m
[1;31m2026-09-28 11:40:11.467764186 [E:onnxruntime:Default, env.cc:298 ThreadMain] pthread_setaffinity_np failed for thread: 2805723, index: 62, mask: {63, }, error code: 22 error msg: Invalid argument. Specify the number of threads explicitly so the affinity is not set.[m
[1;31m2026-09-28 11:40:11.469757106 [E:onnxruntime:Default, env.cc:298 ThreadMain] pthread_setaffinity_np failed for thread: 2805682, index: 21, mask: {22, }, error code: 22 error msg: Invalid argument. Specify the number of threads explicitly so the affinity is not set.[m
[1;31m2026-09-28 11:40:11.471761129 [E:onnxruntime:Default, env.cc:298 ThreadMain] pthread_setaffinity_np failed for thread: 2805724, index: 63, mask: {64, }, error code: 22 error msg: Invalid argument. Specify the number of threads explicitly so the affinity is not set.[m
[1;31m2026-09-28 11:40:11.473826514 [E:onnxruntime:Default, env.cc:298 ThreadMain] pthread_setaffinity_np failed for thread: 2805731, index: 70, mask: {71, }, error code: 22 error msg: Invalid argument. Specify the number of threads explicitly so the affinity is not set.[m
[1;31m2026-09-28 11:40:11.474759197 [E:onnxruntime:Default, env.cc:298 ThreadMain] pthread_setaffinity_np failed for thread: 2805683, index: 22, mask: {23, }, error code: 22 error msg: Invalid argument. Specify the number of threads explicitly so the affinity is not set.[m
[1;31m2026-09-28 11:40:11.476832216 [E:onnxruntime:Default, env.cc:298 ThreadMain] pthread_setaffinity_np failed for thread: 2805728, index: 67, mask: {68, }, error code: 22 error msg: Invalid argument. Specify the number of threads explicitly so the affinity is not set.[m
[1;31m2026-09-28 11:40:11.477762044 [E:onnxruntime:Default, env.cc:298 ThreadMain] pthread_setaffinity_np failed for thread: 2805699, index: 38, mask: {39, }, error code: 22 error msg: Invalid argument. Specify the number of threads explicitly so the affinity is not set.[m
[1;31m2026-09-28 11:40:11.478766644 [E:onnxruntime:Default, env.cc:298 ThreadMain] pthread_setaffinity_np failed for thread: 2805727, index: 66, mask: {67, }, error code: 22 error msg: Invalid argument. Specify the number of threads explicitly so the affinity is not set.[m
[1;31m2026-09-28 11:40:11.482852215 [E:onnxruntime:Default, env.cc:298 ThreadMain] pthread_setaffinity_np failed for thread: 2805730, index: 69, mask: {70, }, error code: 22 error msg: Invalid argument. Specify the number of threads explicitly so the affinity is not set.[m
[1;31m2026-09-28 11:40:11.483759757 [E:onnxruntime:Default, env.cc:298 ThreadMain] pthread_setaffinity_np failed for thread: 2805726, index: 65, mask: {66, }, error code: 22 error msg: Invalid argument. Specify the number of threads explicitly so the affinity is not set.[m
[1;31m2026-09-28 11:40:11.486769689 [E:onnxruntime:Default, env.cc:298 ThreadMain] pthread_setaffinity_np failed for thread: 2805688, index: 27, mask: {28, }, error code: 22 error msg: Invalid argument. Specify the number of threads explicitly so the affinity is not set.[m
[1;31m2026-09-28 11:40:11.486776474 [E:onnxruntime:Default, env.cc:298 ThreadMain] pthread_setaffinity_np failed for thread: 2805707, index: 46, mask: {47, }, error code: 22 error msg: Invalid argument. Specify the number of threads explicitly so the affinity is not set.[m
[1;31m2026-09-28 11:40:11.486789702 [E:onnxruntime:Default, env.cc:298 ThreadMain] pthread_setaffinity_np failed for thread: 2805704, index: 43, mask: {44, }, error code: 22 error msg: Invalid argument. Specify the number of threads explicitly so the affinity is not set.[m
[1;31m2026-09-28 11:40:11.486814969 [E:onnxruntime:Default, env.cc:298 ThreadMain] pthread_setaffinity_np failed for thread: 2805711, index: 50, mask: {51, }, error code: 22 error msg: Invalid argument. Specify the number of threads explicitly so the affinity is not set.[m
[1;31m2026-09-28 11:40:11.490747571 [E:onnxruntime:Default, env.cc:298 ThreadMain] pthread_setaffinity_np failed for thread: 2805690, index: 29, mask: {30, }, error code: 22 error msg: Invalid argument. Specify the number of threads explicitly so the affinity is not set.[m
[1;31m2026-09-28 11:40:11.486780478 [E:onnxruntime:Default, env.cc:298 ThreadMain] pthread_setaffinity_np failed for thread: 2805706, index: 45, mask: {46, }, error code: 22 error msg: Invalid argument. Specify the number of threads explicitly so the affinity is not set.[m
[1;31m2026-09-28 11:40:11.486772357 [E:onnxruntime:Default, env.cc:298 ThreadMain] pthread_setaffinity_np failed for thread: 2805689, index: 28, mask: {29, }, error code: 22 error msg: Invalid argument. Specify the number of threads explicitly so the affinity is not set.[m
[1;31m2026-09-28 11:40:11.486799834 [E:onnxruntime:Default, env.cc:298 ThreadMain] pthread_setaffinity_np failed for thread: 2805709, index: 48, mask: {49, }, error code: 22 error msg: Invalid argument. Specify the number of threads explicitly so the affinity is not set.[m
[1;31m2026-09-28 11:40:11.486783485 [E:onnxruntime:Default, env.cc:298 ThreadMain] pthread_setaffinity_np failed for thread: 2805705, index: 44, mask: {45, }, error code: 22 error msg: Invalid argument. Specify the number of threads explicitly so the affinity is not set.[m
[1;31m2026-09-28 11:40:11.502747064 [E:onnxruntime:Default, env.cc:298 ThreadMain] pthread_setaffinity_np failed for thread: 2805697, index: 36, mask: {37, }, error code: 22 error msg: Invalid argument. Specify the number of threads explicitly so the affinity is not set.[m
[1;31m2026-09-28 11:40:11.506745286 [E:onnxruntime:Default, env.cc:298 ThreadMain] pthread_setaffinity_np failed for thread: 2805694, index: 33, mask: {34, }, error code: 22 error msg: Invalid argument. Specify the number of threads explicitly so the affinity is not set.[m
[1;31m2026-09-28 11:40:11.510745388 [E:onnxruntime:Default, env.cc:298 ThreadMain] pthread_setaffinity_np failed for thread: 2805680, index: 19, mask: {20, }, error code: 22 error msg: Invalid argument. Specify the number of threads explicitly so the affinity is not set.[m
[1;31m2026-09-28 11:40:11.511771025 [E:onnxruntime:Default, env.cc:298 ThreadMain] pthread_setaffinity_np failed for thread: 2805718, index: 57, mask: {58, }, error code: 22 error msg: Invalid argument. Specify the number of threads explicitly so the affinity is not set.[m
[1;31m2026-09-28 11:40:11.511795176 [E:onnxruntime:Default, env.cc:298 ThreadMain] pthread_setaffinity_np failed for thread: 2805698, index: 37, mask: {38, }, error code: 22 error msg: Invalid argument. Specify the number of threads explicitly so the affinity is not set.[m
[1;31m2026-09-28 11:40:11.511826334 [E:onnxruntime:Default, env.cc:298 ThreadMain] pthread_setaffinity_np failed for thread: 2805710, index: 49, mask: {50, }, error code: 22 error msg: Invalid argument. Specify the number of threads explicitly so the affinity is not set.[m
[1;31m2026-09-28 11:40:11.524759325 [E:onnxruntime:Default, env.cc:298 ThreadMain] pthread_setaffinity_np failed for thread: 2805716, index: 55, mask: {56, }, error code: 22 error msg: Invalid argument. Specify the number of threads explicitly so the affinity is not set.[m
[1;31m2026-09-28 11:40:11.533798738 [E:onnxruntime:Default, env.cc:298 ThreadMain] pthread_setaffinity_np failed for thread: 2805685, index: 24, mask: {25, }, error code: 22 error msg: Invalid argument. Specify the number of threads explicitly so the affinity is not set.[m
[1;31m2026-09-28 11:40:11.533804878 [E:onnxruntime:Default, env.cc:298 ThreadMain] pthread_setaffinity_np failed for thread: 2805691, index: 30, mask: {31, }, error code: 22 error msg: Invalid argument. Specify the number of threads explicitly so the affinity is not set.[m
[1;31m2026-09-28 11:40:11.533799567 [E:onnxruntime:Default, env.cc:298 ThreadMain] pthread_setaffinity_np failed for thread: 2805713, index: 52, mask: {53, }, error code: 22 error msg: Invalid argument. Specify the number of threads explicitly so the affinity is not set.[m
[1;31m2026-09-28 11:40:11.533816114 [E:onnxruntime:Default, env.cc:298 ThreadMain] pthread_setaffinity_np failed for thread: 2805725, index: 64, mask: {65, }, error code: 22 error msg: Invalid argument. Specify the number of threads explicitly so the affinity is not set.[m
[1;31m2026-09-28 11:40:11.540748585 [E:onnxruntime:Default, env.cc:298 ThreadMain] pthread_setaffinity_np failed for thread: 2805729, index: 68, mask: {69, }, error code: 22 error msg: Invalid argument. Specify the number of threads explicitly so the affinity is not set.[m
WARNING 09-28 11:40:17 [config.py:70] Support for Transformers v4 is deprecated. The Transformers v4 codepath will become unmaintained in vLLM v0.22.0 and will be removed in vLLM v0.24.0. Please upgrade to Transformers v5: pip install --upgrade transformers
(EngineCore pid=2805608) INFO 09-28 11:40:18 [core.py:109] Initializing a V1 LLM engine (v0.21.0) with config: model='/home/sfris1/.cache/huggingface/hub/models--opendatalab--MinerU2.5-Pro-2605-1.2B/snapshots/bff20d4ae2bf202df9f45284b4d43681555a97ed', speculative_config=None, tokenizer='/home/sfris1/.cache/huggingface/hub/models--opendatalab--MinerU2.5-Pro-2605-1.2B/snapshots/bff20d4ae2bf202df9f45284b4d43681555a97ed', skip_tokenizer_init=False, tokenizer_mode=auto, revision=None, tokenizer_revision=None, trust_remote_code=False, dtype=torch.bfloat16, max_seq_len=8192, download_dir=None, load_format=auto, tensor_parallel_size=1, pipeline_parallel_size=1, data_parallel_size=1, decode_context_parallel_size=1, dcp_comm_backend=ag_rs, disable_custom_all_reduce=False, quantization=None, quantization_config=None, enforce_eager=False, enable_return_routed_experts=False, kv_cache_dtype=auto, device_config=cuda, structured_outputs_config=StructuredOutputsConfig(backend='auto', disable_any_whitespace=False, disable_additional_properties=False, reasoning_parser='', reasoning_parser_plugin='', enable_in_reasoning=False), observability_config=ObservabilityConfig(show_hidden_metrics_for_version=None, otlp_traces_endpoint=None, collect_detailed_traces=None, kv_cache_metrics=False, kv_cache_metrics_sample=0.01, cudagraph_metrics=False, enable_layerwise_nvtx_tracing=False, enable_mfu_metrics=False, enable_mm_processor_stats=False, enable_logging_iteration_details=False), seed=0, served_model_name=/home/sfris1/.cache/huggingface/hub/models--opendatalab--MinerU2.5-Pro-2605-1.2B/snapshots/bff20d4ae2bf202df9f45284b4d43681555a97ed, enable_prefix_caching=True, enable_chunked_prefill=True, pooler_config=None, compilation_config={'mode': <CompilationMode.VLLM_COMPILE: 3>, 'debug_dump_path': None, 'cache_dir': '', 'compile_cache_save_format': 'binary', 'backend': 'inductor', 'custom_ops': ['none'], 'ir_enable_torch_wrap': True, 'splitting_ops': ['vllm::unified_attention_with_output', 'vllm::unified_mla_attention_with_output', 'vllm::mamba_mixer2', 'vllm::mamba_mixer', 'vllm::short_conv', 'vllm::linear_attention', 'vllm::plamo2_mamba_mixer', 'vllm::gdn_attention_core', 'vllm::gdn_attention_core_xpu', 'vllm::olmo_hybrid_gdn_full_forward', 'vllm::kda_attention', 'vllm::sparse_attn_indexer', 'vllm::rocm_aiter_sparse_attn_indexer', 'vllm::deepseek_v4_attention', 'vllm::unified_kv_cache_update', 'vllm::unified_mla_kv_cache_update'], 'compile_mm_encoder': False, 'cudagraph_mm_encoder': False, 'encoder_cudagraph_token_budgets': [], 'encoder_cudagraph_max_vision_items_per_batch': 0, 'encoder_cudagraph_max_frames_per_batch': None, 'compile_sizes': [], 'compile_ranges_endpoints': [2048], 'inductor_compile_config': {'enable_auto_functionalized_v2': False, 'size_asserts': False, 'alignment_asserts': False, 'scalar_asserts': False, 'combo_kernels': True, 'benchmark_combo_kernel': True}, 'inductor_passes': {}, 'cudagraph_mode': <CUDAGraphMode.FULL_AND_PIECEWISE: (2, 1)>, 'cudagraph_num_of_warmups': 1, 'cudagraph_capture_sizes': [1, 2, 4, 8, 16, 24, 32, 40, 48, 56, 64, 72, 80, 88, 96, 104, 112, 120, 128, 136, 144, 152, 160, 168, 176, 184, 192, 200, 208, 216, 224, 232, 240, 248, 256], 'cudagraph_copy_inputs': False, 'cudagraph_specialize_lora': True, 'use_inductor_graph_partition': False, 'pass_config': {'fuse_norm_quant': False, 'fuse_act_quant': False, 'fuse_attn_quant': False, 'enable_sp': False, 'fuse_gemm_comms': False, 'fuse_allreduce_rms': False, 'fuse_act_padding': False}, 'max_cudagraph_capture_size': 256, 'dynamic_shapes_config': {'type': <DynamicShapesType.BACKED: 'backed'>, 'evaluate_guards': False, 'assume_32_bit_indexing': False}, 'local_cache_dir': None, 'fast_moe_cold_start': False, 'static_all_moe_layers': []}, kernel_config=KernelConfig(ir_op_priority=IrOpPriorityConfig(rms_norm=['native'], fused_add_rms_norm=['native']), enable_flashinfer_autotune=False, moe_backend='auto')
(EngineCore pid=2805608) INFO 09-28 11:40:20 [parallel_state.py:1410] world_size=1 rank=0 local_rank=0 distributed_init_method=tcp://145.136.62.28:33807 backend=nccl
(EngineCore pid=2805608) INFO 09-28 11:40:20 [parallel_state.py:1723] rank 0 in world size 1 is assigned as DP rank 0, PP rank 0, PCP rank 0, TP rank 0, EP rank N/A, EPLB rank N/A
(EngineCore pid=2805608) INFO 09-28 11:40:21 [topk_topp_sampler.py:45] Using FlashInfer for top-p & top-k sampling.
(EngineCore pid=2805608) The image processor of type `Qwen2VLImageProcessor` is now loaded as a fast processor by default, even if the model checkpoint was saved with a slow processor. This is a breaking change and may produce slightly different outputs. To continue using the slow processor, instantiate this class with `use_fast=False`. Note that this behavior will be extended to all models in a future release.
(EngineCore pid=2805608) INFO 09-28 11:40:24 [gpu_model_runner.py:4857] Starting to load model /home/sfris1/.cache/huggingface/hub/models--opendatalab--MinerU2.5-Pro-2605-1.2B/snapshots/bff20d4ae2bf202df9f45284b4d43681555a97ed...
(EngineCore pid=2805608) INFO 09-28 11:40:24 [cuda.py:427] Using backend AttentionBackendEnum.FLASH_ATTN for vit attention
(EngineCore pid=2805608) INFO 09-28 11:40:24 [mm_encoder_attention.py:372] Using AttentionBackendEnum.FLASH_ATTN for MMEncoderAttention.
(EngineCore pid=2805608) INFO 09-28 11:40:24 [vllm.py:886] Asynchronous scheduling is enabled.
(EngineCore pid=2805608) INFO 09-28 11:40:24 [kernel.py:212] Final IR op priority after setting platform defaults: IrOpPriorityConfig(rms_norm=['native'], fused_add_rms_norm=['native'])
(EngineCore pid=2805608) INFO 09-28 11:40:24 [cuda.py:372] Using FLASH_ATTN attention backend out of potential backends: ['FLASH_ATTN', 'FLASHINFER', 'TRITON_ATTN', 'FLEX_ATTENTION'].
(EngineCore pid=2805608) INFO 09-28 11:40:24 [flash_attn.py:641] Using FlashAttention version 2
(EngineCore pid=2805608) INFO 09-28 11:40:25 [weight_utils.py:938] Filesystem type for checkpoints: GPFS. Checkpoint size: 2.15 GiB. Available RAM: 440.48 GiB.
(EngineCore pid=2805608) INFO 09-28 11:40:25 [weight_utils.py:961] Auto-prefetch is disabled because the filesystem (GPFS) is not a recognized network FS (NFS/Lustre). If you want to force prefetching, start vLLM with --safetensors-load-strategy=prefetch.
(EngineCore pid=2805608) Loading safetensors checkpoint shards:   0% Completed | 0/1 [00:00<?, ?it/s]
(EngineCore pid=2805608) Loading safetensors checkpoint shards: 100% Completed | 1/1 [00:01<00:00,  1.20s/it]
(EngineCore pid=2805608) Loading safetensors checkpoint shards: 100% Completed | 1/1 [00:01<00:00,  1.20s/it]
(EngineCore pid=2805608) 
(EngineCore pid=2805608) INFO 09-28 11:40:26 [default_loader.py:397] Loading weights took 1.25 seconds
(EngineCore pid=2805608) INFO 09-28 11:40:26 [gpu_model_runner.py:4959] Model loading took 2.16 GiB memory and 1.636981 seconds
(EngineCore pid=2805608) INFO 09-28 11:40:27 [gpu_model_runner.py:5920] Encoder cache will be initialized with a budget of 8192 tokens, and profiled with 1 video items of the maximum feature size.
(EngineCore pid=2805608) INFO 09-28 11:40:30 [backends.py:1089] Using cache directory: /home/sfris1/.cache/vllm/torch_compile_cache/557eaef9a3/rank_0_0/backbone for vLLM's torch.compile
(EngineCore pid=2805608) INFO 09-28 11:40:30 [backends.py:1148] Dynamo bytecode transform time: 2.45 s
(EngineCore pid=2805608) INFO 09-28 11:40:32 [backends.py:292] Directly load the compiled graph(s) for compile range (1, 2048) from the cache, took 1.200 s
(EngineCore pid=2805608) INFO 09-28 11:40:32 [decorators.py:311] Directly load AOT compilation from path /home/sfris1/.cache/vllm/torch_compile_cache/torch_aot_compile/9fc9def3a1736e8298ba738d46590ca1ad781b4ad811c4a7c19562d6033c953c/rank_0_0/model
(EngineCore pid=2805608) INFO 09-28 11:40:32 [monitor.py:53] torch.compile took 3.91 s in total
(EngineCore pid=2805608) INFO 09-28 11:40:32 [monitor.py:81] Initial profiling/warmup run took 0.01 s
(EngineCore pid=2805608) ERROR 09-28 11:40:32 [core.py:1140] EngineCore failed to start.
(EngineCore pid=2805608) ERROR 09-28 11:40:32 [core.py:1140] Traceback (most recent call last):
(EngineCore pid=2805608) ERROR 09-28 11:40:32 [core.py:1140]   File "/gpfs/home5/sfris1/multimodal-tip-of-tongue-for-scientific-papers/.venv-mineru/lib/python3.11/site-packages/vllm/v1/engine/core.py", line 1114, in run_engine_core
(EngineCore pid=2805608) ERROR 09-28 11:40:32 [core.py:1140]     engine_core = EngineCoreProc(*args, engine_index=dp_rank, **kwargs)
(EngineCore pid=2805608) ERROR 09-28 11:40:32 [core.py:1140]                   ^^^^^^^^^^^^^^^^^^^^^^^^^^^^^^^^^^^^^^^^^^^^^^^^^^^^^
(EngineCore pid=2805608) ERROR 09-28 11:40:32 [core.py:1140]   File "/gpfs/home5/sfris1/multimodal-tip-of-tongue-for-scientific-papers/.venv-mineru/lib/python3.11/site-packages/vllm/tracing/otel.py", line 178, in sync_wrapper
(EngineCore pid=2805608) ERROR 09-28 11:40:32 [core.py:1140]     return func(*args, **kwargs)
(EngineCore pid=2805608) ERROR 09-28 11:40:32 [core.py:1140]            ^^^^^^^^^^^^^^^^^^^^^
(EngineCore pid=2805608) ERROR 09-28 11:40:32 [core.py:1140]   File "/gpfs/home5/sfris1/multimodal-tip-of-tongue-for-scientific-papers/.venv-mineru/lib/python3.11/site-packages/vllm/v1/engine/core.py", line 880, in __init__
(EngineCore pid=2805608) ERROR 09-28 11:40:32 [core.py:1140]     super().__init__(
(EngineCore pid=2805608) ERROR 09-28 11:40:32 [core.py:1140]   File "/gpfs/home5/sfris1/multimodal-tip-of-tongue-for-scientific-papers/.venv-mineru/lib/python3.11/site-packages/vllm/v1/engine/core.py", line 128, in __init__
(EngineCore pid=2805608) ERROR 09-28 11:40:32 [core.py:1140]     kv_cache_config = self._initialize_kv_caches(vllm_config)
(EngineCore pid=2805608) ERROR 09-28 11:40:32 [core.py:1140]                       ^^^^^^^^^^^^^^^^^^^^^^^^^^^^^^^^^^^^^^^
(EngineCore pid=2805608) ERROR 09-28 11:40:32 [core.py:1140]   File "/gpfs/home5/sfris1/multimodal-tip-of-tongue-for-scientific-papers/.venv-mineru/lib/python3.11/site-packages/vllm/tracing/otel.py", line 178, in sync_wrapper
(EngineCore pid=2805608) ERROR 09-28 11:40:32 [core.py:1140]     return func(*args, **kwargs)
(EngineCore pid=2805608) ERROR 09-28 11:40:32 [core.py:1140]            ^^^^^^^^^^^^^^^^^^^^^
(EngineCore pid=2805608) ERROR 09-28 11:40:32 [core.py:1140]   File "/gpfs/home5/sfris1/multimodal-tip-of-tongue-for-scientific-papers/.venv-mineru/lib/python3.11/site-packages/vllm/v1/engine/core.py", line 250, in _initialize_kv_caches
(EngineCore pid=2805608) ERROR 09-28 11:40:32 [core.py:1140]     available_gpu_memory = self.model_executor.determine_available_memory()
(EngineCore pid=2805608) ERROR 09-28 11:40:32 [core.py:1140]                            ^^^^^^^^^^^^^^^^^^^^^^^^^^^^^^^^^^^^^^^^^^^^^^^^
(EngineCore pid=2805608) ERROR 09-28 11:40:32 [core.py:1140]   File "/gpfs/home5/sfris1/multimodal-tip-of-tongue-for-scientific-papers/.venv-mineru/lib/python3.11/site-packages/vllm/v1/executor/abstract.py", line 147, in determine_available_memory
(EngineCore pid=2805608) ERROR 09-28 11:40:32 [core.py:1140]     return self.collective_rpc("determine_available_memory")
(EngineCore pid=2805608) ERROR 09-28 11:40:32 [core.py:1140]            ^^^^^^^^^^^^^^^^^^^^^^^^^^^^^^^^^^^^^^^^^^^^^^^^^
(EngineCore pid=2805608) ERROR 09-28 11:40:32 [core.py:1140]   File "/gpfs/home5/sfris1/multimodal-tip-of-tongue-for-scientific-papers/.venv-mineru/lib/python3.11/site-packages/vllm/v1/executor/uniproc_executor.py", line 93, in collective_rpc
(EngineCore pid=2805608) ERROR 09-28 11:40:32 [core.py:1140]     result = run_method(self.driver_worker, method, args, kwargs)
(EngineCore pid=2805608) ERROR 09-28 11:40:32 [core.py:1140]              ^^^^^^^^^^^^^^^^^^^^^^^^^^^^^^^^^^^^^^^^^^^^^^^^^^^^
(EngineCore pid=2805608) ERROR 09-28 11:40:32 [core.py:1140]   File "/gpfs/home5/sfris1/multimodal-tip-of-tongue-for-scientific-papers/.venv-mineru/lib/python3.11/site-packages/vllm/v1/serial_utils.py", line 510, in run_method
(EngineCore pid=2805608) ERROR 09-28 11:40:32 [core.py:1140]     return func(*args, **kwargs)
(EngineCore pid=2805608) ERROR 09-28 11:40:32 [core.py:1140]            ^^^^^^^^^^^^^^^^^^^^^
(EngineCore pid=2805608) ERROR 09-28 11:40:32 [core.py:1140]   File "/gpfs/home5/sfris1/multimodal-tip-of-tongue-for-scientific-papers/.venv-mineru/lib/python3.11/site-packages/torch/utils/_contextlib.py", line 124, in decorate_context
(EngineCore pid=2805608) ERROR 09-28 11:40:32 [core.py:1140]     return func(*args, **kwargs)
(EngineCore pid=2805608) ERROR 09-28 11:40:32 [core.py:1140]            ^^^^^^^^^^^^^^^^^^^^^
(EngineCore pid=2805608) ERROR 09-28 11:40:32 [core.py:1140]   File "/gpfs/home5/sfris1/multimodal-tip-of-tongue-for-scientific-papers/.venv-mineru/lib/python3.11/site-packages/vllm/v1/worker/gpu_worker.py", line 392, in determine_available_memory
(EngineCore pid=2805608) ERROR 09-28 11:40:32 [core.py:1140]     self.model_runner.profile_run()
(EngineCore pid=2805608) ERROR 09-28 11:40:32 [core.py:1140]   File "/gpfs/home5/sfris1/multimodal-tip-of-tongue-for-scientific-papers/.venv-mineru/lib/python3.11/site-packages/vllm/v1/worker/gpu_model_runner.py", line 5955, in profile_run
(EngineCore pid=2805608) ERROR 09-28 11:40:32 [core.py:1140]     output = self._dummy_sampler_run(last_hidden_states)
(EngineCore pid=2805608) ERROR 09-28 11:40:32 [core.py:1140]              ^^^^^^^^^^^^^^^^^^^^^^^^^^^^^^^^^^^^^^^^^^^
(EngineCore pid=2805608) ERROR 09-28 11:40:32 [core.py:1140]   File "/gpfs/home5/sfris1/multimodal-tip-of-tongue-for-scientific-papers/.venv-mineru/lib/python3.11/site-packages/torch/utils/_contextlib.py", line 124, in decorate_context
(EngineCore pid=2805608) ERROR 09-28 11:40:32 [core.py:1140]     return func(*args, **kwargs)
(EngineCore pid=2805608) ERROR 09-28 11:40:32 [core.py:1140]            ^^^^^^^^^^^^^^^^^^^^^
(EngineCore pid=2805608) ERROR 09-28 11:40:32 [core.py:1140]   File "/gpfs/home5/sfris1/multimodal-tip-of-tongue-for-scientific-papers/.venv-mineru/lib/python3.11/site-packages/vllm/v1/worker/gpu_model_runner.py", line 5775, in _dummy_sampler_run
(EngineCore pid=2805608) ERROR 09-28 11:40:32 [core.py:1140]     raise e
(EngineCore pid=2805608) ERROR 09-28 11:40:32 [core.py:1140]   File "/gpfs/home5/sfris1/multimodal-tip-of-tongue-for-scientific-papers/.venv-mineru/lib/python3.11/site-packages/vllm/v1/worker/gpu_model_runner.py", line 5743, in _dummy_sampler_run
(EngineCore pid=2805608) ERROR 09-28 11:40:32 [core.py:1140]     sampler_output = self.sampler(
(EngineCore pid=2805608) ERROR 09-28 11:40:32 [core.py:1140]                      ^^^^^^^^^^^^^
(EngineCore pid=2805608) ERROR 09-28 11:40:32 [core.py:1140]   File "/gpfs/home5/sfris1/multimodal-tip-of-tongue-for-scientific-papers/.venv-mineru/lib/python3.11/site-packages/torch/nn/modules/module.py", line 1779, in _wrapped_call_impl
(EngineCore pid=2805608) ERROR 09-28 11:40:32 [core.py:1140]     return self._call_impl(*args, **kwargs)
(EngineCore pid=2805608) ERROR 09-28 11:40:32 [core.py:1140]            ^^^^^^^^^^^^^^^^^^^^^^^^^^^^^^^^
(EngineCore pid=2805608) ERROR 09-28 11:40:32 [core.py:1140]   File "/gpfs/home5/sfris1/multimodal-tip-of-tongue-for-scientific-papers/.venv-mineru/lib/python3.11/site-packages/torch/nn/modules/module.py", line 1790, in _call_impl
(EngineCore pid=2805608) ERROR 09-28 11:40:32 [core.py:1140]     return forward_call(*args, **kwargs)
(EngineCore pid=2805608) ERROR 09-28 11:40:32 [core.py:1140]            ^^^^^^^^^^^^^^^^^^^^^^^^^^^^^
(EngineCore pid=2805608) ERROR 09-28 11:40:32 [core.py:1140]   File "/gpfs/home5/sfris1/multimodal-tip-of-tongue-for-scientific-papers/.venv-mineru/lib/python3.11/site-packages/vllm/v1/sample/sampler.py", line 97, in forward
(EngineCore pid=2805608) ERROR 09-28 11:40:32 [core.py:1140]     sampled, processed_logprobs = self.sample(logits, sampling_metadata)
(EngineCore pid=2805608) ERROR 09-28 11:40:32 [core.py:1140]                                   ^^^^^^^^^^^^^^^^^^^^^^^^^^^^^^^^^^^^^^
(EngineCore pid=2805608) ERROR 09-28 11:40:32 [core.py:1140]   File "/gpfs/home5/sfris1/multimodal-tip-of-tongue-for-scientific-papers/.venv-mineru/lib/python3.11/site-packages/vllm/v1/sample/sampler.py", line 272, in sample
(EngineCore pid=2805608) ERROR 09-28 11:40:32 [core.py:1140]     random_sampled, processed_logprobs = self.topk_topp_sampler(
(EngineCore pid=2805608) ERROR 09-28 11:40:32 [core.py:1140]                                          ^^^^^^^^^^^^^^^^^^^^^^^
(EngineCore pid=2805608) ERROR 09-28 11:40:32 [core.py:1140]   File "/gpfs/home5/sfris1/multimodal-tip-of-tongue-for-scientific-papers/.venv-mineru/lib/python3.11/site-packages/torch/nn/modules/module.py", line 1779, in _wrapped_call_impl
(EngineCore pid=2805608) ERROR 09-28 11:40:32 [core.py:1140]     return self._call_impl(*args, **kwargs)
(EngineCore pid=2805608) ERROR 09-28 11:40:32 [core.py:1140]            ^^^^^^^^^^^^^^^^^^^^^^^^^^^^^^^^
(EngineCore pid=2805608) ERROR 09-28 11:40:32 [core.py:1140]   File "/gpfs/home5/sfris1/multimodal-tip-of-tongue-for-scientific-papers/.venv-mineru/lib/python3.11/site-packages/torch/nn/modules/module.py", line 1790, in _call_impl
(EngineCore pid=2805608) ERROR 09-28 11:40:32 [core.py:1140]     return forward_call(*args, **kwargs)
(EngineCore pid=2805608) ERROR 09-28 11:40:32 [core.py:1140]            ^^^^^^^^^^^^^^^^^^^^^^^^^^^^^
(EngineCore pid=2805608) ERROR 09-28 11:40:32 [core.py:1140]   File "/gpfs/home5/sfris1/multimodal-tip-of-tongue-for-scientific-papers/.venv-mineru/lib/python3.11/site-packages/vllm/v1/sample/ops/topk_topp_sampler.py", line 157, in forward_cuda
(EngineCore pid=2805608) ERROR 09-28 11:40:32 [core.py:1140]     return flashinfer_sample(logits.contiguous(), k, p, generators), None
(EngineCore pid=2805608) ERROR 09-28 11:40:32 [core.py:1140]            ^^^^^^^^^^^^^^^^^^^^^^^^^^^^^^^^^^^^^^^^^^^^^^^^^^^^^^^^
(EngineCore pid=2805608) ERROR 09-28 11:40:32 [core.py:1140]   File "/gpfs/home5/sfris1/multimodal-tip-of-tongue-for-scientific-papers/.venv-mineru/lib/python3.11/site-packages/vllm/v1/sample/ops/topk_topp_sampler.py", line 447, in flashinfer_sample
(EngineCore pid=2805608) ERROR 09-28 11:40:32 [core.py:1140]     next_token_ids = flashinfer.sampling.top_k_top_p_sampling_from_logits(
(EngineCore pid=2805608) ERROR 09-28 11:40:32 [core.py:1140]                      ^^^^^^^^^^^^^^^^^^^^^^^^^^^^^^^^^^^^^^^^^^^^^^^^^^^^^
(EngineCore pid=2805608) ERROR 09-28 11:40:32 [core.py:1140]   File "/gpfs/home5/sfris1/multimodal-tip-of-tongue-for-scientific-papers/.venv-mineru/lib/python3.11/site-packages/flashinfer/sampling.py", line 1400, in top_k_top_p_sampling_from_logits
(EngineCore pid=2805608) ERROR 09-28 11:40:32 [core.py:1140]     masked_logits = top_k_mask_logits(logits, top_k)
(EngineCore pid=2805608) ERROR 09-28 11:40:32 [core.py:1140]                     ^^^^^^^^^^^^^^^^^^^^^^^^^^^^^^^^
(EngineCore pid=2805608) ERROR 09-28 11:40:32 [core.py:1140]   File "/gpfs/home5/sfris1/multimodal-tip-of-tongue-for-scientific-papers/.venv-mineru/lib/python3.11/site-packages/flashinfer/sampling.py", line 1806, in top_k_mask_logits
(EngineCore pid=2805608) ERROR 09-28 11:40:32 [core.py:1140]     return get_sampling_module().top_k_mask_logits(
(EngineCore pid=2805608) ERROR 09-28 11:40:32 [core.py:1140]            ^^^^^^^^^^^^^^^^^^^^^
(EngineCore pid=2805608) ERROR 09-28 11:40:32 [core.py:1140]   File "/gpfs/home5/sfris1/multimodal-tip-of-tongue-for-scientific-papers/.venv-mineru/lib/python3.11/site-packages/flashinfer/sampling.py", line 54, in get_sampling_module
(EngineCore pid=2805608) ERROR 09-28 11:40:32 [core.py:1140]     module = gen_sampling_module().build_and_load()
(EngineCore pid=2805608) ERROR 09-28 11:40:32 [core.py:1140]              ^^^^^^^^^^^^^^^^^^^^^^^^^^^^^^^^^^^^^^
(EngineCore pid=2805608) ERROR 09-28 11:40:32 [core.py:1140]   File "/gpfs/home5/sfris1/multimodal-tip-of-tongue-for-scientific-papers/.venv-mineru/lib/python3.11/site-packages/flashinfer/jit/core.py", line 318, in build_and_load
(EngineCore pid=2805608) ERROR 09-28 11:40:32 [core.py:1140]     self.build(verbose, need_lock=False)
(EngineCore pid=2805608) ERROR 09-28 11:40:32 [core.py:1140]   File "/gpfs/home5/sfris1/multimodal-tip-of-tongue-for-scientific-papers/.venv-mineru/lib/python3.11/site-packages/flashinfer/jit/core.py", line 303, in build
(EngineCore pid=2805608) ERROR 09-28 11:40:32 [core.py:1140]     self.write_ninja()
(EngineCore pid=2805608) ERROR 09-28 11:40:32 [core.py:1140]   File "/gpfs/home5/sfris1/multimodal-tip-of-tongue-for-scientific-papers/.venv-mineru/lib/python3.11/site-packages/flashinfer/jit/core.py", line 274, in write_ninja
(EngineCore pid=2805608) ERROR 09-28 11:40:32 [core.py:1140]     content = generate_ninja_build_for_op(
(EngineCore pid=2805608) ERROR 09-28 11:40:32 [core.py:1140]               ^^^^^^^^^^^^^^^^^^^^^^^^^^^^
(EngineCore pid=2805608) ERROR 09-28 11:40:32 [core.py:1140]   File "/gpfs/home5/sfris1/multimodal-tip-of-tongue-for-scientific-papers/.venv-mineru/lib/python3.11/site-packages/flashinfer/jit/cpp_ext.py", line 216, in generate_ninja_build_for_op
(EngineCore pid=2805608) ERROR 09-28 11:40:32 [core.py:1140]     cuda_home = get_cuda_path()
(EngineCore pid=2805608) ERROR 09-28 11:40:32 [core.py:1140]                 ^^^^^^^^^^^^^^^
(EngineCore pid=2805608) ERROR 09-28 11:40:32 [core.py:1140]   File "/gpfs/home5/sfris1/multimodal-tip-of-tongue-for-scientific-papers/.venv-mineru/lib/python3.11/site-packages/flashinfer/jit/cpp_ext.py", line 61, in get_cuda_path
(EngineCore pid=2805608) ERROR 09-28 11:40:32 [core.py:1140]     raise RuntimeError(
(EngineCore pid=2805608) ERROR 09-28 11:40:32 [core.py:1140] RuntimeError: Could not find nvcc and default cuda_home='/usr/local/cuda' doesn't exist
(EngineCore pid=2805608) Process EngineCore:
(EngineCore pid=2805608) Traceback (most recent call last):
(EngineCore pid=2805608)   File "/home/sfris1/.local/share/uv/python/cpython-3.11.14-linux-x86_64-gnu/lib/python3.11/multiprocessing/process.py", line 314, in _bootstrap
(EngineCore pid=2805608)     self.run()
(EngineCore pid=2805608)   File "/home/sfris1/.local/share/uv/python/cpython-3.11.14-linux-x86_64-gnu/lib/python3.11/multiprocessing/process.py", line 108, in run
(EngineCore pid=2805608)     self._target(*self._args, **self._kwargs)
(EngineCore pid=2805608)   File "/gpfs/home5/sfris1/multimodal-tip-of-tongue-for-scientific-papers/.venv-mineru/lib/python3.11/site-packages/vllm/v1/engine/core.py", line 1144, in run_engine_core
(EngineCore pid=2805608)     raise e
(EngineCore pid=2805608)   File "/gpfs/home5/sfris1/multimodal-tip-of-tongue-for-scientific-papers/.venv-mineru/lib/python3.11/site-packages/vllm/v1/engine/core.py", line 1114, in run_engine_core
(EngineCore pid=2805608)     engine_core = EngineCoreProc(*args, engine_index=dp_rank, **kwargs)
(EngineCore pid=2805608)                   ^^^^^^^^^^^^^^^^^^^^^^^^^^^^^^^^^^^^^^^^^^^^^^^^^^^^^
(EngineCore pid=2805608)   File "/gpfs/home5/sfris1/multimodal-tip-of-tongue-for-scientific-papers/.venv-mineru/lib/python3.11/site-packages/vllm/tracing/otel.py", line 178, in sync_wrapper
(EngineCore pid=2805608)     return func(*args, **kwargs)
(EngineCore pid=2805608)            ^^^^^^^^^^^^^^^^^^^^^
(EngineCore pid=2805608)   File "/gpfs/home5/sfris1/multimodal-tip-of-tongue-for-scientific-papers/.venv-mineru/lib/python3.11/site-packages/vllm/v1/engine/core.py", line 880, in __init__
(EngineCore pid=2805608)     super().__init__(
(EngineCore pid=2805608)   File "/gpfs/home5/sfris1/multimodal-tip-of-tongue-for-scientific-papers/.venv-mineru/lib/python3.11/site-packages/vllm/v1/engine/core.py", line 128, in __init__
(EngineCore pid=2805608)     kv_cache_config = self._initialize_kv_caches(vllm_config)
(EngineCore pid=2805608)                       ^^^^^^^^^^^^^^^^^^^^^^^^^^^^^^^^^^^^^^^
(EngineCore pid=2805608)   File "/gpfs/home5/sfris1/multimodal-tip-of-tongue-for-scientific-papers/.venv-mineru/lib/python3.11/site-packages/vllm/tracing/otel.py", line 178, in sync_wrapper
(EngineCore pid=2805608)     return func(*args, **kwargs)
(EngineCore pid=2805608)            ^^^^^^^^^^^^^^^^^^^^^
(EngineCore pid=2805608)   File "/gpfs/home5/sfris1/multimodal-tip-of-tongue-for-scientific-papers/.venv-mineru/lib/python3.11/site-packages/vllm/v1/engine/core.py", line 250, in _initialize_kv_caches
(EngineCore pid=2805608)     available_gpu_memory = self.model_executor.determine_available_memory()
(EngineCore pid=2805608)                            ^^^^^^^^^^^^^^^^^^^^^^^^^^^^^^^^^^^^^^^^^^^^^^^^
(EngineCore pid=2805608)   File "/gpfs/home5/sfris1/multimodal-tip-of-tongue-for-scientific-papers/.venv-mineru/lib/python3.11/site-packages/vllm/v1/executor/abstract.py", line 147, in determine_available_memory
(EngineCore pid=2805608)     return self.collective_rpc("determine_available_memory")
(EngineCore pid=2805608)            ^^^^^^^^^^^^^^^^^^^^^^^^^^^^^^^^^^^^^^^^^^^^^^^^^
(EngineCore pid=2805608)   File "/gpfs/home5/sfris1/multimodal-tip-of-tongue-for-scientific-papers/.venv-mineru/lib/python3.11/site-packages/vllm/v1/executor/uniproc_executor.py", line 93, in collective_rpc
(EngineCore pid=2805608)     result = run_method(self.driver_worker, method, args, kwargs)
(EngineCore pid=2805608)              ^^^^^^^^^^^^^^^^^^^^^^^^^^^^^^^^^^^^^^^^^^^^^^^^^^^^
(EngineCore pid=2805608)   File "/gpfs/home5/sfris1/multimodal-tip-of-tongue-for-scientific-papers/.venv-mineru/lib/python3.11/site-packages/vllm/v1/serial_utils.py", line 510, in run_method
(EngineCore pid=2805608)     return func(*args, **kwargs)
(EngineCore pid=2805608)            ^^^^^^^^^^^^^^^^^^^^^
(EngineCore pid=2805608)   File "/gpfs/home5/sfris1/multimodal-tip-of-tongue-for-scientific-papers/.venv-mineru/lib/python3.11/site-packages/torch/utils/_contextlib.py", line 124, in decorate_context
(EngineCore pid=2805608)     return func(*args, **kwargs)
(EngineCore pid=2805608)            ^^^^^^^^^^^^^^^^^^^^^
(EngineCore pid=2805608)   File "/gpfs/home5/sfris1/multimodal-tip-of-tongue-for-scientific-papers/.venv-mineru/lib/python3.11/site-packages/vllm/v1/worker/gpu_worker.py", line 392, in determine_available_memory
(EngineCore pid=2805608)     self.model_runner.profile_run()
(EngineCore pid=2805608)   File "/gpfs/home5/sfris1/multimodal-tip-of-tongue-for-scientific-papers/.venv-mineru/lib/python3.11/site-packages/vllm/v1/worker/gpu_model_runner.py", line 5955, in profile_run
(EngineCore pid=2805608)     output = self._dummy_sampler_run(last_hidden_states)
(EngineCore pid=2805608)              ^^^^^^^^^^^^^^^^^^^^^^^^^^^^^^^^^^^^^^^^^^^
(EngineCore pid=2805608)   File "/gpfs/home5/sfris1/multimodal-tip-of-tongue-for-scientific-papers/.venv-mineru/lib/python3.11/site-packages/torch/utils/_contextlib.py", line 124, in decorate_context
(EngineCore pid=2805608)     return func(*args, **kwargs)
(EngineCore pid=2805608)            ^^^^^^^^^^^^^^^^^^^^^
(EngineCore pid=2805608)   File "/gpfs/home5/sfris1/multimodal-tip-of-tongue-for-scientific-papers/.venv-mineru/lib/python3.11/site-packages/vllm/v1/worker/gpu_model_runner.py", line 5775, in _dummy_sampler_run
(EngineCore pid=2805608)     raise e
(EngineCore pid=2805608)   File "/gpfs/home5/sfris1/multimodal-tip-of-tongue-for-scientific-papers/.venv-mineru/lib/python3.11/site-packages/vllm/v1/worker/gpu_model_runner.py", line 5743, in _dummy_sampler_run
(EngineCore pid=2805608)     sampler_output = self.sampler(
(EngineCore pid=2805608)                      ^^^^^^^^^^^^^
(EngineCore pid=2805608)   File "/gpfs/home5/sfris1/multimodal-tip-of-tongue-for-scientific-papers/.venv-mineru/lib/python3.11/site-packages/torch/nn/modules/module.py", line 1779, in _wrapped_call_impl
(EngineCore pid=2805608)     return self._call_impl(*args, **kwargs)
(EngineCore pid=2805608)            ^^^^^^^^^^^^^^^^^^^^^^^^^^^^^^^^
(EngineCore pid=2805608)   File "/gpfs/home5/sfris1/multimodal-tip-of-tongue-for-scientific-papers/.venv-mineru/lib/python3.11/site-packages/torch/nn/modules/module.py", line 1790, in _call_impl
(EngineCore pid=2805608)     return forward_call(*args, **kwargs)
(EngineCore pid=2805608)            ^^^^^^^^^^^^^^^^^^^^^^^^^^^^^
(EngineCore pid=2805608)   File "/gpfs/home5/sfris1/multimodal-tip-of-tongue-for-scientific-papers/.venv-mineru/lib/python3.11/site-packages/vllm/v1/sample/sampler.py", line 97, in forward
(EngineCore pid=2805608)     sampled, processed_logprobs = self.sample(logits, sampling_metadata)
(EngineCore pid=2805608)                                   ^^^^^^^^^^^^^^^^^^^^^^^^^^^^^^^^^^^^^^
(EngineCore pid=2805608)   File "/gpfs/home5/sfris1/multimodal-tip-of-tongue-for-scientific-papers/.venv-mineru/lib/python3.11/site-packages/vllm/v1/sample/sampler.py", line 272, in sample
(EngineCore pid=2805608)     random_sampled, processed_logprobs = self.topk_topp_sampler(
(EngineCore pid=2805608)                                          ^^^^^^^^^^^^^^^^^^^^^^^
(EngineCore pid=2805608)   File "/gpfs/home5/sfris1/multimodal-tip-of-tongue-for-scientific-papers/.venv-mineru/lib/python3.11/site-packages/torch/nn/modules/module.py", line 1779, in _wrapped_call_impl
(EngineCore pid=2805608)     return self._call_impl(*args, **kwargs)
(EngineCore pid=2805608)            ^^^^^^^^^^^^^^^^^^^^^^^^^^^^^^^^
(EngineCore pid=2805608)   File "/gpfs/home5/sfris1/multimodal-tip-of-tongue-for-scientific-papers/.venv-mineru/lib/python3.11/site-packages/torch/nn/modules/module.py", line 1790, in _call_impl
(EngineCore pid=2805608)     return forward_call(*args, **kwargs)
(EngineCore pid=2805608)            ^^^^^^^^^^^^^^^^^^^^^^^^^^^^^
(EngineCore pid=2805608)   File "/gpfs/home5/sfris1/multimodal-tip-of-tongue-for-scientific-papers/.venv-mineru/lib/python3.11/site-packages/vllm/v1/sample/ops/topk_topp_sampler.py", line 157, in forward_cuda
(EngineCore pid=2805608)     return flashinfer_sample(logits.contiguous(), k, p, generators), None
(EngineCore pid=2805608)            ^^^^^^^^^^^^^^^^^^^^^^^^^^^^^^^^^^^^^^^^^^^^^^^^^^^^^^^^
(EngineCore pid=2805608)   File "/gpfs/home5/sfris1/multimodal-tip-of-tongue-for-scientific-papers/.venv-mineru/lib/python3.11/site-packages/vllm/v1/sample/ops/topk_topp_sampler.py", line 447, in flashinfer_sample
(EngineCore pid=2805608)     next_token_ids = flashinfer.sampling.top_k_top_p_sampling_from_logits(
(EngineCore pid=2805608)                      ^^^^^^^^^^^^^^^^^^^^^^^^^^^^^^^^^^^^^^^^^^^^^^^^^^^^^
(EngineCore pid=2805608)   File "/gpfs/home5/sfris1/multimodal-tip-of-tongue-for-scientific-papers/.venv-mineru/lib/python3.11/site-packages/flashinfer/sampling.py", line 1400, in top_k_top_p_sampling_from_logits
(EngineCore pid=2805608)     masked_logits = top_k_mask_logits(logits, top_k)
(EngineCore pid=2805608)                     ^^^^^^^^^^^^^^^^^^^^^^^^^^^^^^^^
(EngineCore pid=2805608)   File "/gpfs/home5/sfris1/multimodal-tip-of-tongue-for-scientific-papers/.venv-mineru/lib/python3.11/site-packages/flashinfer/sampling.py", line 1806, in top_k_mask_logits
(EngineCore pid=2805608)     return get_sampling_module().top_k_mask_logits(
(EngineCore pid=2805608)            ^^^^^^^^^^^^^^^^^^^^^
(EngineCore pid=2805608)   File "/gpfs/home5/sfris1/multimodal-tip-of-tongue-for-scientific-papers/.venv-mineru/lib/python3.11/site-packages/flashinfer/sampling.py", line 54, in get_sampling_module
(EngineCore pid=2805608)     module = gen_sampling_module().build_and_load()
(EngineCore pid=2805608)              ^^^^^^^^^^^^^^^^^^^^^^^^^^^^^^^^^^^^^^
(EngineCore pid=2805608)   File "/gpfs/home5/sfris1/multimodal-tip-of-tongue-for-scientific-papers/.venv-mineru/lib/python3.11/site-packages/flashinfer/jit/core.py", line 318, in build_and_load
(EngineCore pid=2805608)     self.build(verbose, need_lock=False)
(EngineCore pid=2805608)   File "/gpfs/home5/sfris1/multimodal-tip-of-tongue-for-scientific-papers/.venv-mineru/lib/python3.11/site-packages/flashinfer/jit/core.py", line 303, in build
(EngineCore pid=2805608)     self.write_ninja()
(EngineCore pid=2805608)   File "/gpfs/home5/sfris1/multimodal-tip-of-tongue-for-scientific-papers/.venv-mineru/lib/python3.11/site-packages/flashinfer/jit/core.py", line 274, in write_ninja
(EngineCore pid=2805608)     content = generate_ninja_build_for_op(
(EngineCore pid=2805608)               ^^^^^^^^^^^^^^^^^^^^^^^^^^^^
(EngineCore pid=2805608)   File "/gpfs/home5/sfris1/multimodal-tip-of-tongue-for-scientific-papers/.venv-mineru/lib/python3.11/site-packages/flashinfer/jit/cpp_ext.py", line 216, in generate_ninja_build_for_op
(EngineCore pid=2805608)     cuda_home = get_cuda_path()
(EngineCore pid=2805608)                 ^^^^^^^^^^^^^^^
(EngineCore pid=2805608)   File "/gpfs/home5/sfris1/multimodal-tip-of-tongue-for-scientific-papers/.venv-mineru/lib/python3.11/site-packages/flashinfer/jit/cpp_ext.py", line 61, in get_cuda_path
(EngineCore pid=2805608)     raise RuntimeError(
(EngineCore pid=2805608) RuntimeError: Could not find nvcc and default cuda_home='/usr/local/cuda' doesn't exist
[rank0]:[W928 11:40:33.943146226 ProcessGroupNCCL.cpp:1575] Warning: WARNING: destroy_process_group() was not called before program exit, which can leak resources. For more info, please see https://pytorch.org/docs/stable/distributed.html#shutdown (function operator())
INFO:     127.0.0.1:46116 - "GET /tasks/4f52fe5e-b0ed-41b2-aa8b-f0b71441ae15 HTTP/1.1" 200 OK
INFO:     127.0.0.1:46112 - "GET /tasks/3ff24e73-1f43-4708-9ccc-7266d787cf87 HTTP/1.1" 200 OK
2026-09-28 11:40:34.297 | INFO     | mineru.backend.vlm.utils:enable_custom_logits_processors:56 - compute_capability: 8.0 >= 8.0 and vllm version: 0.21.0 >= 0.10.1, enable custom_logits_processors
INFO 09-28 11:40:34 [model.py:568] Resolved architecture: Qwen2VLForConditionalGeneration
INFO 09-28 11:40:34 [model.py:1697] Using max model len 8192
INFO 09-28 11:40:34 [kernel.py:212] Final IR op priority after setting platform defaults: IrOpPriorityConfig(rms_norm=['native'], fused_add_rms_norm=['native'])
2026-09-28 11:40:34.250 | ERROR    | __main__:_process_task:1154 - Async task failed: 4c5e6090-42b4-4121-b110-92bf66273c9d
Traceback (most recent call last):

  File "<frozen runpy>", line 198, in _run_module_as_main
  File "<frozen runpy>", line 88, in _run_code
  File "/gpfs/home5/sfris1/multimodal-tip-of-tongue-for-scientific-papers/.venv-mineru/lib/python3.11/site-packages/mineru/cli/fast_api.py", line 1474, in <module>
    main()
    └ <Command main>
  File "/gpfs/home5/sfris1/multimodal-tip-of-tongue-for-scientific-papers/.venv-mineru/lib/python3.11/site-packages/click/core.py", line 1631, in __call__
    return self.main(*args, **kwargs)
           │    │     │       └ {}
           │    │     └ ()
           │    └ <function Command.main at 0x14a3ba38da80>
           └ <Command main>
  File "/gpfs/home5/sfris1/multimodal-tip-of-tongue-for-scientific-papers/.venv-mineru/lib/python3.11/site-packages/click/core.py", line 1552, in main
    rv = self.invoke(ctx)
         │    │      └ <click.core.Context object at 0x14a1298ec9d0>
         │    └ <function Command.invoke at 0x14a3ba38d760>
         └ <Command main>
  File "/gpfs/home5/sfris1/multimodal-tip-of-tongue-for-scientific-papers/.venv-mineru/lib/python3.11/site-packages/click/core.py", line 1415, in invoke
    return ctx.invoke(self.callback, **ctx.params)
           │   │      │    │           │   └ {'host': '127.0.0.1', 'port': 51311, 'reload': False, 'allow_public_http_client': False, 'enable_vlm_preload': False}
           │   │      │    │           └ <click.core.Context object at 0x14a1298ec9d0>
           │   │      │    └ <function main at 0x14a1298868e0>
           │   │      └ <Command main>
           │   └ <function Context.invoke at 0x14a3ba38c900>
           └ <click.core.Context object at 0x14a1298ec9d0>
  File "/gpfs/home5/sfris1/multimodal-tip-of-tongue-for-scientific-papers/.venv-mineru/lib/python3.11/site-packages/click/core.py", line 910, in invoke
    return callback(*args, **kwargs)
           │         │       └ {'host': '127.0.0.1', 'port': 51311, 'reload': False, 'allow_public_http_client': False, 'enable_vlm_preload': False}
           │         └ ()
           └ <function main at 0x14a1298868e0>
  File "/gpfs/home5/sfris1/multimodal-tip-of-tongue-for-scientific-papers/.venv-mineru/lib/python3.11/site-packages/click/decorators.py", line 34, in new_func
    return f(get_current_context(), *args, **kwargs)
           │ │                       │       └ {'host': '127.0.0.1', 'port': 51311, 'reload': False, 'allow_public_http_client': False, 'enable_vlm_preload': False}
           │ │                       └ ()
           │ └ <function get_current_context at 0x14a3ba321620>
           └ <function main at 0x14a129886c00>
  File "/gpfs/home5/sfris1/multimodal-tip-of-tongue-for-scientific-papers/.venv-mineru/lib/python3.11/site-packages/mineru/cli/fast_api.py", line 1470, in main
    server.run()
    │      └ <function Server.run at 0x14a3ba2b0900>
    └ <uvicorn.server.Server object at 0x14a3ba259f50>
  File "/gpfs/home5/sfris1/multimodal-tip-of-tongue-for-scientific-papers/.venv-mineru/lib/python3.11/site-packages/uvicorn/server.py", line 86, in run
    return asyncio_run(self.serve(sockets=sockets), loop_factory=self.config.get_loop_factory())
           │           │    │             │                      │    │      └ <function Config.get_loop_factory at 0x14a3ba2640e0>
           │           │    │             │                      │    └ <uvicorn.config.Config object at 0x14a1298ee490>
           │           │    │             │                      └ <uvicorn.server.Server object at 0x14a3ba259f50>
           │           │    │             └ None
           │           │    └ <function Server.serve at 0x14a3ba2b09a0>
           │           └ <uvicorn.server.Server object at 0x14a3ba259f50>
           └ <function asyncio_run at 0x14a3ba211620>
  File "/gpfs/home5/sfris1/multimodal-tip-of-tongue-for-scientific-papers/.venv-mineru/lib/python3.11/site-packages/uvicorn/_compat.py", line 30, in asyncio_run
    return runner.run(main)
           │      │   └ <coroutine object Server.serve at 0x14a12992e020>
           │      └ <function Runner.run at 0x14a3ba4f4f40>
           └ <asyncio.runners.Runner object at 0x14a1298eeb10>
  File "/home/sfris1/.local/share/uv/python/cpython-3.11.14-linux-x86_64-gnu/lib/python3.11/asyncio/runners.py", line 118, in run
    return self._loop.run_until_complete(task)
           │    │     │                  └ <Task pending name='Task-1' coro=<Server.serve() running at /gpfs/home5/sfris1/multimodal-tip-of-tongue-for-scientific-papers...
           │    │     └ <cyfunction Loop.run_until_complete at 0x14a12988f400>
           │    └ <uvloop.Loop running=True closed=False debug=False>
           └ <asyncio.runners.Runner object at 0x14a1298eeb10>
> File "/gpfs/home5/sfris1/multimodal-tip-of-tongue-for-scientific-papers/.venv-mineru/lib/python3.11/site-packages/mineru/cli/fast_api.py", line 1144, in _process_task
    await self._run_task(task)
          │    │         └ AsyncParseTask(task_id='4c5e6090-42b4-4121-b110-92bf66273c9d', status='failed', backend='hybrid-engine', file_names=['2022.co...
          │    └ <function AsyncTaskManager._run_task at 0x14a12997ca40>
          └ <__main__.AsyncTaskManager object at 0x14a12962d810>
  File "/gpfs/home5/sfris1/multimodal-tip-of-tongue-for-scientific-papers/.venv-mineru/lib/python3.11/site-packages/mineru/cli/fast_api.py", line 1174, in _run_task
    await run_parse_job(
          └ <function run_parse_job at 0x14a129963d80>
  File "/gpfs/home5/sfris1/multimodal-tip-of-tongue-for-scientific-papers/.venv-mineru/lib/python3.11/site-packages/mineru/cli/fast_api.py", line 866, in run_parse_job
    await aio_do_parse(**parse_kwargs)
          │              └ {'output_dir': '/tmp/sfris1/mineru_27290888/tmp/local-gpu-0-mm1vfh5m/output/4c5e6090-42b4-4121-b110-92bf66273c9d', 'pdf_file_...
          └ <function aio_do_parse at 0x14a129960540>
  File "/gpfs/home5/sfris1/multimodal-tip-of-tongue-for-scientific-papers/.venv-mineru/lib/python3.11/site-packages/mineru/cli/common.py", line 846, in aio_do_parse
    await _async_process_hybrid(
          └ <function _async_process_hybrid at 0x14a129960360>
  File "/gpfs/home5/sfris1/multimodal-tip-of-tongue-for-scientific-papers/.venv-mineru/lib/python3.11/site-packages/mineru/cli/common.py", line 595, in _async_process_hybrid
    middle_json, infer_result = await aio_hybrid_doc_analyze(
                                      └ <function aio_doc_analyze at 0x14a102a798a0>
  File "/gpfs/home5/sfris1/multimodal-tip-of-tongue-for-scientific-papers/.venv-mineru/lib/python3.11/site-packages/mineru/backend/hybrid/hybrid_analyze.py", line 1116, in aio_doc_analyze
    predictor = await _get_model_async(backend, model_path, server_url, **kwargs)
                      │                │        │           │             └ {}
                      │                │        │           └ None
                      │                │        └ None
                      │                └ 'vllm-async-engine'
                      └ <function _get_model_async at 0x14a1b4991580>
  File "/gpfs/home5/sfris1/multimodal-tip-of-tongue-for-scientific-papers/.venv-mineru/lib/python3.11/site-packages/mineru/backend/vlm/vlm_analyze.py", line 271, in _get_model_async
    return await asyncio.to_thread(
                 │       └ <function to_thread at 0x14a3ba5127a0>
                 └ <module 'asyncio' from '/home/sfris1/.local/share/uv/python/cpython-3.11.14-linux-x86_64-gnu/lib/python3.11/asyncio/__init__....
  File "/home/sfris1/.local/share/uv/python/cpython-3.11.14-linux-x86_64-gnu/lib/python3.11/asyncio/threads.py", line 25, in to_thread
    return await loop.run_in_executor(None, func_call)
                 │    │                     └ functools.partial(<built-in method run of _contextvars.Context object at 0x14a12962e840>, <bound method ModelSingleton.get_mo...
                 │    └ <cyfunction Loop.run_in_executor at 0x14a129598700>
                 └ <uvloop.Loop running=True closed=False debug=False>
  File "/home/sfris1/.local/share/uv/python/cpython-3.11.14-linux-x86_64-gnu/lib/python3.11/concurrent/futures/thread.py", line 58, in run
    result = self.fn(*self.args, **self.kwargs)
             │        │            └ None
             │        └ None
             └ None
  File "/gpfs/home5/sfris1/multimodal-tip-of-tongue-for-scientific-papers/.venv-mineru/lib/python3.11/site-packages/mineru/backend/vlm/vlm_analyze.py", line 174, in get_model
    vllm_async_llm = AsyncLLM.from_engine_args(AsyncEngineArgs(**kwargs))
                     │        │                │                 └ {'gpu_memory_utilization': 0.5, 'model': '/home/sfris1/.cache/huggingface/hub/models--opendatalab--MinerU2.5-Pro-2605-1.2B/sn...
                     │        │                └ <class 'vllm.engine.arg_utils.AsyncEngineArgs'>
                     │        └ <classmethod(<function AsyncLLM.from_engine_args at 0x14a0501c1440>)>
                     └ <class 'vllm.v1.engine.async_llm.AsyncLLM'>
  File "/gpfs/home5/sfris1/multimodal-tip-of-tongue-for-scientific-papers/.venv-mineru/lib/python3.11/site-packages/vllm/v1/engine/async_llm.py", line 246, in from_engine_args
    return cls(
           └ <class 'vllm.v1.engine.async_llm.AsyncLLM'>
  File "/gpfs/home5/sfris1/multimodal-tip-of-tongue-for-scientific-papers/.venv-mineru/lib/python3.11/site-packages/vllm/v1/engine/async_llm.py", line 146, in __init__
    self.engine_core = EngineCoreClient.make_async_mp_client(
    │                  │                └ <staticmethod(<function EngineCoreClient.make_async_mp_client at 0x14a06015d620>)>
    │                  └ <class 'vllm.v1.engine.core_client.EngineCoreClient'>
    └ <vllm.v1.engine.async_llm.AsyncLLM object at 0x14a00d73fa10>
  File "/gpfs/home5/sfris1/multimodal-tip-of-tongue-for-scientific-papers/.venv-mineru/lib/python3.11/site-packages/vllm/tracing/otel.py", line 178, in sync_wrapper
    return func(*args, **kwargs)
           │     │       └ {'vllm_config': VllmConfig(model_config=ModelConfig(model='/home/sfris1/.cache/huggingface/hub/models--opendatalab--MinerU2.5...
           │     └ ()
           └ <function EngineCoreClient.make_async_mp_client at 0x14a06015d4e0>
  File "/gpfs/home5/sfris1/multimodal-tip-of-tongue-for-scientific-papers/.venv-mineru/lib/python3.11/site-packages/vllm/v1/engine/core_client.py", line 130, in make_async_mp_client
    return AsyncMPClient(*client_args)
           │              └ (VllmConfig(model_config=ModelConfig(model='/home/sfris1/.cache/huggingface/hub/models--opendatalab--MinerU2.5-Pro-2605-1.2B/...
           └ <class 'vllm.v1.engine.core_client.AsyncMPClient'>
  File "/gpfs/home5/sfris1/multimodal-tip-of-tongue-for-scientific-papers/.venv-mineru/lib/python3.11/site-packages/vllm/tracing/otel.py", line 178, in sync_wrapper
    return func(*args, **kwargs)
           │     │       └ {}
           │     └ (<vllm.v1.engine.core_client.AsyncMPClient object at 0x14a0047df6d0>, VllmConfig(model_config=ModelConfig(model='/home/sfris1...
           └ <function AsyncMPClient.__init__ at 0x14a06016d940>
  File "/gpfs/home5/sfris1/multimodal-tip-of-tongue-for-scientific-papers/.venv-mineru/lib/python3.11/site-packages/vllm/v1/engine/core_client.py", line 900, in __init__
    super().__init__(
  File "/gpfs/home5/sfris1/multimodal-tip-of-tongue-for-scientific-papers/.venv-mineru/lib/python3.11/site-packages/vllm/v1/engine/core_client.py", line 535, in __init__
    with launch_core_engines(
         └ <function launch_core_engines at 0x14a060151620>
  File "/home/sfris1/.local/share/uv/python/cpython-3.11.14-linux-x86_64-gnu/lib/python3.11/contextlib.py", line 144, in __exit__
    next(self.gen)
         │    └ <generator object launch_core_engines at 0x14a0279263e0>
         └ <contextlib._GeneratorContextManager object at 0x14a0047dfc10>
  File "/gpfs/home5/sfris1/multimodal-tip-of-tongue-for-scientific-papers/.venv-mineru/lib/python3.11/site-packages/vllm/v1/engine/utils.py", line 1128, in launch_core_engines
    wait_for_engine_startup(
    └ <function wait_for_engine_startup at 0x14a0601516c0>
  File "/gpfs/home5/sfris1/multimodal-tip-of-tongue-for-scientific-papers/.venv-mineru/lib/python3.11/site-packages/vllm/v1/engine/utils.py", line 1187, in wait_for_engine_startup
    raise RuntimeError(

RuntimeError: Engine core initialization failed. See root cause above. Failed core proc(s): {}
INFO:     127.0.0.1:46122 - "GET /tasks/d86ef06f-bcab-4c3b-a7b9-bb60402c147c HTTP/1.1" 200 OK
INFO:     127.0.0.1:46320 - "GET /tasks/22060045-1940-4a75-b3eb-94f4babc330c HTTP/1.1" 200 OK
2026-09-28 11:40:34.652 | INFO     | mineru.utils.engine_utils:get_vlm_engine:34 - Using vllm-async-engine as the inference engine for VLM.
[1;31m2026-09-28 11:40:36.690099421 [E:onnxruntime:Default, env.cc:298 ThreadMain] pthread_setaffinity_np failed for thread: 2806245, index: 58, mask: {59, }, error code: 22 error msg: Invalid argument. Specify the number of threads explicitly so the affinity is not set.[m
[1;31m2026-09-28 11:40:36.698764744 [E:onnxruntime:Default, env.cc:298 ThreadMain] pthread_setaffinity_np failed for thread: 2806220, index: 33, mask: {34, }, error code: 22 error msg: Invalid argument. Specify the number of threads explicitly so the affinity is not set.[m
[1;31m2026-09-28 11:40:36.702763196 [E:onnxruntime:Default, env.cc:298 ThreadMain] pthread_setaffinity_np failed for thread: 2806254, index: 67, mask: {68, }, error code: 22 error msg: Invalid argument. Specify the number of threads explicitly so the affinity is not set.[m
[1;31m2026-09-28 11:40:36.705757512 [E:onnxruntime:Default, env.cc:298 ThreadMain] pthread_setaffinity_np failed for thread: 2806222, index: 35, mask: {36, }, error code: 22 error msg: Invalid argument. Specify the number of threads explicitly so the affinity is not set.[m
[1;31m2026-09-28 11:40:36.710754053 [E:onnxruntime:Default, env.cc:298 ThreadMain] pthread_setaffinity_np failed for thread: 2806221, index: 34, mask: {35, }, error code: 22 error msg: Invalid argument. Specify the number of threads explicitly so the affinity is not set.[m
[1;31m2026-09-28 11:40:36.710763130 [E:onnxruntime:Default, env.cc:298 ThreadMain] pthread_setaffinity_np failed for thread: 2806210, index: 23, mask: {24, }, error code: 22 error msg: Invalid argument. Specify the number of threads explicitly so the affinity is not set.[m
[1;31m2026-09-28 11:40:36.710786070 [E:onnxruntime:Default, env.cc:298 ThreadMain] pthread_setaffinity_np failed for thread: 2806226, index: 39, mask: {40, }, error code: 22 error msg: Invalid argument. Specify the number of threads explicitly so the affinity is not set.[m
[1;31m2026-09-28 11:40:36.723914594 [E:onnxruntime:Default, env.cc:298 ThreadMain] pthread_setaffinity_np failed for thread: 2806232, index: 45, mask: {46, }, error code: 22 error msg: Invalid argument. Specify the number of threads explicitly so the affinity is not set.[m
[1;31m2026-09-28 11:40:36.724011968 [E:onnxruntime:Default, env.cc:298 ThreadMain] pthread_setaffinity_np failed for thread: 2806204, index: 17, mask: {18, }, error code: 22 error msg: Invalid argument. Specify the number of threads explicitly so the affinity is not set.[m
[1;31m2026-09-28 11:40:36.724048983 [E:onnxruntime:Default, env.cc:298 ThreadMain] pthread_setaffinity_np failed for thread: 2806230, index: 43, mask: {44, }, error code: 22 error msg: Invalid argument. Specify the number of threads explicitly so the affinity is not set.[m
[1;31m2026-09-28 11:40:36.724057133 [E:onnxruntime:Default, env.cc:298 ThreadMain] pthread_setaffinity_np failed for thread: 2806234, index: 47, mask: {48, }, error code: 22 error msg: Invalid argument. Specify the number of threads explicitly so the affinity is not set.[m
[1;31m2026-09-28 11:40:36.724078039 [E:onnxruntime:Default, env.cc:298 ThreadMain] pthread_setaffinity_np failed for thread: 2806237, index: 50, mask: {51, }, error code: 22 error msg: Invalid argument. Specify the number of threads explicitly so the affinity is not set.[m
[1;31m2026-09-28 11:40:36.689878883 [E:onnxruntime:Default, env.cc:298 ThreadMain] pthread_setaffinity_np failed for thread: 2806213, index: 26, mask: {27, }, error code: 22 error msg: Invalid argument. Specify the number of threads explicitly so the affinity is not set.[m
[1;31m2026-09-28 11:40:36.689864904 [E:onnxruntime:Default, env.cc:298 ThreadMain] pthread_setaffinity_np failed for thread: 2806215, index: 28, mask: {29, }, error code: 22 error msg: Invalid argument. Specify the number of threads explicitly so the affinity is not set.[m
[1;31m2026-09-28 11:40:36.689870083 [E:onnxruntime:Default, env.cc:298 ThreadMain] pthread_setaffinity_np failed for thread: 2806212, index: 25, mask: {26, }, error code: 22 error msg: Invalid argument. Specify the number of threads explicitly so the affinity is not set.[m
[1;31m2026-09-28 11:40:36.724018858 [E:onnxruntime:Default, env.cc:298 ThreadMain] pthread_setaffinity_np failed for thread: 2806208, index: 21, mask: {22, }, error code: 22 error msg: Invalid argument. Specify the number of threads explicitly so the affinity is not set.[m
[1;31m2026-09-28 11:40:36.724054177 [E:onnxruntime:Default, env.cc:298 ThreadMain] pthread_setaffinity_np failed for thread: 2806223, index: 36, mask: {37, }, error code: 22 error msg: Invalid argument. Specify the number of threads explicitly so the affinity is not set.[m
[1;31m2026-09-28 11:40:36.724054691 [E:onnxruntime:Default, env.cc:298 ThreadMain] pthread_setaffinity_np failed for thread: 2806216, index: 29, mask: {30, }, error code: 22 error msg: Invalid argument. Specify the number of threads explicitly so the affinity is not set.[m
[1;31m2026-09-28 11:40:36.724058407 [E:onnxruntime:Default, env.cc:298 ThreadMain] pthread_setaffinity_np failed for thread: 2806239, index: 52, mask: {53, }, error code: 22 error msg: Invalid argument. Specify the number of threads explicitly so the affinity is not set.[m
[1;31m2026-09-28 11:40:36.689884105 [E:onnxruntime:Default, env.cc:298 ThreadMain] pthread_setaffinity_np failed for thread: 2806249, index: 62, mask: {63, }, error code: 22 error msg: Invalid argument. Specify the number of threads explicitly so the affinity is not set.[m
[1;31m2026-09-28 11:40:36.689886714 [E:onnxruntime:Default, env.cc:298 ThreadMain] pthread_setaffinity_np failed for thread: 2806211, index: 24, mask: {25, }, error code: 22 error msg: Invalid argument. Specify the number of threads explicitly so the affinity is not set.[m
[1;31m2026-09-28 11:40:36.689910152 [E:onnxruntime:Default, env.cc:298 ThreadMain] pthread_setaffinity_np failed for thread: 2806253, index: 66, mask: {67, }, error code: 22 error msg: Invalid argument. Specify the number of threads explicitly so the affinity is not set.[m
[1;31m2026-09-28 11:40:36.724058595 [E:onnxruntime:Default, env.cc:298 ThreadMain] pthread_setaffinity_np failed for thread: 2806224, index: 37, mask: {38, }, error code: 22 error msg: Invalid argument. Specify the number of threads explicitly so the affinity is not set.[m
[1;31m2026-09-28 11:40:36.736745857 [E:onnxruntime:Default, env.cc:298 ThreadMain] pthread_setaffinity_np failed for thread: 2806252, index: 65, mask: {66, }, error code: 22 error msg: Invalid argument. Specify the number of threads explicitly so the affinity is not set.[m
[1;31m2026-09-28 11:40:36.736753145 [E:onnxruntime:Default, env.cc:298 ThreadMain] pthread_setaffinity_np failed for thread: 2806241, index: 54, mask: {55, }, error code: 22 error msg: Invalid argument. Specify the number of threads explicitly so the affinity is not set.[m
[1;31m2026-09-28 11:40:36.724061841 [E:onnxruntime:Default, env.cc:298 ThreadMain] pthread_setaffinity_np failed for thread: 2806225, index: 38, mask: {39, }, error code: 22 error msg: Invalid argument. Specify the number of threads explicitly so the affinity is not set.[m
[1;31m2026-09-28 11:40:36.724015906 [E:onnxruntime:Default, env.cc:298 ThreadMain] pthread_setaffinity_np failed for thread: 2806205, index: 18, mask: {19, }, error code: 22 error msg: Invalid argument. Specify the number of threads explicitly so the affinity is not set.[m
[1;31m2026-09-28 11:40:36.689942238 [E:onnxruntime:Default, env.cc:298 ThreadMain] pthread_setaffinity_np failed for thread: 2806227, index: 40, mask: {41, }, error code: 22 error msg: Invalid argument. Specify the number of threads explicitly so the affinity is not set.[m
[1;31m2026-09-28 11:40:36.743780836 [E:onnxruntime:Default, env.cc:298 ThreadMain] pthread_setaffinity_np failed for thread: 2806233, index: 46, mask: {47, }, error code: 22 error msg: Invalid argument. Specify the number of threads explicitly so the affinity is not set.[m
[1;31m2026-09-28 11:40:36.724072225 [E:onnxruntime:Default, env.cc:298 ThreadMain] pthread_setaffinity_np failed for thread: 2806240, index: 53, mask: {54, }, error code: 22 error msg: Invalid argument. Specify the number of threads explicitly so the affinity is not set.[m
[1;31m2026-09-28 11:40:36.747750070 [E:onnxruntime:Default, env.cc:298 ThreadMain] pthread_setaffinity_np failed for thread: 2806238, index: 51, mask: {52, }, error code: 22 error msg: Invalid argument. Specify the number of threads explicitly so the affinity is not set.[m
[1;31m2026-09-28 11:40:36.751747142 [E:onnxruntime:Default, env.cc:298 ThreadMain] pthread_setaffinity_np failed for thread: 2806243, index: 56, mask: {57, }, error code: 22 error msg: Invalid argument. Specify the number of threads explicitly so the affinity is not set.[m
[1;31m2026-09-28 11:40:36.724012212 [E:onnxruntime:Default, env.cc:298 ThreadMain] pthread_setaffinity_np failed for thread: 2806206, index: 19, mask: {20, }, error code: 22 error msg: Invalid argument. Specify the number of threads explicitly so the affinity is not set.[m
[1;31m2026-09-28 11:40:36.724017316 [E:onnxruntime:Default, env.cc:298 ThreadMain] pthread_setaffinity_np failed for thread: 2806209, index: 22, mask: {23, }, error code: 22 error msg: Invalid argument. Specify the number of threads explicitly so the affinity is not set.[m
[1;31m2026-09-28 11:40:36.690011346 [E:onnxruntime:Default, env.cc:298 ThreadMain] pthread_setaffinity_np failed for thread: 2806251, index: 64, mask: {65, }, error code: 22 error msg: Invalid argument. Specify the number of threads explicitly so the affinity is not set.[m
[1;31m2026-09-28 11:40:36.757789438 [E:onnxruntime:Default, env.cc:298 ThreadMain] pthread_setaffinity_np failed for thread: 2806217, index: 30, mask: {31, }, error code: 22 error msg: Invalid argument. Specify the number of threads explicitly so the affinity is not set.[m
[1;31m2026-09-28 11:40:36.724087214 [E:onnxruntime:Default, env.cc:298 ThreadMain] pthread_setaffinity_np failed for thread: 2806250, index: 63, mask: {64, }, error code: 22 error msg: Invalid argument. Specify the number of threads explicitly so the affinity is not set.[m
[1;31m2026-09-28 11:40:36.724101405 [E:onnxruntime:Default, env.cc:298 ThreadMain] pthread_setaffinity_np failed for thread: 2806219, index: 32, mask: {33, }, error code: 22 error msg: Invalid argument. Specify the number of threads explicitly so the affinity is not set.[m
[1;31m2026-09-28 11:40:36.761763012 [E:onnxruntime:Default, env.cc:298 ThreadMain] pthread_setaffinity_np failed for thread: 2806235, index: 48, mask: {49, }, error code: 22 error msg: Invalid argument. Specify the number of threads explicitly so the affinity is not set.[m
[1;31m2026-09-28 11:40:36.765746167 [E:onnxruntime:Default, env.cc:298 ThreadMain] pthread_setaffinity_np failed for thread: 2806231, index: 44, mask: {45, }, error code: 22 error msg: Invalid argument. Specify the number of threads explicitly so the affinity is not set.[m
[1;31m2026-09-28 11:40:36.690057870 [E:onnxruntime:Default, env.cc:298 ThreadMain] pthread_setaffinity_np failed for thread: 2806228, index: 41, mask: {42, }, error code: 22 error msg: Invalid argument. Specify the number of threads explicitly so the affinity is not set.[m
[1;31m2026-09-28 11:40:36.724017852 [E:onnxruntime:Default, env.cc:298 ThreadMain] pthread_setaffinity_np failed for thread: 2806207, index: 20, mask: {21, }, error code: 22 error msg: Invalid argument. Specify the number of threads explicitly so the affinity is not set.[m
[1;31m2026-09-28 11:40:36.724117132 [E:onnxruntime:Default, env.cc:298 ThreadMain] pthread_setaffinity_np failed for thread: 2806229, index: 42, mask: {43, }, error code: 22 error msg: Invalid argument. Specify the number of threads explicitly so the affinity is not set.[m
[1;31m2026-09-28 11:40:36.770774417 [E:onnxruntime:Default, env.cc:298 ThreadMain] pthread_setaffinity_np failed for thread: 2806218, index: 31, mask: {32, }, error code: 22 error msg: Invalid argument. Specify the number of threads explicitly so the affinity is not set.[m
[1;31m2026-09-28 11:40:36.724060976 [E:onnxruntime:Default, env.cc:298 ThreadMain] pthread_setaffinity_np failed for thread: 2806247, index: 60, mask: {61, }, error code: 22 error msg: Invalid argument. Specify the number of threads explicitly so the affinity is not set.[m
[1;31m2026-09-28 11:40:36.770801221 [E:onnxruntime:Default, env.cc:298 ThreadMain] pthread_setaffinity_np failed for thread: 2806236, index: 49, mask: {50, }, error code: 22 error msg: Invalid argument. Specify the number of threads explicitly so the affinity is not set.[m
[1;31m2026-09-28 11:40:36.772795449 [E:onnxruntime:Default, env.cc:298 ThreadMain] pthread_setaffinity_np failed for thread: 2806242, index: 55, mask: {56, }, error code: 22 error msg: Invalid argument. Specify the number of threads explicitly so the affinity is not set.[m
[1;31m2026-09-28 11:40:36.690011230 [E:onnxruntime:Default, env.cc:298 ThreadMain] pthread_setaffinity_np failed for thread: 2806246, index: 59, mask: {60, }, error code: 22 error msg: Invalid argument. Specify the number of threads explicitly so the affinity is not set.[m
[1;31m2026-09-28 11:40:36.776757101 [E:onnxruntime:Default, env.cc:298 ThreadMain] pthread_setaffinity_np failed for thread: 2806248, index: 61, mask: {62, }, error code: 22 error msg: Invalid argument. Specify the number of threads explicitly so the affinity is not set.[m
[1;31m2026-09-28 11:40:36.761747781 [E:onnxruntime:Default, env.cc:298 ThreadMain] pthread_setaffinity_np failed for thread: 2806244, index: 57, mask: {58, }, error code: 22 error msg: Invalid argument. Specify the number of threads explicitly so the affinity is not set.[m
[1;31m2026-09-28 11:40:36.772812966 [E:onnxruntime:Default, env.cc:298 ThreadMain] pthread_setaffinity_np failed for thread: 2806214, index: 27, mask: {28, }, error code: 22 error msg: Invalid argument. Specify the number of threads explicitly so the affinity is not set.[m
[1;31m2026-09-28 11:40:36.789762019 [E:onnxruntime:Default, env.cc:298 ThreadMain] pthread_setaffinity_np failed for thread: 2806255, index: 68, mask: {69, }, error code: 22 error msg: Invalid argument. Specify the number of threads explicitly so the affinity is not set.[m
[1;31m2026-09-28 11:40:36.793786193 [E:onnxruntime:Default, env.cc:298 ThreadMain] pthread_setaffinity_np failed for thread: 2806257, index: 70, mask: {71, }, error code: 22 error msg: Invalid argument. Specify the number of threads explicitly so the affinity is not set.[m
[1;31m2026-09-28 11:40:36.801748228 [E:onnxruntime:Default, env.cc:298 ThreadMain] pthread_setaffinity_np failed for thread: 2806256, index: 69, mask: {70, }, error code: 22 error msg: Invalid argument. Specify the number of threads explicitly so the affinity is not set.[m
WARNING 09-28 11:40:42 [config.py:70] Support for Transformers v4 is deprecated. The Transformers v4 codepath will become unmaintained in vLLM v0.22.0 and will be removed in vLLM v0.24.0. Please upgrade to Transformers v5: pip install --upgrade transformers
(EngineCore pid=2806170) INFO 09-28 11:40:43 [core.py:109] Initializing a V1 LLM engine (v0.21.0) with config: model='/home/sfris1/.cache/huggingface/hub/models--opendatalab--MinerU2.5-Pro-2605-1.2B/snapshots/bff20d4ae2bf202df9f45284b4d43681555a97ed', speculative_config=None, tokenizer='/home/sfris1/.cache/huggingface/hub/models--opendatalab--MinerU2.5-Pro-2605-1.2B/snapshots/bff20d4ae2bf202df9f45284b4d43681555a97ed', skip_tokenizer_init=False, tokenizer_mode=auto, revision=None, tokenizer_revision=None, trust_remote_code=False, dtype=torch.bfloat16, max_seq_len=8192, download_dir=None, load_format=auto, tensor_parallel_size=1, pipeline_parallel_size=1, data_parallel_size=1, decode_context_parallel_size=1, dcp_comm_backend=ag_rs, disable_custom_all_reduce=False, quantization=None, quantization_config=None, enforce_eager=False, enable_return_routed_experts=False, kv_cache_dtype=auto, device_config=cuda, structured_outputs_config=StructuredOutputsConfig(backend='auto', disable_any_whitespace=False, disable_additional_properties=False, reasoning_parser='', reasoning_parser_plugin='', enable_in_reasoning=False), observability_config=ObservabilityConfig(show_hidden_metrics_for_version=None, otlp_traces_endpoint=None, collect_detailed_traces=None, kv_cache_metrics=False, kv_cache_metrics_sample=0.01, cudagraph_metrics=False, enable_layerwise_nvtx_tracing=False, enable_mfu_metrics=False, enable_mm_processor_stats=False, enable_logging_iteration_details=False), seed=0, served_model_name=/home/sfris1/.cache/huggingface/hub/models--opendatalab--MinerU2.5-Pro-2605-1.2B/snapshots/bff20d4ae2bf202df9f45284b4d43681555a97ed, enable_prefix_caching=True, enable_chunked_prefill=True, pooler_config=None, compilation_config={'mode': <CompilationMode.VLLM_COMPILE: 3>, 'debug_dump_path': None, 'cache_dir': '', 'compile_cache_save_format': 'binary', 'backend': 'inductor', 'custom_ops': ['none'], 'ir_enable_torch_wrap': True, 'splitting_ops': ['vllm::unified_attention_with_output', 'vllm::unified_mla_attention_with_output', 'vllm::mamba_mixer2', 'vllm::mamba_mixer', 'vllm::short_conv', 'vllm::linear_attention', 'vllm::plamo2_mamba_mixer', 'vllm::gdn_attention_core', 'vllm::gdn_attention_core_xpu', 'vllm::olmo_hybrid_gdn_full_forward', 'vllm::kda_attention', 'vllm::sparse_attn_indexer', 'vllm::rocm_aiter_sparse_attn_indexer', 'vllm::deepseek_v4_attention', 'vllm::unified_kv_cache_update', 'vllm::unified_mla_kv_cache_update'], 'compile_mm_encoder': False, 'cudagraph_mm_encoder': False, 'encoder_cudagraph_token_budgets': [], 'encoder_cudagraph_max_vision_items_per_batch': 0, 'encoder_cudagraph_max_frames_per_batch': None, 'compile_sizes': [], 'compile_ranges_endpoints': [2048], 'inductor_compile_config': {'enable_auto_functionalized_v2': False, 'size_asserts': False, 'alignment_asserts': False, 'scalar_asserts': False, 'combo_kernels': True, 'benchmark_combo_kernel': True}, 'inductor_passes': {}, 'cudagraph_mode': <CUDAGraphMode.FULL_AND_PIECEWISE: (2, 1)>, 'cudagraph_num_of_warmups': 1, 'cudagraph_capture_sizes': [1, 2, 4, 8, 16, 24, 32, 40, 48, 56, 64, 72, 80, 88, 96, 104, 112, 120, 128, 136, 144, 152, 160, 168, 176, 184, 192, 200, 208, 216, 224, 232, 240, 248, 256], 'cudagraph_copy_inputs': False, 'cudagraph_specialize_lora': True, 'use_inductor_graph_partition': False, 'pass_config': {'fuse_norm_quant': False, 'fuse_act_quant': False, 'fuse_attn_quant': False, 'enable_sp': False, 'fuse_gemm_comms': False, 'fuse_allreduce_rms': False, 'fuse_act_padding': False}, 'max_cudagraph_capture_size': 256, 'dynamic_shapes_config': {'type': <DynamicShapesType.BACKED: 'backed'>, 'evaluate_guards': False, 'assume_32_bit_indexing': False}, 'local_cache_dir': None, 'fast_moe_cold_start': False, 'static_all_moe_layers': []}, kernel_config=KernelConfig(ir_op_priority=IrOpPriorityConfig(rms_norm=['native'], fused_add_rms_norm=['native']), enable_flashinfer_autotune=False, moe_backend='auto')
(EngineCore pid=2806170) INFO 09-28 11:40:45 [parallel_state.py:1410] world_size=1 rank=0 local_rank=0 distributed_init_method=tcp://145.136.62.28:59079 backend=nccl
(EngineCore pid=2806170) INFO 09-28 11:40:45 [parallel_state.py:1723] rank 0 in world size 1 is assigned as DP rank 0, PP rank 0, PCP rank 0, TP rank 0, EP rank N/A, EPLB rank N/A
(EngineCore pid=2806170) INFO 09-28 11:40:46 [topk_topp_sampler.py:45] Using FlashInfer for top-p & top-k sampling.
(EngineCore pid=2806170) The image processor of type `Qwen2VLImageProcessor` is now loaded as a fast processor by default, even if the model checkpoint was saved with a slow processor. This is a breaking change and may produce slightly different outputs. To continue using the slow processor, instantiate this class with `use_fast=False`. Note that this behavior will be extended to all models in a future release.
(EngineCore pid=2806170) INFO 09-28 11:40:49 [gpu_model_runner.py:4857] Starting to load model /home/sfris1/.cache/huggingface/hub/models--opendatalab--MinerU2.5-Pro-2605-1.2B/snapshots/bff20d4ae2bf202df9f45284b4d43681555a97ed...
(EngineCore pid=2806170) INFO 09-28 11:40:50 [cuda.py:427] Using backend AttentionBackendEnum.FLASH_ATTN for vit attention
(EngineCore pid=2806170) INFO 09-28 11:40:50 [mm_encoder_attention.py:372] Using AttentionBackendEnum.FLASH_ATTN for MMEncoderAttention.
(EngineCore pid=2806170) INFO 09-28 11:40:50 [vllm.py:886] Asynchronous scheduling is enabled.
(EngineCore pid=2806170) INFO 09-28 11:40:50 [kernel.py:212] Final IR op priority after setting platform defaults: IrOpPriorityConfig(rms_norm=['native'], fused_add_rms_norm=['native'])
(EngineCore pid=2806170) INFO 09-28 11:40:50 [cuda.py:372] Using FLASH_ATTN attention backend out of potential backends: ['FLASH_ATTN', 'FLASHINFER', 'TRITON_ATTN', 'FLEX_ATTENTION'].
(EngineCore pid=2806170) INFO 09-28 11:40:50 [flash_attn.py:641] Using FlashAttention version 2
(EngineCore pid=2806170) INFO 09-28 11:40:50 [weight_utils.py:938] Filesystem type for checkpoints: GPFS. Checkpoint size: 2.15 GiB. Available RAM: 440.74 GiB.
(EngineCore pid=2806170) INFO 09-28 11:40:50 [weight_utils.py:961] Auto-prefetch is disabled because the filesystem (GPFS) is not a recognized network FS (NFS/Lustre). If you want to force prefetching, start vLLM with --safetensors-load-strategy=prefetch.
(EngineCore pid=2806170) Loading safetensors checkpoint shards:   0% Completed | 0/1 [00:00<?, ?it/s]
(EngineCore pid=2806170) Loading safetensors checkpoint shards: 100% Completed | 1/1 [00:01<00:00,  1.20s/it]
(EngineCore pid=2806170) Loading safetensors checkpoint shards: 100% Completed | 1/1 [00:01<00:00,  1.20s/it]
(EngineCore pid=2806170) 
(EngineCore pid=2806170) INFO 09-28 11:40:51 [default_loader.py:397] Loading weights took 1.25 seconds
(EngineCore pid=2806170) INFO 09-28 11:40:52 [gpu_model_runner.py:4959] Model loading took 2.16 GiB memory and 1.646454 seconds
(EngineCore pid=2806170) INFO 09-28 11:40:52 [gpu_model_runner.py:5920] Encoder cache will be initialized with a budget of 8192 tokens, and profiled with 1 video items of the maximum feature size.
(EngineCore pid=2806170) INFO 09-28 11:40:56 [backends.py:1089] Using cache directory: /home/sfris1/.cache/vllm/torch_compile_cache/557eaef9a3/rank_0_0/backbone for vLLM's torch.compile
(EngineCore pid=2806170) INFO 09-28 11:40:56 [backends.py:1148] Dynamo bytecode transform time: 2.38 s
(EngineCore pid=2806170) INFO 09-28 11:40:57 [backends.py:292] Directly load the compiled graph(s) for compile range (1, 2048) from the cache, took 1.208 s
(EngineCore pid=2806170) INFO 09-28 11:40:57 [decorators.py:311] Directly load AOT compilation from path /home/sfris1/.cache/vllm/torch_compile_cache/torch_aot_compile/9fc9def3a1736e8298ba738d46590ca1ad781b4ad811c4a7c19562d6033c953c/rank_0_0/model
(EngineCore pid=2806170) INFO 09-28 11:40:57 [monitor.py:53] torch.compile took 3.84 s in total
(EngineCore pid=2806170) INFO 09-28 11:40:57 [monitor.py:81] Initial profiling/warmup run took 0.01 s
(EngineCore pid=2806170) ERROR 09-28 11:40:57 [core.py:1140] EngineCore failed to start.
(EngineCore pid=2806170) ERROR 09-28 11:40:57 [core.py:1140] Traceback (most recent call last):
(EngineCore pid=2806170) ERROR 09-28 11:40:57 [core.py:1140]   File "/gpfs/home5/sfris1/multimodal-tip-of-tongue-for-scientific-papers/.venv-mineru/lib/python3.11/site-packages/vllm/v1/engine/core.py", line 1114, in run_engine_core
(EngineCore pid=2806170) ERROR 09-28 11:40:57 [core.py:1140]     engine_core = EngineCoreProc(*args, engine_index=dp_rank, **kwargs)
(EngineCore pid=2806170) ERROR 09-28 11:40:57 [core.py:1140]                   ^^^^^^^^^^^^^^^^^^^^^^^^^^^^^^^^^^^^^^^^^^^^^^^^^^^^^
(EngineCore pid=2806170) ERROR 09-28 11:40:57 [core.py:1140]   File "/gpfs/home5/sfris1/multimodal-tip-of-tongue-for-scientific-papers/.venv-mineru/lib/python3.11/site-packages/vllm/tracing/otel.py", line 178, in sync_wrapper
(EngineCore pid=2806170) ERROR 09-28 11:40:57 [core.py:1140]     return func(*args, **kwargs)
(EngineCore pid=2806170) ERROR 09-28 11:40:57 [core.py:1140]            ^^^^^^^^^^^^^^^^^^^^^
(EngineCore pid=2806170) ERROR 09-28 11:40:57 [core.py:1140]   File "/gpfs/home5/sfris1/multimodal-tip-of-tongue-for-scientific-papers/.venv-mineru/lib/python3.11/site-packages/vllm/v1/engine/core.py", line 880, in __init__
(EngineCore pid=2806170) ERROR 09-28 11:40:57 [core.py:1140]     super().__init__(
(EngineCore pid=2806170) ERROR 09-28 11:40:57 [core.py:1140]   File "/gpfs/home5/sfris1/multimodal-tip-of-tongue-for-scientific-papers/.venv-mineru/lib/python3.11/site-packages/vllm/v1/engine/core.py", line 128, in __init__
(EngineCore pid=2806170) ERROR 09-28 11:40:57 [core.py:1140]     kv_cache_config = self._initialize_kv_caches(vllm_config)
(EngineCore pid=2806170) ERROR 09-28 11:40:57 [core.py:1140]                       ^^^^^^^^^^^^^^^^^^^^^^^^^^^^^^^^^^^^^^^
(EngineCore pid=2806170) ERROR 09-28 11:40:57 [core.py:1140]   File "/gpfs/home5/sfris1/multimodal-tip-of-tongue-for-scientific-papers/.venv-mineru/lib/python3.11/site-packages/vllm/tracing/otel.py", line 178, in sync_wrapper
(EngineCore pid=2806170) ERROR 09-28 11:40:57 [core.py:1140]     return func(*args, **kwargs)
(EngineCore pid=2806170) ERROR 09-28 11:40:57 [core.py:1140]            ^^^^^^^^^^^^^^^^^^^^^
(EngineCore pid=2806170) ERROR 09-28 11:40:57 [core.py:1140]   File "/gpfs/home5/sfris1/multimodal-tip-of-tongue-for-scientific-papers/.venv-mineru/lib/python3.11/site-packages/vllm/v1/engine/core.py", line 250, in _initialize_kv_caches
(EngineCore pid=2806170) ERROR 09-28 11:40:57 [core.py:1140]     available_gpu_memory = self.model_executor.determine_available_memory()
(EngineCore pid=2806170) ERROR 09-28 11:40:57 [core.py:1140]                            ^^^^^^^^^^^^^^^^^^^^^^^^^^^^^^^^^^^^^^^^^^^^^^^^
(EngineCore pid=2806170) ERROR 09-28 11:40:57 [core.py:1140]   File "/gpfs/home5/sfris1/multimodal-tip-of-tongue-for-scientific-papers/.venv-mineru/lib/python3.11/site-packages/vllm/v1/executor/abstract.py", line 147, in determine_available_memory
(EngineCore pid=2806170) ERROR 09-28 11:40:57 [core.py:1140]     return self.collective_rpc("determine_available_memory")
(EngineCore pid=2806170) ERROR 09-28 11:40:57 [core.py:1140]            ^^^^^^^^^^^^^^^^^^^^^^^^^^^^^^^^^^^^^^^^^^^^^^^^^
(EngineCore pid=2806170) ERROR 09-28 11:40:57 [core.py:1140]   File "/gpfs/home5/sfris1/multimodal-tip-of-tongue-for-scientific-papers/.venv-mineru/lib/python3.11/site-packages/vllm/v1/executor/uniproc_executor.py", line 93, in collective_rpc
(EngineCore pid=2806170) ERROR 09-28 11:40:57 [core.py:1140]     result = run_method(self.driver_worker, method, args, kwargs)
(EngineCore pid=2806170) ERROR 09-28 11:40:57 [core.py:1140]              ^^^^^^^^^^^^^^^^^^^^^^^^^^^^^^^^^^^^^^^^^^^^^^^^^^^^
(EngineCore pid=2806170) ERROR 09-28 11:40:57 [core.py:1140]   File "/gpfs/home5/sfris1/multimodal-tip-of-tongue-for-scientific-papers/.venv-mineru/lib/python3.11/site-packages/vllm/v1/serial_utils.py", line 510, in run_method
(EngineCore pid=2806170) ERROR 09-28 11:40:57 [core.py:1140]     return func(*args, **kwargs)
(EngineCore pid=2806170) ERROR 09-28 11:40:57 [core.py:1140]            ^^^^^^^^^^^^^^^^^^^^^
(EngineCore pid=2806170) ERROR 09-28 11:40:57 [core.py:1140]   File "/gpfs/home5/sfris1/multimodal-tip-of-tongue-for-scientific-papers/.venv-mineru/lib/python3.11/site-packages/torch/utils/_contextlib.py", line 124, in decorate_context
(EngineCore pid=2806170) ERROR 09-28 11:40:57 [core.py:1140]     return func(*args, **kwargs)
(EngineCore pid=2806170) ERROR 09-28 11:40:57 [core.py:1140]            ^^^^^^^^^^^^^^^^^^^^^
(EngineCore pid=2806170) ERROR 09-28 11:40:57 [core.py:1140]   File "/gpfs/home5/sfris1/multimodal-tip-of-tongue-for-scientific-papers/.venv-mineru/lib/python3.11/site-packages/vllm/v1/worker/gpu_worker.py", line 392, in determine_available_memory
(EngineCore pid=2806170) ERROR 09-28 11:40:57 [core.py:1140]     self.model_runner.profile_run()
(EngineCore pid=2806170) ERROR 09-28 11:40:57 [core.py:1140]   File "/gpfs/home5/sfris1/multimodal-tip-of-tongue-for-scientific-papers/.venv-mineru/lib/python3.11/site-packages/vllm/v1/worker/gpu_model_runner.py", line 5955, in profile_run
(EngineCore pid=2806170) ERROR 09-28 11:40:57 [core.py:1140]     output = self._dummy_sampler_run(last_hidden_states)
(EngineCore pid=2806170) ERROR 09-28 11:40:57 [core.py:1140]              ^^^^^^^^^^^^^^^^^^^^^^^^^^^^^^^^^^^^^^^^^^^
(EngineCore pid=2806170) ERROR 09-28 11:40:57 [core.py:1140]   File "/gpfs/home5/sfris1/multimodal-tip-of-tongue-for-scientific-papers/.venv-mineru/lib/python3.11/site-packages/torch/utils/_contextlib.py", line 124, in decorate_context
(EngineCore pid=2806170) ERROR 09-28 11:40:57 [core.py:1140]     return func(*args, **kwargs)
(EngineCore pid=2806170) ERROR 09-28 11:40:57 [core.py:1140]            ^^^^^^^^^^^^^^^^^^^^^
(EngineCore pid=2806170) ERROR 09-28 11:40:57 [core.py:1140]   File "/gpfs/home5/sfris1/multimodal-tip-of-tongue-for-scientific-papers/.venv-mineru/lib/python3.11/site-packages/vllm/v1/worker/gpu_model_runner.py", line 5775, in _dummy_sampler_run
(EngineCore pid=2806170) ERROR 09-28 11:40:57 [core.py:1140]     raise e
(EngineCore pid=2806170) ERROR 09-28 11:40:57 [core.py:1140]   File "/gpfs/home5/sfris1/multimodal-tip-of-tongue-for-scientific-papers/.venv-mineru/lib/python3.11/site-packages/vllm/v1/worker/gpu_model_runner.py", line 5743, in _dummy_sampler_run
(EngineCore pid=2806170) ERROR 09-28 11:40:57 [core.py:1140]     sampler_output = self.sampler(
(EngineCore pid=2806170) ERROR 09-28 11:40:57 [core.py:1140]                      ^^^^^^^^^^^^^
(EngineCore pid=2806170) ERROR 09-28 11:40:57 [core.py:1140]   File "/gpfs/home5/sfris1/multimodal-tip-of-tongue-for-scientific-papers/.venv-mineru/lib/python3.11/site-packages/torch/nn/modules/module.py", line 1779, in _wrapped_call_impl
(EngineCore pid=2806170) ERROR 09-28 11:40:57 [core.py:1140]     return self._call_impl(*args, **kwargs)
(EngineCore pid=2806170) ERROR 09-28 11:40:57 [core.py:1140]            ^^^^^^^^^^^^^^^^^^^^^^^^^^^^^^^^
(EngineCore pid=2806170) ERROR 09-28 11:40:57 [core.py:1140]   File "/gpfs/home5/sfris1/multimodal-tip-of-tongue-for-scientific-papers/.venv-mineru/lib/python3.11/site-packages/torch/nn/modules/module.py", line 1790, in _call_impl
(EngineCore pid=2806170) ERROR 09-28 11:40:57 [core.py:1140]     return forward_call(*args, **kwargs)
(EngineCore pid=2806170) ERROR 09-28 11:40:57 [core.py:1140]            ^^^^^^^^^^^^^^^^^^^^^^^^^^^^^
(EngineCore pid=2806170) ERROR 09-28 11:40:57 [core.py:1140]   File "/gpfs/home5/sfris1/multimodal-tip-of-tongue-for-scientific-papers/.venv-mineru/lib/python3.11/site-packages/vllm/v1/sample/sampler.py", line 97, in forward
(EngineCore pid=2806170) ERROR 09-28 11:40:57 [core.py:1140]     sampled, processed_logprobs = self.sample(logits, sampling_metadata)
(EngineCore pid=2806170) ERROR 09-28 11:40:57 [core.py:1140]                                   ^^^^^^^^^^^^^^^^^^^^^^^^^^^^^^^^^^^^^^
(EngineCore pid=2806170) ERROR 09-28 11:40:57 [core.py:1140]   File "/gpfs/home5/sfris1/multimodal-tip-of-tongue-for-scientific-papers/.venv-mineru/lib/python3.11/site-packages/vllm/v1/sample/sampler.py", line 272, in sample
(EngineCore pid=2806170) ERROR 09-28 11:40:57 [core.py:1140]     random_sampled, processed_logprobs = self.topk_topp_sampler(
(EngineCore pid=2806170) ERROR 09-28 11:40:57 [core.py:1140]                                          ^^^^^^^^^^^^^^^^^^^^^^^
(EngineCore pid=2806170) ERROR 09-28 11:40:57 [core.py:1140]   File "/gpfs/home5/sfris1/multimodal-tip-of-tongue-for-scientific-papers/.venv-mineru/lib/python3.11/site-packages/torch/nn/modules/module.py", line 1779, in _wrapped_call_impl
(EngineCore pid=2806170) ERROR 09-28 11:40:57 [core.py:1140]     return self._call_impl(*args, **kwargs)
(EngineCore pid=2806170) ERROR 09-28 11:40:57 [core.py:1140]            ^^^^^^^^^^^^^^^^^^^^^^^^^^^^^^^^
(EngineCore pid=2806170) ERROR 09-28 11:40:57 [core.py:1140]   File "/gpfs/home5/sfris1/multimodal-tip-of-tongue-for-scientific-papers/.venv-mineru/lib/python3.11/site-packages/torch/nn/modules/module.py", line 1790, in _call_impl
(EngineCore pid=2806170) ERROR 09-28 11:40:57 [core.py:1140]     return forward_call(*args, **kwargs)
(EngineCore pid=2806170) ERROR 09-28 11:40:57 [core.py:1140]            ^^^^^^^^^^^^^^^^^^^^^^^^^^^^^
(EngineCore pid=2806170) ERROR 09-28 11:40:57 [core.py:1140]   File "/gpfs/home5/sfris1/multimodal-tip-of-tongue-for-scientific-papers/.venv-mineru/lib/python3.11/site-packages/vllm/v1/sample/ops/topk_topp_sampler.py", line 157, in forward_cuda
(EngineCore pid=2806170) ERROR 09-28 11:40:57 [core.py:1140]     return flashinfer_sample(logits.contiguous(), k, p, generators), None
(EngineCore pid=2806170) ERROR 09-28 11:40:57 [core.py:1140]            ^^^^^^^^^^^^^^^^^^^^^^^^^^^^^^^^^^^^^^^^^^^^^^^^^^^^^^^^
(EngineCore pid=2806170) ERROR 09-28 11:40:57 [core.py:1140]   File "/gpfs/home5/sfris1/multimodal-tip-of-tongue-for-scientific-papers/.venv-mineru/lib/python3.11/site-packages/vllm/v1/sample/ops/topk_topp_sampler.py", line 447, in flashinfer_sample
(EngineCore pid=2806170) ERROR 09-28 11:40:57 [core.py:1140]     next_token_ids = flashinfer.sampling.top_k_top_p_sampling_from_logits(
(EngineCore pid=2806170) ERROR 09-28 11:40:57 [core.py:1140]                      ^^^^^^^^^^^^^^^^^^^^^^^^^^^^^^^^^^^^^^^^^^^^^^^^^^^^^
(EngineCore pid=2806170) ERROR 09-28 11:40:57 [core.py:1140]   File "/gpfs/home5/sfris1/multimodal-tip-of-tongue-for-scientific-papers/.venv-mineru/lib/python3.11/site-packages/flashinfer/sampling.py", line 1400, in top_k_top_p_sampling_from_logits
(EngineCore pid=2806170) ERROR 09-28 11:40:57 [core.py:1140]     masked_logits = top_k_mask_logits(logits, top_k)
(EngineCore pid=2806170) ERROR 09-28 11:40:57 [core.py:1140]                     ^^^^^^^^^^^^^^^^^^^^^^^^^^^^^^^^
(EngineCore pid=2806170) ERROR 09-28 11:40:57 [core.py:1140]   File "/gpfs/home5/sfris1/multimodal-tip-of-tongue-for-scientific-papers/.venv-mineru/lib/python3.11/site-packages/flashinfer/sampling.py", line 1806, in top_k_mask_logits
(EngineCore pid=2806170) ERROR 09-28 11:40:57 [core.py:1140]     return get_sampling_module().top_k_mask_logits(
(EngineCore pid=2806170) ERROR 09-28 11:40:57 [core.py:1140]            ^^^^^^^^^^^^^^^^^^^^^
(EngineCore pid=2806170) ERROR 09-28 11:40:57 [core.py:1140]   File "/gpfs/home5/sfris1/multimodal-tip-of-tongue-for-scientific-papers/.venv-mineru/lib/python3.11/site-packages/flashinfer/sampling.py", line 54, in get_sampling_module
(EngineCore pid=2806170) ERROR 09-28 11:40:57 [core.py:1140]     module = gen_sampling_module().build_and_load()
(EngineCore pid=2806170) ERROR 09-28 11:40:57 [core.py:1140]              ^^^^^^^^^^^^^^^^^^^^^^^^^^^^^^^^^^^^^^
(EngineCore pid=2806170) ERROR 09-28 11:40:57 [core.py:1140]   File "/gpfs/home5/sfris1/multimodal-tip-of-tongue-for-scientific-papers/.venv-mineru/lib/python3.11/site-packages/flashinfer/jit/core.py", line 318, in build_and_load
(EngineCore pid=2806170) ERROR 09-28 11:40:57 [core.py:1140]     self.build(verbose, need_lock=False)
(EngineCore pid=2806170) ERROR 09-28 11:40:57 [core.py:1140]   File "/gpfs/home5/sfris1/multimodal-tip-of-tongue-for-scientific-papers/.venv-mineru/lib/python3.11/site-packages/flashinfer/jit/core.py", line 303, in build
(EngineCore pid=2806170) ERROR 09-28 11:40:57 [core.py:1140]     self.write_ninja()
(EngineCore pid=2806170) ERROR 09-28 11:40:57 [core.py:1140]   File "/gpfs/home5/sfris1/multimodal-tip-of-tongue-for-scientific-papers/.venv-mineru/lib/python3.11/site-packages/flashinfer/jit/core.py", line 274, in write_ninja
(EngineCore pid=2806170) ERROR 09-28 11:40:57 [core.py:1140]     content = generate_ninja_build_for_op(
(EngineCore pid=2806170) ERROR 09-28 11:40:57 [core.py:1140]               ^^^^^^^^^^^^^^^^^^^^^^^^^^^^
(EngineCore pid=2806170) ERROR 09-28 11:40:57 [core.py:1140]   File "/gpfs/home5/sfris1/multimodal-tip-of-tongue-for-scientific-papers/.venv-mineru/lib/python3.11/site-packages/flashinfer/jit/cpp_ext.py", line 216, in generate_ninja_build_for_op
(EngineCore pid=2806170) ERROR 09-28 11:40:57 [core.py:1140]     cuda_home = get_cuda_path()
(EngineCore pid=2806170) ERROR 09-28 11:40:57 [core.py:1140]                 ^^^^^^^^^^^^^^^
(EngineCore pid=2806170) ERROR 09-28 11:40:57 [core.py:1140]   File "/gpfs/home5/sfris1/multimodal-tip-of-tongue-for-scientific-papers/.venv-mineru/lib/python3.11/site-packages/flashinfer/jit/cpp_ext.py", line 61, in get_cuda_path
(EngineCore pid=2806170) ERROR 09-28 11:40:57 [core.py:1140]     raise RuntimeError(
(EngineCore pid=2806170) ERROR 09-28 11:40:57 [core.py:1140] RuntimeError: Could not find nvcc and default cuda_home='/usr/local/cuda' doesn't exist
(EngineCore pid=2806170) Process EngineCore:
(EngineCore pid=2806170) Traceback (most recent call last):
(EngineCore pid=2806170)   File "/home/sfris1/.local/share/uv/python/cpython-3.11.14-linux-x86_64-gnu/lib/python3.11/multiprocessing/process.py", line 314, in _bootstrap
(EngineCore pid=2806170)     self.run()
(EngineCore pid=2806170)   File "/home/sfris1/.local/share/uv/python/cpython-3.11.14-linux-x86_64-gnu/lib/python3.11/multiprocessing/process.py", line 108, in run
(EngineCore pid=2806170)     self._target(*self._args, **self._kwargs)
(EngineCore pid=2806170)   File "/gpfs/home5/sfris1/multimodal-tip-of-tongue-for-scientific-papers/.venv-mineru/lib/python3.11/site-packages/vllm/v1/engine/core.py", line 1144, in run_engine_core
(EngineCore pid=2806170)     raise e
(EngineCore pid=2806170)   File "/gpfs/home5/sfris1/multimodal-tip-of-tongue-for-scientific-papers/.venv-mineru/lib/python3.11/site-packages/vllm/v1/engine/core.py", line 1114, in run_engine_core
(EngineCore pid=2806170)     engine_core = EngineCoreProc(*args, engine_index=dp_rank, **kwargs)
(EngineCore pid=2806170)                   ^^^^^^^^^^^^^^^^^^^^^^^^^^^^^^^^^^^^^^^^^^^^^^^^^^^^^
(EngineCore pid=2806170)   File "/gpfs/home5/sfris1/multimodal-tip-of-tongue-for-scientific-papers/.venv-mineru/lib/python3.11/site-packages/vllm/tracing/otel.py", line 178, in sync_wrapper
(EngineCore pid=2806170)     return func(*args, **kwargs)
(EngineCore pid=2806170)            ^^^^^^^^^^^^^^^^^^^^^
(EngineCore pid=2806170)   File "/gpfs/home5/sfris1/multimodal-tip-of-tongue-for-scientific-papers/.venv-mineru/lib/python3.11/site-packages/vllm/v1/engine/core.py", line 880, in __init__
(EngineCore pid=2806170)     super().__init__(
(EngineCore pid=2806170)   File "/gpfs/home5/sfris1/multimodal-tip-of-tongue-for-scientific-papers/.venv-mineru/lib/python3.11/site-packages/vllm/v1/engine/core.py", line 128, in __init__
(EngineCore pid=2806170)     kv_cache_config = self._initialize_kv_caches(vllm_config)
(EngineCore pid=2806170)                       ^^^^^^^^^^^^^^^^^^^^^^^^^^^^^^^^^^^^^^^
(EngineCore pid=2806170)   File "/gpfs/home5/sfris1/multimodal-tip-of-tongue-for-scientific-papers/.venv-mineru/lib/python3.11/site-packages/vllm/tracing/otel.py", line 178, in sync_wrapper
(EngineCore pid=2806170)     return func(*args, **kwargs)
(EngineCore pid=2806170)            ^^^^^^^^^^^^^^^^^^^^^
(EngineCore pid=2806170)   File "/gpfs/home5/sfris1/multimodal-tip-of-tongue-for-scientific-papers/.venv-mineru/lib/python3.11/site-packages/vllm/v1/engine/core.py", line 250, in _initialize_kv_caches
(EngineCore pid=2806170)     available_gpu_memory = self.model_executor.determine_available_memory()
(EngineCore pid=2806170)                            ^^^^^^^^^^^^^^^^^^^^^^^^^^^^^^^^^^^^^^^^^^^^^^^^
(EngineCore pid=2806170)   File "/gpfs/home5/sfris1/multimodal-tip-of-tongue-for-scientific-papers/.venv-mineru/lib/python3.11/site-packages/vllm/v1/executor/abstract.py", line 147, in determine_available_memory
(EngineCore pid=2806170)     return self.collective_rpc("determine_available_memory")
(EngineCore pid=2806170)            ^^^^^^^^^^^^^^^^^^^^^^^^^^^^^^^^^^^^^^^^^^^^^^^^^
(EngineCore pid=2806170)   File "/gpfs/home5/sfris1/multimodal-tip-of-tongue-for-scientific-papers/.venv-mineru/lib/python3.11/site-packages/vllm/v1/executor/uniproc_executor.py", line 93, in collective_rpc
(EngineCore pid=2806170)     result = run_method(self.driver_worker, method, args, kwargs)
(EngineCore pid=2806170)              ^^^^^^^^^^^^^^^^^^^^^^^^^^^^^^^^^^^^^^^^^^^^^^^^^^^^
(EngineCore pid=2806170)   File "/gpfs/home5/sfris1/multimodal-tip-of-tongue-for-scientific-papers/.venv-mineru/lib/python3.11/site-packages/vllm/v1/serial_utils.py", line 510, in run_method
(EngineCore pid=2806170)     return func(*args, **kwargs)
(EngineCore pid=2806170)            ^^^^^^^^^^^^^^^^^^^^^
(EngineCore pid=2806170)   File "/gpfs/home5/sfris1/multimodal-tip-of-tongue-for-scientific-papers/.venv-mineru/lib/python3.11/site-packages/torch/utils/_contextlib.py", line 124, in decorate_context
(EngineCore pid=2806170)     return func(*args, **kwargs)
(EngineCore pid=2806170)            ^^^^^^^^^^^^^^^^^^^^^
(EngineCore pid=2806170)   File "/gpfs/home5/sfris1/multimodal-tip-of-tongue-for-scientific-papers/.venv-mineru/lib/python3.11/site-packages/vllm/v1/worker/gpu_worker.py", line 392, in determine_available_memory
(EngineCore pid=2806170)     self.model_runner.profile_run()
(EngineCore pid=2806170)   File "/gpfs/home5/sfris1/multimodal-tip-of-tongue-for-scientific-papers/.venv-mineru/lib/python3.11/site-packages/vllm/v1/worker/gpu_model_runner.py", line 5955, in profile_run
(EngineCore pid=2806170)     output = self._dummy_sampler_run(last_hidden_states)
(EngineCore pid=2806170)              ^^^^^^^^^^^^^^^^^^^^^^^^^^^^^^^^^^^^^^^^^^^
(EngineCore pid=2806170)   File "/gpfs/home5/sfris1/multimodal-tip-of-tongue-for-scientific-papers/.venv-mineru/lib/python3.11/site-packages/torch/utils/_contextlib.py", line 124, in decorate_context
(EngineCore pid=2806170)     return func(*args, **kwargs)
(EngineCore pid=2806170)            ^^^^^^^^^^^^^^^^^^^^^
(EngineCore pid=2806170)   File "/gpfs/home5/sfris1/multimodal-tip-of-tongue-for-scientific-papers/.venv-mineru/lib/python3.11/site-packages/vllm/v1/worker/gpu_model_runner.py", line 5775, in _dummy_sampler_run
(EngineCore pid=2806170)     raise e
(EngineCore pid=2806170)   File "/gpfs/home5/sfris1/multimodal-tip-of-tongue-for-scientific-papers/.venv-mineru/lib/python3.11/site-packages/vllm/v1/worker/gpu_model_runner.py", line 5743, in _dummy_sampler_run
(EngineCore pid=2806170)     sampler_output = self.sampler(
(EngineCore pid=2806170)                      ^^^^^^^^^^^^^
(EngineCore pid=2806170)   File "/gpfs/home5/sfris1/multimodal-tip-of-tongue-for-scientific-papers/.venv-mineru/lib/python3.11/site-packages/torch/nn/modules/module.py", line 1779, in _wrapped_call_impl
(EngineCore pid=2806170)     return self._call_impl(*args, **kwargs)
(EngineCore pid=2806170)            ^^^^^^^^^^^^^^^^^^^^^^^^^^^^^^^^
(EngineCore pid=2806170)   File "/gpfs/home5/sfris1/multimodal-tip-of-tongue-for-scientific-papers/.venv-mineru/lib/python3.11/site-packages/torch/nn/modules/module.py", line 1790, in _call_impl
(EngineCore pid=2806170)     return forward_call(*args, **kwargs)
(EngineCore pid=2806170)            ^^^^^^^^^^^^^^^^^^^^^^^^^^^^^
(EngineCore pid=2806170)   File "/gpfs/home5/sfris1/multimodal-tip-of-tongue-for-scientific-papers/.venv-mineru/lib/python3.11/site-packages/vllm/v1/sample/sampler.py", line 97, in forward
(EngineCore pid=2806170)     sampled, processed_logprobs = self.sample(logits, sampling_metadata)
(EngineCore pid=2806170)                                   ^^^^^^^^^^^^^^^^^^^^^^^^^^^^^^^^^^^^^^
(EngineCore pid=2806170)   File "/gpfs/home5/sfris1/multimodal-tip-of-tongue-for-scientific-papers/.venv-mineru/lib/python3.11/site-packages/vllm/v1/sample/sampler.py", line 272, in sample
(EngineCore pid=2806170)     random_sampled, processed_logprobs = self.topk_topp_sampler(
(EngineCore pid=2806170)                                          ^^^^^^^^^^^^^^^^^^^^^^^
(EngineCore pid=2806170)   File "/gpfs/home5/sfris1/multimodal-tip-of-tongue-for-scientific-papers/.venv-mineru/lib/python3.11/site-packages/torch/nn/modules/module.py", line 1779, in _wrapped_call_impl
(EngineCore pid=2806170)     return self._call_impl(*args, **kwargs)
(EngineCore pid=2806170)            ^^^^^^^^^^^^^^^^^^^^^^^^^^^^^^^^
(EngineCore pid=2806170)   File "/gpfs/home5/sfris1/multimodal-tip-of-tongue-for-scientific-papers/.venv-mineru/lib/python3.11/site-packages/torch/nn/modules/module.py", line 1790, in _call_impl
(EngineCore pid=2806170)     return forward_call(*args, **kwargs)
(EngineCore pid=2806170)            ^^^^^^^^^^^^^^^^^^^^^^^^^^^^^
(EngineCore pid=2806170)   File "/gpfs/home5/sfris1/multimodal-tip-of-tongue-for-scientific-papers/.venv-mineru/lib/python3.11/site-packages/vllm/v1/sample/ops/topk_topp_sampler.py", line 157, in forward_cuda
(EngineCore pid=2806170)     return flashinfer_sample(logits.contiguous(), k, p, generators), None
(EngineCore pid=2806170)            ^^^^^^^^^^^^^^^^^^^^^^^^^^^^^^^^^^^^^^^^^^^^^^^^^^^^^^^^
(EngineCore pid=2806170)   File "/gpfs/home5/sfris1/multimodal-tip-of-tongue-for-scientific-papers/.venv-mineru/lib/python3.11/site-packages/vllm/v1/sample/ops/topk_topp_sampler.py", line 447, in flashinfer_sample
(EngineCore pid=2806170)     next_token_ids = flashinfer.sampling.top_k_top_p_sampling_from_logits(
(EngineCore pid=2806170)                      ^^^^^^^^^^^^^^^^^^^^^^^^^^^^^^^^^^^^^^^^^^^^^^^^^^^^^
(EngineCore pid=2806170)   File "/gpfs/home5/sfris1/multimodal-tip-of-tongue-for-scientific-papers/.venv-mineru/lib/python3.11/site-packages/flashinfer/sampling.py", line 1400, in top_k_top_p_sampling_from_logits
(EngineCore pid=2806170)     masked_logits = top_k_mask_logits(logits, top_k)
(EngineCore pid=2806170)                     ^^^^^^^^^^^^^^^^^^^^^^^^^^^^^^^^
(EngineCore pid=2806170)   File "/gpfs/home5/sfris1/multimodal-tip-of-tongue-for-scientific-papers/.venv-mineru/lib/python3.11/site-packages/flashinfer/sampling.py", line 1806, in top_k_mask_logits
(EngineCore pid=2806170)     return get_sampling_module().top_k_mask_logits(
(EngineCore pid=2806170)            ^^^^^^^^^^^^^^^^^^^^^
(EngineCore pid=2806170)   File "/gpfs/home5/sfris1/multimodal-tip-of-tongue-for-scientific-papers/.venv-mineru/lib/python3.11/site-packages/flashinfer/sampling.py", line 54, in get_sampling_module
(EngineCore pid=2806170)     module = gen_sampling_module().build_and_load()
(EngineCore pid=2806170)              ^^^^^^^^^^^^^^^^^^^^^^^^^^^^^^^^^^^^^^
(EngineCore pid=2806170)   File "/gpfs/home5/sfris1/multimodal-tip-of-tongue-for-scientific-papers/.venv-mineru/lib/python3.11/site-packages/flashinfer/jit/core.py", line 318, in build_and_load
(EngineCore pid=2806170)     self.build(verbose, need_lock=False)
(EngineCore pid=2806170)   File "/gpfs/home5/sfris1/multimodal-tip-of-tongue-for-scientific-papers/.venv-mineru/lib/python3.11/site-packages/flashinfer/jit/core.py", line 303, in build
(EngineCore pid=2806170)     self.write_ninja()
(EngineCore pid=2806170)   File "/gpfs/home5/sfris1/multimodal-tip-of-tongue-for-scientific-papers/.venv-mineru/lib/python3.11/site-packages/flashinfer/jit/core.py", line 274, in write_ninja
(EngineCore pid=2806170)     content = generate_ninja_build_for_op(
(EngineCore pid=2806170)               ^^^^^^^^^^^^^^^^^^^^^^^^^^^^
(EngineCore pid=2806170)   File "/gpfs/home5/sfris1/multimodal-tip-of-tongue-for-scientific-papers/.venv-mineru/lib/python3.11/site-packages/flashinfer/jit/cpp_ext.py", line 216, in generate_ninja_build_for_op
(EngineCore pid=2806170)     cuda_home = get_cuda_path()
(EngineCore pid=2806170)                 ^^^^^^^^^^^^^^^
(EngineCore pid=2806170)   File "/gpfs/home5/sfris1/multimodal-tip-of-tongue-for-scientific-papers/.venv-mineru/lib/python3.11/site-packages/flashinfer/jit/cpp_ext.py", line 61, in get_cuda_path
(EngineCore pid=2806170)     raise RuntimeError(
(EngineCore pid=2806170) RuntimeError: Could not find nvcc and default cuda_home='/usr/local/cuda' doesn't exist
[rank0]:[W928 11:40:58.325527942 ProcessGroupNCCL.cpp:1575] Warning: WARNING: destroy_process_group() was not called before program exit, which can leak resources. For more info, please see https://pytorch.org/docs/stable/distributed.html#shutdown (function operator())
2026-09-28 11:40:59.586 | INFO     | mineru.backend.vlm.utils:enable_custom_logits_processors:56 - compute_capability: 8.0 >= 8.0 and vllm version: 0.21.0 >= 0.10.1, enable custom_logits_processors
INFO:     127.0.0.1:46112 - "GET /tasks/3ff24e73-1f43-4708-9ccc-7266d787cf87 HTTP/1.1" 200 OK
INFO:     127.0.0.1:46320 - "GET /tasks/22060045-1940-4a75-b3eb-94f4babc330c HTTP/1.1" 200 OK
INFO:     127.0.0.1:46116 - "GET /tasks/4f52fe5e-b0ed-41b2-aa8b-f0b71441ae15 HTTP/1.1" 200 OK
INFO 09-28 11:40:59 [model.py:568] Resolved architecture: Qwen2VLForConditionalGeneration
INFO 09-28 11:40:59 [model.py:1697] Using max model len 8192
INFO 09-28 11:40:59 [kernel.py:212] Final IR op priority after setting platform defaults: IrOpPriorityConfig(rms_norm=['native'], fused_add_rms_norm=['native'])
2026-09-28 11:40:59.605 | INFO     | mineru.utils.engine_utils:get_vlm_engine:34 - Using vllm-async-engine as the inference engine for VLM.
[1;31m2026-09-28 11:41:01.598852278 [E:onnxruntime:Default, env.cc:298 ThreadMain] pthread_setaffinity_np failed for thread: 2806762, index: 20, mask: {21, }, error code: 22 error msg: Invalid argument. Specify the number of threads explicitly so the affinity is not set.[m
[1;31m2026-09-28 11:41:01.602762363 [E:onnxruntime:Default, env.cc:298 ThreadMain] pthread_setaffinity_np failed for thread: 2806773, index: 31, mask: {32, }, error code: 22 error msg: Invalid argument. Specify the number of threads explicitly so the affinity is not set.[m
[1;31m2026-09-28 11:41:01.606462079 [E:onnxruntime:Default, env.cc:298 ThreadMain] pthread_setaffinity_np failed for thread: 2806812, index: 70, mask: {71, }, error code: 22 error msg: Invalid argument. Specify the number of threads explicitly so the affinity is not set.[m
[1;31m2026-09-28 11:41:01.598952639 [E:onnxruntime:Default, env.cc:298 ThreadMain] pthread_setaffinity_np failed for thread: 2806784, index: 42, mask: {43, }, error code: 22 error msg: Invalid argument. Specify the number of threads explicitly so the affinity is not set.[m
[1;31m2026-09-28 11:41:01.606781874 [E:onnxruntime:Default, env.cc:298 ThreadMain] pthread_setaffinity_np failed for thread: 2806796, index: 54, mask: {55, }, error code: 22 error msg: Invalid argument. Specify the number of threads explicitly so the affinity is not set.[m
[1;31m2026-09-28 11:41:01.598973572 [E:onnxruntime:Default, env.cc:298 ThreadMain] pthread_setaffinity_np failed for thread: 2806759, index: 17, mask: {18, }, error code: 22 error msg: Invalid argument. Specify the number of threads explicitly so the affinity is not set.[m
[1;31m2026-09-28 11:41:01.606839701 [E:onnxruntime:Default, env.cc:298 ThreadMain] pthread_setaffinity_np failed for thread: 2806793, index: 51, mask: {52, }, error code: 22 error msg: Invalid argument. Specify the number of threads explicitly so the affinity is not set.[m
[1;31m2026-09-28 11:41:01.609770793 [E:onnxruntime:Default, env.cc:298 ThreadMain] pthread_setaffinity_np failed for thread: 2806774, index: 32, mask: {33, }, error code: 22 error msg: Invalid argument. Specify the number of threads explicitly so the affinity is not set.[m
[1;31m2026-09-28 11:41:01.598825142 [E:onnxruntime:Default, env.cc:298 ThreadMain] pthread_setaffinity_np failed for thread: 2806783, index: 41, mask: {42, }, error code: 22 error msg: Invalid argument. Specify the number of threads explicitly so the affinity is not set.[m
[1;31m2026-09-28 11:41:01.613748213 [E:onnxruntime:Default, env.cc:298 ThreadMain] pthread_setaffinity_np failed for thread: 2806778, index: 36, mask: {37, }, error code: 22 error msg: Invalid argument. Specify the number of threads explicitly so the affinity is not set.[m
[1;31m2026-09-28 11:41:01.598834479 [E:onnxruntime:Default, env.cc:298 ThreadMain] pthread_setaffinity_np failed for thread: 2806760, index: 18, mask: {19, }, error code: 22 error msg: Invalid argument. Specify the number of threads explicitly so the affinity is not set.[m
[1;31m2026-09-28 11:41:01.618772635 [E:onnxruntime:Default, env.cc:298 ThreadMain] pthread_setaffinity_np failed for thread: 2806797, index: 55, mask: {56, }, error code: 22 error msg: Invalid argument. Specify the number of threads explicitly so the affinity is not set.[m
[1;31m2026-09-28 11:41:01.599048188 [E:onnxruntime:Default, env.cc:298 ThreadMain] pthread_setaffinity_np failed for thread: 2806782, index: 40, mask: {41, }, error code: 22 error msg: Invalid argument. Specify the number of threads explicitly so the affinity is not set.[m
[1;31m2026-09-28 11:41:01.624238951 [E:onnxruntime:Default, env.cc:298 ThreadMain] pthread_setaffinity_np failed for thread: 2806772, index: 30, mask: {31, }, error code: 22 error msg: Invalid argument. Specify the number of threads explicitly so the affinity is not set.[m
[1;31m2026-09-28 11:41:01.624834856 [E:onnxruntime:Default, env.cc:298 ThreadMain] pthread_setaffinity_np failed for thread: 2806768, index: 26, mask: {27, }, error code: 22 error msg: Invalid argument. Specify the number of threads explicitly so the affinity is not set.[m
[1;31m2026-09-28 11:41:01.599058399 [E:onnxruntime:Default, env.cc:298 ThreadMain] pthread_setaffinity_np failed for thread: 2806788, index: 46, mask: {47, }, error code: 22 error msg: Invalid argument. Specify the number of threads explicitly so the affinity is not set.[m
[1;31m2026-09-28 11:41:01.627763947 [E:onnxruntime:Default, env.cc:298 ThreadMain] pthread_setaffinity_np failed for thread: 2806798, index: 56, mask: {57, }, error code: 22 error msg: Invalid argument. Specify the number of threads explicitly so the affinity is not set.[m
[1;31m2026-09-28 11:41:01.599083724 [E:onnxruntime:Default, env.cc:298 ThreadMain] pthread_setaffinity_np failed for thread: 2806789, index: 47, mask: {48, }, error code: 22 error msg: Invalid argument. Specify the number of threads explicitly so the affinity is not set.[m
[1;31m2026-09-28 11:41:01.634788021 [E:onnxruntime:Default, env.cc:298 ThreadMain] pthread_setaffinity_np failed for thread: 2806776, index: 34, mask: {35, }, error code: 22 error msg: Invalid argument. Specify the number of threads explicitly so the affinity is not set.[m
[1;31m2026-09-28 11:41:01.599091123 [E:onnxruntime:Default, env.cc:298 ThreadMain] pthread_setaffinity_np failed for thread: 2806791, index: 49, mask: {50, }, error code: 22 error msg: Invalid argument. Specify the number of threads explicitly so the affinity is not set.[m
[1;31m2026-09-28 11:41:01.599118394 [E:onnxruntime:Default, env.cc:298 ThreadMain] pthread_setaffinity_np failed for thread: 2806792, index: 50, mask: {51, }, error code: 22 error msg: Invalid argument. Specify the number of threads explicitly so the affinity is not set.[m
[1;31m2026-09-28 11:41:01.639790562 [E:onnxruntime:Default, env.cc:298 ThreadMain] pthread_setaffinity_np failed for thread: 2806763, index: 21, mask: {22, }, error code: 22 error msg: Invalid argument. Specify the number of threads explicitly so the affinity is not set.[m
[1;31m2026-09-28 11:41:01.639871046 [E:onnxruntime:Default, env.cc:298 ThreadMain] pthread_setaffinity_np failed for thread: 2806771, index: 29, mask: {30, }, error code: 22 error msg: Invalid argument. Specify the number of threads explicitly so the affinity is not set.[m
[1;31m2026-09-28 11:41:01.641800773 [E:onnxruntime:Default, env.cc:298 ThreadMain] pthread_setaffinity_np failed for thread: 2806805, index: 63, mask: {64, }, error code: 22 error msg: Invalid argument. Specify the number of threads explicitly so the affinity is not set.[m
[1;31m2026-09-28 11:41:01.599128510 [E:onnxruntime:Default, env.cc:298 ThreadMain] pthread_setaffinity_np failed for thread: 2806775, index: 33, mask: {34, }, error code: 22 error msg: Invalid argument. Specify the number of threads explicitly so the affinity is not set.[m
[1;31m2026-09-28 11:41:01.599143083 [E:onnxruntime:Default, env.cc:298 ThreadMain] pthread_setaffinity_np failed for thread: 2806790, index: 48, mask: {49, }, error code: 22 error msg: Invalid argument. Specify the number of threads explicitly so the affinity is not set.[m
[1;31m2026-09-28 11:41:01.599167123 [E:onnxruntime:Default, env.cc:298 ThreadMain] pthread_setaffinity_np failed for thread: 2806794, index: 52, mask: {53, }, error code: 22 error msg: Invalid argument. Specify the number of threads explicitly so the affinity is not set.[m
[1;31m2026-09-28 11:41:01.599188819 [E:onnxruntime:Default, env.cc:298 ThreadMain] pthread_setaffinity_np failed for thread: 2806795, index: 53, mask: {54, }, error code: 22 error msg: Invalid argument. Specify the number of threads explicitly so the affinity is not set.[m
[1;31m2026-09-28 11:41:01.599212450 [E:onnxruntime:Default, env.cc:298 ThreadMain] pthread_setaffinity_np failed for thread: 2806801, index: 59, mask: {60, }, error code: 22 error msg: Invalid argument. Specify the number of threads explicitly so the affinity is not set.[m
[1;31m2026-09-28 11:41:01.599242617 [E:onnxruntime:Default, env.cc:298 ThreadMain] pthread_setaffinity_np failed for thread: 2806799, index: 57, mask: {58, }, error code: 22 error msg: Invalid argument. Specify the number of threads explicitly so the affinity is not set.[m
[1;31m2026-09-28 11:41:01.599266926 [E:onnxruntime:Default, env.cc:298 ThreadMain] pthread_setaffinity_np failed for thread: 2806803, index: 61, mask: {62, }, error code: 22 error msg: Invalid argument. Specify the number of threads explicitly so the affinity is not set.[m
[1;31m2026-09-28 11:41:01.646754978 [E:onnxruntime:Default, env.cc:298 ThreadMain] pthread_setaffinity_np failed for thread: 2806806, index: 64, mask: {65, }, error code: 22 error msg: Invalid argument. Specify the number of threads explicitly so the affinity is not set.[m
[1;31m2026-09-28 11:41:01.650752536 [E:onnxruntime:Default, env.cc:298 ThreadMain] pthread_setaffinity_np failed for thread: 2806807, index: 65, mask: {66, }, error code: 22 error msg: Invalid argument. Specify the number of threads explicitly so the affinity is not set.[m
[1;31m2026-09-28 11:41:01.654756475 [E:onnxruntime:Default, env.cc:298 ThreadMain] pthread_setaffinity_np failed for thread: 2806808, index: 66, mask: {67, }, error code: 22 error msg: Invalid argument. Specify the number of threads explicitly so the affinity is not set.[m
[1;31m2026-09-28 11:41:01.599284993 [E:onnxruntime:Default, env.cc:298 ThreadMain] pthread_setaffinity_np failed for thread: 2806781, index: 39, mask: {40, }, error code: 22 error msg: Invalid argument. Specify the number of threads explicitly so the affinity is not set.[m
[1;31m2026-09-28 11:41:01.599306898 [E:onnxruntime:Default, env.cc:298 ThreadMain] pthread_setaffinity_np failed for thread: 2806785, index: 43, mask: {44, }, error code: 22 error msg: Invalid argument. Specify the number of threads explicitly so the affinity is not set.[m
[1;31m2026-09-28 11:41:01.658763124 [E:onnxruntime:Default, env.cc:298 ThreadMain] pthread_setaffinity_np failed for thread: 2806769, index: 27, mask: {28, }, error code: 22 error msg: Invalid argument. Specify the number of threads explicitly so the affinity is not set.[m
[1;31m2026-09-28 11:41:01.658774692 [E:onnxruntime:Default, env.cc:298 ThreadMain] pthread_setaffinity_np failed for thread: 2806779, index: 37, mask: {38, }, error code: 22 error msg: Invalid argument. Specify the number of threads explicitly so the affinity is not set.[m
[1;31m2026-09-28 11:41:01.606784631 [E:onnxruntime:Default, env.cc:298 ThreadMain] pthread_setaffinity_np failed for thread: 2806786, index: 44, mask: {45, }, error code: 22 error msg: Invalid argument. Specify the number of threads explicitly so the affinity is not set.[m
[1;31m2026-09-28 11:41:01.606817427 [E:onnxruntime:Default, env.cc:298 ThreadMain] pthread_setaffinity_np failed for thread: 2806787, index: 45, mask: {46, }, error code: 22 error msg: Invalid argument. Specify the number of threads explicitly so the affinity is not set.[m
[1;31m2026-09-28 11:41:01.658801327 [E:onnxruntime:Default, env.cc:298 ThreadMain] pthread_setaffinity_np failed for thread: 2806802, index: 60, mask: {61, }, error code: 22 error msg: Invalid argument. Specify the number of threads explicitly so the affinity is not set.[m
[1;31m2026-09-28 11:41:01.658768135 [E:onnxruntime:Default, env.cc:298 ThreadMain] pthread_setaffinity_np failed for thread: 2806765, index: 23, mask: {24, }, error code: 22 error msg: Invalid argument. Specify the number of threads explicitly so the affinity is not set.[m
[1;31m2026-09-28 11:41:01.599327924 [E:onnxruntime:Default, env.cc:298 ThreadMain] pthread_setaffinity_np failed for thread: 2806811, index: 69, mask: {70, }, error code: 22 error msg: Invalid argument. Specify the number of threads explicitly so the affinity is not set.[m
[1;31m2026-09-28 11:41:01.658776933 [E:onnxruntime:Default, env.cc:298 ThreadMain] pthread_setaffinity_np failed for thread: 2806804, index: 62, mask: {63, }, error code: 22 error msg: Invalid argument. Specify the number of threads explicitly so the affinity is not set.[m
[1;31m2026-09-28 11:41:01.658773857 [E:onnxruntime:Default, env.cc:298 ThreadMain] pthread_setaffinity_np failed for thread: 2806770, index: 28, mask: {29, }, error code: 22 error msg: Invalid argument. Specify the number of threads explicitly so the affinity is not set.[m
[1;31m2026-09-28 11:41:01.658771344 [E:onnxruntime:Default, env.cc:298 ThreadMain] pthread_setaffinity_np failed for thread: 2806766, index: 24, mask: {25, }, error code: 22 error msg: Invalid argument. Specify the number of threads explicitly so the affinity is not set.[m
[1;31m2026-09-28 11:41:01.658776163 [E:onnxruntime:Default, env.cc:298 ThreadMain] pthread_setaffinity_np failed for thread: 2806767, index: 25, mask: {26, }, error code: 22 error msg: Invalid argument. Specify the number of threads explicitly so the affinity is not set.[m
[1;31m2026-09-28 11:41:01.599008561 [E:onnxruntime:Default, env.cc:298 ThreadMain] pthread_setaffinity_np failed for thread: 2806761, index: 19, mask: {20, }, error code: 22 error msg: Invalid argument. Specify the number of threads explicitly so the affinity is not set.[m
[1;31m2026-09-28 11:41:01.658765998 [E:onnxruntime:Default, env.cc:298 ThreadMain] pthread_setaffinity_np failed for thread: 2806764, index: 22, mask: {23, }, error code: 22 error msg: Invalid argument. Specify the number of threads explicitly so the affinity is not set.[m
[1;31m2026-09-28 11:41:01.677770042 [E:onnxruntime:Default, env.cc:298 ThreadMain] pthread_setaffinity_np failed for thread: 2806810, index: 68, mask: {69, }, error code: 22 error msg: Invalid argument. Specify the number of threads explicitly so the affinity is not set.[m
[1;31m2026-09-28 11:41:01.681781468 [E:onnxruntime:Default, env.cc:298 ThreadMain] pthread_setaffinity_np failed for thread: 2806780, index: 38, mask: {39, }, error code: 22 error msg: Invalid argument. Specify the number of threads explicitly so the affinity is not set.[m
[1;31m2026-09-28 11:41:01.681802408 [E:onnxruntime:Default, env.cc:298 ThreadMain] pthread_setaffinity_np failed for thread: 2806777, index: 35, mask: {36, }, error code: 22 error msg: Invalid argument. Specify the number of threads explicitly so the affinity is not set.[m
[1;31m2026-09-28 11:41:01.694756322 [E:onnxruntime:Default, env.cc:298 ThreadMain] pthread_setaffinity_np failed for thread: 2806800, index: 58, mask: {59, }, error code: 22 error msg: Invalid argument. Specify the number of threads explicitly so the affinity is not set.[m
[1;31m2026-09-28 11:41:01.705757683 [E:onnxruntime:Default, env.cc:298 ThreadMain] pthread_setaffinity_np failed for thread: 2806809, index: 67, mask: {68, }, error code: 22 error msg: Invalid argument. Specify the number of threads explicitly so the affinity is not set.[m
WARNING 09-28 11:41:07 [config.py:70] Support for Transformers v4 is deprecated. The Transformers v4 codepath will become unmaintained in vLLM v0.22.0 and will be removed in vLLM v0.24.0. Please upgrade to Transformers v5: pip install --upgrade transformers
(EngineCore pid=2806725) INFO 09-28 11:41:08 [core.py:109] Initializing a V1 LLM engine (v0.21.0) with config: model='/home/sfris1/.cache/huggingface/hub/models--opendatalab--MinerU2.5-Pro-2605-1.2B/snapshots/bff20d4ae2bf202df9f45284b4d43681555a97ed', speculative_config=None, tokenizer='/home/sfris1/.cache/huggingface/hub/models--opendatalab--MinerU2.5-Pro-2605-1.2B/snapshots/bff20d4ae2bf202df9f45284b4d43681555a97ed', skip_tokenizer_init=False, tokenizer_mode=auto, revision=None, tokenizer_revision=None, trust_remote_code=False, dtype=torch.bfloat16, max_seq_len=8192, download_dir=None, load_format=auto, tensor_parallel_size=1, pipeline_parallel_size=1, data_parallel_size=1, decode_context_parallel_size=1, dcp_comm_backend=ag_rs, disable_custom_all_reduce=False, quantization=None, quantization_config=None, enforce_eager=False, enable_return_routed_experts=False, kv_cache_dtype=auto, device_config=cuda, structured_outputs_config=StructuredOutputsConfig(backend='auto', disable_any_whitespace=False, disable_additional_properties=False, reasoning_parser='', reasoning_parser_plugin='', enable_in_reasoning=False), observability_config=ObservabilityConfig(show_hidden_metrics_for_version=None, otlp_traces_endpoint=None, collect_detailed_traces=None, kv_cache_metrics=False, kv_cache_metrics_sample=0.01, cudagraph_metrics=False, enable_layerwise_nvtx_tracing=False, enable_mfu_metrics=False, enable_mm_processor_stats=False, enable_logging_iteration_details=False), seed=0, served_model_name=/home/sfris1/.cache/huggingface/hub/models--opendatalab--MinerU2.5-Pro-2605-1.2B/snapshots/bff20d4ae2bf202df9f45284b4d43681555a97ed, enable_prefix_caching=True, enable_chunked_prefill=True, pooler_config=None, compilation_config={'mode': <CompilationMode.VLLM_COMPILE: 3>, 'debug_dump_path': None, 'cache_dir': '', 'compile_cache_save_format': 'binary', 'backend': 'inductor', 'custom_ops': ['none'], 'ir_enable_torch_wrap': True, 'splitting_ops': ['vllm::unified_attention_with_output', 'vllm::unified_mla_attention_with_output', 'vllm::mamba_mixer2', 'vllm::mamba_mixer', 'vllm::short_conv', 'vllm::linear_attention', 'vllm::plamo2_mamba_mixer', 'vllm::gdn_attention_core', 'vllm::gdn_attention_core_xpu', 'vllm::olmo_hybrid_gdn_full_forward', 'vllm::kda_attention', 'vllm::sparse_attn_indexer', 'vllm::rocm_aiter_sparse_attn_indexer', 'vllm::deepseek_v4_attention', 'vllm::unified_kv_cache_update', 'vllm::unified_mla_kv_cache_update'], 'compile_mm_encoder': False, 'cudagraph_mm_encoder': False, 'encoder_cudagraph_token_budgets': [], 'encoder_cudagraph_max_vision_items_per_batch': 0, 'encoder_cudagraph_max_frames_per_batch': None, 'compile_sizes': [], 'compile_ranges_endpoints': [2048], 'inductor_compile_config': {'enable_auto_functionalized_v2': False, 'size_asserts': False, 'alignment_asserts': False, 'scalar_asserts': False, 'combo_kernels': True, 'benchmark_combo_kernel': True}, 'inductor_passes': {}, 'cudagraph_mode': <CUDAGraphMode.FULL_AND_PIECEWISE: (2, 1)>, 'cudagraph_num_of_warmups': 1, 'cudagraph_capture_sizes': [1, 2, 4, 8, 16, 24, 32, 40, 48, 56, 64, 72, 80, 88, 96, 104, 112, 120, 128, 136, 144, 152, 160, 168, 176, 184, 192, 200, 208, 216, 224, 232, 240, 248, 256], 'cudagraph_copy_inputs': False, 'cudagraph_specialize_lora': True, 'use_inductor_graph_partition': False, 'pass_config': {'fuse_norm_quant': False, 'fuse_act_quant': False, 'fuse_attn_quant': False, 'enable_sp': False, 'fuse_gemm_comms': False, 'fuse_allreduce_rms': False, 'fuse_act_padding': False}, 'max_cudagraph_capture_size': 256, 'dynamic_shapes_config': {'type': <DynamicShapesType.BACKED: 'backed'>, 'evaluate_guards': False, 'assume_32_bit_indexing': False}, 'local_cache_dir': None, 'fast_moe_cold_start': False, 'static_all_moe_layers': []}, kernel_config=KernelConfig(ir_op_priority=IrOpPriorityConfig(rms_norm=['native'], fused_add_rms_norm=['native']), enable_flashinfer_autotune=False, moe_backend='auto')
(EngineCore pid=2806725) INFO 09-28 11:41:10 [parallel_state.py:1410] world_size=1 rank=0 local_rank=0 distributed_init_method=tcp://145.136.62.28:60291 backend=nccl
(EngineCore pid=2806725) INFO 09-28 11:41:10 [parallel_state.py:1723] rank 0 in world size 1 is assigned as DP rank 0, PP rank 0, PCP rank 0, TP rank 0, EP rank N/A, EPLB rank N/A
(EngineCore pid=2806725) INFO 09-28 11:41:11 [topk_topp_sampler.py:45] Using FlashInfer for top-p & top-k sampling.
(EngineCore pid=2806725) The image processor of type `Qwen2VLImageProcessor` is now loaded as a fast processor by default, even if the model checkpoint was saved with a slow processor. This is a breaking change and may produce slightly different outputs. To continue using the slow processor, instantiate this class with `use_fast=False`. Note that this behavior will be extended to all models in a future release.
(EngineCore pid=2806725) INFO 09-28 11:41:14 [gpu_model_runner.py:4857] Starting to load model /home/sfris1/.cache/huggingface/hub/models--opendatalab--MinerU2.5-Pro-2605-1.2B/snapshots/bff20d4ae2bf202df9f45284b4d43681555a97ed...
(EngineCore pid=2806725) INFO 09-28 11:41:14 [cuda.py:427] Using backend AttentionBackendEnum.FLASH_ATTN for vit attention
(EngineCore pid=2806725) INFO 09-28 11:41:14 [mm_encoder_attention.py:372] Using AttentionBackendEnum.FLASH_ATTN for MMEncoderAttention.
(EngineCore pid=2806725) INFO 09-28 11:41:14 [vllm.py:886] Asynchronous scheduling is enabled.
(EngineCore pid=2806725) INFO 09-28 11:41:14 [kernel.py:212] Final IR op priority after setting platform defaults: IrOpPriorityConfig(rms_norm=['native'], fused_add_rms_norm=['native'])
(EngineCore pid=2806725) INFO 09-28 11:41:14 [cuda.py:372] Using FLASH_ATTN attention backend out of potential backends: ['FLASH_ATTN', 'FLASHINFER', 'TRITON_ATTN', 'FLEX_ATTENTION'].
(EngineCore pid=2806725) INFO 09-28 11:41:14 [flash_attn.py:641] Using FlashAttention version 2
(EngineCore pid=2806725) INFO 09-28 11:41:15 [weight_utils.py:938] Filesystem type for checkpoints: GPFS. Checkpoint size: 2.15 GiB. Available RAM: 440.65 GiB.
(EngineCore pid=2806725) INFO 09-28 11:41:15 [weight_utils.py:961] Auto-prefetch is disabled because the filesystem (GPFS) is not a recognized network FS (NFS/Lustre). If you want to force prefetching, start vLLM with --safetensors-load-strategy=prefetch.
(EngineCore pid=2806725) Loading safetensors checkpoint shards:   0% Completed | 0/1 [00:00<?, ?it/s]
(EngineCore pid=2806725) Loading safetensors checkpoint shards: 100% Completed | 1/1 [00:01<00:00,  1.19s/it]
(EngineCore pid=2806725) Loading safetensors checkpoint shards: 100% Completed | 1/1 [00:01<00:00,  1.19s/it]
(EngineCore pid=2806725) 
(EngineCore pid=2806725) INFO 09-28 11:41:16 [default_loader.py:397] Loading weights took 1.25 seconds
(EngineCore pid=2806725) INFO 09-28 11:41:17 [gpu_model_runner.py:4959] Model loading took 2.16 GiB memory and 1.628246 seconds
(EngineCore pid=2806725) INFO 09-28 11:41:17 [gpu_model_runner.py:5920] Encoder cache will be initialized with a budget of 8192 tokens, and profiled with 1 video items of the maximum feature size.
(EngineCore pid=2806725) INFO 09-28 11:41:21 [backends.py:1089] Using cache directory: /home/sfris1/.cache/vllm/torch_compile_cache/557eaef9a3/rank_0_0/backbone for vLLM's torch.compile
(EngineCore pid=2806725) INFO 09-28 11:41:21 [backends.py:1148] Dynamo bytecode transform time: 2.39 s
(EngineCore pid=2806725) INFO 09-28 11:41:22 [backends.py:292] Directly load the compiled graph(s) for compile range (1, 2048) from the cache, took 1.199 s
(EngineCore pid=2806725) INFO 09-28 11:41:22 [decorators.py:311] Directly load AOT compilation from path /home/sfris1/.cache/vllm/torch_compile_cache/torch_aot_compile/9fc9def3a1736e8298ba738d46590ca1ad781b4ad811c4a7c19562d6033c953c/rank_0_0/model
(EngineCore pid=2806725) INFO 09-28 11:41:22 [monitor.py:53] torch.compile took 3.84 s in total
(EngineCore pid=2806725) INFO 09-28 11:41:22 [monitor.py:81] Initial profiling/warmup run took 0.01 s
(EngineCore pid=2806725) ERROR 09-28 11:41:22 [core.py:1140] EngineCore failed to start.
(EngineCore pid=2806725) ERROR 09-28 11:41:22 [core.py:1140] Traceback (most recent call last):
(EngineCore pid=2806725) ERROR 09-28 11:41:22 [core.py:1140]   File "/gpfs/home5/sfris1/multimodal-tip-of-tongue-for-scientific-papers/.venv-mineru/lib/python3.11/site-packages/vllm/v1/engine/core.py", line 1114, in run_engine_core
(EngineCore pid=2806725) ERROR 09-28 11:41:22 [core.py:1140]     engine_core = EngineCoreProc(*args, engine_index=dp_rank, **kwargs)
(EngineCore pid=2806725) ERROR 09-28 11:41:22 [core.py:1140]                   ^^^^^^^^^^^^^^^^^^^^^^^^^^^^^^^^^^^^^^^^^^^^^^^^^^^^^
(EngineCore pid=2806725) ERROR 09-28 11:41:22 [core.py:1140]   File "/gpfs/home5/sfris1/multimodal-tip-of-tongue-for-scientific-papers/.venv-mineru/lib/python3.11/site-packages/vllm/tracing/otel.py", line 178, in sync_wrapper
(EngineCore pid=2806725) ERROR 09-28 11:41:22 [core.py:1140]     return func(*args, **kwargs)
(EngineCore pid=2806725) ERROR 09-28 11:41:22 [core.py:1140]            ^^^^^^^^^^^^^^^^^^^^^
(EngineCore pid=2806725) ERROR 09-28 11:41:22 [core.py:1140]   File "/gpfs/home5/sfris1/multimodal-tip-of-tongue-for-scientific-papers/.venv-mineru/lib/python3.11/site-packages/vllm/v1/engine/core.py", line 880, in __init__
(EngineCore pid=2806725) ERROR 09-28 11:41:22 [core.py:1140]     super().__init__(
(EngineCore pid=2806725) ERROR 09-28 11:41:22 [core.py:1140]   File "/gpfs/home5/sfris1/multimodal-tip-of-tongue-for-scientific-papers/.venv-mineru/lib/python3.11/site-packages/vllm/v1/engine/core.py", line 128, in __init__
(EngineCore pid=2806725) ERROR 09-28 11:41:22 [core.py:1140]     kv_cache_config = self._initialize_kv_caches(vllm_config)
(EngineCore pid=2806725) ERROR 09-28 11:41:22 [core.py:1140]                       ^^^^^^^^^^^^^^^^^^^^^^^^^^^^^^^^^^^^^^^
(EngineCore pid=2806725) ERROR 09-28 11:41:22 [core.py:1140]   File "/gpfs/home5/sfris1/multimodal-tip-of-tongue-for-scientific-papers/.venv-mineru/lib/python3.11/site-packages/vllm/tracing/otel.py", line 178, in sync_wrapper
(EngineCore pid=2806725) ERROR 09-28 11:41:22 [core.py:1140]     return func(*args, **kwargs)
(EngineCore pid=2806725) ERROR 09-28 11:41:22 [core.py:1140]            ^^^^^^^^^^^^^^^^^^^^^
(EngineCore pid=2806725) ERROR 09-28 11:41:22 [core.py:1140]   File "/gpfs/home5/sfris1/multimodal-tip-of-tongue-for-scientific-papers/.venv-mineru/lib/python3.11/site-packages/vllm/v1/engine/core.py", line 250, in _initialize_kv_caches
(EngineCore pid=2806725) ERROR 09-28 11:41:22 [core.py:1140]     available_gpu_memory = self.model_executor.determine_available_memory()
(EngineCore pid=2806725) ERROR 09-28 11:41:22 [core.py:1140]                            ^^^^^^^^^^^^^^^^^^^^^^^^^^^^^^^^^^^^^^^^^^^^^^^^
(EngineCore pid=2806725) ERROR 09-28 11:41:22 [core.py:1140]   File "/gpfs/home5/sfris1/multimodal-tip-of-tongue-for-scientific-papers/.venv-mineru/lib/python3.11/site-packages/vllm/v1/executor/abstract.py", line 147, in determine_available_memory
(EngineCore pid=2806725) ERROR 09-28 11:41:22 [core.py:1140]     return self.collective_rpc("determine_available_memory")
(EngineCore pid=2806725) ERROR 09-28 11:41:22 [core.py:1140]            ^^^^^^^^^^^^^^^^^^^^^^^^^^^^^^^^^^^^^^^^^^^^^^^^^
(EngineCore pid=2806725) ERROR 09-28 11:41:22 [core.py:1140]   File "/gpfs/home5/sfris1/multimodal-tip-of-tongue-for-scientific-papers/.venv-mineru/lib/python3.11/site-packages/vllm/v1/executor/uniproc_executor.py", line 93, in collective_rpc
(EngineCore pid=2806725) ERROR 09-28 11:41:22 [core.py:1140]     result = run_method(self.driver_worker, method, args, kwargs)
(EngineCore pid=2806725) ERROR 09-28 11:41:22 [core.py:1140]              ^^^^^^^^^^^^^^^^^^^^^^^^^^^^^^^^^^^^^^^^^^^^^^^^^^^^
(EngineCore pid=2806725) ERROR 09-28 11:41:22 [core.py:1140]   File "/gpfs/home5/sfris1/multimodal-tip-of-tongue-for-scientific-papers/.venv-mineru/lib/python3.11/site-packages/vllm/v1/serial_utils.py", line 510, in run_method
(EngineCore pid=2806725) ERROR 09-28 11:41:22 [core.py:1140]     return func(*args, **kwargs)
(EngineCore pid=2806725) ERROR 09-28 11:41:22 [core.py:1140]            ^^^^^^^^^^^^^^^^^^^^^
(EngineCore pid=2806725) ERROR 09-28 11:41:22 [core.py:1140]   File "/gpfs/home5/sfris1/multimodal-tip-of-tongue-for-scientific-papers/.venv-mineru/lib/python3.11/site-packages/torch/utils/_contextlib.py", line 124, in decorate_context
(EngineCore pid=2806725) ERROR 09-28 11:41:22 [core.py:1140]     return func(*args, **kwargs)
(EngineCore pid=2806725) ERROR 09-28 11:41:22 [core.py:1140]            ^^^^^^^^^^^^^^^^^^^^^
(EngineCore pid=2806725) ERROR 09-28 11:41:22 [core.py:1140]   File "/gpfs/home5/sfris1/multimodal-tip-of-tongue-for-scientific-papers/.venv-mineru/lib/python3.11/site-packages/vllm/v1/worker/gpu_worker.py", line 392, in determine_available_memory
(EngineCore pid=2806725) ERROR 09-28 11:41:22 [core.py:1140]     self.model_runner.profile_run()
(EngineCore pid=2806725) ERROR 09-28 11:41:22 [core.py:1140]   File "/gpfs/home5/sfris1/multimodal-tip-of-tongue-for-scientific-papers/.venv-mineru/lib/python3.11/site-packages/vllm/v1/worker/gpu_model_runner.py", line 5955, in profile_run
(EngineCore pid=2806725) ERROR 09-28 11:41:22 [core.py:1140]     output = self._dummy_sampler_run(last_hidden_states)
(EngineCore pid=2806725) ERROR 09-28 11:41:22 [core.py:1140]              ^^^^^^^^^^^^^^^^^^^^^^^^^^^^^^^^^^^^^^^^^^^
(EngineCore pid=2806725) ERROR 09-28 11:41:22 [core.py:1140]   File "/gpfs/home5/sfris1/multimodal-tip-of-tongue-for-scientific-papers/.venv-mineru/lib/python3.11/site-packages/torch/utils/_contextlib.py", line 124, in decorate_context
(EngineCore pid=2806725) ERROR 09-28 11:41:22 [core.py:1140]     return func(*args, **kwargs)
(EngineCore pid=2806725) ERROR 09-28 11:41:22 [core.py:1140]            ^^^^^^^^^^^^^^^^^^^^^
(EngineCore pid=2806725) ERROR 09-28 11:41:22 [core.py:1140]   File "/gpfs/home5/sfris1/multimodal-tip-of-tongue-for-scientific-papers/.venv-mineru/lib/python3.11/site-packages/vllm/v1/worker/gpu_model_runner.py", line 5775, in _dummy_sampler_run
(EngineCore pid=2806725) ERROR 09-28 11:41:22 [core.py:1140]     raise e
(EngineCore pid=2806725) ERROR 09-28 11:41:22 [core.py:1140]   File "/gpfs/home5/sfris1/multimodal-tip-of-tongue-for-scientific-papers/.venv-mineru/lib/python3.11/site-packages/vllm/v1/worker/gpu_model_runner.py", line 5743, in _dummy_sampler_run
(EngineCore pid=2806725) ERROR 09-28 11:41:22 [core.py:1140]     sampler_output = self.sampler(
(EngineCore pid=2806725) ERROR 09-28 11:41:22 [core.py:1140]                      ^^^^^^^^^^^^^
(EngineCore pid=2806725) ERROR 09-28 11:41:22 [core.py:1140]   File "/gpfs/home5/sfris1/multimodal-tip-of-tongue-for-scientific-papers/.venv-mineru/lib/python3.11/site-packages/torch/nn/modules/module.py", line 1779, in _wrapped_call_impl
(EngineCore pid=2806725) ERROR 09-28 11:41:22 [core.py:1140]     return self._call_impl(*args, **kwargs)
(EngineCore pid=2806725) ERROR 09-28 11:41:22 [core.py:1140]            ^^^^^^^^^^^^^^^^^^^^^^^^^^^^^^^^
(EngineCore pid=2806725) ERROR 09-28 11:41:22 [core.py:1140]   File "/gpfs/home5/sfris1/multimodal-tip-of-tongue-for-scientific-papers/.venv-mineru/lib/python3.11/site-packages/torch/nn/modules/module.py", line 1790, in _call_impl
(EngineCore pid=2806725) ERROR 09-28 11:41:22 [core.py:1140]     return forward_call(*args, **kwargs)
(EngineCore pid=2806725) ERROR 09-28 11:41:22 [core.py:1140]            ^^^^^^^^^^^^^^^^^^^^^^^^^^^^^
(EngineCore pid=2806725) ERROR 09-28 11:41:22 [core.py:1140]   File "/gpfs/home5/sfris1/multimodal-tip-of-tongue-for-scientific-papers/.venv-mineru/lib/python3.11/site-packages/vllm/v1/sample/sampler.py", line 97, in forward
(EngineCore pid=2806725) ERROR 09-28 11:41:22 [core.py:1140]     sampled, processed_logprobs = self.sample(logits, sampling_metadata)
(EngineCore pid=2806725) ERROR 09-28 11:41:22 [core.py:1140]                                   ^^^^^^^^^^^^^^^^^^^^^^^^^^^^^^^^^^^^^^
(EngineCore pid=2806725) ERROR 09-28 11:41:22 [core.py:1140]   File "/gpfs/home5/sfris1/multimodal-tip-of-tongue-for-scientific-papers/.venv-mineru/lib/python3.11/site-packages/vllm/v1/sample/sampler.py", line 272, in sample
(EngineCore pid=2806725) ERROR 09-28 11:41:22 [core.py:1140]     random_sampled, processed_logprobs = self.topk_topp_sampler(
(EngineCore pid=2806725) ERROR 09-28 11:41:22 [core.py:1140]                                          ^^^^^^^^^^^^^^^^^^^^^^^
(EngineCore pid=2806725) ERROR 09-28 11:41:22 [core.py:1140]   File "/gpfs/home5/sfris1/multimodal-tip-of-tongue-for-scientific-papers/.venv-mineru/lib/python3.11/site-packages/torch/nn/modules/module.py", line 1779, in _wrapped_call_impl
(EngineCore pid=2806725) ERROR 09-28 11:41:22 [core.py:1140]     return self._call_impl(*args, **kwargs)
(EngineCore pid=2806725) ERROR 09-28 11:41:22 [core.py:1140]            ^^^^^^^^^^^^^^^^^^^^^^^^^^^^^^^^
(EngineCore pid=2806725) ERROR 09-28 11:41:22 [core.py:1140]   File "/gpfs/home5/sfris1/multimodal-tip-of-tongue-for-scientific-papers/.venv-mineru/lib/python3.11/site-packages/torch/nn/modules/module.py", line 1790, in _call_impl
(EngineCore pid=2806725) ERROR 09-28 11:41:22 [core.py:1140]     return forward_call(*args, **kwargs)
(EngineCore pid=2806725) ERROR 09-28 11:41:22 [core.py:1140]            ^^^^^^^^^^^^^^^^^^^^^^^^^^^^^
(EngineCore pid=2806725) ERROR 09-28 11:41:22 [core.py:1140]   File "/gpfs/home5/sfris1/multimodal-tip-of-tongue-for-scientific-papers/.venv-mineru/lib/python3.11/site-packages/vllm/v1/sample/ops/topk_topp_sampler.py", line 157, in forward_cuda
(EngineCore pid=2806725) ERROR 09-28 11:41:22 [core.py:1140]     return flashinfer_sample(logits.contiguous(), k, p, generators), None
(EngineCore pid=2806725) ERROR 09-28 11:41:22 [core.py:1140]            ^^^^^^^^^^^^^^^^^^^^^^^^^^^^^^^^^^^^^^^^^^^^^^^^^^^^^^^^
(EngineCore pid=2806725) ERROR 09-28 11:41:22 [core.py:1140]   File "/gpfs/home5/sfris1/multimodal-tip-of-tongue-for-scientific-papers/.venv-mineru/lib/python3.11/site-packages/vllm/v1/sample/ops/topk_topp_sampler.py", line 447, in flashinfer_sample
(EngineCore pid=2806725) ERROR 09-28 11:41:22 [core.py:1140]     next_token_ids = flashinfer.sampling.top_k_top_p_sampling_from_logits(
(EngineCore pid=2806725) ERROR 09-28 11:41:22 [core.py:1140]                      ^^^^^^^^^^^^^^^^^^^^^^^^^^^^^^^^^^^^^^^^^^^^^^^^^^^^^
(EngineCore pid=2806725) ERROR 09-28 11:41:22 [core.py:1140]   File "/gpfs/home5/sfris1/multimodal-tip-of-tongue-for-scientific-papers/.venv-mineru/lib/python3.11/site-packages/flashinfer/sampling.py", line 1400, in top_k_top_p_sampling_from_logits
(EngineCore pid=2806725) ERROR 09-28 11:41:22 [core.py:1140]     masked_logits = top_k_mask_logits(logits, top_k)
(EngineCore pid=2806725) ERROR 09-28 11:41:22 [core.py:1140]                     ^^^^^^^^^^^^^^^^^^^^^^^^^^^^^^^^
(EngineCore pid=2806725) ERROR 09-28 11:41:22 [core.py:1140]   File "/gpfs/home5/sfris1/multimodal-tip-of-tongue-for-scientific-papers/.venv-mineru/lib/python3.11/site-packages/flashinfer/sampling.py", line 1806, in top_k_mask_logits
(EngineCore pid=2806725) ERROR 09-28 11:41:22 [core.py:1140]     return get_sampling_module().top_k_mask_logits(
(EngineCore pid=2806725) ERROR 09-28 11:41:22 [core.py:1140]            ^^^^^^^^^^^^^^^^^^^^^
(EngineCore pid=2806725) ERROR 09-28 11:41:22 [core.py:1140]   File "/gpfs/home5/sfris1/multimodal-tip-of-tongue-for-scientific-papers/.venv-mineru/lib/python3.11/site-packages/flashinfer/sampling.py", line 54, in get_sampling_module
(EngineCore pid=2806725) ERROR 09-28 11:41:22 [core.py:1140]     module = gen_sampling_module().build_and_load()
(EngineCore pid=2806725) ERROR 09-28 11:41:22 [core.py:1140]              ^^^^^^^^^^^^^^^^^^^^^^^^^^^^^^^^^^^^^^
(EngineCore pid=2806725) ERROR 09-28 11:41:22 [core.py:1140]   File "/gpfs/home5/sfris1/multimodal-tip-of-tongue-for-scientific-papers/.venv-mineru/lib/python3.11/site-packages/flashinfer/jit/core.py", line 318, in build_and_load
(EngineCore pid=2806725) ERROR 09-28 11:41:22 [core.py:1140]     self.build(verbose, need_lock=False)
(EngineCore pid=2806725) ERROR 09-28 11:41:22 [core.py:1140]   File "/gpfs/home5/sfris1/multimodal-tip-of-tongue-for-scientific-papers/.venv-mineru/lib/python3.11/site-packages/flashinfer/jit/core.py", line 303, in build
(EngineCore pid=2806725) ERROR 09-28 11:41:22 [core.py:1140]     self.write_ninja()
(EngineCore pid=2806725) ERROR 09-28 11:41:22 [core.py:1140]   File "/gpfs/home5/sfris1/multimodal-tip-of-tongue-for-scientific-papers/.venv-mineru/lib/python3.11/site-packages/flashinfer/jit/core.py", line 274, in write_ninja
(EngineCore pid=2806725) ERROR 09-28 11:41:22 [core.py:1140]     content = generate_ninja_build_for_op(
(EngineCore pid=2806725) ERROR 09-28 11:41:22 [core.py:1140]               ^^^^^^^^^^^^^^^^^^^^^^^^^^^^
(EngineCore pid=2806725) ERROR 09-28 11:41:22 [core.py:1140]   File "/gpfs/home5/sfris1/multimodal-tip-of-tongue-for-scientific-papers/.venv-mineru/lib/python3.11/site-packages/flashinfer/jit/cpp_ext.py", line 216, in generate_ninja_build_for_op
(EngineCore pid=2806725) ERROR 09-28 11:41:22 [core.py:1140]     cuda_home = get_cuda_path()
(EngineCore pid=2806725) ERROR 09-28 11:41:22 [core.py:1140]                 ^^^^^^^^^^^^^^^
(EngineCore pid=2806725) ERROR 09-28 11:41:22 [core.py:1140]   File "/gpfs/home5/sfris1/multimodal-tip-of-tongue-for-scientific-papers/.venv-mineru/lib/python3.11/site-packages/flashinfer/jit/cpp_ext.py", line 61, in get_cuda_path
(EngineCore pid=2806725) ERROR 09-28 11:41:22 [core.py:1140]     raise RuntimeError(
(EngineCore pid=2806725) ERROR 09-28 11:41:22 [core.py:1140] RuntimeError: Could not find nvcc and default cuda_home='/usr/local/cuda' doesn't exist
(EngineCore pid=2806725) Process EngineCore:
(EngineCore pid=2806725) Traceback (most recent call last):
(EngineCore pid=2806725)   File "/home/sfris1/.local/share/uv/python/cpython-3.11.14-linux-x86_64-gnu/lib/python3.11/multiprocessing/process.py", line 314, in _bootstrap
(EngineCore pid=2806725)     self.run()
(EngineCore pid=2806725)   File "/home/sfris1/.local/share/uv/python/cpython-3.11.14-linux-x86_64-gnu/lib/python3.11/multiprocessing/process.py", line 108, in run
(EngineCore pid=2806725)     self._target(*self._args, **self._kwargs)
(EngineCore pid=2806725)   File "/gpfs/home5/sfris1/multimodal-tip-of-tongue-for-scientific-papers/.venv-mineru/lib/python3.11/site-packages/vllm/v1/engine/core.py", line 1144, in run_engine_core
(EngineCore pid=2806725)     raise e
(EngineCore pid=2806725)   File "/gpfs/home5/sfris1/multimodal-tip-of-tongue-for-scientific-papers/.venv-mineru/lib/python3.11/site-packages/vllm/v1/engine/core.py", line 1114, in run_engine_core
(EngineCore pid=2806725)     engine_core = EngineCoreProc(*args, engine_index=dp_rank, **kwargs)
(EngineCore pid=2806725)                   ^^^^^^^^^^^^^^^^^^^^^^^^^^^^^^^^^^^^^^^^^^^^^^^^^^^^^
(EngineCore pid=2806725)   File "/gpfs/home5/sfris1/multimodal-tip-of-tongue-for-scientific-papers/.venv-mineru/lib/python3.11/site-packages/vllm/tracing/otel.py", line 178, in sync_wrapper
(EngineCore pid=2806725)     return func(*args, **kwargs)
(EngineCore pid=2806725)            ^^^^^^^^^^^^^^^^^^^^^
(EngineCore pid=2806725)   File "/gpfs/home5/sfris1/multimodal-tip-of-tongue-for-scientific-papers/.venv-mineru/lib/python3.11/site-packages/vllm/v1/engine/core.py", line 880, in __init__
(EngineCore pid=2806725)     super().__init__(
(EngineCore pid=2806725)   File "/gpfs/home5/sfris1/multimodal-tip-of-tongue-for-scientific-papers/.venv-mineru/lib/python3.11/site-packages/vllm/v1/engine/core.py", line 128, in __init__
(EngineCore pid=2806725)     kv_cache_config = self._initialize_kv_caches(vllm_config)
(EngineCore pid=2806725)                       ^^^^^^^^^^^^^^^^^^^^^^^^^^^^^^^^^^^^^^^
(EngineCore pid=2806725)   File "/gpfs/home5/sfris1/multimodal-tip-of-tongue-for-scientific-papers/.venv-mineru/lib/python3.11/site-packages/vllm/tracing/otel.py", line 178, in sync_wrapper
(EngineCore pid=2806725)     return func(*args, **kwargs)
(EngineCore pid=2806725)            ^^^^^^^^^^^^^^^^^^^^^
(EngineCore pid=2806725)   File "/gpfs/home5/sfris1/multimodal-tip-of-tongue-for-scientific-papers/.venv-mineru/lib/python3.11/site-packages/vllm/v1/engine/core.py", line 250, in _initialize_kv_caches
(EngineCore pid=2806725)     available_gpu_memory = self.model_executor.determine_available_memory()
(EngineCore pid=2806725)                            ^^^^^^^^^^^^^^^^^^^^^^^^^^^^^^^^^^^^^^^^^^^^^^^^
(EngineCore pid=2806725)   File "/gpfs/home5/sfris1/multimodal-tip-of-tongue-for-scientific-papers/.venv-mineru/lib/python3.11/site-packages/vllm/v1/executor/abstract.py", line 147, in determine_available_memory
(EngineCore pid=2806725)     return self.collective_rpc("determine_available_memory")
(EngineCore pid=2806725)            ^^^^^^^^^^^^^^^^^^^^^^^^^^^^^^^^^^^^^^^^^^^^^^^^^
(EngineCore pid=2806725)   File "/gpfs/home5/sfris1/multimodal-tip-of-tongue-for-scientific-papers/.venv-mineru/lib/python3.11/site-packages/vllm/v1/executor/uniproc_executor.py", line 93, in collective_rpc
(EngineCore pid=2806725)     result = run_method(self.driver_worker, method, args, kwargs)
(EngineCore pid=2806725)              ^^^^^^^^^^^^^^^^^^^^^^^^^^^^^^^^^^^^^^^^^^^^^^^^^^^^
(EngineCore pid=2806725)   File "/gpfs/home5/sfris1/multimodal-tip-of-tongue-for-scientific-papers/.venv-mineru/lib/python3.11/site-packages/vllm/v1/serial_utils.py", line 510, in run_method
(EngineCore pid=2806725)     return func(*args, **kwargs)
(EngineCore pid=2806725)            ^^^^^^^^^^^^^^^^^^^^^
(EngineCore pid=2806725)   File "/gpfs/home5/sfris1/multimodal-tip-of-tongue-for-scientific-papers/.venv-mineru/lib/python3.11/site-packages/torch/utils/_contextlib.py", line 124, in decorate_context
(EngineCore pid=2806725)     return func(*args, **kwargs)
(EngineCore pid=2806725)            ^^^^^^^^^^^^^^^^^^^^^
(EngineCore pid=2806725)   File "/gpfs/home5/sfris1/multimodal-tip-of-tongue-for-scientific-papers/.venv-mineru/lib/python3.11/site-packages/vllm/v1/worker/gpu_worker.py", line 392, in determine_available_memory
(EngineCore pid=2806725)     self.model_runner.profile_run()
(EngineCore pid=2806725)   File "/gpfs/home5/sfris1/multimodal-tip-of-tongue-for-scientific-papers/.venv-mineru/lib/python3.11/site-packages/vllm/v1/worker/gpu_model_runner.py", line 5955, in profile_run
(EngineCore pid=2806725)     output = self._dummy_sampler_run(last_hidden_states)
(EngineCore pid=2806725)              ^^^^^^^^^^^^^^^^^^^^^^^^^^^^^^^^^^^^^^^^^^^
(EngineCore pid=2806725)   File "/gpfs/home5/sfris1/multimodal-tip-of-tongue-for-scientific-papers/.venv-mineru/lib/python3.11/site-packages/torch/utils/_contextlib.py", line 124, in decorate_context
(EngineCore pid=2806725)     return func(*args, **kwargs)
(EngineCore pid=2806725)            ^^^^^^^^^^^^^^^^^^^^^
(EngineCore pid=2806725)   File "/gpfs/home5/sfris1/multimodal-tip-of-tongue-for-scientific-papers/.venv-mineru/lib/python3.11/site-packages/vllm/v1/worker/gpu_model_runner.py", line 5775, in _dummy_sampler_run
(EngineCore pid=2806725)     raise e
(EngineCore pid=2806725)   File "/gpfs/home5/sfris1/multimodal-tip-of-tongue-for-scientific-papers/.venv-mineru/lib/python3.11/site-packages/vllm/v1/worker/gpu_model_runner.py", line 5743, in _dummy_sampler_run
(EngineCore pid=2806725)     sampler_output = self.sampler(
(EngineCore pid=2806725)                      ^^^^^^^^^^^^^
(EngineCore pid=2806725)   File "/gpfs/home5/sfris1/multimodal-tip-of-tongue-for-scientific-papers/.venv-mineru/lib/python3.11/site-packages/torch/nn/modules/module.py", line 1779, in _wrapped_call_impl
(EngineCore pid=2806725)     return self._call_impl(*args, **kwargs)
(EngineCore pid=2806725)            ^^^^^^^^^^^^^^^^^^^^^^^^^^^^^^^^
(EngineCore pid=2806725)   File "/gpfs/home5/sfris1/multimodal-tip-of-tongue-for-scientific-papers/.venv-mineru/lib/python3.11/site-packages/torch/nn/modules/module.py", line 1790, in _call_impl
(EngineCore pid=2806725)     return forward_call(*args, **kwargs)
(EngineCore pid=2806725)            ^^^^^^^^^^^^^^^^^^^^^^^^^^^^^
(EngineCore pid=2806725)   File "/gpfs/home5/sfris1/multimodal-tip-of-tongue-for-scientific-papers/.venv-mineru/lib/python3.11/site-packages/vllm/v1/sample/sampler.py", line 97, in forward
(EngineCore pid=2806725)     sampled, processed_logprobs = self.sample(logits, sampling_metadata)
(EngineCore pid=2806725)                                   ^^^^^^^^^^^^^^^^^^^^^^^^^^^^^^^^^^^^^^
(EngineCore pid=2806725)   File "/gpfs/home5/sfris1/multimodal-tip-of-tongue-for-scientific-papers/.venv-mineru/lib/python3.11/site-packages/vllm/v1/sample/sampler.py", line 272, in sample
(EngineCore pid=2806725)     random_sampled, processed_logprobs = self.topk_topp_sampler(
(EngineCore pid=2806725)                                          ^^^^^^^^^^^^^^^^^^^^^^^
(EngineCore pid=2806725)   File "/gpfs/home5/sfris1/multimodal-tip-of-tongue-for-scientific-papers/.venv-mineru/lib/python3.11/site-packages/torch/nn/modules/module.py", line 1779, in _wrapped_call_impl
(EngineCore pid=2806725)     return self._call_impl(*args, **kwargs)
(EngineCore pid=2806725)            ^^^^^^^^^^^^^^^^^^^^^^^^^^^^^^^^
(EngineCore pid=2806725)   File "/gpfs/home5/sfris1/multimodal-tip-of-tongue-for-scientific-papers/.venv-mineru/lib/python3.11/site-packages/torch/nn/modules/module.py", line 1790, in _call_impl
(EngineCore pid=2806725)     return forward_call(*args, **kwargs)
(EngineCore pid=2806725)            ^^^^^^^^^^^^^^^^^^^^^^^^^^^^^
(EngineCore pid=2806725)   File "/gpfs/home5/sfris1/multimodal-tip-of-tongue-for-scientific-papers/.venv-mineru/lib/python3.11/site-packages/vllm/v1/sample/ops/topk_topp_sampler.py", line 157, in forward_cuda
(EngineCore pid=2806725)     return flashinfer_sample(logits.contiguous(), k, p, generators), None
(EngineCore pid=2806725)            ^^^^^^^^^^^^^^^^^^^^^^^^^^^^^^^^^^^^^^^^^^^^^^^^^^^^^^^^
(EngineCore pid=2806725)   File "/gpfs/home5/sfris1/multimodal-tip-of-tongue-for-scientific-papers/.venv-mineru/lib/python3.11/site-packages/vllm/v1/sample/ops/topk_topp_sampler.py", line 447, in flashinfer_sample
(EngineCore pid=2806725)     next_token_ids = flashinfer.sampling.top_k_top_p_sampling_from_logits(
(EngineCore pid=2806725)                      ^^^^^^^^^^^^^^^^^^^^^^^^^^^^^^^^^^^^^^^^^^^^^^^^^^^^^
(EngineCore pid=2806725)   File "/gpfs/home5/sfris1/multimodal-tip-of-tongue-for-scientific-papers/.venv-mineru/lib/python3.11/site-packages/flashinfer/sampling.py", line 1400, in top_k_top_p_sampling_from_logits
(EngineCore pid=2806725)     masked_logits = top_k_mask_logits(logits, top_k)
(EngineCore pid=2806725)                     ^^^^^^^^^^^^^^^^^^^^^^^^^^^^^^^^
(EngineCore pid=2806725)   File "/gpfs/home5/sfris1/multimodal-tip-of-tongue-for-scientific-papers/.venv-mineru/lib/python3.11/site-packages/flashinfer/sampling.py", line 1806, in top_k_mask_logits
(EngineCore pid=2806725)     return get_sampling_module().top_k_mask_logits(
(EngineCore pid=2806725)            ^^^^^^^^^^^^^^^^^^^^^
(EngineCore pid=2806725)   File "/gpfs/home5/sfris1/multimodal-tip-of-tongue-for-scientific-papers/.venv-mineru/lib/python3.11/site-packages/flashinfer/sampling.py", line 54, in get_sampling_module
(EngineCore pid=2806725)     module = gen_sampling_module().build_and_load()
(EngineCore pid=2806725)              ^^^^^^^^^^^^^^^^^^^^^^^^^^^^^^^^^^^^^^
(EngineCore pid=2806725)   File "/gpfs/home5/sfris1/multimodal-tip-of-tongue-for-scientific-papers/.venv-mineru/lib/python3.11/site-packages/flashinfer/jit/core.py", line 318, in build_and_load
(EngineCore pid=2806725)     self.build(verbose, need_lock=False)
(EngineCore pid=2806725)   File "/gpfs/home5/sfris1/multimodal-tip-of-tongue-for-scientific-papers/.venv-mineru/lib/python3.11/site-packages/flashinfer/jit/core.py", line 303, in build
(EngineCore pid=2806725)     self.write_ninja()
(EngineCore pid=2806725)   File "/gpfs/home5/sfris1/multimodal-tip-of-tongue-for-scientific-papers/.venv-mineru/lib/python3.11/site-packages/flashinfer/jit/core.py", line 274, in write_ninja
(EngineCore pid=2806725)     content = generate_ninja_build_for_op(
(EngineCore pid=2806725)               ^^^^^^^^^^^^^^^^^^^^^^^^^^^^
(EngineCore pid=2806725)   File "/gpfs/home5/sfris1/multimodal-tip-of-tongue-for-scientific-papers/.venv-mineru/lib/python3.11/site-packages/flashinfer/jit/cpp_ext.py", line 216, in generate_ninja_build_for_op
(EngineCore pid=2806725)     cuda_home = get_cuda_path()
(EngineCore pid=2806725)                 ^^^^^^^^^^^^^^^
(EngineCore pid=2806725)   File "/gpfs/home5/sfris1/multimodal-tip-of-tongue-for-scientific-papers/.venv-mineru/lib/python3.11/site-packages/flashinfer/jit/cpp_ext.py", line 61, in get_cuda_path
(EngineCore pid=2806725)     raise RuntimeError(
(EngineCore pid=2806725) RuntimeError: Could not find nvcc and default cuda_home='/usr/local/cuda' doesn't exist
[rank0]:[W928 11:41:23.067237373 ProcessGroupNCCL.cpp:1575] Warning: WARNING: destroy_process_group() was not called before program exit, which can leak resources. For more info, please see https://pytorch.org/docs/stable/distributed.html#shutdown (function operator())
2026-09-28 11:41:24.353 | ERROR    | __main__:_process_task:1154 - Async task failed: 896c8b9a-7e8d-436b-bf43-e43fa491ce7f
Traceback (most recent call last):

  File "<frozen runpy>", line 198, in _run_module_as_main
  File "<frozen runpy>", line 88, in _run_code
  File "/gpfs/home5/sfris1/multimodal-tip-of-tongue-for-scientific-papers/.venv-mineru/lib/python3.11/site-packages/mineru/cli/fast_api.py", line 1474, in <module>
    main()
    └ <Command main>
  File "/gpfs/home5/sfris1/multimodal-tip-of-tongue-for-scientific-papers/.venv-mineru/lib/python3.11/site-packages/click/core.py", line 1631, in __call__
    return self.main(*args, **kwargs)
           │    │     │       └ {}
           │    │     └ ()
           │    └ <function Command.main at 0x14a3ba38da80>
           └ <Command main>
  File "/gpfs/home5/sfris1/multimodal-tip-of-tongue-for-scientific-papers/.venv-mineru/lib/python3.11/site-packages/click/core.py", line 1552, in main
    rv = self.invoke(ctx)
         │    │      └ <click.core.Context object at 0x14a1298ec9d0>
         │    └ <function Command.invoke at 0x14a3ba38d760>
         └ <Command main>
  File "/gpfs/home5/sfris1/multimodal-tip-of-tongue-for-scientific-papers/.venv-mineru/lib/python3.11/site-packages/click/core.py", line 1415, in invoke
    return ctx.invoke(self.callback, **ctx.params)
           │   │      │    │           │   └ {'host': '127.0.0.1', 'port': 51311, 'reload': False, 'allow_public_http_client': False, 'enable_vlm_preload': False}
           │   │      │    │           └ <click.core.Context object at 0x14a1298ec9d0>
           │   │      │    └ <function main at 0x14a1298868e0>
           │   │      └ <Command main>
           │   └ <function Context.invoke at 0x14a3ba38c900>
           └ <click.core.Context object at 0x14a1298ec9d0>
  File "/gpfs/home5/sfris1/multimodal-tip-of-tongue-for-scientific-papers/.venv-mineru/lib/python3.11/site-packages/click/core.py", line 910, in invoke
    return callback(*args, **kwargs)
           │         │       └ {'host': '127.0.0.1', 'port': 51311, 'reload': False, 'allow_public_http_client': False, 'enable_vlm_preload': False}
           │         └ ()
           └ <function main at 0x14a1298868e0>
  File "/gpfs/home5/sfris1/multimodal-tip-of-tongue-for-scientific-papers/.venv-mineru/lib/python3.11/site-packages/click/decorators.py", line 34, in new_func
    return f(get_current_context(), *args, **kwargs)
           │ │                       │       └ {'host': '127.0.0.1', 'port': 51311, 'reload': False, 'allow_public_http_client': False, 'enable_vlm_preload': False}
           │ │                       └ ()
           │ └ <function get_current_context at 0x14a3ba321620>
           └ <function main at 0x14a129886c00>
  File "/gpfs/home5/sfris1/multimodal-tip-of-tongue-for-scientific-papers/.venv-mineru/lib/python3.11/site-packages/mineru/cli/fast_api.py", line 1470, in main
    server.run()
    │      └ <function Server.run at 0x14a3ba2b0900>
    └ <uvicorn.server.Server object at 0x14a3ba259f50>
  File "/gpfs/home5/sfris1/multimodal-tip-of-tongue-for-scientific-papers/.venv-mineru/lib/python3.11/site-packages/uvicorn/server.py", line 86, in run
    return asyncio_run(self.serve(sockets=sockets), loop_factory=self.config.get_loop_factory())
           │           │    │             │                      │    │      └ <function Config.get_loop_factory at 0x14a3ba2640e0>
           │           │    │             │                      │    └ <uvicorn.config.Config object at 0x14a1298ee490>
           │           │    │             │                      └ <uvicorn.server.Server object at 0x14a3ba259f50>
           │           │    │             └ None
           │           │    └ <function Server.serve at 0x14a3ba2b09a0>
           │           └ <uvicorn.server.Server object at 0x14a3ba259f50>
           └ <function asyncio_run at 0x14a3ba211620>
  File "/gpfs/home5/sfris1/multimodal-tip-of-tongue-for-scientific-papers/.venv-mineru/lib/python3.11/site-packages/uvicorn/_compat.py", line 30, in asyncio_run
    return runner.run(main)
           │      │   └ <coroutine object Server.serve at 0x14a12992e020>
           │      └ <function Runner.run at 0x14a3ba4f4f40>
           └ <asyncio.runners.Runner object at 0x14a1298eeb10>
  File "/home/sfris1/.local/share/uv/python/cpython-3.11.14-linux-x86_64-gnu/lib/python3.11/asyncio/runners.py", line 118, in run
    return self._loop.run_until_complete(task)
           │    │     │                  └ <Task pending name='Task-1' coro=<Server.serve() running at /gpfs/home5/sfris1/multimodal-tip-of-tongue-for-scientific-papers...
           │    │     └ <cyfunction Loop.run_until_complete at 0x14a12988f400>
           │    └ <uvloop.Loop running=True closed=False debug=False>
           └ <asyncio.runners.Runner object at 0x14a1298eeb10>
> File "/gpfs/home5/sfris1/multimodal-tip-of-tongue-for-scientific-papers/.venv-mineru/lib/python3.11/site-packages/mineru/cli/fast_api.py", line 1144, in _process_task
    await self._run_task(task)
          │    │         └ AsyncParseTask(task_id='896c8b9a-7e8d-436b-bf43-e43fa491ce7f', status='failed', backend='hybrid-engine', file_names=['2022.co...
          │    └ <function AsyncTaskManager._run_task at 0x14a12997ca40>
          └ <__main__.AsyncTaskManager object at 0x14a12962d810>
  File "/gpfs/home5/sfris1/multimodal-tip-of-tongue-for-scientific-papers/.venv-mineru/lib/python3.11/site-packages/mineru/cli/fast_api.py", line 1174, in _run_task
    await run_parse_job(
          └ <function run_parse_job at 0x14a129963d80>
  File "/gpfs/home5/sfris1/multimodal-tip-of-tongue-for-scientific-papers/.venv-mineru/lib/python3.11/site-packages/mineru/cli/fast_api.py", line 866, in run_parse_job
    await aio_do_parse(**parse_kwargs)
          │              └ {'output_dir': '/tmp/sfris1/mineru_27290888/tmp/local-gpu-0-mm1vfh5m/output/896c8b9a-7e8d-436b-bf43-e43fa491ce7f', 'pdf_file_...
          └ <function aio_do_parse at 0x14a129960540>
  File "/gpfs/home5/sfris1/multimodal-tip-of-tongue-for-scientific-papers/.venv-mineru/lib/python3.11/site-packages/mineru/cli/common.py", line 846, in aio_do_parse
    await _async_process_hybrid(
          └ <function _async_process_hybrid at 0x14a129960360>
  File "/gpfs/home5/sfris1/multimodal-tip-of-tongue-for-scientific-papers/.venv-mineru/lib/python3.11/site-packages/mineru/cli/common.py", line 595, in _async_process_hybrid
    middle_json, infer_result = await aio_hybrid_doc_analyze(
                                      └ <function aio_doc_analyze at 0x14a102a798a0>
  File "/gpfs/home5/sfris1/multimodal-tip-of-tongue-for-scientific-papers/.venv-mineru/lib/python3.11/site-packages/mineru/backend/hybrid/hybrid_analyze.py", line 1116, in aio_doc_analyze
    predictor = await _get_model_async(backend, model_path, server_url, **kwargs)
                      │                │        │           │             └ {}
                      │                │        │           └ None
                      │                │        └ None
                      │                └ 'vllm-async-engine'
                      └ <function _get_model_async at 0x14a1b4991580>
  File "/gpfs/home5/sfris1/multimodal-tip-of-tongue-for-scientific-papers/.venv-mineru/lib/python3.11/site-packages/mineru/backend/vlm/vlm_analyze.py", line 271, in _get_model_async
    return await asyncio.to_thread(
                 │       └ <function to_thread at 0x14a3ba5127a0>
                 └ <module 'asyncio' from '/home/sfris1/.local/share/uv/python/cpython-3.11.14-linux-x86_64-gnu/lib/python3.11/asyncio/__init__....
  File "/home/sfris1/.local/share/uv/python/cpython-3.11.14-linux-x86_64-gnu/lib/python3.11/asyncio/threads.py", line 25, in to_thread
    return await loop.run_in_executor(None, func_call)
                 │    │                     └ functools.partial(<built-in method run of _contextvars.Context object at 0x14a102a5dec0>, <bound method ModelSingleton.get_mo...
                 │    └ <cyfunction Loop.run_in_executor at 0x14a129598700>
                 └ <uvloop.Loop running=True closed=False debug=False>
  File "/home/sfris1/.local/share/uv/python/cpython-3.11.14-linux-x86_64-gnu/lib/python3.11/concurrent/futures/thread.py", line 58, in run
    result = self.fn(*self.args, **self.kwargs)
             │        │            └ None
             │        └ None
             └ None
  File "/gpfs/home5/sfris1/multimodal-tip-of-tongue-for-scientific-papers/.venv-mineru/lib/python3.11/site-packages/mineru/backend/vlm/vlm_analyze.py", line 174, in get_model
    vllm_async_llm = AsyncLLM.from_engine_args(AsyncEngineArgs(**kwargs))
                     │        │                │                 └ {'gpu_memory_utilization': 0.5, 'model': '/home/sfris1/.cache/huggingface/hub/models--opendatalab--MinerU2.5-Pro-2605-1.2B/sn...
                     │        │                └ <class 'vllm.engine.arg_utils.AsyncEngineArgs'>
                     │        └ <classmethod(<function AsyncLLM.from_engine_args at 0x14a0501c1440>)>
                     └ <class 'vllm.v1.engine.async_llm.AsyncLLM'>
  File "/gpfs/home5/sfris1/multimodal-tip-of-tongue-for-scientific-papers/.venv-mineru/lib/python3.11/site-packages/vllm/v1/engine/async_llm.py", line 246, in from_engine_args
    return cls(
           └ <class 'vllm.v1.engine.async_llm.AsyncLLM'>
  File "/gpfs/home5/sfris1/multimodal-tip-of-tongue-for-scientific-papers/.venv-mineru/lib/python3.11/site-packages/vllm/v1/engine/async_llm.py", line 146, in __init__
    self.engine_core = EngineCoreClient.make_async_mp_client(
    │                  │                └ <staticmethod(<function EngineCoreClient.make_async_mp_client at 0x14a06015d620>)>
    │                  └ <class 'vllm.v1.engine.core_client.EngineCoreClient'>
    └ <vllm.v1.engine.async_llm.AsyncLLM object at 0x14a05238f790>
  File "/gpfs/home5/sfris1/multimodal-tip-of-tongue-for-scientific-papers/.venv-mineru/lib/python3.11/site-packages/vllm/tracing/otel.py", line 178, in sync_wrapper
    return func(*args, **kwargs)
           │     │       └ {'vllm_config': VllmConfig(model_config=ModelConfig(model='/home/sfris1/.cache/huggingface/hub/models--opendatalab--MinerU2.5...
           │     └ ()
           └ <function EngineCoreClient.make_async_mp_client at 0x14a06015d4e0>
  File "/gpfs/home5/sfris1/multimodal-tip-of-tongue-for-scientific-papers/.venv-mineru/lib/python3.11/site-packages/vllm/v1/engine/core_client.py", line 130, in make_async_mp_client
    return AsyncMPClient(*client_args)
           │              └ (VllmConfig(model_config=ModelConfig(model='/home/sfris1/.cache/huggingface/hub/models--opendatalab--MinerU2.5-Pro-2605-1.2B/...
           └ <class 'vllm.v1.engine.core_client.AsyncMPClient'>
  File "/gpfs/home5/sfris1/multimodal-tip-of-tongue-for-scientific-papers/.venv-mineru/lib/python3.11/site-packages/vllm/tracing/otel.py", line 178, in sync_wrapper
    return func(*args, **kwargs)
           │     │       └ {}
           │     └ (<vllm.v1.engine.core_client.AsyncMPClient object at 0x149ffc09e190>, VllmConfig(model_config=ModelConfig(model='/home/sfris1...
           └ <function AsyncMPClient.__init__ at 0x14a06016d940>
  File "/gpfs/home5/sfris1/multimodal-tip-of-tongue-for-scientific-papers/.venv-mineru/lib/python3.11/site-packages/vllm/v1/engine/core_client.py", line 900, in __init__
    super().__init__(
  File "/gpfs/home5/sfris1/multimodal-tip-of-tongue-for-scientific-papers/.venv-mineru/lib/python3.11/site-packages/vllm/v1/engine/core_client.py", line 535, in __init__
    with launch_core_engines(
         └ <function launch_core_engines at 0x14a060151620>
  File "/home/sfris1/.local/share/uv/python/cpython-3.11.14-linux-x86_64-gnu/lib/python3.11/contextlib.py", line 144, in __exit__
    next(self.gen)
         │    └ <generator object launch_core_engines at 0x14a027926980>
         └ <contextlib._GeneratorContextManager object at 0x149ffc09e650>
  File "/gpfs/home5/sfris1/multimodal-tip-of-tongue-for-scientific-papers/.venv-mineru/lib/python3.11/site-packages/vllm/v1/engine/utils.py", line 1128, in launch_core_engines
    wait_for_engine_startup(
    └ <function wait_for_engine_startup at 0x14a0601516c0>
  File "/gpfs/home5/sfris1/multimodal-tip-of-tongue-for-scientific-papers/.venv-mineru/lib/python3.11/site-packages/vllm/v1/engine/utils.py", line 1187, in wait_for_engine_startup
    raise RuntimeError(

RuntimeError: Engine core initialization failed. See root cause above. Failed core proc(s): {}
2026-09-28 11:41:24.379 | INFO     | mineru.backend.vlm.utils:enable_custom_logits_processors:56 - compute_capability: 8.0 >= 8.0 and vllm version: 0.21.0 >= 0.10.1, enable custom_logits_processors
INFO:     127.0.0.1:46112 - "GET /tasks/3ff24e73-1f43-4708-9ccc-7266d787cf87 HTTP/1.1" 200 OK
INFO:     127.0.0.1:46320 - "GET /tasks/4f52fe5e-b0ed-41b2-aa8b-f0b71441ae15 HTTP/1.1" 200 OK
INFO:     127.0.0.1:46116 - "GET /tasks/22060045-1940-4a75-b3eb-94f4babc330c HTTP/1.1" 200 OK
2026-09-28 11:41:24.383 | ERROR    | __main__:_process_task:1154 - Async task failed: 63595d64-c0e6-4a62-a287-67d06cc5c17e
Traceback (most recent call last):

  File "<frozen runpy>", line 198, in _run_module_as_main
  File "<frozen runpy>", line 88, in _run_code
  File "/gpfs/home5/sfris1/multimodal-tip-of-tongue-for-scientific-papers/.venv-mineru/lib/python3.11/site-packages/mineru/cli/fast_api.py", line 1474, in <module>
    main()
    └ <Command main>
  File "/gpfs/home5/sfris1/multimodal-tip-of-tongue-for-scientific-papers/.venv-mineru/lib/python3.11/site-packages/click/core.py", line 1631, in __call__
    return self.main(*args, **kwargs)
           │    │     │       └ {}
           │    │     └ ()
           │    └ <function Command.main at 0x14a3ba38da80>
           └ <Command main>
  File "/gpfs/home5/sfris1/multimodal-tip-of-tongue-for-scientific-papers/.venv-mineru/lib/python3.11/site-packages/click/core.py", line 1552, in main
    rv = self.invoke(ctx)
         │    │      └ <click.core.Context object at 0x14a1298ec9d0>
         │    └ <function Command.invoke at 0x14a3ba38d760>
         └ <Command main>
  File "/gpfs/home5/sfris1/multimodal-tip-of-tongue-for-scientific-papers/.venv-mineru/lib/python3.11/site-packages/click/core.py", line 1415, in invoke
    return ctx.invoke(self.callback, **ctx.params)
           │   │      │    │           │   └ {'host': '127.0.0.1', 'port': 51311, 'reload': False, 'allow_public_http_client': False, 'enable_vlm_preload': False}
           │   │      │    │           └ <click.core.Context object at 0x14a1298ec9d0>
           │   │      │    └ <function main at 0x14a1298868e0>
           │   │      └ <Command main>
           │   └ <function Context.invoke at 0x14a3ba38c900>
           └ <click.core.Context object at 0x14a1298ec9d0>
  File "/gpfs/home5/sfris1/multimodal-tip-of-tongue-for-scientific-papers/.venv-mineru/lib/python3.11/site-packages/click/core.py", line 910, in invoke
    return callback(*args, **kwargs)
           │         │       └ {'host': '127.0.0.1', 'port': 51311, 'reload': False, 'allow_public_http_client': False, 'enable_vlm_preload': False}
           │         └ ()
           └ <function main at 0x14a1298868e0>
  File "/gpfs/home5/sfris1/multimodal-tip-of-tongue-for-scientific-papers/.venv-mineru/lib/python3.11/site-packages/click/decorators.py", line 34, in new_func
    return f(get_current_context(), *args, **kwargs)
           │ │                       │       └ {'host': '127.0.0.1', 'port': 51311, 'reload': False, 'allow_public_http_client': False, 'enable_vlm_preload': False}
           │ │                       └ ()
           │ └ <function get_current_context at 0x14a3ba321620>
           └ <function main at 0x14a129886c00>
  File "/gpfs/home5/sfris1/multimodal-tip-of-tongue-for-scientific-papers/.venv-mineru/lib/python3.11/site-packages/mineru/cli/fast_api.py", line 1470, in main
    server.run()
    │      └ <function Server.run at 0x14a3ba2b0900>
    └ <uvicorn.server.Server object at 0x14a3ba259f50>
  File "/gpfs/home5/sfris1/multimodal-tip-of-tongue-for-scientific-papers/.venv-mineru/lib/python3.11/site-packages/uvicorn/server.py", line 86, in run
    return asyncio_run(self.serve(sockets=sockets), loop_factory=self.config.get_loop_factory())
           │           │    │             │                      │    │      └ <function Config.get_loop_factory at 0x14a3ba2640e0>
           │           │    │             │                      │    └ <uvicorn.config.Config object at 0x14a1298ee490>
           │           │    │             │                      └ <uvicorn.server.Server object at 0x14a3ba259f50>
           │           │    │             └ None
           │           │    └ <function Server.serve at 0x14a3ba2b09a0>
           │           └ <uvicorn.server.Server object at 0x14a3ba259f50>
           └ <function asyncio_run at 0x14a3ba211620>
  File "/gpfs/home5/sfris1/multimodal-tip-of-tongue-for-scientific-papers/.venv-mineru/lib/python3.11/site-packages/uvicorn/_compat.py", line 30, in asyncio_run
    return runner.run(main)
           │      │   └ <coroutine object Server.serve at 0x14a12992e020>
           │      └ <function Runner.run at 0x14a3ba4f4f40>
           └ <asyncio.runners.Runner object at 0x14a1298eeb10>
  File "/home/sfris1/.local/share/uv/python/cpython-3.11.14-linux-x86_64-gnu/lib/python3.11/asyncio/runners.py", line 118, in run
    return self._loop.run_until_complete(task)
           │    │     │                  └ <Task pending name='Task-1' coro=<Server.serve() running at /gpfs/home5/sfris1/multimodal-tip-of-tongue-for-scientific-papers...
           │    │     └ <cyfunction Loop.run_until_complete at 0x14a12988f400>
           │    └ <uvloop.Loop running=True closed=False debug=False>
           └ <asyncio.runners.Runner object at 0x14a1298eeb10>
> File "/gpfs/home5/sfris1/multimodal-tip-of-tongue-for-scientific-papers/.venv-mineru/lib/python3.11/site-packages/mineru/cli/fast_api.py", line 1144, in _process_task
    await self._run_task(task)
          │    │         └ AsyncParseTask(task_id='63595d64-c0e6-4a62-a287-67d06cc5c17e', status='failed', backend='hybrid-engine', file_names=['2022.co...
          │    └ <function AsyncTaskManager._run_task at 0x14a12997ca40>
          └ <__main__.AsyncTaskManager object at 0x14a12962d810>
  File "/gpfs/home5/sfris1/multimodal-tip-of-tongue-for-scientific-papers/.venv-mineru/lib/python3.11/site-packages/mineru/cli/fast_api.py", line 1174, in _run_task
    await run_parse_job(
          └ <function run_parse_job at 0x14a129963d80>
  File "/gpfs/home5/sfris1/multimodal-tip-of-tongue-for-scientific-papers/.venv-mineru/lib/python3.11/site-packages/mineru/cli/fast_api.py", line 866, in run_parse_job
    await aio_do_parse(**parse_kwargs)
          │              └ {'output_dir': '/tmp/sfris1/mineru_27290888/tmp/local-gpu-0-mm1vfh5m/output/63595d64-c0e6-4a62-a287-67d06cc5c17e', 'pdf_file_...
          └ <function aio_do_parse at 0x14a129960540>
  File "/gpfs/home5/sfris1/multimodal-tip-of-tongue-for-scientific-papers/.venv-mineru/lib/python3.11/site-packages/mineru/cli/common.py", line 846, in aio_do_parse
    await _async_process_hybrid(
          └ <function _async_process_hybrid at 0x14a129960360>
  File "/gpfs/home5/sfris1/multimodal-tip-of-tongue-for-scientific-papers/.venv-mineru/lib/python3.11/site-packages/mineru/cli/common.py", line 595, in _async_process_hybrid
    middle_json, infer_result = await aio_hybrid_doc_analyze(
                                      └ <function aio_doc_analyze at 0x14a102a798a0>
  File "/gpfs/home5/sfris1/multimodal-tip-of-tongue-for-scientific-papers/.venv-mineru/lib/python3.11/site-packages/mineru/backend/hybrid/hybrid_analyze.py", line 1116, in aio_doc_analyze
    predictor = await _get_model_async(backend, model_path, server_url, **kwargs)
                      │                │        │           │             └ {}
                      │                │        │           └ None
                      │                │        └ None
                      │                └ 'vllm-async-engine'
                      └ <function _get_model_async at 0x14a1b4991580>
  File "/gpfs/home5/sfris1/multimodal-tip-of-tongue-for-scientific-papers/.venv-mineru/lib/python3.11/site-packages/mineru/backend/vlm/vlm_analyze.py", line 271, in _get_model_async
    return await asyncio.to_thread(
                 │       └ <function to_thread at 0x14a3ba5127a0>
                 └ <module 'asyncio' from '/home/sfris1/.local/share/uv/python/cpython-3.11.14-linux-x86_64-gnu/lib/python3.11/asyncio/__init__....
  File "/home/sfris1/.local/share/uv/python/cpython-3.11.14-linux-x86_64-gnu/lib/python3.11/asyncio/threads.py", line 25, in to_thread
    return await loop.run_in_executor(None, func_call)
                 │    │                     └ functools.partial(<built-in method run of _contextvars.Context object at 0x14a01c38de00>, <bound method ModelSingleton.get_mo...
                 │    └ <cyfunction Loop.run_in_executor at 0x14a129598700>
                 └ <uvloop.Loop running=True closed=False debug=False>
  File "/home/sfris1/.local/share/uv/python/cpython-3.11.14-linux-x86_64-gnu/lib/python3.11/concurrent/futures/thread.py", line 58, in run
    result = self.fn(*self.args, **self.kwargs)
             │        │            └ None
             │        └ None
             └ None
  File "/gpfs/home5/sfris1/multimodal-tip-of-tongue-for-scientific-papers/.venv-mineru/lib/python3.11/site-packages/mineru/backend/vlm/vlm_analyze.py", line 174, in get_model
    vllm_async_llm = AsyncLLM.from_engine_args(AsyncEngineArgs(**kwargs))
                     │        │                │                 └ {'gpu_memory_utilization': 0.5, 'model': '/home/sfris1/.cache/huggingface/hub/models--opendatalab--MinerU2.5-Pro-2605-1.2B/sn...
                     │        │                └ <class 'vllm.engine.arg_utils.AsyncEngineArgs'>
                     │        └ <classmethod(<function AsyncLLM.from_engine_args at 0x14a0501c1440>)>
                     └ <class 'vllm.v1.engine.async_llm.AsyncLLM'>
  File "/gpfs/home5/sfris1/multimodal-tip-of-tongue-for-scientific-papers/.venv-mineru/lib/python3.11/site-packages/vllm/v1/engine/async_llm.py", line 246, in from_engine_args
    return cls(
           └ <class 'vllm.v1.engine.async_llm.AsyncLLM'>
  File "/gpfs/home5/sfris1/multimodal-tip-of-tongue-for-scientific-papers/.venv-mineru/lib/python3.11/site-packages/vllm/v1/engine/async_llm.py", line 146, in __init__
    self.engine_core = EngineCoreClient.make_async_mp_client(
    │                  │                └ <staticmethod(<function EngineCoreClient.make_async_mp_client at 0x14a06015d620>)>
    │                  └ <class 'vllm.v1.engine.core_client.EngineCoreClient'>
    └ <vllm.v1.engine.async_llm.AsyncLLM object at 0x149ffc09ea50>
  File "/gpfs/home5/sfris1/multimodal-tip-of-tongue-for-scientific-papers/.venv-mineru/lib/python3.11/site-packages/vllm/tracing/otel.py", line 178, in sync_wrapper
    return func(*args, **kwargs)
           │     │       └ {'vllm_config': VllmConfig(model_config=ModelConfig(model='/home/sfris1/.cache/huggingface/hub/models--opendatalab--MinerU2.5...
           │     └ ()
           └ <function EngineCoreClient.make_async_mp_client at 0x14a06015d4e0>
  File "/gpfs/home5/sfris1/multimodal-tip-of-tongue-for-scientific-papers/.venv-mineru/lib/python3.11/site-packages/vllm/v1/engine/core_client.py", line 130, in make_async_mp_client
    return AsyncMPClient(*client_args)
           │              └ (VllmConfig(model_config=ModelConfig(model='/home/sfris1/.cache/huggingface/hub/models--opendatalab--MinerU2.5-Pro-2605-1.2B/...
           └ <class 'vllm.v1.engine.core_client.AsyncMPClient'>
  File "/gpfs/home5/sfris1/multimodal-tip-of-tongue-for-scientific-papers/.venv-mineru/lib/python3.11/site-packages/vllm/tracing/otel.py", line 178, in sync_wrapper
    return func(*args, **kwargs)
           │     │       └ {}
           │     └ (<vllm.v1.engine.core_client.AsyncMPClient object at 0x149feb03f2d0>, VllmConfig(model_config=ModelConfig(model='/home/sfris1...
           └ <function AsyncMPClient.__init__ at 0x14a06016d940>
  File "/gpfs/home5/sfris1/multimodal-tip-of-tongue-for-scientific-papers/.venv-mineru/lib/python3.11/site-packages/vllm/v1/engine/core_client.py", line 900, in __init__
    super().__init__(
  File "/gpfs/home5/sfris1/multimodal-tip-of-tongue-for-scientific-papers/.venv-mineru/lib/python3.11/site-packages/vllm/v1/engine/core_client.py", line 535, in __init__
    with launch_core_engines(
         └ <function launch_core_engines at 0x14a060151620>
  File "/home/sfris1/.local/share/uv/python/cpython-3.11.14-linux-x86_64-gnu/lib/python3.11/contextlib.py", line 144, in __exit__
    next(self.gen)
         │    └ <generator object launch_core_engines at 0x14a027926d40>
         └ <contextlib._GeneratorContextManager object at 0x14a004602890>
  File "/gpfs/home5/sfris1/multimodal-tip-of-tongue-for-scientific-papers/.venv-mineru/lib/python3.11/site-packages/vllm/v1/engine/utils.py", line 1128, in launch_core_engines
    wait_for_engine_startup(
    └ <function wait_for_engine_startup at 0x14a0601516c0>
  File "/gpfs/home5/sfris1/multimodal-tip-of-tongue-for-scientific-papers/.venv-mineru/lib/python3.11/site-packages/vllm/v1/engine/utils.py", line 1187, in wait_for_engine_startup
    raise RuntimeError(

RuntimeError: Engine core initialization failed. See root cause above. Failed core proc(s): {}
INFO 09-28 11:41:24 [model.py:568] Resolved architecture: Qwen2VLForConditionalGeneration
INFO 09-28 11:41:24 [model.py:1697] Using max model len 8192
INFO 09-28 11:41:24 [kernel.py:212] Final IR op priority after setting platform defaults: IrOpPriorityConfig(rms_norm=['native'], fused_add_rms_norm=['native'])
INFO:     127.0.0.1:46122 - "POST /tasks HTTP/1.1" 202 Accepted
INFO:     127.0.0.1:46116 - "GET /tasks/0d3d4c9d-6e0c-4360-a78c-6901306262dc HTTP/1.1" 200 OK
2026-09-28 11:41:25.886 | INFO     | mineru.utils.engine_utils:get_vlm_engine:34 - Using vllm-async-engine as the inference engine for VLM.
[1;31m2026-09-28 11:41:26.638543825 [E:onnxruntime:Default, env.cc:298 ThreadMain] pthread_setaffinity_np failed for thread: 2807320, index: 17, mask: {18, }, error code: 22 error msg: Invalid argument. Specify the number of threads explicitly so the affinity is not set.[m
[1;31m2026-09-28 11:41:26.650952846 [E:onnxruntime:Default, env.cc:298 ThreadMain] pthread_setaffinity_np failed for thread: 2807321, index: 18, mask: {19, }, error code: 22 error msg: Invalid argument. Specify the number of threads explicitly so the affinity is not set.[m
[1;31m2026-09-28 11:41:26.650996896 [E:onnxruntime:Default, env.cc:298 ThreadMain] pthread_setaffinity_np failed for thread: 2807322, index: 19, mask: {20, }, error code: 22 error msg: Invalid argument. Specify the number of threads explicitly so the affinity is not set.[m
[1;31m2026-09-28 11:41:26.657771616 [E:onnxruntime:Default, env.cc:298 ThreadMain] pthread_setaffinity_np failed for thread: 2807325, index: 22, mask: {23, }, error code: 22 error msg: Invalid argument. Specify the number of threads explicitly so the affinity is not set.[m
[1;31m2026-09-28 11:41:26.657819308 [E:onnxruntime:Default, env.cc:298 ThreadMain] pthread_setaffinity_np failed for thread: 2807323, index: 20, mask: {21, }, error code: 22 error msg: Invalid argument. Specify the number of threads explicitly so the affinity is not set.[m
[1;31m2026-09-28 11:41:26.650965411 [E:onnxruntime:Default, env.cc:298 ThreadMain] pthread_setaffinity_np failed for thread: 2807331, index: 28, mask: {29, }, error code: 22 error msg: Invalid argument. Specify the number of threads explicitly so the affinity is not set.[m
[1;31m2026-09-28 11:41:26.678756786 [E:onnxruntime:Default, env.cc:298 ThreadMain] pthread_setaffinity_np failed for thread: 2807326, index: 23, mask: {24, }, error code: 22 error msg: Invalid argument. Specify the number of threads explicitly so the affinity is not set.[m
[1;31m2026-09-28 11:41:26.682755074 [E:onnxruntime:Default, env.cc:298 ThreadMain] pthread_setaffinity_np failed for thread: 2807327, index: 24, mask: {25, }, error code: 22 error msg: Invalid argument. Specify the number of threads explicitly so the affinity is not set.[m
[1;31m2026-09-28 11:41:26.683040946 [E:onnxruntime:Default, env.cc:298 ThreadMain] pthread_setaffinity_np failed for thread: 2807363, index: 60, mask: {61, }, error code: 22 error msg: Invalid argument. Specify the number of threads explicitly so the affinity is not set.[m
[1;31m2026-09-28 11:41:26.683765536 [E:onnxruntime:Default, env.cc:298 ThreadMain] pthread_setaffinity_np failed for thread: 2807342, index: 39, mask: {40, }, error code: 22 error msg: Invalid argument. Specify the number of threads explicitly so the affinity is not set.[m
[1;31m2026-09-28 11:41:26.686758147 [E:onnxruntime:Default, env.cc:298 ThreadMain] pthread_setaffinity_np failed for thread: 2807328, index: 25, mask: {26, }, error code: 22 error msg: Invalid argument. Specify the number of threads explicitly so the affinity is not set.[m
[1;31m2026-09-28 11:41:26.688771704 [E:onnxruntime:Default, env.cc:298 ThreadMain] pthread_setaffinity_np failed for thread: 2807346, index: 43, mask: {44, }, error code: 22 error msg: Invalid argument. Specify the number of threads explicitly so the affinity is not set.[m
[1;31m2026-09-28 11:41:26.690751474 [E:onnxruntime:Default, env.cc:298 ThreadMain] pthread_setaffinity_np failed for thread: 2807329, index: 26, mask: {27, }, error code: 22 error msg: Invalid argument. Specify the number of threads explicitly so the affinity is not set.[m
[1;31m2026-09-28 11:41:26.694768939 [E:onnxruntime:Default, env.cc:298 ThreadMain] pthread_setaffinity_np failed for thread: 2807339, index: 36, mask: {37, }, error code: 22 error msg: Invalid argument. Specify the number of threads explicitly so the affinity is not set.[m
[1;31m2026-09-28 11:41:26.694787231 [E:onnxruntime:Default, env.cc:298 ThreadMain] pthread_setaffinity_np failed for thread: 2807336, index: 33, mask: {34, }, error code: 22 error msg: Invalid argument. Specify the number of threads explicitly so the affinity is not set.[m
[1;31m2026-09-28 11:41:26.694812627 [E:onnxruntime:Default, env.cc:298 ThreadMain] pthread_setaffinity_np failed for thread: 2807348, index: 45, mask: {46, }, error code: 22 error msg: Invalid argument. Specify the number of threads explicitly so the affinity is not set.[m
[1;31m2026-09-28 11:41:26.694832731 [E:onnxruntime:Default, env.cc:298 ThreadMain] pthread_setaffinity_np failed for thread: 2807371, index: 68, mask: {69, }, error code: 22 error msg: Invalid argument. Specify the number of threads explicitly so the affinity is not set.[m
[1;31m2026-09-28 11:41:26.694852104 [E:onnxruntime:Default, env.cc:298 ThreadMain] pthread_setaffinity_np failed for thread: 2807353, index: 50, mask: {51, }, error code: 22 error msg: Invalid argument. Specify the number of threads explicitly so the affinity is not set.[m
[1;31m2026-09-28 11:41:26.700745583 [E:onnxruntime:Default, env.cc:298 ThreadMain] pthread_setaffinity_np failed for thread: 2807347, index: 44, mask: {45, }, error code: 22 error msg: Invalid argument. Specify the number of threads explicitly so the affinity is not set.[m
[1;31m2026-09-28 11:41:26.694781056 [E:onnxruntime:Default, env.cc:298 ThreadMain] pthread_setaffinity_np failed for thread: 2807337, index: 34, mask: {35, }, error code: 22 error msg: Invalid argument. Specify the number of threads explicitly so the affinity is not set.[m
[1;31m2026-09-28 11:41:26.694785459 [E:onnxruntime:Default, env.cc:298 ThreadMain] pthread_setaffinity_np failed for thread: 2807341, index: 38, mask: {39, }, error code: 22 error msg: Invalid argument. Specify the number of threads explicitly so the affinity is not set.[m
[1;31m2026-09-28 11:41:26.694790289 [E:onnxruntime:Default, env.cc:298 ThreadMain] pthread_setaffinity_np failed for thread: 2807333, index: 30, mask: {31, }, error code: 22 error msg: Invalid argument. Specify the number of threads explicitly so the affinity is not set.[m
[1;31m2026-09-28 11:41:26.694792396 [E:onnxruntime:Default, env.cc:298 ThreadMain] pthread_setaffinity_np failed for thread: 2807345, index: 42, mask: {43, }, error code: 22 error msg: Invalid argument. Specify the number of threads explicitly so the affinity is not set.[m
[1;31m2026-09-28 11:41:26.694796255 [E:onnxruntime:Default, env.cc:298 ThreadMain] pthread_setaffinity_np failed for thread: 2807340, index: 37, mask: {38, }, error code: 22 error msg: Invalid argument. Specify the number of threads explicitly so the affinity is not set.[m
[1;31m2026-09-28 11:41:26.694802144 [E:onnxruntime:Default, env.cc:298 ThreadMain] pthread_setaffinity_np failed for thread: 2807356, index: 53, mask: {54, }, error code: 22 error msg: Invalid argument. Specify the number of threads explicitly so the affinity is not set.[m
[1;31m2026-09-28 11:41:26.707772172 [E:onnxruntime:Default, env.cc:298 ThreadMain] pthread_setaffinity_np failed for thread: 2807373, index: 70, mask: {71, }, error code: 22 error msg: Invalid argument. Specify the number of threads explicitly so the affinity is not set.[m
[1;31m2026-09-28 11:41:26.712784988 [E:onnxruntime:Default, env.cc:298 ThreadMain] pthread_setaffinity_np failed for thread: 2807365, index: 62, mask: {63, }, error code: 22 error msg: Invalid argument. Specify the number of threads explicitly so the affinity is not set.[m
[1;31m2026-09-28 11:41:26.694798467 [E:onnxruntime:Default, env.cc:298 ThreadMain] pthread_setaffinity_np failed for thread: 2807344, index: 41, mask: {42, }, error code: 22 error msg: Invalid argument. Specify the number of threads explicitly so the affinity is not set.[m
[1;31m2026-09-28 11:41:26.694803771 [E:onnxruntime:Default, env.cc:298 ThreadMain] pthread_setaffinity_np failed for thread: 2807358, index: 55, mask: {56, }, error code: 22 error msg: Invalid argument. Specify the number of threads explicitly so the affinity is not set.[m
[1;31m2026-09-28 11:41:26.716783082 [E:onnxruntime:Default, env.cc:298 ThreadMain] pthread_setaffinity_np failed for thread: 2807354, index: 51, mask: {52, }, error code: 22 error msg: Invalid argument. Specify the number of threads explicitly so the affinity is not set.[m
[1;31m2026-09-28 11:41:26.719742823 [E:onnxruntime:Default, env.cc:298 ThreadMain] pthread_setaffinity_np failed for thread: 2807352, index: 49, mask: {50, }, error code: 22 error msg: Invalid argument. Specify the number of threads explicitly so the affinity is not set.[m
[1;31m2026-09-28 11:41:26.720771522 [E:onnxruntime:Default, env.cc:298 ThreadMain] pthread_setaffinity_np failed for thread: 2807350, index: 47, mask: {48, }, error code: 22 error msg: Invalid argument. Specify the number of threads explicitly so the affinity is not set.[m
[1;31m2026-09-28 11:41:26.694804146 [E:onnxruntime:Default, env.cc:298 ThreadMain] pthread_setaffinity_np failed for thread: 2807357, index: 54, mask: {55, }, error code: 22 error msg: Invalid argument. Specify the number of threads explicitly so the affinity is not set.[m
[1;31m2026-09-28 11:41:26.694772686 [E:onnxruntime:Default, env.cc:298 ThreadMain] pthread_setaffinity_np failed for thread: 2807334, index: 31, mask: {32, }, error code: 22 error msg: Invalid argument. Specify the number of threads explicitly so the affinity is not set.[m
[1;31m2026-09-28 11:41:26.733770737 [E:onnxruntime:Default, env.cc:298 ThreadMain] pthread_setaffinity_np failed for thread: 2807349, index: 46, mask: {47, }, error code: 22 error msg: Invalid argument. Specify the number of threads explicitly so the affinity is not set.[m
[1;31m2026-09-28 11:41:26.733792679 [E:onnxruntime:Default, env.cc:298 ThreadMain] pthread_setaffinity_np failed for thread: 2807351, index: 48, mask: {49, }, error code: 22 error msg: Invalid argument. Specify the number of threads explicitly so the affinity is not set.[m
[1;31m2026-09-28 11:41:26.733821399 [E:onnxruntime:Default, env.cc:298 ThreadMain] pthread_setaffinity_np failed for thread: 2807359, index: 56, mask: {57, }, error code: 22 error msg: Invalid argument. Specify the number of threads explicitly so the affinity is not set.[m
[1;31m2026-09-28 11:41:26.734536727 [E:onnxruntime:Default, env.cc:298 ThreadMain] pthread_setaffinity_np failed for thread: 2807361, index: 58, mask: {59, }, error code: 22 error msg: Invalid argument. Specify the number of threads explicitly so the affinity is not set.[m
[1;31m2026-09-28 11:41:26.734553880 [E:onnxruntime:Default, env.cc:298 ThreadMain] pthread_setaffinity_np failed for thread: 2807360, index: 57, mask: {58, }, error code: 22 error msg: Invalid argument. Specify the number of threads explicitly so the affinity is not set.[m
[1;31m2026-09-28 11:41:26.694805607 [E:onnxruntime:Default, env.cc:298 ThreadMain] pthread_setaffinity_np failed for thread: 2807355, index: 52, mask: {53, }, error code: 22 error msg: Invalid argument. Specify the number of threads explicitly so the affinity is not set.[m
[1;31m2026-09-28 11:41:26.694820026 [E:onnxruntime:Default, env.cc:298 ThreadMain] pthread_setaffinity_np failed for thread: 2807362, index: 59, mask: {60, }, error code: 22 error msg: Invalid argument. Specify the number of threads explicitly so the affinity is not set.[m
[1;31m2026-09-28 11:41:26.738746917 [E:onnxruntime:Default, env.cc:298 ThreadMain] pthread_setaffinity_np failed for thread: 2807330, index: 27, mask: {28, }, error code: 22 error msg: Invalid argument. Specify the number of threads explicitly so the affinity is not set.[m
[1;31m2026-09-28 11:41:26.694821836 [E:onnxruntime:Default, env.cc:298 ThreadMain] pthread_setaffinity_np failed for thread: 2807370, index: 67, mask: {68, }, error code: 22 error msg: Invalid argument. Specify the number of threads explicitly so the affinity is not set.[m
[1;31m2026-09-28 11:41:26.694826650 [E:onnxruntime:Default, env.cc:298 ThreadMain] pthread_setaffinity_np failed for thread: 2807324, index: 21, mask: {22, }, error code: 22 error msg: Invalid argument. Specify the number of threads explicitly so the affinity is not set.[m
[1;31m2026-09-28 11:41:26.694831813 [E:onnxruntime:Default, env.cc:298 ThreadMain] pthread_setaffinity_np failed for thread: 2807364, index: 61, mask: {62, }, error code: 22 error msg: Invalid argument. Specify the number of threads explicitly so the affinity is not set.[m
[1;31m2026-09-28 11:41:26.694800186 [E:onnxruntime:Default, env.cc:298 ThreadMain] pthread_setaffinity_np failed for thread: 2807343, index: 40, mask: {41, }, error code: 22 error msg: Invalid argument. Specify the number of threads explicitly so the affinity is not set.[m
[1;31m2026-09-28 11:41:26.694779002 [E:onnxruntime:Default, env.cc:298 ThreadMain] pthread_setaffinity_np failed for thread: 2807332, index: 29, mask: {30, }, error code: 22 error msg: Invalid argument. Specify the number of threads explicitly so the affinity is not set.[m
[1;31m2026-09-28 11:41:26.694818722 [E:onnxruntime:Default, env.cc:298 ThreadMain] pthread_setaffinity_np failed for thread: 2807368, index: 65, mask: {66, }, error code: 22 error msg: Invalid argument. Specify the number of threads explicitly so the affinity is not set.[m
[1;31m2026-09-28 11:41:26.694776875 [E:onnxruntime:Default, env.cc:298 ThreadMain] pthread_setaffinity_np failed for thread: 2807335, index: 32, mask: {33, }, error code: 22 error msg: Invalid argument. Specify the number of threads explicitly so the affinity is not set.[m
[1;31m2026-09-28 11:41:26.694834217 [E:onnxruntime:Default, env.cc:298 ThreadMain] pthread_setaffinity_np failed for thread: 2807369, index: 66, mask: {67, }, error code: 22 error msg: Invalid argument. Specify the number of threads explicitly so the affinity is not set.[m
[1;31m2026-09-28 11:41:26.716756393 [E:onnxruntime:Default, env.cc:298 ThreadMain] pthread_setaffinity_np failed for thread: 2807366, index: 63, mask: {64, }, error code: 22 error msg: Invalid argument. Specify the number of threads explicitly so the affinity is not set.[m
[1;31m2026-09-28 11:41:26.694773629 [E:onnxruntime:Default, env.cc:298 ThreadMain] pthread_setaffinity_np failed for thread: 2807338, index: 35, mask: {36, }, error code: 22 error msg: Invalid argument. Specify the number of threads explicitly so the affinity is not set.[m
[1;31m2026-09-28 11:41:26.733794687 [E:onnxruntime:Default, env.cc:298 ThreadMain] pthread_setaffinity_np failed for thread: 2807372, index: 69, mask: {70, }, error code: 22 error msg: Invalid argument. Specify the number of threads explicitly so the affinity is not set.[m
[1;31m2026-09-28 11:41:26.694813580 [E:onnxruntime:Default, env.cc:298 ThreadMain] pthread_setaffinity_np failed for thread: 2807367, index: 64, mask: {65, }, error code: 22 error msg: Invalid argument. Specify the number of threads explicitly so the affinity is not set.[m
WARNING 09-28 11:41:32 [config.py:70] Support for Transformers v4 is deprecated. The Transformers v4 codepath will become unmaintained in vLLM v0.22.0 and will be removed in vLLM v0.24.0. Please upgrade to Transformers v5: pip install --upgrade transformers
(EngineCore pid=2807249) INFO 09-28 11:41:33 [core.py:109] Initializing a V1 LLM engine (v0.21.0) with config: model='/home/sfris1/.cache/huggingface/hub/models--opendatalab--MinerU2.5-Pro-2605-1.2B/snapshots/bff20d4ae2bf202df9f45284b4d43681555a97ed', speculative_config=None, tokenizer='/home/sfris1/.cache/huggingface/hub/models--opendatalab--MinerU2.5-Pro-2605-1.2B/snapshots/bff20d4ae2bf202df9f45284b4d43681555a97ed', skip_tokenizer_init=False, tokenizer_mode=auto, revision=None, tokenizer_revision=None, trust_remote_code=False, dtype=torch.bfloat16, max_seq_len=8192, download_dir=None, load_format=auto, tensor_parallel_size=1, pipeline_parallel_size=1, data_parallel_size=1, decode_context_parallel_size=1, dcp_comm_backend=ag_rs, disable_custom_all_reduce=False, quantization=None, quantization_config=None, enforce_eager=False, enable_return_routed_experts=False, kv_cache_dtype=auto, device_config=cuda, structured_outputs_config=StructuredOutputsConfig(backend='auto', disable_any_whitespace=False, disable_additional_properties=False, reasoning_parser='', reasoning_parser_plugin='', enable_in_reasoning=False), observability_config=ObservabilityConfig(show_hidden_metrics_for_version=None, otlp_traces_endpoint=None, collect_detailed_traces=None, kv_cache_metrics=False, kv_cache_metrics_sample=0.01, cudagraph_metrics=False, enable_layerwise_nvtx_tracing=False, enable_mfu_metrics=False, enable_mm_processor_stats=False, enable_logging_iteration_details=False), seed=0, served_model_name=/home/sfris1/.cache/huggingface/hub/models--opendatalab--MinerU2.5-Pro-2605-1.2B/snapshots/bff20d4ae2bf202df9f45284b4d43681555a97ed, enable_prefix_caching=True, enable_chunked_prefill=True, pooler_config=None, compilation_config={'mode': <CompilationMode.VLLM_COMPILE: 3>, 'debug_dump_path': None, 'cache_dir': '', 'compile_cache_save_format': 'binary', 'backend': 'inductor', 'custom_ops': ['none'], 'ir_enable_torch_wrap': True, 'splitting_ops': ['vllm::unified_attention_with_output', 'vllm::unified_mla_attention_with_output', 'vllm::mamba_mixer2', 'vllm::mamba_mixer', 'vllm::short_conv', 'vllm::linear_attention', 'vllm::plamo2_mamba_mixer', 'vllm::gdn_attention_core', 'vllm::gdn_attention_core_xpu', 'vllm::olmo_hybrid_gdn_full_forward', 'vllm::kda_attention', 'vllm::sparse_attn_indexer', 'vllm::rocm_aiter_sparse_attn_indexer', 'vllm::deepseek_v4_attention', 'vllm::unified_kv_cache_update', 'vllm::unified_mla_kv_cache_update'], 'compile_mm_encoder': False, 'cudagraph_mm_encoder': False, 'encoder_cudagraph_token_budgets': [], 'encoder_cudagraph_max_vision_items_per_batch': 0, 'encoder_cudagraph_max_frames_per_batch': None, 'compile_sizes': [], 'compile_ranges_endpoints': [2048], 'inductor_compile_config': {'enable_auto_functionalized_v2': False, 'size_asserts': False, 'alignment_asserts': False, 'scalar_asserts': False, 'combo_kernels': True, 'benchmark_combo_kernel': True}, 'inductor_passes': {}, 'cudagraph_mode': <CUDAGraphMode.FULL_AND_PIECEWISE: (2, 1)>, 'cudagraph_num_of_warmups': 1, 'cudagraph_capture_sizes': [1, 2, 4, 8, 16, 24, 32, 40, 48, 56, 64, 72, 80, 88, 96, 104, 112, 120, 128, 136, 144, 152, 160, 168, 176, 184, 192, 200, 208, 216, 224, 232, 240, 248, 256], 'cudagraph_copy_inputs': False, 'cudagraph_specialize_lora': True, 'use_inductor_graph_partition': False, 'pass_config': {'fuse_norm_quant': False, 'fuse_act_quant': False, 'fuse_attn_quant': False, 'enable_sp': False, 'fuse_gemm_comms': False, 'fuse_allreduce_rms': False, 'fuse_act_padding': False}, 'max_cudagraph_capture_size': 256, 'dynamic_shapes_config': {'type': <DynamicShapesType.BACKED: 'backed'>, 'evaluate_guards': False, 'assume_32_bit_indexing': False}, 'local_cache_dir': None, 'fast_moe_cold_start': False, 'static_all_moe_layers': []}, kernel_config=KernelConfig(ir_op_priority=IrOpPriorityConfig(rms_norm=['native'], fused_add_rms_norm=['native']), enable_flashinfer_autotune=False, moe_backend='auto')
(EngineCore pid=2807249) INFO 09-28 11:41:35 [parallel_state.py:1410] world_size=1 rank=0 local_rank=0 distributed_init_method=tcp://145.136.62.28:57753 backend=nccl
(EngineCore pid=2807249) INFO 09-28 11:41:35 [parallel_state.py:1723] rank 0 in world size 1 is assigned as DP rank 0, PP rank 0, PCP rank 0, TP rank 0, EP rank N/A, EPLB rank N/A
(EngineCore pid=2807249) INFO 09-28 11:41:36 [topk_topp_sampler.py:45] Using FlashInfer for top-p & top-k sampling.
(EngineCore pid=2807249) The image processor of type `Qwen2VLImageProcessor` is now loaded as a fast processor by default, even if the model checkpoint was saved with a slow processor. This is a breaking change and may produce slightly different outputs. To continue using the slow processor, instantiate this class with `use_fast=False`. Note that this behavior will be extended to all models in a future release.
(EngineCore pid=2807249) INFO 09-28 11:41:39 [gpu_model_runner.py:4857] Starting to load model /home/sfris1/.cache/huggingface/hub/models--opendatalab--MinerU2.5-Pro-2605-1.2B/snapshots/bff20d4ae2bf202df9f45284b4d43681555a97ed...
(EngineCore pid=2807249) INFO 09-28 11:41:39 [cuda.py:427] Using backend AttentionBackendEnum.FLASH_ATTN for vit attention
(EngineCore pid=2807249) INFO 09-28 11:41:39 [mm_encoder_attention.py:372] Using AttentionBackendEnum.FLASH_ATTN for MMEncoderAttention.
(EngineCore pid=2807249) INFO 09-28 11:41:40 [vllm.py:886] Asynchronous scheduling is enabled.
(EngineCore pid=2807249) INFO 09-28 11:41:40 [kernel.py:212] Final IR op priority after setting platform defaults: IrOpPriorityConfig(rms_norm=['native'], fused_add_rms_norm=['native'])
(EngineCore pid=2807249) INFO 09-28 11:41:40 [cuda.py:372] Using FLASH_ATTN attention backend out of potential backends: ['FLASH_ATTN', 'FLASHINFER', 'TRITON_ATTN', 'FLEX_ATTENTION'].
(EngineCore pid=2807249) INFO 09-28 11:41:40 [flash_attn.py:641] Using FlashAttention version 2
(EngineCore pid=2807249) INFO 09-28 11:41:40 [weight_utils.py:938] Filesystem type for checkpoints: GPFS. Checkpoint size: 2.15 GiB. Available RAM: 439.52 GiB.
(EngineCore pid=2807249) INFO 09-28 11:41:40 [weight_utils.py:961] Auto-prefetch is disabled because the filesystem (GPFS) is not a recognized network FS (NFS/Lustre). If you want to force prefetching, start vLLM with --safetensors-load-strategy=prefetch.
(EngineCore pid=2807249) Loading safetensors checkpoint shards:   0% Completed | 0/1 [00:00<?, ?it/s]
(EngineCore pid=2807249) Loading safetensors checkpoint shards: 100% Completed | 1/1 [00:01<00:00,  1.20s/it]
(EngineCore pid=2807249) Loading safetensors checkpoint shards: 100% Completed | 1/1 [00:01<00:00,  1.20s/it]
(EngineCore pid=2807249) 
(EngineCore pid=2807249) INFO 09-28 11:41:41 [default_loader.py:397] Loading weights took 1.25 seconds
(EngineCore pid=2807249) INFO 09-28 11:41:42 [gpu_model_runner.py:4959] Model loading took 2.16 GiB memory and 1.643495 seconds
(EngineCore pid=2807249) INFO 09-28 11:41:42 [gpu_model_runner.py:5920] Encoder cache will be initialized with a budget of 8192 tokens, and profiled with 1 video items of the maximum feature size.
(EngineCore pid=2807249) INFO 09-28 11:41:46 [backends.py:1089] Using cache directory: /home/sfris1/.cache/vllm/torch_compile_cache/557eaef9a3/rank_0_0/backbone for vLLM's torch.compile
(EngineCore pid=2807249) INFO 09-28 11:41:46 [backends.py:1148] Dynamo bytecode transform time: 2.41 s
(EngineCore pid=2807249) INFO 09-28 11:41:47 [backends.py:292] Directly load the compiled graph(s) for compile range (1, 2048) from the cache, took 1.208 s
(EngineCore pid=2807249) INFO 09-28 11:41:47 [decorators.py:311] Directly load AOT compilation from path /home/sfris1/.cache/vllm/torch_compile_cache/torch_aot_compile/9fc9def3a1736e8298ba738d46590ca1ad781b4ad811c4a7c19562d6033c953c/rank_0_0/model
(EngineCore pid=2807249) INFO 09-28 11:41:47 [monitor.py:53] torch.compile took 3.88 s in total
(EngineCore pid=2807249) INFO 09-28 11:41:47 [monitor.py:81] Initial profiling/warmup run took 0.01 s
(EngineCore pid=2807249) ERROR 09-28 11:41:47 [core.py:1140] EngineCore failed to start.
(EngineCore pid=2807249) ERROR 09-28 11:41:47 [core.py:1140] Traceback (most recent call last):
(EngineCore pid=2807249) ERROR 09-28 11:41:47 [core.py:1140]   File "/gpfs/home5/sfris1/multimodal-tip-of-tongue-for-scientific-papers/.venv-mineru/lib/python3.11/site-packages/vllm/v1/engine/core.py", line 1114, in run_engine_core
(EngineCore pid=2807249) ERROR 09-28 11:41:47 [core.py:1140]     engine_core = EngineCoreProc(*args, engine_index=dp_rank, **kwargs)
(EngineCore pid=2807249) ERROR 09-28 11:41:47 [core.py:1140]                   ^^^^^^^^^^^^^^^^^^^^^^^^^^^^^^^^^^^^^^^^^^^^^^^^^^^^^
(EngineCore pid=2807249) ERROR 09-28 11:41:47 [core.py:1140]   File "/gpfs/home5/sfris1/multimodal-tip-of-tongue-for-scientific-papers/.venv-mineru/lib/python3.11/site-packages/vllm/tracing/otel.py", line 178, in sync_wrapper
(EngineCore pid=2807249) ERROR 09-28 11:41:47 [core.py:1140]     return func(*args, **kwargs)
(EngineCore pid=2807249) ERROR 09-28 11:41:47 [core.py:1140]            ^^^^^^^^^^^^^^^^^^^^^
(EngineCore pid=2807249) ERROR 09-28 11:41:47 [core.py:1140]   File "/gpfs/home5/sfris1/multimodal-tip-of-tongue-for-scientific-papers/.venv-mineru/lib/python3.11/site-packages/vllm/v1/engine/core.py", line 880, in __init__
(EngineCore pid=2807249) ERROR 09-28 11:41:47 [core.py:1140]     super().__init__(
(EngineCore pid=2807249) ERROR 09-28 11:41:47 [core.py:1140]   File "/gpfs/home5/sfris1/multimodal-tip-of-tongue-for-scientific-papers/.venv-mineru/lib/python3.11/site-packages/vllm/v1/engine/core.py", line 128, in __init__
(EngineCore pid=2807249) ERROR 09-28 11:41:47 [core.py:1140]     kv_cache_config = self._initialize_kv_caches(vllm_config)
(EngineCore pid=2807249) ERROR 09-28 11:41:47 [core.py:1140]                       ^^^^^^^^^^^^^^^^^^^^^^^^^^^^^^^^^^^^^^^
(EngineCore pid=2807249) ERROR 09-28 11:41:47 [core.py:1140]   File "/gpfs/home5/sfris1/multimodal-tip-of-tongue-for-scientific-papers/.venv-mineru/lib/python3.11/site-packages/vllm/tracing/otel.py", line 178, in sync_wrapper
(EngineCore pid=2807249) ERROR 09-28 11:41:47 [core.py:1140]     return func(*args, **kwargs)
(EngineCore pid=2807249) ERROR 09-28 11:41:47 [core.py:1140]            ^^^^^^^^^^^^^^^^^^^^^
(EngineCore pid=2807249) ERROR 09-28 11:41:47 [core.py:1140]   File "/gpfs/home5/sfris1/multimodal-tip-of-tongue-for-scientific-papers/.venv-mineru/lib/python3.11/site-packages/vllm/v1/engine/core.py", line 250, in _initialize_kv_caches
(EngineCore pid=2807249) ERROR 09-28 11:41:47 [core.py:1140]     available_gpu_memory = self.model_executor.determine_available_memory()
(EngineCore pid=2807249) ERROR 09-28 11:41:47 [core.py:1140]                            ^^^^^^^^^^^^^^^^^^^^^^^^^^^^^^^^^^^^^^^^^^^^^^^^
(EngineCore pid=2807249) ERROR 09-28 11:41:47 [core.py:1140]   File "/gpfs/home5/sfris1/multimodal-tip-of-tongue-for-scientific-papers/.venv-mineru/lib/python3.11/site-packages/vllm/v1/executor/abstract.py", line 147, in determine_available_memory
(EngineCore pid=2807249) ERROR 09-28 11:41:47 [core.py:1140]     return self.collective_rpc("determine_available_memory")
(EngineCore pid=2807249) ERROR 09-28 11:41:47 [core.py:1140]            ^^^^^^^^^^^^^^^^^^^^^^^^^^^^^^^^^^^^^^^^^^^^^^^^^
(EngineCore pid=2807249) ERROR 09-28 11:41:47 [core.py:1140]   File "/gpfs/home5/sfris1/multimodal-tip-of-tongue-for-scientific-papers/.venv-mineru/lib/python3.11/site-packages/vllm/v1/executor/uniproc_executor.py", line 93, in collective_rpc
(EngineCore pid=2807249) ERROR 09-28 11:41:47 [core.py:1140]     result = run_method(self.driver_worker, method, args, kwargs)
(EngineCore pid=2807249) ERROR 09-28 11:41:47 [core.py:1140]              ^^^^^^^^^^^^^^^^^^^^^^^^^^^^^^^^^^^^^^^^^^^^^^^^^^^^
(EngineCore pid=2807249) ERROR 09-28 11:41:47 [core.py:1140]   File "/gpfs/home5/sfris1/multimodal-tip-of-tongue-for-scientific-papers/.venv-mineru/lib/python3.11/site-packages/vllm/v1/serial_utils.py", line 510, in run_method
(EngineCore pid=2807249) ERROR 09-28 11:41:47 [core.py:1140]     return func(*args, **kwargs)
(EngineCore pid=2807249) ERROR 09-28 11:41:47 [core.py:1140]            ^^^^^^^^^^^^^^^^^^^^^
(EngineCore pid=2807249) ERROR 09-28 11:41:47 [core.py:1140]   File "/gpfs/home5/sfris1/multimodal-tip-of-tongue-for-scientific-papers/.venv-mineru/lib/python3.11/site-packages/torch/utils/_contextlib.py", line 124, in decorate_context
(EngineCore pid=2807249) ERROR 09-28 11:41:47 [core.py:1140]     return func(*args, **kwargs)
(EngineCore pid=2807249) ERROR 09-28 11:41:47 [core.py:1140]            ^^^^^^^^^^^^^^^^^^^^^
(EngineCore pid=2807249) ERROR 09-28 11:41:47 [core.py:1140]   File "/gpfs/home5/sfris1/multimodal-tip-of-tongue-for-scientific-papers/.venv-mineru/lib/python3.11/site-packages/vllm/v1/worker/gpu_worker.py", line 392, in determine_available_memory
(EngineCore pid=2807249) ERROR 09-28 11:41:47 [core.py:1140]     self.model_runner.profile_run()
(EngineCore pid=2807249) ERROR 09-28 11:41:47 [core.py:1140]   File "/gpfs/home5/sfris1/multimodal-tip-of-tongue-for-scientific-papers/.venv-mineru/lib/python3.11/site-packages/vllm/v1/worker/gpu_model_runner.py", line 5955, in profile_run
(EngineCore pid=2807249) ERROR 09-28 11:41:47 [core.py:1140]     output = self._dummy_sampler_run(last_hidden_states)
(EngineCore pid=2807249) ERROR 09-28 11:41:47 [core.py:1140]              ^^^^^^^^^^^^^^^^^^^^^^^^^^^^^^^^^^^^^^^^^^^
(EngineCore pid=2807249) ERROR 09-28 11:41:47 [core.py:1140]   File "/gpfs/home5/sfris1/multimodal-tip-of-tongue-for-scientific-papers/.venv-mineru/lib/python3.11/site-packages/torch/utils/_contextlib.py", line 124, in decorate_context
(EngineCore pid=2807249) ERROR 09-28 11:41:47 [core.py:1140]     return func(*args, **kwargs)
(EngineCore pid=2807249) ERROR 09-28 11:41:47 [core.py:1140]            ^^^^^^^^^^^^^^^^^^^^^
(EngineCore pid=2807249) ERROR 09-28 11:41:47 [core.py:1140]   File "/gpfs/home5/sfris1/multimodal-tip-of-tongue-for-scientific-papers/.venv-mineru/lib/python3.11/site-packages/vllm/v1/worker/gpu_model_runner.py", line 5775, in _dummy_sampler_run
(EngineCore pid=2807249) ERROR 09-28 11:41:47 [core.py:1140]     raise e
(EngineCore pid=2807249) ERROR 09-28 11:41:47 [core.py:1140]   File "/gpfs/home5/sfris1/multimodal-tip-of-tongue-for-scientific-papers/.venv-mineru/lib/python3.11/site-packages/vllm/v1/worker/gpu_model_runner.py", line 5743, in _dummy_sampler_run
(EngineCore pid=2807249) ERROR 09-28 11:41:47 [core.py:1140]     sampler_output = self.sampler(
(EngineCore pid=2807249) ERROR 09-28 11:41:47 [core.py:1140]                      ^^^^^^^^^^^^^
(EngineCore pid=2807249) ERROR 09-28 11:41:47 [core.py:1140]   File "/gpfs/home5/sfris1/multimodal-tip-of-tongue-for-scientific-papers/.venv-mineru/lib/python3.11/site-packages/torch/nn/modules/module.py", line 1779, in _wrapped_call_impl
(EngineCore pid=2807249) ERROR 09-28 11:41:47 [core.py:1140]     return self._call_impl(*args, **kwargs)
(EngineCore pid=2807249) ERROR 09-28 11:41:47 [core.py:1140]            ^^^^^^^^^^^^^^^^^^^^^^^^^^^^^^^^
(EngineCore pid=2807249) ERROR 09-28 11:41:47 [core.py:1140]   File "/gpfs/home5/sfris1/multimodal-tip-of-tongue-for-scientific-papers/.venv-mineru/lib/python3.11/site-packages/torch/nn/modules/module.py", line 1790, in _call_impl
(EngineCore pid=2807249) ERROR 09-28 11:41:47 [core.py:1140]     return forward_call(*args, **kwargs)
(EngineCore pid=2807249) ERROR 09-28 11:41:47 [core.py:1140]            ^^^^^^^^^^^^^^^^^^^^^^^^^^^^^
(EngineCore pid=2807249) ERROR 09-28 11:41:47 [core.py:1140]   File "/gpfs/home5/sfris1/multimodal-tip-of-tongue-for-scientific-papers/.venv-mineru/lib/python3.11/site-packages/vllm/v1/sample/sampler.py", line 97, in forward
(EngineCore pid=2807249) ERROR 09-28 11:41:47 [core.py:1140]     sampled, processed_logprobs = self.sample(logits, sampling_metadata)
(EngineCore pid=2807249) ERROR 09-28 11:41:47 [core.py:1140]                                   ^^^^^^^^^^^^^^^^^^^^^^^^^^^^^^^^^^^^^^
(EngineCore pid=2807249) ERROR 09-28 11:41:47 [core.py:1140]   File "/gpfs/home5/sfris1/multimodal-tip-of-tongue-for-scientific-papers/.venv-mineru/lib/python3.11/site-packages/vllm/v1/sample/sampler.py", line 272, in sample
(EngineCore pid=2807249) ERROR 09-28 11:41:47 [core.py:1140]     random_sampled, processed_logprobs = self.topk_topp_sampler(
(EngineCore pid=2807249) ERROR 09-28 11:41:47 [core.py:1140]                                          ^^^^^^^^^^^^^^^^^^^^^^^
(EngineCore pid=2807249) ERROR 09-28 11:41:47 [core.py:1140]   File "/gpfs/home5/sfris1/multimodal-tip-of-tongue-for-scientific-papers/.venv-mineru/lib/python3.11/site-packages/torch/nn/modules/module.py", line 1779, in _wrapped_call_impl
(EngineCore pid=2807249) ERROR 09-28 11:41:47 [core.py:1140]     return self._call_impl(*args, **kwargs)
(EngineCore pid=2807249) ERROR 09-28 11:41:47 [core.py:1140]            ^^^^^^^^^^^^^^^^^^^^^^^^^^^^^^^^
(EngineCore pid=2807249) ERROR 09-28 11:41:47 [core.py:1140]   File "/gpfs/home5/sfris1/multimodal-tip-of-tongue-for-scientific-papers/.venv-mineru/lib/python3.11/site-packages/torch/nn/modules/module.py", line 1790, in _call_impl
(EngineCore pid=2807249) ERROR 09-28 11:41:47 [core.py:1140]     return forward_call(*args, **kwargs)
(EngineCore pid=2807249) ERROR 09-28 11:41:47 [core.py:1140]            ^^^^^^^^^^^^^^^^^^^^^^^^^^^^^
(EngineCore pid=2807249) ERROR 09-28 11:41:47 [core.py:1140]   File "/gpfs/home5/sfris1/multimodal-tip-of-tongue-for-scientific-papers/.venv-mineru/lib/python3.11/site-packages/vllm/v1/sample/ops/topk_topp_sampler.py", line 157, in forward_cuda
(EngineCore pid=2807249) ERROR 09-28 11:41:47 [core.py:1140]     return flashinfer_sample(logits.contiguous(), k, p, generators), None
(EngineCore pid=2807249) ERROR 09-28 11:41:47 [core.py:1140]            ^^^^^^^^^^^^^^^^^^^^^^^^^^^^^^^^^^^^^^^^^^^^^^^^^^^^^^^^
(EngineCore pid=2807249) ERROR 09-28 11:41:47 [core.py:1140]   File "/gpfs/home5/sfris1/multimodal-tip-of-tongue-for-scientific-papers/.venv-mineru/lib/python3.11/site-packages/vllm/v1/sample/ops/topk_topp_sampler.py", line 447, in flashinfer_sample
(EngineCore pid=2807249) ERROR 09-28 11:41:47 [core.py:1140]     next_token_ids = flashinfer.sampling.top_k_top_p_sampling_from_logits(
(EngineCore pid=2807249) ERROR 09-28 11:41:47 [core.py:1140]                      ^^^^^^^^^^^^^^^^^^^^^^^^^^^^^^^^^^^^^^^^^^^^^^^^^^^^^
(EngineCore pid=2807249) ERROR 09-28 11:41:47 [core.py:1140]   File "/gpfs/home5/sfris1/multimodal-tip-of-tongue-for-scientific-papers/.venv-mineru/lib/python3.11/site-packages/flashinfer/sampling.py", line 1400, in top_k_top_p_sampling_from_logits
(EngineCore pid=2807249) ERROR 09-28 11:41:47 [core.py:1140]     masked_logits = top_k_mask_logits(logits, top_k)
(EngineCore pid=2807249) ERROR 09-28 11:41:47 [core.py:1140]                     ^^^^^^^^^^^^^^^^^^^^^^^^^^^^^^^^
(EngineCore pid=2807249) ERROR 09-28 11:41:47 [core.py:1140]   File "/gpfs/home5/sfris1/multimodal-tip-of-tongue-for-scientific-papers/.venv-mineru/lib/python3.11/site-packages/flashinfer/sampling.py", line 1806, in top_k_mask_logits
(EngineCore pid=2807249) ERROR 09-28 11:41:47 [core.py:1140]     return get_sampling_module().top_k_mask_logits(
(EngineCore pid=2807249) ERROR 09-28 11:41:47 [core.py:1140]            ^^^^^^^^^^^^^^^^^^^^^
(EngineCore pid=2807249) ERROR 09-28 11:41:47 [core.py:1140]   File "/gpfs/home5/sfris1/multimodal-tip-of-tongue-for-scientific-papers/.venv-mineru/lib/python3.11/site-packages/flashinfer/sampling.py", line 54, in get_sampling_module
(EngineCore pid=2807249) ERROR 09-28 11:41:47 [core.py:1140]     module = gen_sampling_module().build_and_load()
(EngineCore pid=2807249) ERROR 09-28 11:41:47 [core.py:1140]              ^^^^^^^^^^^^^^^^^^^^^^^^^^^^^^^^^^^^^^
(EngineCore pid=2807249) ERROR 09-28 11:41:47 [core.py:1140]   File "/gpfs/home5/sfris1/multimodal-tip-of-tongue-for-scientific-papers/.venv-mineru/lib/python3.11/site-packages/flashinfer/jit/core.py", line 318, in build_and_load
(EngineCore pid=2807249) ERROR 09-28 11:41:47 [core.py:1140]     self.build(verbose, need_lock=False)
(EngineCore pid=2807249) ERROR 09-28 11:41:47 [core.py:1140]   File "/gpfs/home5/sfris1/multimodal-tip-of-tongue-for-scientific-papers/.venv-mineru/lib/python3.11/site-packages/flashinfer/jit/core.py", line 303, in build
(EngineCore pid=2807249) ERROR 09-28 11:41:47 [core.py:1140]     self.write_ninja()
(EngineCore pid=2807249) ERROR 09-28 11:41:47 [core.py:1140]   File "/gpfs/home5/sfris1/multimodal-tip-of-tongue-for-scientific-papers/.venv-mineru/lib/python3.11/site-packages/flashinfer/jit/core.py", line 274, in write_ninja
(EngineCore pid=2807249) ERROR 09-28 11:41:47 [core.py:1140]     content = generate_ninja_build_for_op(
(EngineCore pid=2807249) ERROR 09-28 11:41:47 [core.py:1140]               ^^^^^^^^^^^^^^^^^^^^^^^^^^^^
(EngineCore pid=2807249) ERROR 09-28 11:41:47 [core.py:1140]   File "/gpfs/home5/sfris1/multimodal-tip-of-tongue-for-scientific-papers/.venv-mineru/lib/python3.11/site-packages/flashinfer/jit/cpp_ext.py", line 216, in generate_ninja_build_for_op
(EngineCore pid=2807249) ERROR 09-28 11:41:47 [core.py:1140]     cuda_home = get_cuda_path()
(EngineCore pid=2807249) ERROR 09-28 11:41:47 [core.py:1140]                 ^^^^^^^^^^^^^^^
(EngineCore pid=2807249) ERROR 09-28 11:41:47 [core.py:1140]   File "/gpfs/home5/sfris1/multimodal-tip-of-tongue-for-scientific-papers/.venv-mineru/lib/python3.11/site-packages/flashinfer/jit/cpp_ext.py", line 61, in get_cuda_path
(EngineCore pid=2807249) ERROR 09-28 11:41:47 [core.py:1140]     raise RuntimeError(
(EngineCore pid=2807249) ERROR 09-28 11:41:47 [core.py:1140] RuntimeError: Could not find nvcc and default cuda_home='/usr/local/cuda' doesn't exist
(EngineCore pid=2807249) Process EngineCore:
(EngineCore pid=2807249) Traceback (most recent call last):
(EngineCore pid=2807249)   File "/home/sfris1/.local/share/uv/python/cpython-3.11.14-linux-x86_64-gnu/lib/python3.11/multiprocessing/process.py", line 314, in _bootstrap
(EngineCore pid=2807249)     self.run()
(EngineCore pid=2807249)   File "/home/sfris1/.local/share/uv/python/cpython-3.11.14-linux-x86_64-gnu/lib/python3.11/multiprocessing/process.py", line 108, in run
(EngineCore pid=2807249)     self._target(*self._args, **self._kwargs)
(EngineCore pid=2807249)   File "/gpfs/home5/sfris1/multimodal-tip-of-tongue-for-scientific-papers/.venv-mineru/lib/python3.11/site-packages/vllm/v1/engine/core.py", line 1144, in run_engine_core
(EngineCore pid=2807249)     raise e
(EngineCore pid=2807249)   File "/gpfs/home5/sfris1/multimodal-tip-of-tongue-for-scientific-papers/.venv-mineru/lib/python3.11/site-packages/vllm/v1/engine/core.py", line 1114, in run_engine_core
(EngineCore pid=2807249)     engine_core = EngineCoreProc(*args, engine_index=dp_rank, **kwargs)
(EngineCore pid=2807249)                   ^^^^^^^^^^^^^^^^^^^^^^^^^^^^^^^^^^^^^^^^^^^^^^^^^^^^^
(EngineCore pid=2807249)   File "/gpfs/home5/sfris1/multimodal-tip-of-tongue-for-scientific-papers/.venv-mineru/lib/python3.11/site-packages/vllm/tracing/otel.py", line 178, in sync_wrapper
(EngineCore pid=2807249)     return func(*args, **kwargs)
(EngineCore pid=2807249)            ^^^^^^^^^^^^^^^^^^^^^
(EngineCore pid=2807249)   File "/gpfs/home5/sfris1/multimodal-tip-of-tongue-for-scientific-papers/.venv-mineru/lib/python3.11/site-packages/vllm/v1/engine/core.py", line 880, in __init__
(EngineCore pid=2807249)     super().__init__(
(EngineCore pid=2807249)   File "/gpfs/home5/sfris1/multimodal-tip-of-tongue-for-scientific-papers/.venv-mineru/lib/python3.11/site-packages/vllm/v1/engine/core.py", line 128, in __init__
(EngineCore pid=2807249)     kv_cache_config = self._initialize_kv_caches(vllm_config)
(EngineCore pid=2807249)                       ^^^^^^^^^^^^^^^^^^^^^^^^^^^^^^^^^^^^^^^
(EngineCore pid=2807249)   File "/gpfs/home5/sfris1/multimodal-tip-of-tongue-for-scientific-papers/.venv-mineru/lib/python3.11/site-packages/vllm/tracing/otel.py", line 178, in sync_wrapper
(EngineCore pid=2807249)     return func(*args, **kwargs)
(EngineCore pid=2807249)            ^^^^^^^^^^^^^^^^^^^^^
(EngineCore pid=2807249)   File "/gpfs/home5/sfris1/multimodal-tip-of-tongue-for-scientific-papers/.venv-mineru/lib/python3.11/site-packages/vllm/v1/engine/core.py", line 250, in _initialize_kv_caches
(EngineCore pid=2807249)     available_gpu_memory = self.model_executor.determine_available_memory()
(EngineCore pid=2807249)                            ^^^^^^^^^^^^^^^^^^^^^^^^^^^^^^^^^^^^^^^^^^^^^^^^
(EngineCore pid=2807249)   File "/gpfs/home5/sfris1/multimodal-tip-of-tongue-for-scientific-papers/.venv-mineru/lib/python3.11/site-packages/vllm/v1/executor/abstract.py", line 147, in determine_available_memory
(EngineCore pid=2807249)     return self.collective_rpc("determine_available_memory")
(EngineCore pid=2807249)            ^^^^^^^^^^^^^^^^^^^^^^^^^^^^^^^^^^^^^^^^^^^^^^^^^
(EngineCore pid=2807249)   File "/gpfs/home5/sfris1/multimodal-tip-of-tongue-for-scientific-papers/.venv-mineru/lib/python3.11/site-packages/vllm/v1/executor/uniproc_executor.py", line 93, in collective_rpc
(EngineCore pid=2807249)     result = run_method(self.driver_worker, method, args, kwargs)
(EngineCore pid=2807249)              ^^^^^^^^^^^^^^^^^^^^^^^^^^^^^^^^^^^^^^^^^^^^^^^^^^^^
(EngineCore pid=2807249)   File "/gpfs/home5/sfris1/multimodal-tip-of-tongue-for-scientific-papers/.venv-mineru/lib/python3.11/site-packages/vllm/v1/serial_utils.py", line 510, in run_method
(EngineCore pid=2807249)     return func(*args, **kwargs)
(EngineCore pid=2807249)            ^^^^^^^^^^^^^^^^^^^^^
(EngineCore pid=2807249)   File "/gpfs/home5/sfris1/multimodal-tip-of-tongue-for-scientific-papers/.venv-mineru/lib/python3.11/site-packages/torch/utils/_contextlib.py", line 124, in decorate_context
(EngineCore pid=2807249)     return func(*args, **kwargs)
(EngineCore pid=2807249)            ^^^^^^^^^^^^^^^^^^^^^
(EngineCore pid=2807249)   File "/gpfs/home5/sfris1/multimodal-tip-of-tongue-for-scientific-papers/.venv-mineru/lib/python3.11/site-packages/vllm/v1/worker/gpu_worker.py", line 392, in determine_available_memory
(EngineCore pid=2807249)     self.model_runner.profile_run()
(EngineCore pid=2807249)   File "/gpfs/home5/sfris1/multimodal-tip-of-tongue-for-scientific-papers/.venv-mineru/lib/python3.11/site-packages/vllm/v1/worker/gpu_model_runner.py", line 5955, in profile_run
(EngineCore pid=2807249)     output = self._dummy_sampler_run(last_hidden_states)
(EngineCore pid=2807249)              ^^^^^^^^^^^^^^^^^^^^^^^^^^^^^^^^^^^^^^^^^^^
(EngineCore pid=2807249)   File "/gpfs/home5/sfris1/multimodal-tip-of-tongue-for-scientific-papers/.venv-mineru/lib/python3.11/site-packages/torch/utils/_contextlib.py", line 124, in decorate_context
(EngineCore pid=2807249)     return func(*args, **kwargs)
(EngineCore pid=2807249)            ^^^^^^^^^^^^^^^^^^^^^
(EngineCore pid=2807249)   File "/gpfs/home5/sfris1/multimodal-tip-of-tongue-for-scientific-papers/.venv-mineru/lib/python3.11/site-packages/vllm/v1/worker/gpu_model_runner.py", line 5775, in _dummy_sampler_run
(EngineCore pid=2807249)     raise e
(EngineCore pid=2807249)   File "/gpfs/home5/sfris1/multimodal-tip-of-tongue-for-scientific-papers/.venv-mineru/lib/python3.11/site-packages/vllm/v1/worker/gpu_model_runner.py", line 5743, in _dummy_sampler_run
(EngineCore pid=2807249)     sampler_output = self.sampler(
(EngineCore pid=2807249)                      ^^^^^^^^^^^^^
(EngineCore pid=2807249)   File "/gpfs/home5/sfris1/multimodal-tip-of-tongue-for-scientific-papers/.venv-mineru/lib/python3.11/site-packages/torch/nn/modules/module.py", line 1779, in _wrapped_call_impl
(EngineCore pid=2807249)     return self._call_impl(*args, **kwargs)
(EngineCore pid=2807249)            ^^^^^^^^^^^^^^^^^^^^^^^^^^^^^^^^
(EngineCore pid=2807249)   File "/gpfs/home5/sfris1/multimodal-tip-of-tongue-for-scientific-papers/.venv-mineru/lib/python3.11/site-packages/torch/nn/modules/module.py", line 1790, in _call_impl
(EngineCore pid=2807249)     return forward_call(*args, **kwargs)
(EngineCore pid=2807249)            ^^^^^^^^^^^^^^^^^^^^^^^^^^^^^
(EngineCore pid=2807249)   File "/gpfs/home5/sfris1/multimodal-tip-of-tongue-for-scientific-papers/.venv-mineru/lib/python3.11/site-packages/vllm/v1/sample/sampler.py", line 97, in forward
(EngineCore pid=2807249)     sampled, processed_logprobs = self.sample(logits, sampling_metadata)
(EngineCore pid=2807249)                                   ^^^^^^^^^^^^^^^^^^^^^^^^^^^^^^^^^^^^^^
(EngineCore pid=2807249)   File "/gpfs/home5/sfris1/multimodal-tip-of-tongue-for-scientific-papers/.venv-mineru/lib/python3.11/site-packages/vllm/v1/sample/sampler.py", line 272, in sample
(EngineCore pid=2807249)     random_sampled, processed_logprobs = self.topk_topp_sampler(
(EngineCore pid=2807249)                                          ^^^^^^^^^^^^^^^^^^^^^^^
(EngineCore pid=2807249)   File "/gpfs/home5/sfris1/multimodal-tip-of-tongue-for-scientific-papers/.venv-mineru/lib/python3.11/site-packages/torch/nn/modules/module.py", line 1779, in _wrapped_call_impl
(EngineCore pid=2807249)     return self._call_impl(*args, **kwargs)
(EngineCore pid=2807249)            ^^^^^^^^^^^^^^^^^^^^^^^^^^^^^^^^
(EngineCore pid=2807249)   File "/gpfs/home5/sfris1/multimodal-tip-of-tongue-for-scientific-papers/.venv-mineru/lib/python3.11/site-packages/torch/nn/modules/module.py", line 1790, in _call_impl
(EngineCore pid=2807249)     return forward_call(*args, **kwargs)
(EngineCore pid=2807249)            ^^^^^^^^^^^^^^^^^^^^^^^^^^^^^
(EngineCore pid=2807249)   File "/gpfs/home5/sfris1/multimodal-tip-of-tongue-for-scientific-papers/.venv-mineru/lib/python3.11/site-packages/vllm/v1/sample/ops/topk_topp_sampler.py", line 157, in forward_cuda
(EngineCore pid=2807249)     return flashinfer_sample(logits.contiguous(), k, p, generators), None
(EngineCore pid=2807249)            ^^^^^^^^^^^^^^^^^^^^^^^^^^^^^^^^^^^^^^^^^^^^^^^^^^^^^^^^
(EngineCore pid=2807249)   File "/gpfs/home5/sfris1/multimodal-tip-of-tongue-for-scientific-papers/.venv-mineru/lib/python3.11/site-packages/vllm/v1/sample/ops/topk_topp_sampler.py", line 447, in flashinfer_sample
(EngineCore pid=2807249)     next_token_ids = flashinfer.sampling.top_k_top_p_sampling_from_logits(
(EngineCore pid=2807249)                      ^^^^^^^^^^^^^^^^^^^^^^^^^^^^^^^^^^^^^^^^^^^^^^^^^^^^^
(EngineCore pid=2807249)   File "/gpfs/home5/sfris1/multimodal-tip-of-tongue-for-scientific-papers/.venv-mineru/lib/python3.11/site-packages/flashinfer/sampling.py", line 1400, in top_k_top_p_sampling_from_logits
(EngineCore pid=2807249)     masked_logits = top_k_mask_logits(logits, top_k)
(EngineCore pid=2807249)                     ^^^^^^^^^^^^^^^^^^^^^^^^^^^^^^^^
(EngineCore pid=2807249)   File "/gpfs/home5/sfris1/multimodal-tip-of-tongue-for-scientific-papers/.venv-mineru/lib/python3.11/site-packages/flashinfer/sampling.py", line 1806, in top_k_mask_logits
(EngineCore pid=2807249)     return get_sampling_module().top_k_mask_logits(
(EngineCore pid=2807249)            ^^^^^^^^^^^^^^^^^^^^^
(EngineCore pid=2807249)   File "/gpfs/home5/sfris1/multimodal-tip-of-tongue-for-scientific-papers/.venv-mineru/lib/python3.11/site-packages/flashinfer/sampling.py", line 54, in get_sampling_module
(EngineCore pid=2807249)     module = gen_sampling_module().build_and_load()
(EngineCore pid=2807249)              ^^^^^^^^^^^^^^^^^^^^^^^^^^^^^^^^^^^^^^
(EngineCore pid=2807249)   File "/gpfs/home5/sfris1/multimodal-tip-of-tongue-for-scientific-papers/.venv-mineru/lib/python3.11/site-packages/flashinfer/jit/core.py", line 318, in build_and_load
(EngineCore pid=2807249)     self.build(verbose, need_lock=False)
(EngineCore pid=2807249)   File "/gpfs/home5/sfris1/multimodal-tip-of-tongue-for-scientific-papers/.venv-mineru/lib/python3.11/site-packages/flashinfer/jit/core.py", line 303, in build
(EngineCore pid=2807249)     self.write_ninja()
(EngineCore pid=2807249)   File "/gpfs/home5/sfris1/multimodal-tip-of-tongue-for-scientific-papers/.venv-mineru/lib/python3.11/site-packages/flashinfer/jit/core.py", line 274, in write_ninja
(EngineCore pid=2807249)     content = generate_ninja_build_for_op(
(EngineCore pid=2807249)               ^^^^^^^^^^^^^^^^^^^^^^^^^^^^
(EngineCore pid=2807249)   File "/gpfs/home5/sfris1/multimodal-tip-of-tongue-for-scientific-papers/.venv-mineru/lib/python3.11/site-packages/flashinfer/jit/cpp_ext.py", line 216, in generate_ninja_build_for_op
(EngineCore pid=2807249)     cuda_home = get_cuda_path()
(EngineCore pid=2807249)                 ^^^^^^^^^^^^^^^
(EngineCore pid=2807249)   File "/gpfs/home5/sfris1/multimodal-tip-of-tongue-for-scientific-papers/.venv-mineru/lib/python3.11/site-packages/flashinfer/jit/cpp_ext.py", line 61, in get_cuda_path
(EngineCore pid=2807249)     raise RuntimeError(
(EngineCore pid=2807249) RuntimeError: Could not find nvcc and default cuda_home='/usr/local/cuda' doesn't exist
[rank0]:[W928 11:41:48.164708422 ProcessGroupNCCL.cpp:1575] Warning: WARNING: destroy_process_group() was not called before program exit, which can leak resources. For more info, please see https://pytorch.org/docs/stable/distributed.html#shutdown (function operator())
INFO:     127.0.0.1:46116 - "GET /tasks/3ff24e73-1f43-4708-9ccc-7266d787cf87 HTTP/1.1" 200 OK
INFO:     127.0.0.1:46320 - "GET /tasks/0d3d4c9d-6e0c-4360-a78c-6901306262dc HTTP/1.1" 200 OK
INFO:     127.0.0.1:46122 - "GET /tasks/4f52fe5e-b0ed-41b2-aa8b-f0b71441ae15 HTTP/1.1" 200 OK
2026-09-28 11:41:49.449 | INFO     | mineru.backend.vlm.utils:enable_custom_logits_processors:56 - compute_capability: 8.0 >= 8.0 and vllm version: 0.21.0 >= 0.10.1, enable custom_logits_processors
2026-09-28 11:41:49.443 | ERROR    | __main__:_process_task:1154 - Async task failed: 2bc1cab6-2b7e-4fd9-81da-ca1fbda10029
Traceback (most recent call last):

  File "<frozen runpy>", line 198, in _run_module_as_main
  File "<frozen runpy>", line 88, in _run_code
  File "/gpfs/home5/sfris1/multimodal-tip-of-tongue-for-scientific-papers/.venv-mineru/lib/python3.11/site-packages/mineru/cli/fast_api.py", line 1474, in <module>
    main()
    └ <Command main>
  File "/gpfs/home5/sfris1/multimodal-tip-of-tongue-for-scientific-papers/.venv-mineru/lib/python3.11/site-packages/click/core.py", line 1631, in __call__
    return self.main(*args, **kwargs)
           │    │     │       └ {}
           │    │     └ ()
           │    └ <function Command.main at 0x14a3ba38da80>
           └ <Command main>
  File "/gpfs/home5/sfris1/multimodal-tip-of-tongue-for-scientific-papers/.venv-mineru/lib/python3.11/site-packages/click/core.py", line 1552, in main
    rv = self.invoke(ctx)
         │    │      └ <click.core.Context object at 0x14a1298ec9d0>
         │    └ <function Command.invoke at 0x14a3ba38d760>
         └ <Command main>
  File "/gpfs/home5/sfris1/multimodal-tip-of-tongue-for-scientific-papers/.venv-mineru/lib/python3.11/site-packages/click/core.py", line 1415, in invoke
    return ctx.invoke(self.callback, **ctx.params)
           │   │      │    │           │   └ {'host': '127.0.0.1', 'port': 51311, 'reload': False, 'allow_public_http_client': False, 'enable_vlm_preload': False}
           │   │      │    │           └ <click.core.Context object at 0x14a1298ec9d0>
           │   │      │    └ <function main at 0x14a1298868e0>
           │   │      └ <Command main>
           │   └ <function Context.invoke at 0x14a3ba38c900>
           └ <click.core.Context object at 0x14a1298ec9d0>
  File "/gpfs/home5/sfris1/multimodal-tip-of-tongue-for-scientific-papers/.venv-mineru/lib/python3.11/site-packages/click/core.py", line 910, in invoke
    return callback(*args, **kwargs)
           │         │       └ {'host': '127.0.0.1', 'port': 51311, 'reload': False, 'allow_public_http_client': False, 'enable_vlm_preload': False}
           │         └ ()
           └ <function main at 0x14a1298868e0>
  File "/gpfs/home5/sfris1/multimodal-tip-of-tongue-for-scientific-papers/.venv-mineru/lib/python3.11/site-packages/click/decorators.py", line 34, in new_func
    return f(get_current_context(), *args, **kwargs)
           │ │                       │       └ {'host': '127.0.0.1', 'port': 51311, 'reload': False, 'allow_public_http_client': False, 'enable_vlm_preload': False}
           │ │                       └ ()
           │ └ <function get_current_context at 0x14a3ba321620>
           └ <function main at 0x14a129886c00>
  File "/gpfs/home5/sfris1/multimodal-tip-of-tongue-for-scientific-papers/.venv-mineru/lib/python3.11/site-packages/mineru/cli/fast_api.py", line 1470, in main
    server.run()
    │      └ <function Server.run at 0x14a3ba2b0900>
    └ <uvicorn.server.Server object at 0x14a3ba259f50>
  File "/gpfs/home5/sfris1/multimodal-tip-of-tongue-for-scientific-papers/.venv-mineru/lib/python3.11/site-packages/uvicorn/server.py", line 86, in run
    return asyncio_run(self.serve(sockets=sockets), loop_factory=self.config.get_loop_factory())
           │           │    │             │                      │    │      └ <function Config.get_loop_factory at 0x14a3ba2640e0>
           │           │    │             │                      │    └ <uvicorn.config.Config object at 0x14a1298ee490>
           │           │    │             │                      └ <uvicorn.server.Server object at 0x14a3ba259f50>
           │           │    │             └ None
           │           │    └ <function Server.serve at 0x14a3ba2b09a0>
           │           └ <uvicorn.server.Server object at 0x14a3ba259f50>
           └ <function asyncio_run at 0x14a3ba211620>
  File "/gpfs/home5/sfris1/multimodal-tip-of-tongue-for-scientific-papers/.venv-mineru/lib/python3.11/site-packages/uvicorn/_compat.py", line 30, in asyncio_run
    return runner.run(main)
           │      │   └ <coroutine object Server.serve at 0x14a12992e020>
           │      └ <function Runner.run at 0x14a3ba4f4f40>
           └ <asyncio.runners.Runner object at 0x14a1298eeb10>
  File "/home/sfris1/.local/share/uv/python/cpython-3.11.14-linux-x86_64-gnu/lib/python3.11/asyncio/runners.py", line 118, in run
    return self._loop.run_until_complete(task)
           │    │     │                  └ <Task pending name='Task-1' coro=<Server.serve() running at /gpfs/home5/sfris1/multimodal-tip-of-tongue-for-scientific-papers...
           │    │     └ <cyfunction Loop.run_until_complete at 0x14a12988f400>
           │    └ <uvloop.Loop running=True closed=False debug=False>
           └ <asyncio.runners.Runner object at 0x14a1298eeb10>
> File "/gpfs/home5/sfris1/multimodal-tip-of-tongue-for-scientific-papers/.venv-mineru/lib/python3.11/site-packages/mineru/cli/fast_api.py", line 1144, in _process_task
    await self._run_task(task)
          │    │         └ AsyncParseTask(task_id='2bc1cab6-2b7e-4fd9-81da-ca1fbda10029', status='failed', backend='hybrid-engine', file_names=['2022.co...
          │    └ <function AsyncTaskManager._run_task at 0x14a12997ca40>
          └ <__main__.AsyncTaskManager object at 0x14a12962d810>
  File "/gpfs/home5/sfris1/multimodal-tip-of-tongue-for-scientific-papers/.venv-mineru/lib/python3.11/site-packages/mineru/cli/fast_api.py", line 1174, in _run_task
    await run_parse_job(
          └ <function run_parse_job at 0x14a129963d80>
  File "/gpfs/home5/sfris1/multimodal-tip-of-tongue-for-scientific-papers/.venv-mineru/lib/python3.11/site-packages/mineru/cli/fast_api.py", line 866, in run_parse_job
    await aio_do_parse(**parse_kwargs)
          │              └ {'output_dir': '/tmp/sfris1/mineru_27290888/tmp/local-gpu-0-mm1vfh5m/output/2bc1cab6-2b7e-4fd9-81da-ca1fbda10029', 'pdf_file_...
          └ <function aio_do_parse at 0x14a129960540>
  File "/gpfs/home5/sfris1/multimodal-tip-of-tongue-for-scientific-papers/.venv-mineru/lib/python3.11/site-packages/mineru/cli/common.py", line 846, in aio_do_parse
    await _async_process_hybrid(
          └ <function _async_process_hybrid at 0x14a129960360>
  File "/gpfs/home5/sfris1/multimodal-tip-of-tongue-for-scientific-papers/.venv-mineru/lib/python3.11/site-packages/mineru/cli/common.py", line 595, in _async_process_hybrid
    middle_json, infer_result = await aio_hybrid_doc_analyze(
                                      └ <function aio_doc_analyze at 0x14a102a798a0>
  File "/gpfs/home5/sfris1/multimodal-tip-of-tongue-for-scientific-papers/.venv-mineru/lib/python3.11/site-packages/mineru/backend/hybrid/hybrid_analyze.py", line 1116, in aio_doc_analyze
    predictor = await _get_model_async(backend, model_path, server_url, **kwargs)
                      │                │        │           │             └ {}
                      │                │        │           └ None
                      │                │        └ None
                      │                └ 'vllm-async-engine'
                      └ <function _get_model_async at 0x14a1b4991580>
  File "/gpfs/home5/sfris1/multimodal-tip-of-tongue-for-scientific-papers/.venv-mineru/lib/python3.11/site-packages/mineru/backend/vlm/vlm_analyze.py", line 271, in _get_model_async
    return await asyncio.to_thread(
                 │       └ <function to_thread at 0x14a3ba5127a0>
                 └ <module 'asyncio' from '/home/sfris1/.local/share/uv/python/cpython-3.11.14-linux-x86_64-gnu/lib/python3.11/asyncio/__init__....
  File "/home/sfris1/.local/share/uv/python/cpython-3.11.14-linux-x86_64-gnu/lib/python3.11/asyncio/threads.py", line 25, in to_thread
    return await loop.run_in_executor(None, func_call)
                 │    │                     └ functools.partial(<built-in method run of _contextvars.Context object at 0x14a129650940>, <bound method ModelSingleton.get_mo...
                 │    └ <cyfunction Loop.run_in_executor at 0x14a129598700>
                 └ <uvloop.Loop running=True closed=False debug=False>
  File "/home/sfris1/.local/share/uv/python/cpython-3.11.14-linux-x86_64-gnu/lib/python3.11/concurrent/futures/thread.py", line 58, in run
    result = self.fn(*self.args, **self.kwargs)
             │        │            └ None
             │        └ None
             └ None
  File "/gpfs/home5/sfris1/multimodal-tip-of-tongue-for-scientific-papers/.venv-mineru/lib/python3.11/site-packages/mineru/backend/vlm/vlm_analyze.py", line 174, in get_model
    vllm_async_llm = AsyncLLM.from_engine_args(AsyncEngineArgs(**kwargs))
                     │        │                │                 └ {'gpu_memory_utilization': 0.5, 'model': '/home/sfris1/.cache/huggingface/hub/models--opendatalab--MinerU2.5-Pro-2605-1.2B/sn...
                     │        │                └ <class 'vllm.engine.arg_utils.AsyncEngineArgs'>
                     │        └ <classmethod(<function AsyncLLM.from_engine_args at 0x14a0501c1440>)>
                     └ <class 'vllm.v1.engine.async_llm.AsyncLLM'>
  File "/gpfs/home5/sfris1/multimodal-tip-of-tongue-for-scientific-papers/.venv-mineru/lib/python3.11/site-packages/vllm/v1/engine/async_llm.py", line 246, in from_engine_args
    return cls(
           └ <class 'vllm.v1.engine.async_llm.AsyncLLM'>
  File "/gpfs/home5/sfris1/multimodal-tip-of-tongue-for-scientific-papers/.venv-mineru/lib/python3.11/site-packages/vllm/v1/engine/async_llm.py", line 146, in __init__
    self.engine_core = EngineCoreClient.make_async_mp_client(
    │                  │                └ <staticmethod(<function EngineCoreClient.make_async_mp_client at 0x14a06015d620>)>
    │                  └ <class 'vllm.v1.engine.core_client.EngineCoreClient'>
    └ <vllm.v1.engine.async_llm.AsyncLLM object at 0x14a1296501d0>
  File "/gpfs/home5/sfris1/multimodal-tip-of-tongue-for-scientific-papers/.venv-mineru/lib/python3.11/site-packages/vllm/tracing/otel.py", line 178, in sync_wrapper
    return func(*args, **kwargs)
           │     │       └ {'vllm_config': VllmConfig(model_config=ModelConfig(model='/home/sfris1/.cache/huggingface/hub/models--opendatalab--MinerU2.5...
           │     └ ()
           └ <function EngineCoreClient.make_async_mp_client at 0x14a06015d4e0>
  File "/gpfs/home5/sfris1/multimodal-tip-of-tongue-for-scientific-papers/.venv-mineru/lib/python3.11/site-packages/vllm/v1/engine/core_client.py", line 130, in make_async_mp_client
    return AsyncMPClient(*client_args)
           │              └ (VllmConfig(model_config=ModelConfig(model='/home/sfris1/.cache/huggingface/hub/models--opendatalab--MinerU2.5-Pro-2605-1.2B/...
           └ <class 'vllm.v1.engine.core_client.AsyncMPClient'>
  File "/gpfs/home5/sfris1/multimodal-tip-of-tongue-for-scientific-papers/.venv-mineru/lib/python3.11/site-packages/vllm/tracing/otel.py", line 178, in sync_wrapper
    return func(*args, **kwargs)
           │     │       └ {}
           │     └ (<vllm.v1.engine.core_client.AsyncMPClient object at 0x149fea2ce9d0>, VllmConfig(model_config=ModelConfig(model='/home/sfris1...
           └ <function AsyncMPClient.__init__ at 0x14a06016d940>
  File "/gpfs/home5/sfris1/multimodal-tip-of-tongue-for-scientific-papers/.venv-mineru/lib/python3.11/site-packages/vllm/v1/engine/core_client.py", line 900, in __init__
    super().__init__(
  File "/gpfs/home5/sfris1/multimodal-tip-of-tongue-for-scientific-papers/.venv-mineru/lib/python3.11/site-packages/vllm/v1/engine/core_client.py", line 535, in __init__
    with launch_core_engines(
         └ <function launch_core_engines at 0x14a060151620>
  File "/home/sfris1/.local/share/uv/python/cpython-3.11.14-linux-x86_64-gnu/lib/python3.11/contextlib.py", line 144, in __exit__
    next(self.gen)
         │    └ <generator object launch_core_engines at 0x14a0279274c0>
         └ <contextlib._GeneratorContextManager object at 0x149fea2cee90>
  File "/gpfs/home5/sfris1/multimodal-tip-of-tongue-for-scientific-papers/.venv-mineru/lib/python3.11/site-packages/vllm/v1/engine/utils.py", line 1128, in launch_core_engines
    wait_for_engine_startup(
    └ <function wait_for_engine_startup at 0x14a0601516c0>
  File "/gpfs/home5/sfris1/multimodal-tip-of-tongue-for-scientific-papers/.venv-mineru/lib/python3.11/site-packages/vllm/v1/engine/utils.py", line 1187, in wait_for_engine_startup
    raise RuntimeError(

RuntimeError: Engine core initialization failed. See root cause above. Failed core proc(s): {}
INFO 09-28 11:41:49 [model.py:568] Resolved architecture: Qwen2VLForConditionalGeneration
INFO 09-28 11:41:49 [model.py:1697] Using max model len 8192
INFO:     127.0.0.1:46112 - "POST /tasks HTTP/1.1" 202 Accepted
INFO 09-28 11:41:49 [kernel.py:212] Final IR op priority after setting platform defaults: IrOpPriorityConfig(rms_norm=['native'], fused_add_rms_norm=['native'])
INFO:     127.0.0.1:46112 - "GET /tasks/f33c4372-70a7-4e5b-acf5-1e1cf783899a HTTP/1.1" 200 OK
2026-09-28 11:41:51.099 | INFO     | mineru.utils.engine_utils:get_vlm_engine:34 - Using vllm-async-engine as the inference engine for VLM.
[1;31m2026-09-28 11:41:51.762973301 [E:onnxruntime:Default, env.cc:298 ThreadMain] pthread_setaffinity_np failed for thread: 2807853, index: 20, mask: {21, }, error code: 22 error msg: Invalid argument. Specify the number of threads explicitly so the affinity is not set.[m
[1;31m2026-09-28 11:41:51.763812681 [E:onnxruntime:Default, env.cc:298 ThreadMain] pthread_setaffinity_np failed for thread: 2807881, index: 48, mask: {49, }, error code: 22 error msg: Invalid argument. Specify the number of threads explicitly so the affinity is not set.[m
[1;31m2026-09-28 11:41:51.763842578 [E:onnxruntime:Default, env.cc:298 ThreadMain] pthread_setaffinity_np failed for thread: 2807870, index: 37, mask: {38, }, error code: 22 error msg: Invalid argument. Specify the number of threads explicitly so the affinity is not set.[m
[1;31m2026-09-28 11:41:51.763868351 [E:onnxruntime:Default, env.cc:298 ThreadMain] pthread_setaffinity_np failed for thread: 2807869, index: 36, mask: {37, }, error code: 22 error msg: Invalid argument. Specify the number of threads explicitly so the affinity is not set.[m
[1;31m2026-09-28 11:41:51.763828655 [E:onnxruntime:Default, env.cc:298 ThreadMain] pthread_setaffinity_np failed for thread: 2807880, index: 47, mask: {48, }, error code: 22 error msg: Invalid argument. Specify the number of threads explicitly so the affinity is not set.[m
[1;31m2026-09-28 11:41:51.767758964 [E:onnxruntime:Default, env.cc:298 ThreadMain] pthread_setaffinity_np failed for thread: 2807873, index: 40, mask: {41, }, error code: 22 error msg: Invalid argument. Specify the number of threads explicitly so the affinity is not set.[m
[1;31m2026-09-28 11:41:51.771741610 [E:onnxruntime:Default, env.cc:298 ThreadMain] pthread_setaffinity_np failed for thread: 2807874, index: 41, mask: {42, }, error code: 22 error msg: Invalid argument. Specify the number of threads explicitly so the affinity is not set.[m
[1;31m2026-09-28 11:41:51.771746875 [E:onnxruntime:Default, env.cc:298 ThreadMain] pthread_setaffinity_np failed for thread: 2807864, index: 31, mask: {32, }, error code: 22 error msg: Invalid argument. Specify the number of threads explicitly so the affinity is not set.[m
[1;31m2026-09-28 11:41:51.775742091 [E:onnxruntime:Default, env.cc:298 ThreadMain] pthread_setaffinity_np failed for thread: 2807865, index: 32, mask: {33, }, error code: 22 error msg: Invalid argument. Specify the number of threads explicitly so the affinity is not set.[m
[1;31m2026-09-28 11:41:51.775746204 [E:onnxruntime:Default, env.cc:298 ThreadMain] pthread_setaffinity_np failed for thread: 2807855, index: 22, mask: {23, }, error code: 22 error msg: Invalid argument. Specify the number of threads explicitly so the affinity is not set.[m
[1;31m2026-09-28 11:41:51.779746714 [E:onnxruntime:Default, env.cc:298 ThreadMain] pthread_setaffinity_np failed for thread: 2807858, index: 25, mask: {26, }, error code: 22 error msg: Invalid argument. Specify the number of threads explicitly so the affinity is not set.[m
[1;31m2026-09-28 11:41:51.780189935 [E:onnxruntime:Default, env.cc:298 ThreadMain] pthread_setaffinity_np failed for thread: 2807852, index: 19, mask: {20, }, error code: 22 error msg: Invalid argument. Specify the number of threads explicitly so the affinity is not set.[m
[1;31m2026-09-28 11:41:51.783741758 [E:onnxruntime:Default, env.cc:298 ThreadMain] pthread_setaffinity_np failed for thread: 2807856, index: 23, mask: {24, }, error code: 22 error msg: Invalid argument. Specify the number of threads explicitly so the affinity is not set.[m
[1;31m2026-09-28 11:41:51.787746401 [E:onnxruntime:Default, env.cc:298 ThreadMain] pthread_setaffinity_np failed for thread: 2807859, index: 26, mask: {27, }, error code: 22 error msg: Invalid argument. Specify the number of threads explicitly so the affinity is not set.[m
[1;31m2026-09-28 11:41:51.794464343 [E:onnxruntime:Default, env.cc:298 ThreadMain] pthread_setaffinity_np failed for thread: 2807877, index: 44, mask: {45, }, error code: 22 error msg: Invalid argument. Specify the number of threads explicitly so the affinity is not set.[m
[1;31m2026-09-28 11:41:51.808510855 [E:onnxruntime:Default, env.cc:298 ThreadMain] pthread_setaffinity_np failed for thread: 2807875, index: 42, mask: {43, }, error code: 22 error msg: Invalid argument. Specify the number of threads explicitly so the affinity is not set.[m
[1;31m2026-09-28 11:41:51.808551865 [E:onnxruntime:Default, env.cc:298 ThreadMain] pthread_setaffinity_np failed for thread: 2807861, index: 28, mask: {29, }, error code: 22 error msg: Invalid argument. Specify the number of threads explicitly so the affinity is not set.[m
[1;31m2026-09-28 11:41:51.808784739 [E:onnxruntime:Default, env.cc:298 ThreadMain] pthread_setaffinity_np failed for thread: 2807854, index: 21, mask: {22, }, error code: 22 error msg: Invalid argument. Specify the number of threads explicitly so the affinity is not set.[m
[1;31m2026-09-28 11:41:51.808807685 [E:onnxruntime:Default, env.cc:298 ThreadMain] pthread_setaffinity_np failed for thread: 2807879, index: 46, mask: {47, }, error code: 22 error msg: Invalid argument. Specify the number of threads explicitly so the affinity is not set.[m
[1;31m2026-09-28 11:41:51.808858465 [E:onnxruntime:Default, env.cc:298 ThreadMain] pthread_setaffinity_np failed for thread: 2807876, index: 43, mask: {44, }, error code: 22 error msg: Invalid argument. Specify the number of threads explicitly so the affinity is not set.[m
[1;31m2026-09-28 11:41:51.808929449 [E:onnxruntime:Default, env.cc:298 ThreadMain] pthread_setaffinity_np failed for thread: 2807862, index: 29, mask: {30, }, error code: 22 error msg: Invalid argument. Specify the number of threads explicitly so the affinity is not set.[m
[1;31m2026-09-28 11:41:51.817757367 [E:onnxruntime:Default, env.cc:298 ThreadMain] pthread_setaffinity_np failed for thread: 2807863, index: 30, mask: {31, }, error code: 22 error msg: Invalid argument. Specify the number of threads explicitly so the affinity is not set.[m
[1;31m2026-09-28 11:41:51.817782554 [E:onnxruntime:Default, env.cc:298 ThreadMain] pthread_setaffinity_np failed for thread: 2807857, index: 24, mask: {25, }, error code: 22 error msg: Invalid argument. Specify the number of threads explicitly so the affinity is not set.[m
[1;31m2026-09-28 11:41:51.808523520 [E:onnxruntime:Default, env.cc:298 ThreadMain] pthread_setaffinity_np failed for thread: 2807866, index: 33, mask: {34, }, error code: 22 error msg: Invalid argument. Specify the number of threads explicitly so the affinity is not set.[m
[1;31m2026-09-28 11:41:51.830777298 [E:onnxruntime:Default, env.cc:298 ThreadMain] pthread_setaffinity_np failed for thread: 2807882, index: 49, mask: {50, }, error code: 22 error msg: Invalid argument. Specify the number of threads explicitly so the affinity is not set.[m
[1;31m2026-09-28 11:41:51.830824260 [E:onnxruntime:Default, env.cc:298 ThreadMain] pthread_setaffinity_np failed for thread: 2807868, index: 35, mask: {36, }, error code: 22 error msg: Invalid argument. Specify the number of threads explicitly so the affinity is not set.[m
[1;31m2026-09-28 11:41:51.830833280 [E:onnxruntime:Default, env.cc:298 ThreadMain] pthread_setaffinity_np failed for thread: 2807851, index: 18, mask: {19, }, error code: 22 error msg: Invalid argument. Specify the number of threads explicitly so the affinity is not set.[m
[1;31m2026-09-28 11:41:51.830843933 [E:onnxruntime:Default, env.cc:298 ThreadMain] pthread_setaffinity_np failed for thread: 2807860, index: 27, mask: {28, }, error code: 22 error msg: Invalid argument. Specify the number of threads explicitly so the affinity is not set.[m
[1;31m2026-09-28 11:41:51.830835477 [E:onnxruntime:Default, env.cc:298 ThreadMain] pthread_setaffinity_np failed for thread: 2807850, index: 17, mask: {18, }, error code: 22 error msg: Invalid argument. Specify the number of threads explicitly so the affinity is not set.[m
[1;31m2026-09-28 11:41:51.830883409 [E:onnxruntime:Default, env.cc:298 ThreadMain] pthread_setaffinity_np failed for thread: 2807883, index: 50, mask: {51, }, error code: 22 error msg: Invalid argument. Specify the number of threads explicitly so the affinity is not set.[m
[1;31m2026-09-28 11:41:51.830826951 [E:onnxruntime:Default, env.cc:298 ThreadMain] pthread_setaffinity_np failed for thread: 2807871, index: 38, mask: {39, }, error code: 22 error msg: Invalid argument. Specify the number of threads explicitly so the affinity is not set.[m
[1;31m2026-09-28 11:41:51.836746347 [E:onnxruntime:Default, env.cc:298 ThreadMain] pthread_setaffinity_np failed for thread: 2807884, index: 51, mask: {52, }, error code: 22 error msg: Invalid argument. Specify the number of threads explicitly so the affinity is not set.[m
[1;31m2026-09-28 11:41:51.830834627 [E:onnxruntime:Default, env.cc:298 ThreadMain] pthread_setaffinity_np failed for thread: 2807872, index: 39, mask: {40, }, error code: 22 error msg: Invalid argument. Specify the number of threads explicitly so the affinity is not set.[m
[1;31m2026-09-28 11:41:51.830847986 [E:onnxruntime:Default, env.cc:298 ThreadMain] pthread_setaffinity_np failed for thread: 2807867, index: 34, mask: {35, }, error code: 22 error msg: Invalid argument. Specify the number of threads explicitly so the affinity is not set.[m
[1;31m2026-09-28 11:41:51.839827851 [E:onnxruntime:Default, env.cc:298 ThreadMain] pthread_setaffinity_np failed for thread: 2807888, index: 55, mask: {56, }, error code: 22 error msg: Invalid argument. Specify the number of threads explicitly so the affinity is not set.[m
[1;31m2026-09-28 11:41:51.845747118 [E:onnxruntime:Default, env.cc:298 ThreadMain] pthread_setaffinity_np failed for thread: 2807885, index: 52, mask: {53, }, error code: 22 error msg: Invalid argument. Specify the number of threads explicitly so the affinity is not set.[m
[1;31m2026-09-28 11:41:51.846684236 [E:onnxruntime:Default, env.cc:298 ThreadMain] pthread_setaffinity_np failed for thread: 2807887, index: 54, mask: {55, }, error code: 22 error msg: Invalid argument. Specify the number of threads explicitly so the affinity is not set.[m
[1;31m2026-09-28 11:41:51.830822801 [E:onnxruntime:Default, env.cc:298 ThreadMain] pthread_setaffinity_np failed for thread: 2807878, index: 45, mask: {46, }, error code: 22 error msg: Invalid argument. Specify the number of threads explicitly so the affinity is not set.[m
[1;31m2026-09-28 11:41:51.851747596 [E:onnxruntime:Default, env.cc:298 ThreadMain] pthread_setaffinity_np failed for thread: 2807890, index: 57, mask: {58, }, error code: 22 error msg: Invalid argument. Specify the number of threads explicitly so the affinity is not set.[m
[1;31m2026-09-28 11:41:51.852748995 [E:onnxruntime:Default, env.cc:298 ThreadMain] pthread_setaffinity_np failed for thread: 2807891, index: 58, mask: {59, }, error code: 22 error msg: Invalid argument. Specify the number of threads explicitly so the affinity is not set.[m
[1;31m2026-09-28 11:41:51.852777059 [E:onnxruntime:Default, env.cc:298 ThreadMain] pthread_setaffinity_np failed for thread: 2807892, index: 59, mask: {60, }, error code: 22 error msg: Invalid argument. Specify the number of threads explicitly so the affinity is not set.[m
[1;31m2026-09-28 11:41:51.852796578 [E:onnxruntime:Default, env.cc:298 ThreadMain] pthread_setaffinity_np failed for thread: 2807886, index: 53, mask: {54, }, error code: 22 error msg: Invalid argument. Specify the number of threads explicitly so the affinity is not set.[m
[1;31m2026-09-28 11:41:51.863763631 [E:onnxruntime:Default, env.cc:298 ThreadMain] pthread_setaffinity_np failed for thread: 2807893, index: 60, mask: {61, }, error code: 22 error msg: Invalid argument. Specify the number of threads explicitly so the affinity is not set.[m
[1;31m2026-09-28 11:41:51.866758406 [E:onnxruntime:Default, env.cc:298 ThreadMain] pthread_setaffinity_np failed for thread: 2807896, index: 63, mask: {64, }, error code: 22 error msg: Invalid argument. Specify the number of threads explicitly so the affinity is not set.[m
[1;31m2026-09-28 11:41:51.867770990 [E:onnxruntime:Default, env.cc:298 ThreadMain] pthread_setaffinity_np failed for thread: 2807889, index: 56, mask: {57, }, error code: 22 error msg: Invalid argument. Specify the number of threads explicitly so the affinity is not set.[m
[1;31m2026-09-28 11:41:51.868765216 [E:onnxruntime:Default, env.cc:298 ThreadMain] pthread_setaffinity_np failed for thread: 2807900, index: 67, mask: {68, }, error code: 22 error msg: Invalid argument. Specify the number of threads explicitly so the affinity is not set.[m
[1;31m2026-09-28 11:41:51.875757811 [E:onnxruntime:Default, env.cc:298 ThreadMain] pthread_setaffinity_np failed for thread: 2807899, index: 66, mask: {67, }, error code: 22 error msg: Invalid argument. Specify the number of threads explicitly so the affinity is not set.[m
[1;31m2026-09-28 11:41:51.879153601 [E:onnxruntime:Default, env.cc:298 ThreadMain] pthread_setaffinity_np failed for thread: 2807902, index: 69, mask: {70, }, error code: 22 error msg: Invalid argument. Specify the number of threads explicitly so the affinity is not set.[m
[1;31m2026-09-28 11:41:51.887764952 [E:onnxruntime:Default, env.cc:298 ThreadMain] pthread_setaffinity_np failed for thread: 2807901, index: 68, mask: {69, }, error code: 22 error msg: Invalid argument. Specify the number of threads explicitly so the affinity is not set.[m
[1;31m2026-09-28 11:41:51.890784885 [E:onnxruntime:Default, env.cc:298 ThreadMain] pthread_setaffinity_np failed for thread: 2807897, index: 64, mask: {65, }, error code: 22 error msg: Invalid argument. Specify the number of threads explicitly so the affinity is not set.[m
[1;31m2026-09-28 11:41:51.893791414 [E:onnxruntime:Default, env.cc:298 ThreadMain] pthread_setaffinity_np failed for thread: 2807894, index: 61, mask: {62, }, error code: 22 error msg: Invalid argument. Specify the number of threads explicitly so the affinity is not set.[m
[1;31m2026-09-28 11:41:51.894753019 [E:onnxruntime:Default, env.cc:298 ThreadMain] pthread_setaffinity_np failed for thread: 2807903, index: 70, mask: {71, }, error code: 22 error msg: Invalid argument. Specify the number of threads explicitly so the affinity is not set.[m
[1;31m2026-09-28 11:41:51.899805129 [E:onnxruntime:Default, env.cc:298 ThreadMain] pthread_setaffinity_np failed for thread: 2807898, index: 65, mask: {66, }, error code: 22 error msg: Invalid argument. Specify the number of threads explicitly so the affinity is not set.[m
[1;31m2026-09-28 11:41:51.900053709 [E:onnxruntime:Default, env.cc:298 ThreadMain] pthread_setaffinity_np failed for thread: 2807895, index: 62, mask: {63, }, error code: 22 error msg: Invalid argument. Specify the number of threads explicitly so the affinity is not set.[m
WARNING 09-28 11:41:57 [config.py:70] Support for Transformers v4 is deprecated. The Transformers v4 codepath will become unmaintained in vLLM v0.22.0 and will be removed in vLLM v0.24.0. Please upgrade to Transformers v5: pip install --upgrade transformers
(EngineCore pid=2807810) INFO 09-28 11:41:58 [core.py:109] Initializing a V1 LLM engine (v0.21.0) with config: model='/home/sfris1/.cache/huggingface/hub/models--opendatalab--MinerU2.5-Pro-2605-1.2B/snapshots/bff20d4ae2bf202df9f45284b4d43681555a97ed', speculative_config=None, tokenizer='/home/sfris1/.cache/huggingface/hub/models--opendatalab--MinerU2.5-Pro-2605-1.2B/snapshots/bff20d4ae2bf202df9f45284b4d43681555a97ed', skip_tokenizer_init=False, tokenizer_mode=auto, revision=None, tokenizer_revision=None, trust_remote_code=False, dtype=torch.bfloat16, max_seq_len=8192, download_dir=None, load_format=auto, tensor_parallel_size=1, pipeline_parallel_size=1, data_parallel_size=1, decode_context_parallel_size=1, dcp_comm_backend=ag_rs, disable_custom_all_reduce=False, quantization=None, quantization_config=None, enforce_eager=False, enable_return_routed_experts=False, kv_cache_dtype=auto, device_config=cuda, structured_outputs_config=StructuredOutputsConfig(backend='auto', disable_any_whitespace=False, disable_additional_properties=False, reasoning_parser='', reasoning_parser_plugin='', enable_in_reasoning=False), observability_config=ObservabilityConfig(show_hidden_metrics_for_version=None, otlp_traces_endpoint=None, collect_detailed_traces=None, kv_cache_metrics=False, kv_cache_metrics_sample=0.01, cudagraph_metrics=False, enable_layerwise_nvtx_tracing=False, enable_mfu_metrics=False, enable_mm_processor_stats=False, enable_logging_iteration_details=False), seed=0, served_model_name=/home/sfris1/.cache/huggingface/hub/models--opendatalab--MinerU2.5-Pro-2605-1.2B/snapshots/bff20d4ae2bf202df9f45284b4d43681555a97ed, enable_prefix_caching=True, enable_chunked_prefill=True, pooler_config=None, compilation_config={'mode': <CompilationMode.VLLM_COMPILE: 3>, 'debug_dump_path': None, 'cache_dir': '', 'compile_cache_save_format': 'binary', 'backend': 'inductor', 'custom_ops': ['none'], 'ir_enable_torch_wrap': True, 'splitting_ops': ['vllm::unified_attention_with_output', 'vllm::unified_mla_attention_with_output', 'vllm::mamba_mixer2', 'vllm::mamba_mixer', 'vllm::short_conv', 'vllm::linear_attention', 'vllm::plamo2_mamba_mixer', 'vllm::gdn_attention_core', 'vllm::gdn_attention_core_xpu', 'vllm::olmo_hybrid_gdn_full_forward', 'vllm::kda_attention', 'vllm::sparse_attn_indexer', 'vllm::rocm_aiter_sparse_attn_indexer', 'vllm::deepseek_v4_attention', 'vllm::unified_kv_cache_update', 'vllm::unified_mla_kv_cache_update'], 'compile_mm_encoder': False, 'cudagraph_mm_encoder': False, 'encoder_cudagraph_token_budgets': [], 'encoder_cudagraph_max_vision_items_per_batch': 0, 'encoder_cudagraph_max_frames_per_batch': None, 'compile_sizes': [], 'compile_ranges_endpoints': [2048], 'inductor_compile_config': {'enable_auto_functionalized_v2': False, 'size_asserts': False, 'alignment_asserts': False, 'scalar_asserts': False, 'combo_kernels': True, 'benchmark_combo_kernel': True}, 'inductor_passes': {}, 'cudagraph_mode': <CUDAGraphMode.FULL_AND_PIECEWISE: (2, 1)>, 'cudagraph_num_of_warmups': 1, 'cudagraph_capture_sizes': [1, 2, 4, 8, 16, 24, 32, 40, 48, 56, 64, 72, 80, 88, 96, 104, 112, 120, 128, 136, 144, 152, 160, 168, 176, 184, 192, 200, 208, 216, 224, 232, 240, 248, 256], 'cudagraph_copy_inputs': False, 'cudagraph_specialize_lora': True, 'use_inductor_graph_partition': False, 'pass_config': {'fuse_norm_quant': False, 'fuse_act_quant': False, 'fuse_attn_quant': False, 'enable_sp': False, 'fuse_gemm_comms': False, 'fuse_allreduce_rms': False, 'fuse_act_padding': False}, 'max_cudagraph_capture_size': 256, 'dynamic_shapes_config': {'type': <DynamicShapesType.BACKED: 'backed'>, 'evaluate_guards': False, 'assume_32_bit_indexing': False}, 'local_cache_dir': None, 'fast_moe_cold_start': False, 'static_all_moe_layers': []}, kernel_config=KernelConfig(ir_op_priority=IrOpPriorityConfig(rms_norm=['native'], fused_add_rms_norm=['native']), enable_flashinfer_autotune=False, moe_backend='auto')
(EngineCore pid=2807810) INFO 09-28 11:42:00 [parallel_state.py:1410] world_size=1 rank=0 local_rank=0 distributed_init_method=tcp://145.136.62.28:43035 backend=nccl
(EngineCore pid=2807810) INFO 09-28 11:42:00 [parallel_state.py:1723] rank 0 in world size 1 is assigned as DP rank 0, PP rank 0, PCP rank 0, TP rank 0, EP rank N/A, EPLB rank N/A
(EngineCore pid=2807810) INFO 09-28 11:42:01 [topk_topp_sampler.py:45] Using FlashInfer for top-p & top-k sampling.
(EngineCore pid=2807810) The image processor of type `Qwen2VLImageProcessor` is now loaded as a fast processor by default, even if the model checkpoint was saved with a slow processor. This is a breaking change and may produce slightly different outputs. To continue using the slow processor, instantiate this class with `use_fast=False`. Note that this behavior will be extended to all models in a future release.
(EngineCore pid=2807810) INFO 09-28 11:42:04 [gpu_model_runner.py:4857] Starting to load model /home/sfris1/.cache/huggingface/hub/models--opendatalab--MinerU2.5-Pro-2605-1.2B/snapshots/bff20d4ae2bf202df9f45284b4d43681555a97ed...
(EngineCore pid=2807810) INFO 09-28 11:42:05 [cuda.py:427] Using backend AttentionBackendEnum.FLASH_ATTN for vit attention
(EngineCore pid=2807810) INFO 09-28 11:42:05 [mm_encoder_attention.py:372] Using AttentionBackendEnum.FLASH_ATTN for MMEncoderAttention.
(EngineCore pid=2807810) INFO 09-28 11:42:05 [vllm.py:886] Asynchronous scheduling is enabled.
(EngineCore pid=2807810) INFO 09-28 11:42:05 [kernel.py:212] Final IR op priority after setting platform defaults: IrOpPriorityConfig(rms_norm=['native'], fused_add_rms_norm=['native'])
(EngineCore pid=2807810) INFO 09-28 11:42:05 [cuda.py:372] Using FLASH_ATTN attention backend out of potential backends: ['FLASH_ATTN', 'FLASHINFER', 'TRITON_ATTN', 'FLEX_ATTENTION'].
(EngineCore pid=2807810) INFO 09-28 11:42:05 [flash_attn.py:641] Using FlashAttention version 2
(EngineCore pid=2807810) INFO 09-28 11:42:05 [weight_utils.py:938] Filesystem type for checkpoints: GPFS. Checkpoint size: 2.15 GiB. Available RAM: 438.58 GiB.
(EngineCore pid=2807810) INFO 09-28 11:42:05 [weight_utils.py:961] Auto-prefetch is disabled because the filesystem (GPFS) is not a recognized network FS (NFS/Lustre). If you want to force prefetching, start vLLM with --safetensors-load-strategy=prefetch.
(EngineCore pid=2807810) Loading safetensors checkpoint shards:   0% Completed | 0/1 [00:00<?, ?it/s]
(EngineCore pid=2807810) Loading safetensors checkpoint shards: 100% Completed | 1/1 [00:01<00:00,  1.20s/it]
(EngineCore pid=2807810) Loading safetensors checkpoint shards: 100% Completed | 1/1 [00:01<00:00,  1.20s/it]
(EngineCore pid=2807810) 
(EngineCore pid=2807810) INFO 09-28 11:42:06 [default_loader.py:397] Loading weights took 1.25 seconds
(EngineCore pid=2807810) INFO 09-28 11:42:07 [gpu_model_runner.py:4959] Model loading took 2.16 GiB memory and 1.638017 seconds
(EngineCore pid=2807810) INFO 09-28 11:42:07 [gpu_model_runner.py:5920] Encoder cache will be initialized with a budget of 8192 tokens, and profiled with 1 video items of the maximum feature size.
(EngineCore pid=2807810) INFO 09-28 11:42:11 [backends.py:1089] Using cache directory: /home/sfris1/.cache/vllm/torch_compile_cache/557eaef9a3/rank_0_0/backbone for vLLM's torch.compile
(EngineCore pid=2807810) INFO 09-28 11:42:11 [backends.py:1148] Dynamo bytecode transform time: 2.38 s
(EngineCore pid=2807810) INFO 09-28 11:42:12 [backends.py:292] Directly load the compiled graph(s) for compile range (1, 2048) from the cache, took 1.216 s
(EngineCore pid=2807810) INFO 09-28 11:42:12 [decorators.py:311] Directly load AOT compilation from path /home/sfris1/.cache/vllm/torch_compile_cache/torch_aot_compile/9fc9def3a1736e8298ba738d46590ca1ad781b4ad811c4a7c19562d6033c953c/rank_0_0/model
(EngineCore pid=2807810) INFO 09-28 11:42:12 [monitor.py:53] torch.compile took 3.85 s in total
(EngineCore pid=2807810) INFO 09-28 11:42:12 [monitor.py:81] Initial profiling/warmup run took 0.01 s
(EngineCore pid=2807810) ERROR 09-28 11:42:12 [core.py:1140] EngineCore failed to start.
(EngineCore pid=2807810) ERROR 09-28 11:42:12 [core.py:1140] Traceback (most recent call last):
(EngineCore pid=2807810) ERROR 09-28 11:42:12 [core.py:1140]   File "/gpfs/home5/sfris1/multimodal-tip-of-tongue-for-scientific-papers/.venv-mineru/lib/python3.11/site-packages/vllm/v1/engine/core.py", line 1114, in run_engine_core
(EngineCore pid=2807810) ERROR 09-28 11:42:12 [core.py:1140]     engine_core = EngineCoreProc(*args, engine_index=dp_rank, **kwargs)
(EngineCore pid=2807810) ERROR 09-28 11:42:12 [core.py:1140]                   ^^^^^^^^^^^^^^^^^^^^^^^^^^^^^^^^^^^^^^^^^^^^^^^^^^^^^
(EngineCore pid=2807810) ERROR 09-28 11:42:12 [core.py:1140]   File "/gpfs/home5/sfris1/multimodal-tip-of-tongue-for-scientific-papers/.venv-mineru/lib/python3.11/site-packages/vllm/tracing/otel.py", line 178, in sync_wrapper
(EngineCore pid=2807810) ERROR 09-28 11:42:12 [core.py:1140]     return func(*args, **kwargs)
(EngineCore pid=2807810) ERROR 09-28 11:42:12 [core.py:1140]            ^^^^^^^^^^^^^^^^^^^^^
(EngineCore pid=2807810) ERROR 09-28 11:42:12 [core.py:1140]   File "/gpfs/home5/sfris1/multimodal-tip-of-tongue-for-scientific-papers/.venv-mineru/lib/python3.11/site-packages/vllm/v1/engine/core.py", line 880, in __init__
(EngineCore pid=2807810) ERROR 09-28 11:42:12 [core.py:1140]     super().__init__(
(EngineCore pid=2807810) ERROR 09-28 11:42:12 [core.py:1140]   File "/gpfs/home5/sfris1/multimodal-tip-of-tongue-for-scientific-papers/.venv-mineru/lib/python3.11/site-packages/vllm/v1/engine/core.py", line 128, in __init__
(EngineCore pid=2807810) ERROR 09-28 11:42:12 [core.py:1140]     kv_cache_config = self._initialize_kv_caches(vllm_config)
(EngineCore pid=2807810) ERROR 09-28 11:42:12 [core.py:1140]                       ^^^^^^^^^^^^^^^^^^^^^^^^^^^^^^^^^^^^^^^
(EngineCore pid=2807810) ERROR 09-28 11:42:12 [core.py:1140]   File "/gpfs/home5/sfris1/multimodal-tip-of-tongue-for-scientific-papers/.venv-mineru/lib/python3.11/site-packages/vllm/tracing/otel.py", line 178, in sync_wrapper
(EngineCore pid=2807810) ERROR 09-28 11:42:12 [core.py:1140]     return func(*args, **kwargs)
(EngineCore pid=2807810) ERROR 09-28 11:42:12 [core.py:1140]            ^^^^^^^^^^^^^^^^^^^^^
(EngineCore pid=2807810) ERROR 09-28 11:42:12 [core.py:1140]   File "/gpfs/home5/sfris1/multimodal-tip-of-tongue-for-scientific-papers/.venv-mineru/lib/python3.11/site-packages/vllm/v1/engine/core.py", line 250, in _initialize_kv_caches
(EngineCore pid=2807810) ERROR 09-28 11:42:12 [core.py:1140]     available_gpu_memory = self.model_executor.determine_available_memory()
(EngineCore pid=2807810) ERROR 09-28 11:42:12 [core.py:1140]                            ^^^^^^^^^^^^^^^^^^^^^^^^^^^^^^^^^^^^^^^^^^^^^^^^
(EngineCore pid=2807810) ERROR 09-28 11:42:12 [core.py:1140]   File "/gpfs/home5/sfris1/multimodal-tip-of-tongue-for-scientific-papers/.venv-mineru/lib/python3.11/site-packages/vllm/v1/executor/abstract.py", line 147, in determine_available_memory
(EngineCore pid=2807810) ERROR 09-28 11:42:12 [core.py:1140]     return self.collective_rpc("determine_available_memory")
(EngineCore pid=2807810) ERROR 09-28 11:42:12 [core.py:1140]            ^^^^^^^^^^^^^^^^^^^^^^^^^^^^^^^^^^^^^^^^^^^^^^^^^
(EngineCore pid=2807810) ERROR 09-28 11:42:12 [core.py:1140]   File "/gpfs/home5/sfris1/multimodal-tip-of-tongue-for-scientific-papers/.venv-mineru/lib/python3.11/site-packages/vllm/v1/executor/uniproc_executor.py", line 93, in collective_rpc
(EngineCore pid=2807810) ERROR 09-28 11:42:12 [core.py:1140]     result = run_method(self.driver_worker, method, args, kwargs)
(EngineCore pid=2807810) ERROR 09-28 11:42:12 [core.py:1140]              ^^^^^^^^^^^^^^^^^^^^^^^^^^^^^^^^^^^^^^^^^^^^^^^^^^^^
(EngineCore pid=2807810) ERROR 09-28 11:42:12 [core.py:1140]   File "/gpfs/home5/sfris1/multimodal-tip-of-tongue-for-scientific-papers/.venv-mineru/lib/python3.11/site-packages/vllm/v1/serial_utils.py", line 510, in run_method
(EngineCore pid=2807810) ERROR 09-28 11:42:12 [core.py:1140]     return func(*args, **kwargs)
(EngineCore pid=2807810) ERROR 09-28 11:42:12 [core.py:1140]            ^^^^^^^^^^^^^^^^^^^^^
(EngineCore pid=2807810) ERROR 09-28 11:42:12 [core.py:1140]   File "/gpfs/home5/sfris1/multimodal-tip-of-tongue-for-scientific-papers/.venv-mineru/lib/python3.11/site-packages/torch/utils/_contextlib.py", line 124, in decorate_context
(EngineCore pid=2807810) ERROR 09-28 11:42:12 [core.py:1140]     return func(*args, **kwargs)
(EngineCore pid=2807810) ERROR 09-28 11:42:12 [core.py:1140]            ^^^^^^^^^^^^^^^^^^^^^
(EngineCore pid=2807810) ERROR 09-28 11:42:12 [core.py:1140]   File "/gpfs/home5/sfris1/multimodal-tip-of-tongue-for-scientific-papers/.venv-mineru/lib/python3.11/site-packages/vllm/v1/worker/gpu_worker.py", line 392, in determine_available_memory
(EngineCore pid=2807810) ERROR 09-28 11:42:12 [core.py:1140]     self.model_runner.profile_run()
(EngineCore pid=2807810) ERROR 09-28 11:42:12 [core.py:1140]   File "/gpfs/home5/sfris1/multimodal-tip-of-tongue-for-scientific-papers/.venv-mineru/lib/python3.11/site-packages/vllm/v1/worker/gpu_model_runner.py", line 5955, in profile_run
(EngineCore pid=2807810) ERROR 09-28 11:42:12 [core.py:1140]     output = self._dummy_sampler_run(last_hidden_states)
(EngineCore pid=2807810) ERROR 09-28 11:42:12 [core.py:1140]              ^^^^^^^^^^^^^^^^^^^^^^^^^^^^^^^^^^^^^^^^^^^
(EngineCore pid=2807810) ERROR 09-28 11:42:12 [core.py:1140]   File "/gpfs/home5/sfris1/multimodal-tip-of-tongue-for-scientific-papers/.venv-mineru/lib/python3.11/site-packages/torch/utils/_contextlib.py", line 124, in decorate_context
(EngineCore pid=2807810) ERROR 09-28 11:42:12 [core.py:1140]     return func(*args, **kwargs)
(EngineCore pid=2807810) ERROR 09-28 11:42:12 [core.py:1140]            ^^^^^^^^^^^^^^^^^^^^^
(EngineCore pid=2807810) ERROR 09-28 11:42:12 [core.py:1140]   File "/gpfs/home5/sfris1/multimodal-tip-of-tongue-for-scientific-papers/.venv-mineru/lib/python3.11/site-packages/vllm/v1/worker/gpu_model_runner.py", line 5775, in _dummy_sampler_run
(EngineCore pid=2807810) ERROR 09-28 11:42:12 [core.py:1140]     raise e
(EngineCore pid=2807810) ERROR 09-28 11:42:12 [core.py:1140]   File "/gpfs/home5/sfris1/multimodal-tip-of-tongue-for-scientific-papers/.venv-mineru/lib/python3.11/site-packages/vllm/v1/worker/gpu_model_runner.py", line 5743, in _dummy_sampler_run
(EngineCore pid=2807810) ERROR 09-28 11:42:12 [core.py:1140]     sampler_output = self.sampler(
(EngineCore pid=2807810) ERROR 09-28 11:42:12 [core.py:1140]                      ^^^^^^^^^^^^^
(EngineCore pid=2807810) ERROR 09-28 11:42:12 [core.py:1140]   File "/gpfs/home5/sfris1/multimodal-tip-of-tongue-for-scientific-papers/.venv-mineru/lib/python3.11/site-packages/torch/nn/modules/module.py", line 1779, in _wrapped_call_impl
(EngineCore pid=2807810) ERROR 09-28 11:42:12 [core.py:1140]     return self._call_impl(*args, **kwargs)
(EngineCore pid=2807810) ERROR 09-28 11:42:12 [core.py:1140]            ^^^^^^^^^^^^^^^^^^^^^^^^^^^^^^^^
(EngineCore pid=2807810) ERROR 09-28 11:42:12 [core.py:1140]   File "/gpfs/home5/sfris1/multimodal-tip-of-tongue-for-scientific-papers/.venv-mineru/lib/python3.11/site-packages/torch/nn/modules/module.py", line 1790, in _call_impl
(EngineCore pid=2807810) ERROR 09-28 11:42:12 [core.py:1140]     return forward_call(*args, **kwargs)
(EngineCore pid=2807810) ERROR 09-28 11:42:12 [core.py:1140]            ^^^^^^^^^^^^^^^^^^^^^^^^^^^^^
(EngineCore pid=2807810) ERROR 09-28 11:42:12 [core.py:1140]   File "/gpfs/home5/sfris1/multimodal-tip-of-tongue-for-scientific-papers/.venv-mineru/lib/python3.11/site-packages/vllm/v1/sample/sampler.py", line 97, in forward
(EngineCore pid=2807810) ERROR 09-28 11:42:12 [core.py:1140]     sampled, processed_logprobs = self.sample(logits, sampling_metadata)
(EngineCore pid=2807810) ERROR 09-28 11:42:12 [core.py:1140]                                   ^^^^^^^^^^^^^^^^^^^^^^^^^^^^^^^^^^^^^^
(EngineCore pid=2807810) ERROR 09-28 11:42:12 [core.py:1140]   File "/gpfs/home5/sfris1/multimodal-tip-of-tongue-for-scientific-papers/.venv-mineru/lib/python3.11/site-packages/vllm/v1/sample/sampler.py", line 272, in sample
(EngineCore pid=2807810) ERROR 09-28 11:42:12 [core.py:1140]     random_sampled, processed_logprobs = self.topk_topp_sampler(
(EngineCore pid=2807810) ERROR 09-28 11:42:12 [core.py:1140]                                          ^^^^^^^^^^^^^^^^^^^^^^^
(EngineCore pid=2807810) ERROR 09-28 11:42:12 [core.py:1140]   File "/gpfs/home5/sfris1/multimodal-tip-of-tongue-for-scientific-papers/.venv-mineru/lib/python3.11/site-packages/torch/nn/modules/module.py", line 1779, in _wrapped_call_impl
(EngineCore pid=2807810) ERROR 09-28 11:42:12 [core.py:1140]     return self._call_impl(*args, **kwargs)
(EngineCore pid=2807810) ERROR 09-28 11:42:12 [core.py:1140]            ^^^^^^^^^^^^^^^^^^^^^^^^^^^^^^^^
(EngineCore pid=2807810) ERROR 09-28 11:42:12 [core.py:1140]   File "/gpfs/home5/sfris1/multimodal-tip-of-tongue-for-scientific-papers/.venv-mineru/lib/python3.11/site-packages/torch/nn/modules/module.py", line 1790, in _call_impl
(EngineCore pid=2807810) ERROR 09-28 11:42:12 [core.py:1140]     return forward_call(*args, **kwargs)
(EngineCore pid=2807810) ERROR 09-28 11:42:12 [core.py:1140]            ^^^^^^^^^^^^^^^^^^^^^^^^^^^^^
(EngineCore pid=2807810) ERROR 09-28 11:42:12 [core.py:1140]   File "/gpfs/home5/sfris1/multimodal-tip-of-tongue-for-scientific-papers/.venv-mineru/lib/python3.11/site-packages/vllm/v1/sample/ops/topk_topp_sampler.py", line 157, in forward_cuda
(EngineCore pid=2807810) ERROR 09-28 11:42:12 [core.py:1140]     return flashinfer_sample(logits.contiguous(), k, p, generators), None
(EngineCore pid=2807810) ERROR 09-28 11:42:12 [core.py:1140]            ^^^^^^^^^^^^^^^^^^^^^^^^^^^^^^^^^^^^^^^^^^^^^^^^^^^^^^^^
(EngineCore pid=2807810) ERROR 09-28 11:42:12 [core.py:1140]   File "/gpfs/home5/sfris1/multimodal-tip-of-tongue-for-scientific-papers/.venv-mineru/lib/python3.11/site-packages/vllm/v1/sample/ops/topk_topp_sampler.py", line 447, in flashinfer_sample
(EngineCore pid=2807810) ERROR 09-28 11:42:12 [core.py:1140]     next_token_ids = flashinfer.sampling.top_k_top_p_sampling_from_logits(
(EngineCore pid=2807810) ERROR 09-28 11:42:12 [core.py:1140]                      ^^^^^^^^^^^^^^^^^^^^^^^^^^^^^^^^^^^^^^^^^^^^^^^^^^^^^
(EngineCore pid=2807810) ERROR 09-28 11:42:12 [core.py:1140]   File "/gpfs/home5/sfris1/multimodal-tip-of-tongue-for-scientific-papers/.venv-mineru/lib/python3.11/site-packages/flashinfer/sampling.py", line 1400, in top_k_top_p_sampling_from_logits
(EngineCore pid=2807810) ERROR 09-28 11:42:12 [core.py:1140]     masked_logits = top_k_mask_logits(logits, top_k)
(EngineCore pid=2807810) ERROR 09-28 11:42:12 [core.py:1140]                     ^^^^^^^^^^^^^^^^^^^^^^^^^^^^^^^^
(EngineCore pid=2807810) ERROR 09-28 11:42:12 [core.py:1140]   File "/gpfs/home5/sfris1/multimodal-tip-of-tongue-for-scientific-papers/.venv-mineru/lib/python3.11/site-packages/flashinfer/sampling.py", line 1806, in top_k_mask_logits
(EngineCore pid=2807810) ERROR 09-28 11:42:12 [core.py:1140]     return get_sampling_module().top_k_mask_logits(
(EngineCore pid=2807810) ERROR 09-28 11:42:12 [core.py:1140]            ^^^^^^^^^^^^^^^^^^^^^
(EngineCore pid=2807810) ERROR 09-28 11:42:12 [core.py:1140]   File "/gpfs/home5/sfris1/multimodal-tip-of-tongue-for-scientific-papers/.venv-mineru/lib/python3.11/site-packages/flashinfer/sampling.py", line 54, in get_sampling_module
(EngineCore pid=2807810) ERROR 09-28 11:42:12 [core.py:1140]     module = gen_sampling_module().build_and_load()
(EngineCore pid=2807810) ERROR 09-28 11:42:12 [core.py:1140]              ^^^^^^^^^^^^^^^^^^^^^^^^^^^^^^^^^^^^^^
(EngineCore pid=2807810) ERROR 09-28 11:42:12 [core.py:1140]   File "/gpfs/home5/sfris1/multimodal-tip-of-tongue-for-scientific-papers/.venv-mineru/lib/python3.11/site-packages/flashinfer/jit/core.py", line 318, in build_and_load
(EngineCore pid=2807810) ERROR 09-28 11:42:12 [core.py:1140]     self.build(verbose, need_lock=False)
(EngineCore pid=2807810) ERROR 09-28 11:42:12 [core.py:1140]   File "/gpfs/home5/sfris1/multimodal-tip-of-tongue-for-scientific-papers/.venv-mineru/lib/python3.11/site-packages/flashinfer/jit/core.py", line 303, in build
(EngineCore pid=2807810) ERROR 09-28 11:42:12 [core.py:1140]     self.write_ninja()
(EngineCore pid=2807810) ERROR 09-28 11:42:12 [core.py:1140]   File "/gpfs/home5/sfris1/multimodal-tip-of-tongue-for-scientific-papers/.venv-mineru/lib/python3.11/site-packages/flashinfer/jit/core.py", line 274, in write_ninja
(EngineCore pid=2807810) ERROR 09-28 11:42:12 [core.py:1140]     content = generate_ninja_build_for_op(
(EngineCore pid=2807810) ERROR 09-28 11:42:12 [core.py:1140]               ^^^^^^^^^^^^^^^^^^^^^^^^^^^^
(EngineCore pid=2807810) ERROR 09-28 11:42:12 [core.py:1140]   File "/gpfs/home5/sfris1/multimodal-tip-of-tongue-for-scientific-papers/.venv-mineru/lib/python3.11/site-packages/flashinfer/jit/cpp_ext.py", line 216, in generate_ninja_build_for_op
(EngineCore pid=2807810) ERROR 09-28 11:42:12 [core.py:1140]     cuda_home = get_cuda_path()
(EngineCore pid=2807810) ERROR 09-28 11:42:12 [core.py:1140]                 ^^^^^^^^^^^^^^^
(EngineCore pid=2807810) ERROR 09-28 11:42:12 [core.py:1140]   File "/gpfs/home5/sfris1/multimodal-tip-of-tongue-for-scientific-papers/.venv-mineru/lib/python3.11/site-packages/flashinfer/jit/cpp_ext.py", line 61, in get_cuda_path
(EngineCore pid=2807810) ERROR 09-28 11:42:12 [core.py:1140]     raise RuntimeError(
(EngineCore pid=2807810) ERROR 09-28 11:42:12 [core.py:1140] RuntimeError: Could not find nvcc and default cuda_home='/usr/local/cuda' doesn't exist
(EngineCore pid=2807810) Process EngineCore:
(EngineCore pid=2807810) Traceback (most recent call last):
(EngineCore pid=2807810)   File "/home/sfris1/.local/share/uv/python/cpython-3.11.14-linux-x86_64-gnu/lib/python3.11/multiprocessing/process.py", line 314, in _bootstrap
(EngineCore pid=2807810)     self.run()
(EngineCore pid=2807810)   File "/home/sfris1/.local/share/uv/python/cpython-3.11.14-linux-x86_64-gnu/lib/python3.11/multiprocessing/process.py", line 108, in run
(EngineCore pid=2807810)     self._target(*self._args, **self._kwargs)
(EngineCore pid=2807810)   File "/gpfs/home5/sfris1/multimodal-tip-of-tongue-for-scientific-papers/.venv-mineru/lib/python3.11/site-packages/vllm/v1/engine/core.py", line 1144, in run_engine_core
(EngineCore pid=2807810)     raise e
(EngineCore pid=2807810)   File "/gpfs/home5/sfris1/multimodal-tip-of-tongue-for-scientific-papers/.venv-mineru/lib/python3.11/site-packages/vllm/v1/engine/core.py", line 1114, in run_engine_core
(EngineCore pid=2807810)     engine_core = EngineCoreProc(*args, engine_index=dp_rank, **kwargs)
(EngineCore pid=2807810)                   ^^^^^^^^^^^^^^^^^^^^^^^^^^^^^^^^^^^^^^^^^^^^^^^^^^^^^
(EngineCore pid=2807810)   File "/gpfs/home5/sfris1/multimodal-tip-of-tongue-for-scientific-papers/.venv-mineru/lib/python3.11/site-packages/vllm/tracing/otel.py", line 178, in sync_wrapper
(EngineCore pid=2807810)     return func(*args, **kwargs)
(EngineCore pid=2807810)            ^^^^^^^^^^^^^^^^^^^^^
(EngineCore pid=2807810)   File "/gpfs/home5/sfris1/multimodal-tip-of-tongue-for-scientific-papers/.venv-mineru/lib/python3.11/site-packages/vllm/v1/engine/core.py", line 880, in __init__
(EngineCore pid=2807810)     super().__init__(
(EngineCore pid=2807810)   File "/gpfs/home5/sfris1/multimodal-tip-of-tongue-for-scientific-papers/.venv-mineru/lib/python3.11/site-packages/vllm/v1/engine/core.py", line 128, in __init__
(EngineCore pid=2807810)     kv_cache_config = self._initialize_kv_caches(vllm_config)
(EngineCore pid=2807810)                       ^^^^^^^^^^^^^^^^^^^^^^^^^^^^^^^^^^^^^^^
(EngineCore pid=2807810)   File "/gpfs/home5/sfris1/multimodal-tip-of-tongue-for-scientific-papers/.venv-mineru/lib/python3.11/site-packages/vllm/tracing/otel.py", line 178, in sync_wrapper
(EngineCore pid=2807810)     return func(*args, **kwargs)
(EngineCore pid=2807810)            ^^^^^^^^^^^^^^^^^^^^^
(EngineCore pid=2807810)   File "/gpfs/home5/sfris1/multimodal-tip-of-tongue-for-scientific-papers/.venv-mineru/lib/python3.11/site-packages/vllm/v1/engine/core.py", line 250, in _initialize_kv_caches
(EngineCore pid=2807810)     available_gpu_memory = self.model_executor.determine_available_memory()
(EngineCore pid=2807810)                            ^^^^^^^^^^^^^^^^^^^^^^^^^^^^^^^^^^^^^^^^^^^^^^^^
(EngineCore pid=2807810)   File "/gpfs/home5/sfris1/multimodal-tip-of-tongue-for-scientific-papers/.venv-mineru/lib/python3.11/site-packages/vllm/v1/executor/abstract.py", line 147, in determine_available_memory
(EngineCore pid=2807810)     return self.collective_rpc("determine_available_memory")
(EngineCore pid=2807810)            ^^^^^^^^^^^^^^^^^^^^^^^^^^^^^^^^^^^^^^^^^^^^^^^^^
(EngineCore pid=2807810)   File "/gpfs/home5/sfris1/multimodal-tip-of-tongue-for-scientific-papers/.venv-mineru/lib/python3.11/site-packages/vllm/v1/executor/uniproc_executor.py", line 93, in collective_rpc
(EngineCore pid=2807810)     result = run_method(self.driver_worker, method, args, kwargs)
(EngineCore pid=2807810)              ^^^^^^^^^^^^^^^^^^^^^^^^^^^^^^^^^^^^^^^^^^^^^^^^^^^^
(EngineCore pid=2807810)   File "/gpfs/home5/sfris1/multimodal-tip-of-tongue-for-scientific-papers/.venv-mineru/lib/python3.11/site-packages/vllm/v1/serial_utils.py", line 510, in run_method
(EngineCore pid=2807810)     return func(*args, **kwargs)
(EngineCore pid=2807810)            ^^^^^^^^^^^^^^^^^^^^^
(EngineCore pid=2807810)   File "/gpfs/home5/sfris1/multimodal-tip-of-tongue-for-scientific-papers/.venv-mineru/lib/python3.11/site-packages/torch/utils/_contextlib.py", line 124, in decorate_context
(EngineCore pid=2807810)     return func(*args, **kwargs)
(EngineCore pid=2807810)            ^^^^^^^^^^^^^^^^^^^^^
(EngineCore pid=2807810)   File "/gpfs/home5/sfris1/multimodal-tip-of-tongue-for-scientific-papers/.venv-mineru/lib/python3.11/site-packages/vllm/v1/worker/gpu_worker.py", line 392, in determine_available_memory
(EngineCore pid=2807810)     self.model_runner.profile_run()
(EngineCore pid=2807810)   File "/gpfs/home5/sfris1/multimodal-tip-of-tongue-for-scientific-papers/.venv-mineru/lib/python3.11/site-packages/vllm/v1/worker/gpu_model_runner.py", line 5955, in profile_run
(EngineCore pid=2807810)     output = self._dummy_sampler_run(last_hidden_states)
(EngineCore pid=2807810)              ^^^^^^^^^^^^^^^^^^^^^^^^^^^^^^^^^^^^^^^^^^^
(EngineCore pid=2807810)   File "/gpfs/home5/sfris1/multimodal-tip-of-tongue-for-scientific-papers/.venv-mineru/lib/python3.11/site-packages/torch/utils/_contextlib.py", line 124, in decorate_context
(EngineCore pid=2807810)     return func(*args, **kwargs)
(EngineCore pid=2807810)            ^^^^^^^^^^^^^^^^^^^^^
(EngineCore pid=2807810)   File "/gpfs/home5/sfris1/multimodal-tip-of-tongue-for-scientific-papers/.venv-mineru/lib/python3.11/site-packages/vllm/v1/worker/gpu_model_runner.py", line 5775, in _dummy_sampler_run
(EngineCore pid=2807810)     raise e
(EngineCore pid=2807810)   File "/gpfs/home5/sfris1/multimodal-tip-of-tongue-for-scientific-papers/.venv-mineru/lib/python3.11/site-packages/vllm/v1/worker/gpu_model_runner.py", line 5743, in _dummy_sampler_run
(EngineCore pid=2807810)     sampler_output = self.sampler(
(EngineCore pid=2807810)                      ^^^^^^^^^^^^^
(EngineCore pid=2807810)   File "/gpfs/home5/sfris1/multimodal-tip-of-tongue-for-scientific-papers/.venv-mineru/lib/python3.11/site-packages/torch/nn/modules/module.py", line 1779, in _wrapped_call_impl
(EngineCore pid=2807810)     return self._call_impl(*args, **kwargs)
(EngineCore pid=2807810)            ^^^^^^^^^^^^^^^^^^^^^^^^^^^^^^^^
(EngineCore pid=2807810)   File "/gpfs/home5/sfris1/multimodal-tip-of-tongue-for-scientific-papers/.venv-mineru/lib/python3.11/site-packages/torch/nn/modules/module.py", line 1790, in _call_impl
(EngineCore pid=2807810)     return forward_call(*args, **kwargs)
(EngineCore pid=2807810)            ^^^^^^^^^^^^^^^^^^^^^^^^^^^^^
(EngineCore pid=2807810)   File "/gpfs/home5/sfris1/multimodal-tip-of-tongue-for-scientific-papers/.venv-mineru/lib/python3.11/site-packages/vllm/v1/sample/sampler.py", line 97, in forward
(EngineCore pid=2807810)     sampled, processed_logprobs = self.sample(logits, sampling_metadata)
(EngineCore pid=2807810)                                   ^^^^^^^^^^^^^^^^^^^^^^^^^^^^^^^^^^^^^^
(EngineCore pid=2807810)   File "/gpfs/home5/sfris1/multimodal-tip-of-tongue-for-scientific-papers/.venv-mineru/lib/python3.11/site-packages/vllm/v1/sample/sampler.py", line 272, in sample
(EngineCore pid=2807810)     random_sampled, processed_logprobs = self.topk_topp_sampler(
(EngineCore pid=2807810)                                          ^^^^^^^^^^^^^^^^^^^^^^^
(EngineCore pid=2807810)   File "/gpfs/home5/sfris1/multimodal-tip-of-tongue-for-scientific-papers/.venv-mineru/lib/python3.11/site-packages/torch/nn/modules/module.py", line 1779, in _wrapped_call_impl
(EngineCore pid=2807810)     return self._call_impl(*args, **kwargs)
(EngineCore pid=2807810)            ^^^^^^^^^^^^^^^^^^^^^^^^^^^^^^^^
(EngineCore pid=2807810)   File "/gpfs/home5/sfris1/multimodal-tip-of-tongue-for-scientific-papers/.venv-mineru/lib/python3.11/site-packages/torch/nn/modules/module.py", line 1790, in _call_impl
(EngineCore pid=2807810)     return forward_call(*args, **kwargs)
(EngineCore pid=2807810)            ^^^^^^^^^^^^^^^^^^^^^^^^^^^^^
(EngineCore pid=2807810)   File "/gpfs/home5/sfris1/multimodal-tip-of-tongue-for-scientific-papers/.venv-mineru/lib/python3.11/site-packages/vllm/v1/sample/ops/topk_topp_sampler.py", line 157, in forward_cuda
(EngineCore pid=2807810)     return flashinfer_sample(logits.contiguous(), k, p, generators), None
(EngineCore pid=2807810)            ^^^^^^^^^^^^^^^^^^^^^^^^^^^^^^^^^^^^^^^^^^^^^^^^^^^^^^^^
(EngineCore pid=2807810)   File "/gpfs/home5/sfris1/multimodal-tip-of-tongue-for-scientific-papers/.venv-mineru/lib/python3.11/site-packages/vllm/v1/sample/ops/topk_topp_sampler.py", line 447, in flashinfer_sample
(EngineCore pid=2807810)     next_token_ids = flashinfer.sampling.top_k_top_p_sampling_from_logits(
(EngineCore pid=2807810)                      ^^^^^^^^^^^^^^^^^^^^^^^^^^^^^^^^^^^^^^^^^^^^^^^^^^^^^
(EngineCore pid=2807810)   File "/gpfs/home5/sfris1/multimodal-tip-of-tongue-for-scientific-papers/.venv-mineru/lib/python3.11/site-packages/flashinfer/sampling.py", line 1400, in top_k_top_p_sampling_from_logits
(EngineCore pid=2807810)     masked_logits = top_k_mask_logits(logits, top_k)
(EngineCore pid=2807810)                     ^^^^^^^^^^^^^^^^^^^^^^^^^^^^^^^^
(EngineCore pid=2807810)   File "/gpfs/home5/sfris1/multimodal-tip-of-tongue-for-scientific-papers/.venv-mineru/lib/python3.11/site-packages/flashinfer/sampling.py", line 1806, in top_k_mask_logits
(EngineCore pid=2807810)     return get_sampling_module().top_k_mask_logits(
(EngineCore pid=2807810)            ^^^^^^^^^^^^^^^^^^^^^
(EngineCore pid=2807810)   File "/gpfs/home5/sfris1/multimodal-tip-of-tongue-for-scientific-papers/.venv-mineru/lib/python3.11/site-packages/flashinfer/sampling.py", line 54, in get_sampling_module
(EngineCore pid=2807810)     module = gen_sampling_module().build_and_load()
(EngineCore pid=2807810)              ^^^^^^^^^^^^^^^^^^^^^^^^^^^^^^^^^^^^^^
(EngineCore pid=2807810)   File "/gpfs/home5/sfris1/multimodal-tip-of-tongue-for-scientific-papers/.venv-mineru/lib/python3.11/site-packages/flashinfer/jit/core.py", line 318, in build_and_load
(EngineCore pid=2807810)     self.build(verbose, need_lock=False)
(EngineCore pid=2807810)   File "/gpfs/home5/sfris1/multimodal-tip-of-tongue-for-scientific-papers/.venv-mineru/lib/python3.11/site-packages/flashinfer/jit/core.py", line 303, in build
(EngineCore pid=2807810)     self.write_ninja()
(EngineCore pid=2807810)   File "/gpfs/home5/sfris1/multimodal-tip-of-tongue-for-scientific-papers/.venv-mineru/lib/python3.11/site-packages/flashinfer/jit/core.py", line 274, in write_ninja
(EngineCore pid=2807810)     content = generate_ninja_build_for_op(
(EngineCore pid=2807810)               ^^^^^^^^^^^^^^^^^^^^^^^^^^^^
(EngineCore pid=2807810)   File "/gpfs/home5/sfris1/multimodal-tip-of-tongue-for-scientific-papers/.venv-mineru/lib/python3.11/site-packages/flashinfer/jit/cpp_ext.py", line 216, in generate_ninja_build_for_op
(EngineCore pid=2807810)     cuda_home = get_cuda_path()
(EngineCore pid=2807810)                 ^^^^^^^^^^^^^^^
(EngineCore pid=2807810)   File "/gpfs/home5/sfris1/multimodal-tip-of-tongue-for-scientific-papers/.venv-mineru/lib/python3.11/site-packages/flashinfer/jit/cpp_ext.py", line 61, in get_cuda_path
(EngineCore pid=2807810)     raise RuntimeError(
(EngineCore pid=2807810) RuntimeError: Could not find nvcc and default cuda_home='/usr/local/cuda' doesn't exist
[rank0]:[W928 11:42:13.365647792 ProcessGroupNCCL.cpp:1575] Warning: WARNING: destroy_process_group() was not called before program exit, which can leak resources. For more info, please see https://pytorch.org/docs/stable/distributed.html#shutdown (function operator())
INFO:     127.0.0.1:46112 - "GET /tasks/3ff24e73-1f43-4708-9ccc-7266d787cf87 HTTP/1.1" 200 OK
INFO:     127.0.0.1:46122 - "GET /tasks/f33c4372-70a7-4e5b-acf5-1e1cf783899a HTTP/1.1" 200 OK
INFO:     127.0.0.1:46116 - "GET /tasks/0d3d4c9d-6e0c-4360-a78c-6901306262dc HTTP/1.1" 200 OK
2026-09-28 11:42:14.663 | INFO     | mineru.backend.vlm.utils:enable_custom_logits_processors:56 - compute_capability: 8.0 >= 8.0 and vllm version: 0.21.0 >= 0.10.1, enable custom_logits_processors
2026-09-28 11:42:14.655 | ERROR    | __main__:_process_task:1154 - Async task failed: ab233a83-6b03-44ba-a600-d1b8098b4caa
Traceback (most recent call last):

  File "<frozen runpy>", line 198, in _run_module_as_main
  File "<frozen runpy>", line 88, in _run_code
  File "/gpfs/home5/sfris1/multimodal-tip-of-tongue-for-scientific-papers/.venv-mineru/lib/python3.11/site-packages/mineru/cli/fast_api.py", line 1474, in <module>
    main()
    └ <Command main>
  File "/gpfs/home5/sfris1/multimodal-tip-of-tongue-for-scientific-papers/.venv-mineru/lib/python3.11/site-packages/click/core.py", line 1631, in __call__
    return self.main(*args, **kwargs)
           │    │     │       └ {}
           │    │     └ ()
           │    └ <function Command.main at 0x14a3ba38da80>
           └ <Command main>
  File "/gpfs/home5/sfris1/multimodal-tip-of-tongue-for-scientific-papers/.venv-mineru/lib/python3.11/site-packages/click/core.py", line 1552, in main
    rv = self.invoke(ctx)
         │    │      └ <click.core.Context object at 0x14a1298ec9d0>
         │    └ <function Command.invoke at 0x14a3ba38d760>
         └ <Command main>
  File "/gpfs/home5/sfris1/multimodal-tip-of-tongue-for-scientific-papers/.venv-mineru/lib/python3.11/site-packages/click/core.py", line 1415, in invoke
    return ctx.invoke(self.callback, **ctx.params)
           │   │      │    │           │   └ {'host': '127.0.0.1', 'port': 51311, 'reload': False, 'allow_public_http_client': False, 'enable_vlm_preload': False}
           │   │      │    │           └ <click.core.Context object at 0x14a1298ec9d0>
           │   │      │    └ <function main at 0x14a1298868e0>
           │   │      └ <Command main>
           │   └ <function Context.invoke at 0x14a3ba38c900>
           └ <click.core.Context object at 0x14a1298ec9d0>
  File "/gpfs/home5/sfris1/multimodal-tip-of-tongue-for-scientific-papers/.venv-mineru/lib/python3.11/site-packages/click/core.py", line 910, in invoke
    return callback(*args, **kwargs)
           │         │       └ {'host': '127.0.0.1', 'port': 51311, 'reload': False, 'allow_public_http_client': False, 'enable_vlm_preload': False}
           │         └ ()
           └ <function main at 0x14a1298868e0>
  File "/gpfs/home5/sfris1/multimodal-tip-of-tongue-for-scientific-papers/.venv-mineru/lib/python3.11/site-packages/click/decorators.py", line 34, in new_func
    return f(get_current_context(), *args, **kwargs)
           │ │                       │       └ {'host': '127.0.0.1', 'port': 51311, 'reload': False, 'allow_public_http_client': False, 'enable_vlm_preload': False}
           │ │                       └ ()
           │ └ <function get_current_context at 0x14a3ba321620>
           └ <function main at 0x14a129886c00>
  File "/gpfs/home5/sfris1/multimodal-tip-of-tongue-for-scientific-papers/.venv-mineru/lib/python3.11/site-packages/mineru/cli/fast_api.py", line 1470, in main
    server.run()
    │      └ <function Server.run at 0x14a3ba2b0900>
    └ <uvicorn.server.Server object at 0x14a3ba259f50>
  File "/gpfs/home5/sfris1/multimodal-tip-of-tongue-for-scientific-papers/.venv-mineru/lib/python3.11/site-packages/uvicorn/server.py", line 86, in run
    return asyncio_run(self.serve(sockets=sockets), loop_factory=self.config.get_loop_factory())
           │           │    │             │                      │    │      └ <function Config.get_loop_factory at 0x14a3ba2640e0>
           │           │    │             │                      │    └ <uvicorn.config.Config object at 0x14a1298ee490>
           │           │    │             │                      └ <uvicorn.server.Server object at 0x14a3ba259f50>
           │           │    │             └ None
           │           │    └ <function Server.serve at 0x14a3ba2b09a0>
           │           └ <uvicorn.server.Server object at 0x14a3ba259f50>
           └ <function asyncio_run at 0x14a3ba211620>
  File "/gpfs/home5/sfris1/multimodal-tip-of-tongue-for-scientific-papers/.venv-mineru/lib/python3.11/site-packages/uvicorn/_compat.py", line 30, in asyncio_run
    return runner.run(main)
           │      │   └ <coroutine object Server.serve at 0x14a12992e020>
           │      └ <function Runner.run at 0x14a3ba4f4f40>
           └ <asyncio.runners.Runner object at 0x14a1298eeb10>
  File "/home/sfris1/.local/share/uv/python/cpython-3.11.14-linux-x86_64-gnu/lib/python3.11/asyncio/runners.py", line 118, in run
    return self._loop.run_until_complete(task)
           │    │     │                  └ <Task pending name='Task-1' coro=<Server.serve() running at /gpfs/home5/sfris1/multimodal-tip-of-tongue-for-scientific-papers...
           │    │     └ <cyfunction Loop.run_until_complete at 0x14a12988f400>
           │    └ <uvloop.Loop running=True closed=False debug=False>
           └ <asyncio.runners.Runner object at 0x14a1298eeb10>
> File "/gpfs/home5/sfris1/multimodal-tip-of-tongue-for-scientific-papers/.venv-mineru/lib/python3.11/site-packages/mineru/cli/fast_api.py", line 1144, in _process_task
    await self._run_task(task)
          │    │         └ AsyncParseTask(task_id='ab233a83-6b03-44ba-a600-d1b8098b4caa', status='failed', backend='hybrid-engine', file_names=['2022.co...
          │    └ <function AsyncTaskManager._run_task at 0x14a12997ca40>
          └ <__main__.AsyncTaskManager object at 0x14a12962d810>
  File "/gpfs/home5/sfris1/multimodal-tip-of-tongue-for-scientific-papers/.venv-mineru/lib/python3.11/site-packages/mineru/cli/fast_api.py", line 1174, in _run_task
    await run_parse_job(
          └ <function run_parse_job at 0x14a129963d80>
  File "/gpfs/home5/sfris1/multimodal-tip-of-tongue-for-scientific-papers/.venv-mineru/lib/python3.11/site-packages/mineru/cli/fast_api.py", line 866, in run_parse_job
    await aio_do_parse(**parse_kwargs)
          │              └ {'output_dir': '/tmp/sfris1/mineru_27290888/tmp/local-gpu-0-mm1vfh5m/output/ab233a83-6b03-44ba-a600-d1b8098b4caa', 'pdf_file_...
          └ <function aio_do_parse at 0x14a129960540>
  File "/gpfs/home5/sfris1/multimodal-tip-of-tongue-for-scientific-papers/.venv-mineru/lib/python3.11/site-packages/mineru/cli/common.py", line 846, in aio_do_parse
    await _async_process_hybrid(
          └ <function _async_process_hybrid at 0x14a129960360>
  File "/gpfs/home5/sfris1/multimodal-tip-of-tongue-for-scientific-papers/.venv-mineru/lib/python3.11/site-packages/mineru/cli/common.py", line 595, in _async_process_hybrid
    middle_json, infer_result = await aio_hybrid_doc_analyze(
                                      └ <function aio_doc_analyze at 0x14a102a798a0>
  File "/gpfs/home5/sfris1/multimodal-tip-of-tongue-for-scientific-papers/.venv-mineru/lib/python3.11/site-packages/mineru/backend/hybrid/hybrid_analyze.py", line 1116, in aio_doc_analyze
    predictor = await _get_model_async(backend, model_path, server_url, **kwargs)
                      │                │        │           │             └ {}
                      │                │        │           └ None
                      │                │        └ None
                      │                └ 'vllm-async-engine'
                      └ <function _get_model_async at 0x14a1b4991580>
  File "/gpfs/home5/sfris1/multimodal-tip-of-tongue-for-scientific-papers/.venv-mineru/lib/python3.11/site-packages/mineru/backend/vlm/vlm_analyze.py", line 271, in _get_model_async
    return await asyncio.to_thread(
                 │       └ <function to_thread at 0x14a3ba5127a0>
                 └ <module 'asyncio' from '/home/sfris1/.local/share/uv/python/cpython-3.11.14-linux-x86_64-gnu/lib/python3.11/asyncio/__init__....
  File "/home/sfris1/.local/share/uv/python/cpython-3.11.14-linux-x86_64-gnu/lib/python3.11/asyncio/threads.py", line 25, in to_thread
    return await loop.run_in_executor(None, func_call)
                 │    │                     └ functools.partial(<built-in method run of _contextvars.Context object at 0x14a0047dfc80>, <bound method ModelSingleton.get_mo...
                 │    └ <cyfunction Loop.run_in_executor at 0x14a129598700>
                 └ <uvloop.Loop running=True closed=False debug=False>
  File "/home/sfris1/.local/share/uv/python/cpython-3.11.14-linux-x86_64-gnu/lib/python3.11/concurrent/futures/thread.py", line 58, in run
    result = self.fn(*self.args, **self.kwargs)
             │        │            └ None
             │        └ None
             └ None
  File "/gpfs/home5/sfris1/multimodal-tip-of-tongue-for-scientific-papers/.venv-mineru/lib/python3.11/site-packages/mineru/backend/vlm/vlm_analyze.py", line 174, in get_model
    vllm_async_llm = AsyncLLM.from_engine_args(AsyncEngineArgs(**kwargs))
                     │        │                │                 └ {'gpu_memory_utilization': 0.5, 'model': '/home/sfris1/.cache/huggingface/hub/models--opendatalab--MinerU2.5-Pro-2605-1.2B/sn...
                     │        │                └ <class 'vllm.engine.arg_utils.AsyncEngineArgs'>
                     │        └ <classmethod(<function AsyncLLM.from_engine_args at 0x14a0501c1440>)>
                     └ <class 'vllm.v1.engine.async_llm.AsyncLLM'>
  File "/gpfs/home5/sfris1/multimodal-tip-of-tongue-for-scientific-papers/.venv-mineru/lib/python3.11/site-packages/vllm/v1/engine/async_llm.py", line 246, in from_engine_args
    return cls(
           └ <class 'vllm.v1.engine.async_llm.AsyncLLM'>
  File "/gpfs/home5/sfris1/multimodal-tip-of-tongue-for-scientific-papers/.venv-mineru/lib/python3.11/site-packages/vllm/v1/engine/async_llm.py", line 146, in __init__
    self.engine_core = EngineCoreClient.make_async_mp_client(
    │                  │                └ <staticmethod(<function EngineCoreClient.make_async_mp_client at 0x14a06015d620>)>
    │                  └ <class 'vllm.v1.engine.core_client.EngineCoreClient'>
    └ <vllm.v1.engine.async_llm.AsyncLLM object at 0x14a102a5dd50>
  File "/gpfs/home5/sfris1/multimodal-tip-of-tongue-for-scientific-papers/.venv-mineru/lib/python3.11/site-packages/vllm/tracing/otel.py", line 178, in sync_wrapper
    return func(*args, **kwargs)
           │     │       └ {'vllm_config': VllmConfig(model_config=ModelConfig(model='/home/sfris1/.cache/huggingface/hub/models--opendatalab--MinerU2.5...
           │     └ ()
           └ <function EngineCoreClient.make_async_mp_client at 0x14a06015d4e0>
  File "/gpfs/home5/sfris1/multimodal-tip-of-tongue-for-scientific-papers/.venv-mineru/lib/python3.11/site-packages/vllm/v1/engine/core_client.py", line 130, in make_async_mp_client
    return AsyncMPClient(*client_args)
           │              └ (VllmConfig(model_config=ModelConfig(model='/home/sfris1/.cache/huggingface/hub/models--opendatalab--MinerU2.5-Pro-2605-1.2B/...
           └ <class 'vllm.v1.engine.core_client.AsyncMPClient'>
  File "/gpfs/home5/sfris1/multimodal-tip-of-tongue-for-scientific-papers/.venv-mineru/lib/python3.11/site-packages/vllm/tracing/otel.py", line 178, in sync_wrapper
    return func(*args, **kwargs)
           │     │       └ {}
           │     └ (<vllm.v1.engine.core_client.AsyncMPClient object at 0x149fe3795750>, VllmConfig(model_config=ModelConfig(model='/home/sfris1...
           └ <function AsyncMPClient.__init__ at 0x14a06016d940>
  File "/gpfs/home5/sfris1/multimodal-tip-of-tongue-for-scientific-papers/.venv-mineru/lib/python3.11/site-packages/vllm/v1/engine/core_client.py", line 900, in __init__
    super().__init__(
  File "/gpfs/home5/sfris1/multimodal-tip-of-tongue-for-scientific-papers/.venv-mineru/lib/python3.11/site-packages/vllm/v1/engine/core_client.py", line 535, in __init__
    with launch_core_engines(
         └ <function launch_core_engines at 0x14a060151620>
  File "/home/sfris1/.local/share/uv/python/cpython-3.11.14-linux-x86_64-gnu/lib/python3.11/contextlib.py", line 144, in __exit__
    next(self.gen)
         │    └ <generator object launch_core_engines at 0x14a027927880>
         └ <contextlib._GeneratorContextManager object at 0x149fe14edb90>
  File "/gpfs/home5/sfris1/multimodal-tip-of-tongue-for-scientific-papers/.venv-mineru/lib/python3.11/site-packages/vllm/v1/engine/utils.py", line 1128, in launch_core_engines
    wait_for_engine_startup(
    └ <function wait_for_engine_startup at 0x14a0601516c0>
  File "/gpfs/home5/sfris1/multimodal-tip-of-tongue-for-scientific-papers/.venv-mineru/lib/python3.11/site-packages/vllm/v1/engine/utils.py", line 1187, in wait_for_engine_startup
    raise RuntimeError(

RuntimeError: Engine core initialization failed. See root cause above. Failed core proc(s): {}
INFO 09-28 11:42:14 [model.py:568] Resolved architecture: Qwen2VLForConditionalGeneration
INFO 09-28 11:42:14 [model.py:1697] Using max model len 8192
INFO 09-28 11:42:14 [kernel.py:212] Final IR op priority after setting platform defaults: IrOpPriorityConfig(rms_norm=['native'], fused_add_rms_norm=['native'])
INFO:     127.0.0.1:46320 - "POST /tasks HTTP/1.1" 202 Accepted
INFO:     127.0.0.1:46112 - "GET /tasks/319b355d-ca3d-472b-aece-d3d9fae758ec HTTP/1.1" 200 OK
2026-09-28 11:42:16.692 | INFO     | mineru.utils.engine_utils:get_vlm_engine:34 - Using vllm-async-engine as the inference engine for VLM.
[1;31m2026-09-28 11:42:17.357921174 [E:onnxruntime:Default, env.cc:298 ThreadMain] pthread_setaffinity_np failed for thread: 2808422, index: 42, mask: {43, }, error code: 22 error msg: Invalid argument. Specify the number of threads explicitly so the affinity is not set.[m
[1;31m2026-09-28 11:42:17.358839302 [E:onnxruntime:Default, env.cc:298 ThreadMain] pthread_setaffinity_np failed for thread: 2808404, index: 24, mask: {25, }, error code: 22 error msg: Invalid argument. Specify the number of threads explicitly so the affinity is not set.[m
[1;31m2026-09-28 11:42:17.358844748 [E:onnxruntime:Default, env.cc:298 ThreadMain] pthread_setaffinity_np failed for thread: 2808409, index: 29, mask: {30, }, error code: 22 error msg: Invalid argument. Specify the number of threads explicitly so the affinity is not set.[m
[1;31m2026-09-28 11:42:17.361767238 [E:onnxruntime:Default, env.cc:298 ThreadMain] pthread_setaffinity_np failed for thread: 2808398, index: 18, mask: {19, }, error code: 22 error msg: Invalid argument. Specify the number of threads explicitly so the affinity is not set.[m
[1;31m2026-09-28 11:42:17.362756174 [E:onnxruntime:Default, env.cc:298 ThreadMain] pthread_setaffinity_np failed for thread: 2808402, index: 22, mask: {23, }, error code: 22 error msg: Invalid argument. Specify the number of threads explicitly so the affinity is not set.[m
[1;31m2026-09-28 11:42:17.365764583 [E:onnxruntime:Default, env.cc:298 ThreadMain] pthread_setaffinity_np failed for thread: 2808405, index: 25, mask: {26, }, error code: 22 error msg: Invalid argument. Specify the number of threads explicitly so the affinity is not set.[m
[1;31m2026-09-28 11:42:17.366165802 [E:onnxruntime:Default, env.cc:298 ThreadMain] pthread_setaffinity_np failed for thread: 2808423, index: 43, mask: {44, }, error code: 22 error msg: Invalid argument. Specify the number of threads explicitly so the affinity is not set.[m
[1;31m2026-09-28 11:42:17.366180663 [E:onnxruntime:Default, env.cc:298 ThreadMain] pthread_setaffinity_np failed for thread: 2808429, index: 49, mask: {50, }, error code: 22 error msg: Invalid argument. Specify the number of threads explicitly so the affinity is not set.[m
[1;31m2026-09-28 11:42:17.366202137 [E:onnxruntime:Default, env.cc:298 ThreadMain] pthread_setaffinity_np failed for thread: 2808430, index: 50, mask: {51, }, error code: 22 error msg: Invalid argument. Specify the number of threads explicitly so the affinity is not set.[m
[1;31m2026-09-28 11:42:17.366899002 [E:onnxruntime:Default, env.cc:298 ThreadMain] pthread_setaffinity_np failed for thread: 2808439, index: 59, mask: {60, }, error code: 22 error msg: Invalid argument. Specify the number of threads explicitly so the affinity is not set.[m
[1;31m2026-09-28 11:42:17.366924044 [E:onnxruntime:Default, env.cc:298 ThreadMain] pthread_setaffinity_np failed for thread: 2808412, index: 32, mask: {33, }, error code: 22 error msg: Invalid argument. Specify the number of threads explicitly so the affinity is not set.[m
[1;31m2026-09-28 11:42:17.366956137 [E:onnxruntime:Default, env.cc:298 ThreadMain] pthread_setaffinity_np failed for thread: 2808401, index: 21, mask: {22, }, error code: 22 error msg: Invalid argument. Specify the number of threads explicitly so the affinity is not set.[m
[1;31m2026-09-28 11:42:17.366954408 [E:onnxruntime:Default, env.cc:298 ThreadMain] pthread_setaffinity_np failed for thread: 2808421, index: 41, mask: {42, }, error code: 22 error msg: Invalid argument. Specify the number of threads explicitly so the affinity is not set.[m
[1;31m2026-09-28 11:42:17.366973411 [E:onnxruntime:Default, env.cc:298 ThreadMain] pthread_setaffinity_np failed for thread: 2808399, index: 19, mask: {20, }, error code: 22 error msg: Invalid argument. Specify the number of threads explicitly so the affinity is not set.[m
[1;31m2026-09-28 11:42:17.386746323 [E:onnxruntime:Default, env.cc:298 ThreadMain] pthread_setaffinity_np failed for thread: 2808413, index: 33, mask: {34, }, error code: 22 error msg: Invalid argument. Specify the number of threads explicitly so the affinity is not set.[m
[1;31m2026-09-28 11:42:17.366987995 [E:onnxruntime:Default, env.cc:298 ThreadMain] pthread_setaffinity_np failed for thread: 2808414, index: 34, mask: {35, }, error code: 22 error msg: Invalid argument. Specify the number of threads explicitly so the affinity is not set.[m
[1;31m2026-09-28 11:42:17.367001345 [E:onnxruntime:Default, env.cc:298 ThreadMain] pthread_setaffinity_np failed for thread: 2808417, index: 37, mask: {38, }, error code: 22 error msg: Invalid argument. Specify the number of threads explicitly so the affinity is not set.[m
[1;31m2026-09-28 11:42:17.370750884 [E:onnxruntime:Default, env.cc:298 ThreadMain] pthread_setaffinity_np failed for thread: 2808400, index: 20, mask: {21, }, error code: 22 error msg: Invalid argument. Specify the number of threads explicitly so the affinity is not set.[m
[1;31m2026-09-28 11:42:17.370750334 [E:onnxruntime:Default, env.cc:298 ThreadMain] pthread_setaffinity_np failed for thread: 2808408, index: 28, mask: {29, }, error code: 22 error msg: Invalid argument. Specify the number of threads explicitly so the affinity is not set.[m
[1;31m2026-09-28 11:42:17.400775094 [E:onnxruntime:Default, env.cc:298 ThreadMain] pthread_setaffinity_np failed for thread: 2808428, index: 48, mask: {49, }, error code: 22 error msg: Invalid argument. Specify the number of threads explicitly so the affinity is not set.[m
[1;31m2026-09-28 11:42:17.370770306 [E:onnxruntime:Default, env.cc:298 ThreadMain] pthread_setaffinity_np failed for thread: 2808397, index: 17, mask: {18, }, error code: 22 error msg: Invalid argument. Specify the number of threads explicitly so the affinity is not set.[m
[1;31m2026-09-28 11:42:17.370772458 [E:onnxruntime:Default, env.cc:298 ThreadMain] pthread_setaffinity_np failed for thread: 2808410, index: 30, mask: {31, }, error code: 22 error msg: Invalid argument. Specify the number of threads explicitly so the affinity is not set.[m
[1;31m2026-09-28 11:42:17.370787746 [E:onnxruntime:Default, env.cc:298 ThreadMain] pthread_setaffinity_np failed for thread: 2808403, index: 23, mask: {24, }, error code: 22 error msg: Invalid argument. Specify the number of threads explicitly so the affinity is not set.[m
[1;31m2026-09-28 11:42:17.370803283 [E:onnxruntime:Default, env.cc:298 ThreadMain] pthread_setaffinity_np failed for thread: 2808420, index: 40, mask: {41, }, error code: 22 error msg: Invalid argument. Specify the number of threads explicitly so the affinity is not set.[m
[1;31m2026-09-28 11:42:17.370817756 [E:onnxruntime:Default, env.cc:298 ThreadMain] pthread_setaffinity_np failed for thread: 2808407, index: 27, mask: {28, }, error code: 22 error msg: Invalid argument. Specify the number of threads explicitly so the affinity is not set.[m
[1;31m2026-09-28 11:42:17.373745334 [E:onnxruntime:Default, env.cc:298 ThreadMain] pthread_setaffinity_np failed for thread: 2808432, index: 52, mask: {53, }, error code: 22 error msg: Invalid argument. Specify the number of threads explicitly so the affinity is not set.[m
[1;31m2026-09-28 11:42:17.383745855 [E:onnxruntime:Default, env.cc:298 ThreadMain] pthread_setaffinity_np failed for thread: 2808406, index: 26, mask: {27, }, error code: 22 error msg: Invalid argument. Specify the number of threads explicitly so the affinity is not set.[m
[1;31m2026-09-28 11:42:17.405764837 [E:onnxruntime:Default, env.cc:298 ThreadMain] pthread_setaffinity_np failed for thread: 2808425, index: 45, mask: {46, }, error code: 22 error msg: Invalid argument. Specify the number of threads explicitly so the affinity is not set.[m
[1;31m2026-09-28 11:42:17.405774057 [E:onnxruntime:Default, env.cc:298 ThreadMain] pthread_setaffinity_np failed for thread: 2808427, index: 47, mask: {48, }, error code: 22 error msg: Invalid argument. Specify the number of threads explicitly so the affinity is not set.[m
[1;31m2026-09-28 11:42:17.410766846 [E:onnxruntime:Default, env.cc:298 ThreadMain] pthread_setaffinity_np failed for thread: 2808443, index: 63, mask: {64, }, error code: 22 error msg: Invalid argument. Specify the number of threads explicitly so the affinity is not set.[m
[1;31m2026-09-28 11:42:17.412789591 [E:onnxruntime:Default, env.cc:298 ThreadMain] pthread_setaffinity_np failed for thread: 2808441, index: 61, mask: {62, }, error code: 22 error msg: Invalid argument. Specify the number of threads explicitly so the affinity is not set.[m
[1;31m2026-09-28 11:42:17.414756261 [E:onnxruntime:Default, env.cc:298 ThreadMain] pthread_setaffinity_np failed for thread: 2808449, index: 69, mask: {70, }, error code: 22 error msg: Invalid argument. Specify the number of threads explicitly so the affinity is not set.[m
[1;31m2026-09-28 11:42:17.418761023 [E:onnxruntime:Default, env.cc:298 ThreadMain] pthread_setaffinity_np failed for thread: 2808450, index: 70, mask: {71, }, error code: 22 error msg: Invalid argument. Specify the number of threads explicitly so the affinity is not set.[m
[1;31m2026-09-28 11:42:17.421762521 [E:onnxruntime:Default, env.cc:298 ThreadMain] pthread_setaffinity_np failed for thread: 2808445, index: 65, mask: {66, }, error code: 22 error msg: Invalid argument. Specify the number of threads explicitly so the affinity is not set.[m
[1;31m2026-09-28 11:42:17.428762646 [E:onnxruntime:Default, env.cc:298 ThreadMain] pthread_setaffinity_np failed for thread: 2808433, index: 53, mask: {54, }, error code: 22 error msg: Invalid argument. Specify the number of threads explicitly so the affinity is not set.[m
[1;31m2026-09-28 11:42:17.430743810 [E:onnxruntime:Default, env.cc:298 ThreadMain] pthread_setaffinity_np failed for thread: 2808437, index: 57, mask: {58, }, error code: 22 error msg: Invalid argument. Specify the number of threads explicitly so the affinity is not set.[m
[1;31m2026-09-28 11:42:17.433781410 [E:onnxruntime:Default, env.cc:298 ThreadMain] pthread_setaffinity_np failed for thread: 2808416, index: 36, mask: {37, }, error code: 22 error msg: Invalid argument. Specify the number of threads explicitly so the affinity is not set.[m
[1;31m2026-09-28 11:42:17.433795527 [E:onnxruntime:Default, env.cc:298 ThreadMain] pthread_setaffinity_np failed for thread: 2808419, index: 39, mask: {40, }, error code: 22 error msg: Invalid argument. Specify the number of threads explicitly so the affinity is not set.[m
[1;31m2026-09-28 11:42:17.433793282 [E:onnxruntime:Default, env.cc:298 ThreadMain] pthread_setaffinity_np failed for thread: 2808438, index: 58, mask: {59, }, error code: 22 error msg: Invalid argument. Specify the number of threads explicitly so the affinity is not set.[m
[1;31m2026-09-28 11:42:17.440785572 [E:onnxruntime:Default, env.cc:298 ThreadMain] pthread_setaffinity_np failed for thread: 2808418, index: 38, mask: {39, }, error code: 22 error msg: Invalid argument. Specify the number of threads explicitly so the affinity is not set.[m
[1;31m2026-09-28 11:42:17.433785961 [E:onnxruntime:Default, env.cc:298 ThreadMain] pthread_setaffinity_np failed for thread: 2808426, index: 46, mask: {47, }, error code: 22 error msg: Invalid argument. Specify the number of threads explicitly so the affinity is not set.[m
[1;31m2026-09-28 11:42:17.445779442 [E:onnxruntime:Default, env.cc:298 ThreadMain] pthread_setaffinity_np failed for thread: 2808442, index: 62, mask: {63, }, error code: 22 error msg: Invalid argument. Specify the number of threads explicitly so the affinity is not set.[m
[1;31m2026-09-28 11:42:17.452759800 [E:onnxruntime:Default, env.cc:298 ThreadMain] pthread_setaffinity_np failed for thread: 2808447, index: 67, mask: {68, }, error code: 22 error msg: Invalid argument. Specify the number of threads explicitly so the affinity is not set.[m
[1;31m2026-09-28 11:42:17.457782419 [E:onnxruntime:Default, env.cc:298 ThreadMain] pthread_setaffinity_np failed for thread: 2808446, index: 66, mask: {67, }, error code: 22 error msg: Invalid argument. Specify the number of threads explicitly so the affinity is not set.[m
[1;31m2026-09-28 11:42:17.466761043 [E:onnxruntime:Default, env.cc:298 ThreadMain] pthread_setaffinity_np failed for thread: 2808435, index: 55, mask: {56, }, error code: 22 error msg: Invalid argument. Specify the number of threads explicitly so the affinity is not set.[m
[1;31m2026-09-28 11:42:17.472774086 [E:onnxruntime:Default, env.cc:298 ThreadMain] pthread_setaffinity_np failed for thread: 2808431, index: 51, mask: {52, }, error code: 22 error msg: Invalid argument. Specify the number of threads explicitly so the affinity is not set.[m
[1;31m2026-09-28 11:42:17.479756414 [E:onnxruntime:Default, env.cc:298 ThreadMain] pthread_setaffinity_np failed for thread: 2808436, index: 56, mask: {57, }, error code: 22 error msg: Invalid argument. Specify the number of threads explicitly so the affinity is not set.[m
[1;31m2026-09-28 11:42:17.486753594 [E:onnxruntime:Default, env.cc:298 ThreadMain] pthread_setaffinity_np failed for thread: 2808411, index: 31, mask: {32, }, error code: 22 error msg: Invalid argument. Specify the number of threads explicitly so the affinity is not set.[m
[1;31m2026-09-28 11:42:17.486789765 [E:onnxruntime:Default, env.cc:298 ThreadMain] pthread_setaffinity_np failed for thread: 2808444, index: 64, mask: {65, }, error code: 22 error msg: Invalid argument. Specify the number of threads explicitly so the affinity is not set.[m
[1;31m2026-09-28 11:42:17.486793434 [E:onnxruntime:Default, env.cc:298 ThreadMain] pthread_setaffinity_np failed for thread: 2808440, index: 60, mask: {61, }, error code: 22 error msg: Invalid argument. Specify the number of threads explicitly so the affinity is not set.[m
[1;31m2026-09-28 11:42:17.486810003 [E:onnxruntime:Default, env.cc:298 ThreadMain] pthread_setaffinity_np failed for thread: 2808424, index: 44, mask: {45, }, error code: 22 error msg: Invalid argument. Specify the number of threads explicitly so the affinity is not set.[m
[1;31m2026-09-28 11:42:17.491749374 [E:onnxruntime:Default, env.cc:298 ThreadMain] pthread_setaffinity_np failed for thread: 2808448, index: 68, mask: {69, }, error code: 22 error msg: Invalid argument. Specify the number of threads explicitly so the affinity is not set.[m
[1;31m2026-09-28 11:42:17.491764313 [E:onnxruntime:Default, env.cc:298 ThreadMain] pthread_setaffinity_np failed for thread: 2808415, index: 35, mask: {36, }, error code: 22 error msg: Invalid argument. Specify the number of threads explicitly so the affinity is not set.[m
[1;31m2026-09-28 11:42:17.496749837 [E:onnxruntime:Default, env.cc:298 ThreadMain] pthread_setaffinity_np failed for thread: 2808434, index: 54, mask: {55, }, error code: 22 error msg: Invalid argument. Specify the number of threads explicitly so the affinity is not set.[m
WARNING 09-28 11:42:23 [config.py:70] Support for Transformers v4 is deprecated. The Transformers v4 codepath will become unmaintained in vLLM v0.22.0 and will be removed in vLLM v0.24.0. Please upgrade to Transformers v5: pip install --upgrade transformers
(EngineCore pid=2808363) INFO 09-28 11:42:24 [core.py:109] Initializing a V1 LLM engine (v0.21.0) with config: model='/home/sfris1/.cache/huggingface/hub/models--opendatalab--MinerU2.5-Pro-2605-1.2B/snapshots/bff20d4ae2bf202df9f45284b4d43681555a97ed', speculative_config=None, tokenizer='/home/sfris1/.cache/huggingface/hub/models--opendatalab--MinerU2.5-Pro-2605-1.2B/snapshots/bff20d4ae2bf202df9f45284b4d43681555a97ed', skip_tokenizer_init=False, tokenizer_mode=auto, revision=None, tokenizer_revision=None, trust_remote_code=False, dtype=torch.bfloat16, max_seq_len=8192, download_dir=None, load_format=auto, tensor_parallel_size=1, pipeline_parallel_size=1, data_parallel_size=1, decode_context_parallel_size=1, dcp_comm_backend=ag_rs, disable_custom_all_reduce=False, quantization=None, quantization_config=None, enforce_eager=False, enable_return_routed_experts=False, kv_cache_dtype=auto, device_config=cuda, structured_outputs_config=StructuredOutputsConfig(backend='auto', disable_any_whitespace=False, disable_additional_properties=False, reasoning_parser='', reasoning_parser_plugin='', enable_in_reasoning=False), observability_config=ObservabilityConfig(show_hidden_metrics_for_version=None, otlp_traces_endpoint=None, collect_detailed_traces=None, kv_cache_metrics=False, kv_cache_metrics_sample=0.01, cudagraph_metrics=False, enable_layerwise_nvtx_tracing=False, enable_mfu_metrics=False, enable_mm_processor_stats=False, enable_logging_iteration_details=False), seed=0, served_model_name=/home/sfris1/.cache/huggingface/hub/models--opendatalab--MinerU2.5-Pro-2605-1.2B/snapshots/bff20d4ae2bf202df9f45284b4d43681555a97ed, enable_prefix_caching=True, enable_chunked_prefill=True, pooler_config=None, compilation_config={'mode': <CompilationMode.VLLM_COMPILE: 3>, 'debug_dump_path': None, 'cache_dir': '', 'compile_cache_save_format': 'binary', 'backend': 'inductor', 'custom_ops': ['none'], 'ir_enable_torch_wrap': True, 'splitting_ops': ['vllm::unified_attention_with_output', 'vllm::unified_mla_attention_with_output', 'vllm::mamba_mixer2', 'vllm::mamba_mixer', 'vllm::short_conv', 'vllm::linear_attention', 'vllm::plamo2_mamba_mixer', 'vllm::gdn_attention_core', 'vllm::gdn_attention_core_xpu', 'vllm::olmo_hybrid_gdn_full_forward', 'vllm::kda_attention', 'vllm::sparse_attn_indexer', 'vllm::rocm_aiter_sparse_attn_indexer', 'vllm::deepseek_v4_attention', 'vllm::unified_kv_cache_update', 'vllm::unified_mla_kv_cache_update'], 'compile_mm_encoder': False, 'cudagraph_mm_encoder': False, 'encoder_cudagraph_token_budgets': [], 'encoder_cudagraph_max_vision_items_per_batch': 0, 'encoder_cudagraph_max_frames_per_batch': None, 'compile_sizes': [], 'compile_ranges_endpoints': [2048], 'inductor_compile_config': {'enable_auto_functionalized_v2': False, 'size_asserts': False, 'alignment_asserts': False, 'scalar_asserts': False, 'combo_kernels': True, 'benchmark_combo_kernel': True}, 'inductor_passes': {}, 'cudagraph_mode': <CUDAGraphMode.FULL_AND_PIECEWISE: (2, 1)>, 'cudagraph_num_of_warmups': 1, 'cudagraph_capture_sizes': [1, 2, 4, 8, 16, 24, 32, 40, 48, 56, 64, 72, 80, 88, 96, 104, 112, 120, 128, 136, 144, 152, 160, 168, 176, 184, 192, 200, 208, 216, 224, 232, 240, 248, 256], 'cudagraph_copy_inputs': False, 'cudagraph_specialize_lora': True, 'use_inductor_graph_partition': False, 'pass_config': {'fuse_norm_quant': False, 'fuse_act_quant': False, 'fuse_attn_quant': False, 'enable_sp': False, 'fuse_gemm_comms': False, 'fuse_allreduce_rms': False, 'fuse_act_padding': False}, 'max_cudagraph_capture_size': 256, 'dynamic_shapes_config': {'type': <DynamicShapesType.BACKED: 'backed'>, 'evaluate_guards': False, 'assume_32_bit_indexing': False}, 'local_cache_dir': None, 'fast_moe_cold_start': False, 'static_all_moe_layers': []}, kernel_config=KernelConfig(ir_op_priority=IrOpPriorityConfig(rms_norm=['native'], fused_add_rms_norm=['native']), enable_flashinfer_autotune=False, moe_backend='auto')
(EngineCore pid=2808363) INFO 09-28 11:42:26 [parallel_state.py:1410] world_size=1 rank=0 local_rank=0 distributed_init_method=tcp://145.136.62.28:33595 backend=nccl
(EngineCore pid=2808363) INFO 09-28 11:42:26 [parallel_state.py:1723] rank 0 in world size 1 is assigned as DP rank 0, PP rank 0, PCP rank 0, TP rank 0, EP rank N/A, EPLB rank N/A
(EngineCore pid=2808363) INFO 09-28 11:42:27 [topk_topp_sampler.py:45] Using FlashInfer for top-p & top-k sampling.
(EngineCore pid=2808363) The image processor of type `Qwen2VLImageProcessor` is now loaded as a fast processor by default, even if the model checkpoint was saved with a slow processor. This is a breaking change and may produce slightly different outputs. To continue using the slow processor, instantiate this class with `use_fast=False`. Note that this behavior will be extended to all models in a future release.
(EngineCore pid=2808363) INFO 09-28 11:42:30 [gpu_model_runner.py:4857] Starting to load model /home/sfris1/.cache/huggingface/hub/models--opendatalab--MinerU2.5-Pro-2605-1.2B/snapshots/bff20d4ae2bf202df9f45284b4d43681555a97ed...
(EngineCore pid=2808363) INFO 09-28 11:42:30 [cuda.py:427] Using backend AttentionBackendEnum.FLASH_ATTN for vit attention
(EngineCore pid=2808363) INFO 09-28 11:42:30 [mm_encoder_attention.py:372] Using AttentionBackendEnum.FLASH_ATTN for MMEncoderAttention.
(EngineCore pid=2808363) INFO 09-28 11:42:30 [vllm.py:886] Asynchronous scheduling is enabled.
(EngineCore pid=2808363) INFO 09-28 11:42:30 [kernel.py:212] Final IR op priority after setting platform defaults: IrOpPriorityConfig(rms_norm=['native'], fused_add_rms_norm=['native'])
(EngineCore pid=2808363) INFO 09-28 11:42:30 [cuda.py:372] Using FLASH_ATTN attention backend out of potential backends: ['FLASH_ATTN', 'FLASHINFER', 'TRITON_ATTN', 'FLEX_ATTENTION'].
(EngineCore pid=2808363) INFO 09-28 11:42:30 [flash_attn.py:641] Using FlashAttention version 2
(EngineCore pid=2808363) INFO 09-28 11:42:30 [weight_utils.py:938] Filesystem type for checkpoints: GPFS. Checkpoint size: 2.15 GiB. Available RAM: 438.62 GiB.
(EngineCore pid=2808363) INFO 09-28 11:42:30 [weight_utils.py:961] Auto-prefetch is disabled because the filesystem (GPFS) is not a recognized network FS (NFS/Lustre). If you want to force prefetching, start vLLM with --safetensors-load-strategy=prefetch.
(EngineCore pid=2808363) Loading safetensors checkpoint shards:   0% Completed | 0/1 [00:00<?, ?it/s]
(EngineCore pid=2808363) Loading safetensors checkpoint shards: 100% Completed | 1/1 [00:01<00:00,  1.19s/it]
(EngineCore pid=2808363) Loading safetensors checkpoint shards: 100% Completed | 1/1 [00:01<00:00,  1.20s/it]
(EngineCore pid=2808363) 
(EngineCore pid=2808363) INFO 09-28 11:42:32 [default_loader.py:397] Loading weights took 1.25 seconds
(EngineCore pid=2808363) INFO 09-28 11:42:32 [gpu_model_runner.py:4959] Model loading took 2.16 GiB memory and 1.634345 seconds
(EngineCore pid=2808363) INFO 09-28 11:42:33 [gpu_model_runner.py:5920] Encoder cache will be initialized with a budget of 8192 tokens, and profiled with 1 video items of the maximum feature size.
(EngineCore pid=2808363) INFO 09-28 11:42:36 [backends.py:1089] Using cache directory: /home/sfris1/.cache/vllm/torch_compile_cache/557eaef9a3/rank_0_0/backbone for vLLM's torch.compile
(EngineCore pid=2808363) INFO 09-28 11:42:36 [backends.py:1148] Dynamo bytecode transform time: 2.37 s
(EngineCore pid=2808363) INFO 09-28 11:42:38 [backends.py:292] Directly load the compiled graph(s) for compile range (1, 2048) from the cache, took 1.205 s
(EngineCore pid=2808363) INFO 09-28 11:42:38 [decorators.py:311] Directly load AOT compilation from path /home/sfris1/.cache/vllm/torch_compile_cache/torch_aot_compile/9fc9def3a1736e8298ba738d46590ca1ad781b4ad811c4a7c19562d6033c953c/rank_0_0/model
(EngineCore pid=2808363) INFO 09-28 11:42:38 [monitor.py:53] torch.compile took 3.83 s in total
(EngineCore pid=2808363) INFO 09-28 11:42:38 [monitor.py:81] Initial profiling/warmup run took 0.01 s
(EngineCore pid=2808363) ERROR 09-28 11:42:38 [core.py:1140] EngineCore failed to start.
(EngineCore pid=2808363) ERROR 09-28 11:42:38 [core.py:1140] Traceback (most recent call last):
(EngineCore pid=2808363) ERROR 09-28 11:42:38 [core.py:1140]   File "/gpfs/home5/sfris1/multimodal-tip-of-tongue-for-scientific-papers/.venv-mineru/lib/python3.11/site-packages/vllm/v1/engine/core.py", line 1114, in run_engine_core
(EngineCore pid=2808363) ERROR 09-28 11:42:38 [core.py:1140]     engine_core = EngineCoreProc(*args, engine_index=dp_rank, **kwargs)
(EngineCore pid=2808363) ERROR 09-28 11:42:38 [core.py:1140]                   ^^^^^^^^^^^^^^^^^^^^^^^^^^^^^^^^^^^^^^^^^^^^^^^^^^^^^
(EngineCore pid=2808363) ERROR 09-28 11:42:38 [core.py:1140]   File "/gpfs/home5/sfris1/multimodal-tip-of-tongue-for-scientific-papers/.venv-mineru/lib/python3.11/site-packages/vllm/tracing/otel.py", line 178, in sync_wrapper
(EngineCore pid=2808363) ERROR 09-28 11:42:38 [core.py:1140]     return func(*args, **kwargs)
(EngineCore pid=2808363) ERROR 09-28 11:42:38 [core.py:1140]            ^^^^^^^^^^^^^^^^^^^^^
(EngineCore pid=2808363) ERROR 09-28 11:42:38 [core.py:1140]   File "/gpfs/home5/sfris1/multimodal-tip-of-tongue-for-scientific-papers/.venv-mineru/lib/python3.11/site-packages/vllm/v1/engine/core.py", line 880, in __init__
(EngineCore pid=2808363) ERROR 09-28 11:42:38 [core.py:1140]     super().__init__(
(EngineCore pid=2808363) ERROR 09-28 11:42:38 [core.py:1140]   File "/gpfs/home5/sfris1/multimodal-tip-of-tongue-for-scientific-papers/.venv-mineru/lib/python3.11/site-packages/vllm/v1/engine/core.py", line 128, in __init__
(EngineCore pid=2808363) ERROR 09-28 11:42:38 [core.py:1140]     kv_cache_config = self._initialize_kv_caches(vllm_config)
(EngineCore pid=2808363) ERROR 09-28 11:42:38 [core.py:1140]                       ^^^^^^^^^^^^^^^^^^^^^^^^^^^^^^^^^^^^^^^
(EngineCore pid=2808363) ERROR 09-28 11:42:38 [core.py:1140]   File "/gpfs/home5/sfris1/multimodal-tip-of-tongue-for-scientific-papers/.venv-mineru/lib/python3.11/site-packages/vllm/tracing/otel.py", line 178, in sync_wrapper
(EngineCore pid=2808363) ERROR 09-28 11:42:38 [core.py:1140]     return func(*args, **kwargs)
(EngineCore pid=2808363) ERROR 09-28 11:42:38 [core.py:1140]            ^^^^^^^^^^^^^^^^^^^^^
(EngineCore pid=2808363) ERROR 09-28 11:42:38 [core.py:1140]   File "/gpfs/home5/sfris1/multimodal-tip-of-tongue-for-scientific-papers/.venv-mineru/lib/python3.11/site-packages/vllm/v1/engine/core.py", line 250, in _initialize_kv_caches
(EngineCore pid=2808363) ERROR 09-28 11:42:38 [core.py:1140]     available_gpu_memory = self.model_executor.determine_available_memory()
(EngineCore pid=2808363) ERROR 09-28 11:42:38 [core.py:1140]                            ^^^^^^^^^^^^^^^^^^^^^^^^^^^^^^^^^^^^^^^^^^^^^^^^
(EngineCore pid=2808363) ERROR 09-28 11:42:38 [core.py:1140]   File "/gpfs/home5/sfris1/multimodal-tip-of-tongue-for-scientific-papers/.venv-mineru/lib/python3.11/site-packages/vllm/v1/executor/abstract.py", line 147, in determine_available_memory
(EngineCore pid=2808363) ERROR 09-28 11:42:38 [core.py:1140]     return self.collective_rpc("determine_available_memory")
(EngineCore pid=2808363) ERROR 09-28 11:42:38 [core.py:1140]            ^^^^^^^^^^^^^^^^^^^^^^^^^^^^^^^^^^^^^^^^^^^^^^^^^
(EngineCore pid=2808363) ERROR 09-28 11:42:38 [core.py:1140]   File "/gpfs/home5/sfris1/multimodal-tip-of-tongue-for-scientific-papers/.venv-mineru/lib/python3.11/site-packages/vllm/v1/executor/uniproc_executor.py", line 93, in collective_rpc
(EngineCore pid=2808363) ERROR 09-28 11:42:38 [core.py:1140]     result = run_method(self.driver_worker, method, args, kwargs)
(EngineCore pid=2808363) ERROR 09-28 11:42:38 [core.py:1140]              ^^^^^^^^^^^^^^^^^^^^^^^^^^^^^^^^^^^^^^^^^^^^^^^^^^^^
(EngineCore pid=2808363) ERROR 09-28 11:42:38 [core.py:1140]   File "/gpfs/home5/sfris1/multimodal-tip-of-tongue-for-scientific-papers/.venv-mineru/lib/python3.11/site-packages/vllm/v1/serial_utils.py", line 510, in run_method
(EngineCore pid=2808363) ERROR 09-28 11:42:38 [core.py:1140]     return func(*args, **kwargs)
(EngineCore pid=2808363) ERROR 09-28 11:42:38 [core.py:1140]            ^^^^^^^^^^^^^^^^^^^^^
(EngineCore pid=2808363) ERROR 09-28 11:42:38 [core.py:1140]   File "/gpfs/home5/sfris1/multimodal-tip-of-tongue-for-scientific-papers/.venv-mineru/lib/python3.11/site-packages/torch/utils/_contextlib.py", line 124, in decorate_context
(EngineCore pid=2808363) ERROR 09-28 11:42:38 [core.py:1140]     return func(*args, **kwargs)
(EngineCore pid=2808363) ERROR 09-28 11:42:38 [core.py:1140]            ^^^^^^^^^^^^^^^^^^^^^
(EngineCore pid=2808363) ERROR 09-28 11:42:38 [core.py:1140]   File "/gpfs/home5/sfris1/multimodal-tip-of-tongue-for-scientific-papers/.venv-mineru/lib/python3.11/site-packages/vllm/v1/worker/gpu_worker.py", line 392, in determine_available_memory
(EngineCore pid=2808363) ERROR 09-28 11:42:38 [core.py:1140]     self.model_runner.profile_run()
(EngineCore pid=2808363) ERROR 09-28 11:42:38 [core.py:1140]   File "/gpfs/home5/sfris1/multimodal-tip-of-tongue-for-scientific-papers/.venv-mineru/lib/python3.11/site-packages/vllm/v1/worker/gpu_model_runner.py", line 5955, in profile_run
(EngineCore pid=2808363) ERROR 09-28 11:42:38 [core.py:1140]     output = self._dummy_sampler_run(last_hidden_states)
(EngineCore pid=2808363) ERROR 09-28 11:42:38 [core.py:1140]              ^^^^^^^^^^^^^^^^^^^^^^^^^^^^^^^^^^^^^^^^^^^
(EngineCore pid=2808363) ERROR 09-28 11:42:38 [core.py:1140]   File "/gpfs/home5/sfris1/multimodal-tip-of-tongue-for-scientific-papers/.venv-mineru/lib/python3.11/site-packages/torch/utils/_contextlib.py", line 124, in decorate_context
(EngineCore pid=2808363) ERROR 09-28 11:42:38 [core.py:1140]     return func(*args, **kwargs)
(EngineCore pid=2808363) ERROR 09-28 11:42:38 [core.py:1140]            ^^^^^^^^^^^^^^^^^^^^^
(EngineCore pid=2808363) ERROR 09-28 11:42:38 [core.py:1140]   File "/gpfs/home5/sfris1/multimodal-tip-of-tongue-for-scientific-papers/.venv-mineru/lib/python3.11/site-packages/vllm/v1/worker/gpu_model_runner.py", line 5775, in _dummy_sampler_run
(EngineCore pid=2808363) ERROR 09-28 11:42:38 [core.py:1140]     raise e
(EngineCore pid=2808363) ERROR 09-28 11:42:38 [core.py:1140]   File "/gpfs/home5/sfris1/multimodal-tip-of-tongue-for-scientific-papers/.venv-mineru/lib/python3.11/site-packages/vllm/v1/worker/gpu_model_runner.py", line 5743, in _dummy_sampler_run
(EngineCore pid=2808363) ERROR 09-28 11:42:38 [core.py:1140]     sampler_output = self.sampler(
(EngineCore pid=2808363) ERROR 09-28 11:42:38 [core.py:1140]                      ^^^^^^^^^^^^^
(EngineCore pid=2808363) ERROR 09-28 11:42:38 [core.py:1140]   File "/gpfs/home5/sfris1/multimodal-tip-of-tongue-for-scientific-papers/.venv-mineru/lib/python3.11/site-packages/torch/nn/modules/module.py", line 1779, in _wrapped_call_impl
(EngineCore pid=2808363) ERROR 09-28 11:42:38 [core.py:1140]     return self._call_impl(*args, **kwargs)
(EngineCore pid=2808363) ERROR 09-28 11:42:38 [core.py:1140]            ^^^^^^^^^^^^^^^^^^^^^^^^^^^^^^^^
(EngineCore pid=2808363) ERROR 09-28 11:42:38 [core.py:1140]   File "/gpfs/home5/sfris1/multimodal-tip-of-tongue-for-scientific-papers/.venv-mineru/lib/python3.11/site-packages/torch/nn/modules/module.py", line 1790, in _call_impl
(EngineCore pid=2808363) ERROR 09-28 11:42:38 [core.py:1140]     return forward_call(*args, **kwargs)
(EngineCore pid=2808363) ERROR 09-28 11:42:38 [core.py:1140]            ^^^^^^^^^^^^^^^^^^^^^^^^^^^^^
(EngineCore pid=2808363) ERROR 09-28 11:42:38 [core.py:1140]   File "/gpfs/home5/sfris1/multimodal-tip-of-tongue-for-scientific-papers/.venv-mineru/lib/python3.11/site-packages/vllm/v1/sample/sampler.py", line 97, in forward
(EngineCore pid=2808363) ERROR 09-28 11:42:38 [core.py:1140]     sampled, processed_logprobs = self.sample(logits, sampling_metadata)
(EngineCore pid=2808363) ERROR 09-28 11:42:38 [core.py:1140]                                   ^^^^^^^^^^^^^^^^^^^^^^^^^^^^^^^^^^^^^^
(EngineCore pid=2808363) ERROR 09-28 11:42:38 [core.py:1140]   File "/gpfs/home5/sfris1/multimodal-tip-of-tongue-for-scientific-papers/.venv-mineru/lib/python3.11/site-packages/vllm/v1/sample/sampler.py", line 272, in sample
(EngineCore pid=2808363) ERROR 09-28 11:42:38 [core.py:1140]     random_sampled, processed_logprobs = self.topk_topp_sampler(
(EngineCore pid=2808363) ERROR 09-28 11:42:38 [core.py:1140]                                          ^^^^^^^^^^^^^^^^^^^^^^^
(EngineCore pid=2808363) ERROR 09-28 11:42:38 [core.py:1140]   File "/gpfs/home5/sfris1/multimodal-tip-of-tongue-for-scientific-papers/.venv-mineru/lib/python3.11/site-packages/torch/nn/modules/module.py", line 1779, in _wrapped_call_impl
(EngineCore pid=2808363) ERROR 09-28 11:42:38 [core.py:1140]     return self._call_impl(*args, **kwargs)
(EngineCore pid=2808363) ERROR 09-28 11:42:38 [core.py:1140]            ^^^^^^^^^^^^^^^^^^^^^^^^^^^^^^^^
(EngineCore pid=2808363) ERROR 09-28 11:42:38 [core.py:1140]   File "/gpfs/home5/sfris1/multimodal-tip-of-tongue-for-scientific-papers/.venv-mineru/lib/python3.11/site-packages/torch/nn/modules/module.py", line 1790, in _call_impl
(EngineCore pid=2808363) ERROR 09-28 11:42:38 [core.py:1140]     return forward_call(*args, **kwargs)
(EngineCore pid=2808363) ERROR 09-28 11:42:38 [core.py:1140]            ^^^^^^^^^^^^^^^^^^^^^^^^^^^^^
(EngineCore pid=2808363) ERROR 09-28 11:42:38 [core.py:1140]   File "/gpfs/home5/sfris1/multimodal-tip-of-tongue-for-scientific-papers/.venv-mineru/lib/python3.11/site-packages/vllm/v1/sample/ops/topk_topp_sampler.py", line 157, in forward_cuda
(EngineCore pid=2808363) ERROR 09-28 11:42:38 [core.py:1140]     return flashinfer_sample(logits.contiguous(), k, p, generators), None
(EngineCore pid=2808363) ERROR 09-28 11:42:38 [core.py:1140]            ^^^^^^^^^^^^^^^^^^^^^^^^^^^^^^^^^^^^^^^^^^^^^^^^^^^^^^^^
(EngineCore pid=2808363) ERROR 09-28 11:42:38 [core.py:1140]   File "/gpfs/home5/sfris1/multimodal-tip-of-tongue-for-scientific-papers/.venv-mineru/lib/python3.11/site-packages/vllm/v1/sample/ops/topk_topp_sampler.py", line 447, in flashinfer_sample
(EngineCore pid=2808363) ERROR 09-28 11:42:38 [core.py:1140]     next_token_ids = flashinfer.sampling.top_k_top_p_sampling_from_logits(
(EngineCore pid=2808363) ERROR 09-28 11:42:38 [core.py:1140]                      ^^^^^^^^^^^^^^^^^^^^^^^^^^^^^^^^^^^^^^^^^^^^^^^^^^^^^
(EngineCore pid=2808363) ERROR 09-28 11:42:38 [core.py:1140]   File "/gpfs/home5/sfris1/multimodal-tip-of-tongue-for-scientific-papers/.venv-mineru/lib/python3.11/site-packages/flashinfer/sampling.py", line 1400, in top_k_top_p_sampling_from_logits
(EngineCore pid=2808363) ERROR 09-28 11:42:38 [core.py:1140]     masked_logits = top_k_mask_logits(logits, top_k)
(EngineCore pid=2808363) ERROR 09-28 11:42:38 [core.py:1140]                     ^^^^^^^^^^^^^^^^^^^^^^^^^^^^^^^^
(EngineCore pid=2808363) ERROR 09-28 11:42:38 [core.py:1140]   File "/gpfs/home5/sfris1/multimodal-tip-of-tongue-for-scientific-papers/.venv-mineru/lib/python3.11/site-packages/flashinfer/sampling.py", line 1806, in top_k_mask_logits
(EngineCore pid=2808363) ERROR 09-28 11:42:38 [core.py:1140]     return get_sampling_module().top_k_mask_logits(
(EngineCore pid=2808363) ERROR 09-28 11:42:38 [core.py:1140]            ^^^^^^^^^^^^^^^^^^^^^
(EngineCore pid=2808363) ERROR 09-28 11:42:38 [core.py:1140]   File "/gpfs/home5/sfris1/multimodal-tip-of-tongue-for-scientific-papers/.venv-mineru/lib/python3.11/site-packages/flashinfer/sampling.py", line 54, in get_sampling_module
(EngineCore pid=2808363) ERROR 09-28 11:42:38 [core.py:1140]     module = gen_sampling_module().build_and_load()
(EngineCore pid=2808363) ERROR 09-28 11:42:38 [core.py:1140]              ^^^^^^^^^^^^^^^^^^^^^^^^^^^^^^^^^^^^^^
(EngineCore pid=2808363) ERROR 09-28 11:42:38 [core.py:1140]   File "/gpfs/home5/sfris1/multimodal-tip-of-tongue-for-scientific-papers/.venv-mineru/lib/python3.11/site-packages/flashinfer/jit/core.py", line 318, in build_and_load
(EngineCore pid=2808363) ERROR 09-28 11:42:38 [core.py:1140]     self.build(verbose, need_lock=False)
(EngineCore pid=2808363) ERROR 09-28 11:42:38 [core.py:1140]   File "/gpfs/home5/sfris1/multimodal-tip-of-tongue-for-scientific-papers/.venv-mineru/lib/python3.11/site-packages/flashinfer/jit/core.py", line 303, in build
(EngineCore pid=2808363) ERROR 09-28 11:42:38 [core.py:1140]     self.write_ninja()
(EngineCore pid=2808363) ERROR 09-28 11:42:38 [core.py:1140]   File "/gpfs/home5/sfris1/multimodal-tip-of-tongue-for-scientific-papers/.venv-mineru/lib/python3.11/site-packages/flashinfer/jit/core.py", line 274, in write_ninja
(EngineCore pid=2808363) ERROR 09-28 11:42:38 [core.py:1140]     content = generate_ninja_build_for_op(
(EngineCore pid=2808363) ERROR 09-28 11:42:38 [core.py:1140]               ^^^^^^^^^^^^^^^^^^^^^^^^^^^^
(EngineCore pid=2808363) ERROR 09-28 11:42:38 [core.py:1140]   File "/gpfs/home5/sfris1/multimodal-tip-of-tongue-for-scientific-papers/.venv-mineru/lib/python3.11/site-packages/flashinfer/jit/cpp_ext.py", line 216, in generate_ninja_build_for_op
(EngineCore pid=2808363) ERROR 09-28 11:42:38 [core.py:1140]     cuda_home = get_cuda_path()
(EngineCore pid=2808363) ERROR 09-28 11:42:38 [core.py:1140]                 ^^^^^^^^^^^^^^^
(EngineCore pid=2808363) ERROR 09-28 11:42:38 [core.py:1140]   File "/gpfs/home5/sfris1/multimodal-tip-of-tongue-for-scientific-papers/.venv-mineru/lib/python3.11/site-packages/flashinfer/jit/cpp_ext.py", line 61, in get_cuda_path
(EngineCore pid=2808363) ERROR 09-28 11:42:38 [core.py:1140]     raise RuntimeError(
(EngineCore pid=2808363) ERROR 09-28 11:42:38 [core.py:1140] RuntimeError: Could not find nvcc and default cuda_home='/usr/local/cuda' doesn't exist
(EngineCore pid=2808363) Process EngineCore:
(EngineCore pid=2808363) Traceback (most recent call last):
(EngineCore pid=2808363)   File "/home/sfris1/.local/share/uv/python/cpython-3.11.14-linux-x86_64-gnu/lib/python3.11/multiprocessing/process.py", line 314, in _bootstrap
(EngineCore pid=2808363)     self.run()
(EngineCore pid=2808363)   File "/home/sfris1/.local/share/uv/python/cpython-3.11.14-linux-x86_64-gnu/lib/python3.11/multiprocessing/process.py", line 108, in run
(EngineCore pid=2808363)     self._target(*self._args, **self._kwargs)
(EngineCore pid=2808363)   File "/gpfs/home5/sfris1/multimodal-tip-of-tongue-for-scientific-papers/.venv-mineru/lib/python3.11/site-packages/vllm/v1/engine/core.py", line 1144, in run_engine_core
(EngineCore pid=2808363)     raise e
(EngineCore pid=2808363)   File "/gpfs/home5/sfris1/multimodal-tip-of-tongue-for-scientific-papers/.venv-mineru/lib/python3.11/site-packages/vllm/v1/engine/core.py", line 1114, in run_engine_core
(EngineCore pid=2808363)     engine_core = EngineCoreProc(*args, engine_index=dp_rank, **kwargs)
(EngineCore pid=2808363)                   ^^^^^^^^^^^^^^^^^^^^^^^^^^^^^^^^^^^^^^^^^^^^^^^^^^^^^
(EngineCore pid=2808363)   File "/gpfs/home5/sfris1/multimodal-tip-of-tongue-for-scientific-papers/.venv-mineru/lib/python3.11/site-packages/vllm/tracing/otel.py", line 178, in sync_wrapper
(EngineCore pid=2808363)     return func(*args, **kwargs)
(EngineCore pid=2808363)            ^^^^^^^^^^^^^^^^^^^^^
(EngineCore pid=2808363)   File "/gpfs/home5/sfris1/multimodal-tip-of-tongue-for-scientific-papers/.venv-mineru/lib/python3.11/site-packages/vllm/v1/engine/core.py", line 880, in __init__
(EngineCore pid=2808363)     super().__init__(
(EngineCore pid=2808363)   File "/gpfs/home5/sfris1/multimodal-tip-of-tongue-for-scientific-papers/.venv-mineru/lib/python3.11/site-packages/vllm/v1/engine/core.py", line 128, in __init__
(EngineCore pid=2808363)     kv_cache_config = self._initialize_kv_caches(vllm_config)
(EngineCore pid=2808363)                       ^^^^^^^^^^^^^^^^^^^^^^^^^^^^^^^^^^^^^^^
(EngineCore pid=2808363)   File "/gpfs/home5/sfris1/multimodal-tip-of-tongue-for-scientific-papers/.venv-mineru/lib/python3.11/site-packages/vllm/tracing/otel.py", line 178, in sync_wrapper
(EngineCore pid=2808363)     return func(*args, **kwargs)
(EngineCore pid=2808363)            ^^^^^^^^^^^^^^^^^^^^^
(EngineCore pid=2808363)   File "/gpfs/home5/sfris1/multimodal-tip-of-tongue-for-scientific-papers/.venv-mineru/lib/python3.11/site-packages/vllm/v1/engine/core.py", line 250, in _initialize_kv_caches
(EngineCore pid=2808363)     available_gpu_memory = self.model_executor.determine_available_memory()
(EngineCore pid=2808363)                            ^^^^^^^^^^^^^^^^^^^^^^^^^^^^^^^^^^^^^^^^^^^^^^^^
(EngineCore pid=2808363)   File "/gpfs/home5/sfris1/multimodal-tip-of-tongue-for-scientific-papers/.venv-mineru/lib/python3.11/site-packages/vllm/v1/executor/abstract.py", line 147, in determine_available_memory
(EngineCore pid=2808363)     return self.collective_rpc("determine_available_memory")
(EngineCore pid=2808363)            ^^^^^^^^^^^^^^^^^^^^^^^^^^^^^^^^^^^^^^^^^^^^^^^^^
(EngineCore pid=2808363)   File "/gpfs/home5/sfris1/multimodal-tip-of-tongue-for-scientific-papers/.venv-mineru/lib/python3.11/site-packages/vllm/v1/executor/uniproc_executor.py", line 93, in collective_rpc
(EngineCore pid=2808363)     result = run_method(self.driver_worker, method, args, kwargs)
(EngineCore pid=2808363)              ^^^^^^^^^^^^^^^^^^^^^^^^^^^^^^^^^^^^^^^^^^^^^^^^^^^^
(EngineCore pid=2808363)   File "/gpfs/home5/sfris1/multimodal-tip-of-tongue-for-scientific-papers/.venv-mineru/lib/python3.11/site-packages/vllm/v1/serial_utils.py", line 510, in run_method
(EngineCore pid=2808363)     return func(*args, **kwargs)
(EngineCore pid=2808363)            ^^^^^^^^^^^^^^^^^^^^^
(EngineCore pid=2808363)   File "/gpfs/home5/sfris1/multimodal-tip-of-tongue-for-scientific-papers/.venv-mineru/lib/python3.11/site-packages/torch/utils/_contextlib.py", line 124, in decorate_context
(EngineCore pid=2808363)     return func(*args, **kwargs)
(EngineCore pid=2808363)            ^^^^^^^^^^^^^^^^^^^^^
(EngineCore pid=2808363)   File "/gpfs/home5/sfris1/multimodal-tip-of-tongue-for-scientific-papers/.venv-mineru/lib/python3.11/site-packages/vllm/v1/worker/gpu_worker.py", line 392, in determine_available_memory
(EngineCore pid=2808363)     self.model_runner.profile_run()
(EngineCore pid=2808363)   File "/gpfs/home5/sfris1/multimodal-tip-of-tongue-for-scientific-papers/.venv-mineru/lib/python3.11/site-packages/vllm/v1/worker/gpu_model_runner.py", line 5955, in profile_run
(EngineCore pid=2808363)     output = self._dummy_sampler_run(last_hidden_states)
(EngineCore pid=2808363)              ^^^^^^^^^^^^^^^^^^^^^^^^^^^^^^^^^^^^^^^^^^^
(EngineCore pid=2808363)   File "/gpfs/home5/sfris1/multimodal-tip-of-tongue-for-scientific-papers/.venv-mineru/lib/python3.11/site-packages/torch/utils/_contextlib.py", line 124, in decorate_context
(EngineCore pid=2808363)     return func(*args, **kwargs)
(EngineCore pid=2808363)            ^^^^^^^^^^^^^^^^^^^^^
(EngineCore pid=2808363)   File "/gpfs/home5/sfris1/multimodal-tip-of-tongue-for-scientific-papers/.venv-mineru/lib/python3.11/site-packages/vllm/v1/worker/gpu_model_runner.py", line 5775, in _dummy_sampler_run
(EngineCore pid=2808363)     raise e
(EngineCore pid=2808363)   File "/gpfs/home5/sfris1/multimodal-tip-of-tongue-for-scientific-papers/.venv-mineru/lib/python3.11/site-packages/vllm/v1/worker/gpu_model_runner.py", line 5743, in _dummy_sampler_run
(EngineCore pid=2808363)     sampler_output = self.sampler(
(EngineCore pid=2808363)                      ^^^^^^^^^^^^^
(EngineCore pid=2808363)   File "/gpfs/home5/sfris1/multimodal-tip-of-tongue-for-scientific-papers/.venv-mineru/lib/python3.11/site-packages/torch/nn/modules/module.py", line 1779, in _wrapped_call_impl
(EngineCore pid=2808363)     return self._call_impl(*args, **kwargs)
(EngineCore pid=2808363)            ^^^^^^^^^^^^^^^^^^^^^^^^^^^^^^^^
(EngineCore pid=2808363)   File "/gpfs/home5/sfris1/multimodal-tip-of-tongue-for-scientific-papers/.venv-mineru/lib/python3.11/site-packages/torch/nn/modules/module.py", line 1790, in _call_impl
(EngineCore pid=2808363)     return forward_call(*args, **kwargs)
(EngineCore pid=2808363)            ^^^^^^^^^^^^^^^^^^^^^^^^^^^^^
(EngineCore pid=2808363)   File "/gpfs/home5/sfris1/multimodal-tip-of-tongue-for-scientific-papers/.venv-mineru/lib/python3.11/site-packages/vllm/v1/sample/sampler.py", line 97, in forward
(EngineCore pid=2808363)     sampled, processed_logprobs = self.sample(logits, sampling_metadata)
(EngineCore pid=2808363)                                   ^^^^^^^^^^^^^^^^^^^^^^^^^^^^^^^^^^^^^^
(EngineCore pid=2808363)   File "/gpfs/home5/sfris1/multimodal-tip-of-tongue-for-scientific-papers/.venv-mineru/lib/python3.11/site-packages/vllm/v1/sample/sampler.py", line 272, in sample
(EngineCore pid=2808363)     random_sampled, processed_logprobs = self.topk_topp_sampler(
(EngineCore pid=2808363)                                          ^^^^^^^^^^^^^^^^^^^^^^^
(EngineCore pid=2808363)   File "/gpfs/home5/sfris1/multimodal-tip-of-tongue-for-scientific-papers/.venv-mineru/lib/python3.11/site-packages/torch/nn/modules/module.py", line 1779, in _wrapped_call_impl
(EngineCore pid=2808363)     return self._call_impl(*args, **kwargs)
(EngineCore pid=2808363)            ^^^^^^^^^^^^^^^^^^^^^^^^^^^^^^^^
(EngineCore pid=2808363)   File "/gpfs/home5/sfris1/multimodal-tip-of-tongue-for-scientific-papers/.venv-mineru/lib/python3.11/site-packages/torch/nn/modules/module.py", line 1790, in _call_impl
(EngineCore pid=2808363)     return forward_call(*args, **kwargs)
(EngineCore pid=2808363)            ^^^^^^^^^^^^^^^^^^^^^^^^^^^^^
(EngineCore pid=2808363)   File "/gpfs/home5/sfris1/multimodal-tip-of-tongue-for-scientific-papers/.venv-mineru/lib/python3.11/site-packages/vllm/v1/sample/ops/topk_topp_sampler.py", line 157, in forward_cuda
(EngineCore pid=2808363)     return flashinfer_sample(logits.contiguous(), k, p, generators), None
(EngineCore pid=2808363)            ^^^^^^^^^^^^^^^^^^^^^^^^^^^^^^^^^^^^^^^^^^^^^^^^^^^^^^^^
(EngineCore pid=2808363)   File "/gpfs/home5/sfris1/multimodal-tip-of-tongue-for-scientific-papers/.venv-mineru/lib/python3.11/site-packages/vllm/v1/sample/ops/topk_topp_sampler.py", line 447, in flashinfer_sample
(EngineCore pid=2808363)     next_token_ids = flashinfer.sampling.top_k_top_p_sampling_from_logits(
(EngineCore pid=2808363)                      ^^^^^^^^^^^^^^^^^^^^^^^^^^^^^^^^^^^^^^^^^^^^^^^^^^^^^
(EngineCore pid=2808363)   File "/gpfs/home5/sfris1/multimodal-tip-of-tongue-for-scientific-papers/.venv-mineru/lib/python3.11/site-packages/flashinfer/sampling.py", line 1400, in top_k_top_p_sampling_from_logits
(EngineCore pid=2808363)     masked_logits = top_k_mask_logits(logits, top_k)
(EngineCore pid=2808363)                     ^^^^^^^^^^^^^^^^^^^^^^^^^^^^^^^^
(EngineCore pid=2808363)   File "/gpfs/home5/sfris1/multimodal-tip-of-tongue-for-scientific-papers/.venv-mineru/lib/python3.11/site-packages/flashinfer/sampling.py", line 1806, in top_k_mask_logits
(EngineCore pid=2808363)     return get_sampling_module().top_k_mask_logits(
(EngineCore pid=2808363)            ^^^^^^^^^^^^^^^^^^^^^
(EngineCore pid=2808363)   File "/gpfs/home5/sfris1/multimodal-tip-of-tongue-for-scientific-papers/.venv-mineru/lib/python3.11/site-packages/flashinfer/sampling.py", line 54, in get_sampling_module
(EngineCore pid=2808363)     module = gen_sampling_module().build_and_load()
(EngineCore pid=2808363)              ^^^^^^^^^^^^^^^^^^^^^^^^^^^^^^^^^^^^^^
(EngineCore pid=2808363)   File "/gpfs/home5/sfris1/multimodal-tip-of-tongue-for-scientific-papers/.venv-mineru/lib/python3.11/site-packages/flashinfer/jit/core.py", line 318, in build_and_load
(EngineCore pid=2808363)     self.build(verbose, need_lock=False)
(EngineCore pid=2808363)   File "/gpfs/home5/sfris1/multimodal-tip-of-tongue-for-scientific-papers/.venv-mineru/lib/python3.11/site-packages/flashinfer/jit/core.py", line 303, in build
(EngineCore pid=2808363)     self.write_ninja()
(EngineCore pid=2808363)   File "/gpfs/home5/sfris1/multimodal-tip-of-tongue-for-scientific-papers/.venv-mineru/lib/python3.11/site-packages/flashinfer/jit/core.py", line 274, in write_ninja
(EngineCore pid=2808363)     content = generate_ninja_build_for_op(
(EngineCore pid=2808363)               ^^^^^^^^^^^^^^^^^^^^^^^^^^^^
(EngineCore pid=2808363)   File "/gpfs/home5/sfris1/multimodal-tip-of-tongue-for-scientific-papers/.venv-mineru/lib/python3.11/site-packages/flashinfer/jit/cpp_ext.py", line 216, in generate_ninja_build_for_op
(EngineCore pid=2808363)     cuda_home = get_cuda_path()
(EngineCore pid=2808363)                 ^^^^^^^^^^^^^^^
(EngineCore pid=2808363)   File "/gpfs/home5/sfris1/multimodal-tip-of-tongue-for-scientific-papers/.venv-mineru/lib/python3.11/site-packages/flashinfer/jit/cpp_ext.py", line 61, in get_cuda_path
(EngineCore pid=2808363)     raise RuntimeError(
(EngineCore pid=2808363) RuntimeError: Could not find nvcc and default cuda_home='/usr/local/cuda' doesn't exist
[rank0]:[W928 11:42:39.835518152 ProcessGroupNCCL.cpp:1575] Warning: WARNING: destroy_process_group() was not called before program exit, which can leak resources. For more info, please see https://pytorch.org/docs/stable/distributed.html#shutdown (function operator())
INFO:     127.0.0.1:46112 - "GET /tasks/f33c4372-70a7-4e5b-acf5-1e1cf783899a HTTP/1.1" 200 OK
INFO:     127.0.0.1:46122 - "GET /tasks/319b355d-ca3d-472b-aece-d3d9fae758ec HTTP/1.1" 200 OK
INFO:     127.0.0.1:46116 - "GET /tasks/0d3d4c9d-6e0c-4360-a78c-6901306262dc HTTP/1.1" 200 OK
2026-09-28 11:42:40.136 | INFO     | mineru.backend.vlm.utils:enable_custom_logits_processors:56 - compute_capability: 8.0 >= 8.0 and vllm version: 0.21.0 >= 0.10.1, enable custom_logits_processors
2026-09-28 11:42:40.121 | ERROR    | __main__:_process_task:1154 - Async task failed: 42bcaff5-ff21-4f05-8f99-a682f950b393
Traceback (most recent call last):

  File "<frozen runpy>", line 198, in _run_module_as_main
  File "<frozen runpy>", line 88, in _run_code
  File "/gpfs/home5/sfris1/multimodal-tip-of-tongue-for-scientific-papers/.venv-mineru/lib/python3.11/site-packages/mineru/cli/fast_api.py", line 1474, in <module>
    main()
    └ <Command main>
  File "/gpfs/home5/sfris1/multimodal-tip-of-tongue-for-scientific-papers/.venv-mineru/lib/python3.11/site-packages/click/core.py", line 1631, in __call__
    return self.main(*args, **kwargs)
           │    │     │       └ {}
           │    │     └ ()
           │    └ <function Command.main at 0x14a3ba38da80>
           └ <Command main>
  File "/gpfs/home5/sfris1/multimodal-tip-of-tongue-for-scientific-papers/.venv-mineru/lib/python3.11/site-packages/click/core.py", line 1552, in main
    rv = self.invoke(ctx)
         │    │      └ <click.core.Context object at 0x14a1298ec9d0>
         │    └ <function Command.invoke at 0x14a3ba38d760>
         └ <Command main>
  File "/gpfs/home5/sfris1/multimodal-tip-of-tongue-for-scientific-papers/.venv-mineru/lib/python3.11/site-packages/click/core.py", line 1415, in invoke
    return ctx.invoke(self.callback, **ctx.params)
           │   │      │    │           │   └ {'host': '127.0.0.1', 'port': 51311, 'reload': False, 'allow_public_http_client': False, 'enable_vlm_preload': False}
           │   │      │    │           └ <click.core.Context object at 0x14a1298ec9d0>
           │   │      │    └ <function main at 0x14a1298868e0>
           │   │      └ <Command main>
           │   └ <function Context.invoke at 0x14a3ba38c900>
           └ <click.core.Context object at 0x14a1298ec9d0>
  File "/gpfs/home5/sfris1/multimodal-tip-of-tongue-for-scientific-papers/.venv-mineru/lib/python3.11/site-packages/click/core.py", line 910, in invoke
    return callback(*args, **kwargs)
           │         │       └ {'host': '127.0.0.1', 'port': 51311, 'reload': False, 'allow_public_http_client': False, 'enable_vlm_preload': False}
           │         └ ()
           └ <function main at 0x14a1298868e0>
  File "/gpfs/home5/sfris1/multimodal-tip-of-tongue-for-scientific-papers/.venv-mineru/lib/python3.11/site-packages/click/decorators.py", line 34, in new_func
    return f(get_current_context(), *args, **kwargs)
           │ │                       │       └ {'host': '127.0.0.1', 'port': 51311, 'reload': False, 'allow_public_http_client': False, 'enable_vlm_preload': False}
           │ │                       └ ()
           │ └ <function get_current_context at 0x14a3ba321620>
           └ <function main at 0x14a129886c00>
  File "/gpfs/home5/sfris1/multimodal-tip-of-tongue-for-scientific-papers/.venv-mineru/lib/python3.11/site-packages/mineru/cli/fast_api.py", line 1470, in main
    server.run()
    │      └ <function Server.run at 0x14a3ba2b0900>
    └ <uvicorn.server.Server object at 0x14a3ba259f50>
  File "/gpfs/home5/sfris1/multimodal-tip-of-tongue-for-scientific-papers/.venv-mineru/lib/python3.11/site-packages/uvicorn/server.py", line 86, in run
    return asyncio_run(self.serve(sockets=sockets), loop_factory=self.config.get_loop_factory())
           │           │    │             │                      │    │      └ <function Config.get_loop_factory at 0x14a3ba2640e0>
           │           │    │             │                      │    └ <uvicorn.config.Config object at 0x14a1298ee490>
           │           │    │             │                      └ <uvicorn.server.Server object at 0x14a3ba259f50>
           │           │    │             └ None
           │           │    └ <function Server.serve at 0x14a3ba2b09a0>
           │           └ <uvicorn.server.Server object at 0x14a3ba259f50>
           └ <function asyncio_run at 0x14a3ba211620>
  File "/gpfs/home5/sfris1/multimodal-tip-of-tongue-for-scientific-papers/.venv-mineru/lib/python3.11/site-packages/uvicorn/_compat.py", line 30, in asyncio_run
    return runner.run(main)
           │      │   └ <coroutine object Server.serve at 0x14a12992e020>
           │      └ <function Runner.run at 0x14a3ba4f4f40>
           └ <asyncio.runners.Runner object at 0x14a1298eeb10>
  File "/home/sfris1/.local/share/uv/python/cpython-3.11.14-linux-x86_64-gnu/lib/python3.11/asyncio/runners.py", line 118, in run
    return self._loop.run_until_complete(task)
           │    │     │                  └ <Task pending name='Task-1' coro=<Server.serve() running at /gpfs/home5/sfris1/multimodal-tip-of-tongue-for-scientific-papers...
           │    │     └ <cyfunction Loop.run_until_complete at 0x14a12988f400>
           │    └ <uvloop.Loop running=True closed=False debug=False>
           └ <asyncio.runners.Runner object at 0x14a1298eeb10>
> File "/gpfs/home5/sfris1/multimodal-tip-of-tongue-for-scientific-papers/.venv-mineru/lib/python3.11/site-packages/mineru/cli/fast_api.py", line 1144, in _process_task
    await self._run_task(task)
          │    │         └ AsyncParseTask(task_id='42bcaff5-ff21-4f05-8f99-a682f950b393', status='failed', backend='hybrid-engine', file_names=['2022.co...
          │    └ <function AsyncTaskManager._run_task at 0x14a12997ca40>
          └ <__main__.AsyncTaskManager object at 0x14a12962d810>
  File "/gpfs/home5/sfris1/multimodal-tip-of-tongue-for-scientific-papers/.venv-mineru/lib/python3.11/site-packages/mineru/cli/fast_api.py", line 1174, in _run_task
    await run_parse_job(
          └ <function run_parse_job at 0x14a129963d80>
  File "/gpfs/home5/sfris1/multimodal-tip-of-tongue-for-scientific-papers/.venv-mineru/lib/python3.11/site-packages/mineru/cli/fast_api.py", line 866, in run_parse_job
    await aio_do_parse(**parse_kwargs)
          │              └ {'output_dir': '/tmp/sfris1/mineru_27290888/tmp/local-gpu-0-mm1vfh5m/output/42bcaff5-ff21-4f05-8f99-a682f950b393', 'pdf_file_...
          └ <function aio_do_parse at 0x14a129960540>
  File "/gpfs/home5/sfris1/multimodal-tip-of-tongue-for-scientific-papers/.venv-mineru/lib/python3.11/site-packages/mineru/cli/common.py", line 846, in aio_do_parse
    await _async_process_hybrid(
          └ <function _async_process_hybrid at 0x14a129960360>
  File "/gpfs/home5/sfris1/multimodal-tip-of-tongue-for-scientific-papers/.venv-mineru/lib/python3.11/site-packages/mineru/cli/common.py", line 595, in _async_process_hybrid
    middle_json, infer_result = await aio_hybrid_doc_analyze(
                                      └ <function aio_doc_analyze at 0x14a102a798a0>
  File "/gpfs/home5/sfris1/multimodal-tip-of-tongue-for-scientific-papers/.venv-mineru/lib/python3.11/site-packages/mineru/backend/hybrid/hybrid_analyze.py", line 1116, in aio_doc_analyze
    predictor = await _get_model_async(backend, model_path, server_url, **kwargs)
                      │                │        │           │             └ {}
                      │                │        │           └ None
                      │                │        └ None
                      │                └ 'vllm-async-engine'
                      └ <function _get_model_async at 0x14a1b4991580>
  File "/gpfs/home5/sfris1/multimodal-tip-of-tongue-for-scientific-papers/.venv-mineru/lib/python3.11/site-packages/mineru/backend/vlm/vlm_analyze.py", line 271, in _get_model_async
    return await asyncio.to_thread(
                 │       └ <function to_thread at 0x14a3ba5127a0>
                 └ <module 'asyncio' from '/home/sfris1/.local/share/uv/python/cpython-3.11.14-linux-x86_64-gnu/lib/python3.11/asyncio/__init__....
  File "/home/sfris1/.local/share/uv/python/cpython-3.11.14-linux-x86_64-gnu/lib/python3.11/asyncio/threads.py", line 25, in to_thread
    return await loop.run_in_executor(None, func_call)
                 │    │                     └ functools.partial(<built-in method run of _contextvars.Context object at 0x14a129650800>, <bound method ModelSingleton.get_mo...
                 │    └ <cyfunction Loop.run_in_executor at 0x14a129598700>
                 └ <uvloop.Loop running=True closed=False debug=False>
  File "/home/sfris1/.local/share/uv/python/cpython-3.11.14-linux-x86_64-gnu/lib/python3.11/concurrent/futures/thread.py", line 58, in run
    result = self.fn(*self.args, **self.kwargs)
             │        │            └ None
             │        └ None
             └ None
  File "/gpfs/home5/sfris1/multimodal-tip-of-tongue-for-scientific-papers/.venv-mineru/lib/python3.11/site-packages/mineru/backend/vlm/vlm_analyze.py", line 174, in get_model
    vllm_async_llm = AsyncLLM.from_engine_args(AsyncEngineArgs(**kwargs))
                     │        │                │                 └ {'gpu_memory_utilization': 0.5, 'model': '/home/sfris1/.cache/huggingface/hub/models--opendatalab--MinerU2.5-Pro-2605-1.2B/sn...
                     │        │                └ <class 'vllm.engine.arg_utils.AsyncEngineArgs'>
                     │        └ <classmethod(<function AsyncLLM.from_engine_args at 0x14a0501c1440>)>
                     └ <class 'vllm.v1.engine.async_llm.AsyncLLM'>
  File "/gpfs/home5/sfris1/multimodal-tip-of-tongue-for-scientific-papers/.venv-mineru/lib/python3.11/site-packages/vllm/v1/engine/async_llm.py", line 246, in from_engine_args
    return cls(
           └ <class 'vllm.v1.engine.async_llm.AsyncLLM'>
  File "/gpfs/home5/sfris1/multimodal-tip-of-tongue-for-scientific-papers/.venv-mineru/lib/python3.11/site-packages/vllm/v1/engine/async_llm.py", line 146, in __init__
    self.engine_core = EngineCoreClient.make_async_mp_client(
    │                  │                └ <staticmethod(<function EngineCoreClient.make_async_mp_client at 0x14a06015d620>)>
    │                  └ <class 'vllm.v1.engine.core_client.EngineCoreClient'>
    └ <vllm.v1.engine.async_llm.AsyncLLM object at 0x149fe14f8b10>
  File "/gpfs/home5/sfris1/multimodal-tip-of-tongue-for-scientific-papers/.venv-mineru/lib/python3.11/site-packages/vllm/tracing/otel.py", line 178, in sync_wrapper
    return func(*args, **kwargs)
           │     │       └ {'vllm_config': VllmConfig(model_config=ModelConfig(model='/home/sfris1/.cache/huggingface/hub/models--opendatalab--MinerU2.5...
           │     └ ()
           └ <function EngineCoreClient.make_async_mp_client at 0x14a06015d4e0>
  File "/gpfs/home5/sfris1/multimodal-tip-of-tongue-for-scientific-papers/.venv-mineru/lib/python3.11/site-packages/vllm/v1/engine/core_client.py", line 130, in make_async_mp_client
    return AsyncMPClient(*client_args)
           │              └ (VllmConfig(model_config=ModelConfig(model='/home/sfris1/.cache/huggingface/hub/models--opendatalab--MinerU2.5-Pro-2605-1.2B/...
           └ <class 'vllm.v1.engine.core_client.AsyncMPClient'>
  File "/gpfs/home5/sfris1/multimodal-tip-of-tongue-for-scientific-papers/.venv-mineru/lib/python3.11/site-packages/vllm/tracing/otel.py", line 178, in sync_wrapper
    return func(*args, **kwargs)
           │     │       └ {}
           │     └ (<vllm.v1.engine.core_client.AsyncMPClient object at 0x14a006c79a90>, VllmConfig(model_config=ModelConfig(model='/home/sfris1...
           └ <function AsyncMPClient.__init__ at 0x14a06016d940>
  File "/gpfs/home5/sfris1/multimodal-tip-of-tongue-for-scientific-papers/.venv-mineru/lib/python3.11/site-packages/vllm/v1/engine/core_client.py", line 900, in __init__
    super().__init__(
  File "/gpfs/home5/sfris1/multimodal-tip-of-tongue-for-scientific-papers/.venv-mineru/lib/python3.11/site-packages/vllm/v1/engine/core_client.py", line 535, in __init__
    with launch_core_engines(
         └ <function launch_core_engines at 0x14a060151620>
  File "/home/sfris1/.local/share/uv/python/cpython-3.11.14-linux-x86_64-gnu/lib/python3.11/contextlib.py", line 144, in __exit__
    next(self.gen)
         │    └ <generator object launch_core_engines at 0x14a0279276a0>
         └ <contextlib._GeneratorContextManager object at 0x14a006c7a110>
  File "/gpfs/home5/sfris1/multimodal-tip-of-tongue-for-scientific-papers/.venv-mineru/lib/python3.11/site-packages/vllm/v1/engine/utils.py", line 1128, in launch_core_engines
    wait_for_engine_startup(
    └ <function wait_for_engine_startup at 0x14a0601516c0>
  File "/gpfs/home5/sfris1/multimodal-tip-of-tongue-for-scientific-papers/.venv-mineru/lib/python3.11/site-packages/vllm/v1/engine/utils.py", line 1187, in wait_for_engine_startup
    raise RuntimeError(

RuntimeError: Engine core initialization failed. See root cause above. Failed core proc(s): {}
INFO 09-28 11:42:40 [model.py:568] Resolved architecture: Qwen2VLForConditionalGeneration
INFO 09-28 11:42:40 [model.py:1697] Using max model len 8192
INFO 09-28 11:42:40 [kernel.py:212] Final IR op priority after setting platform defaults: IrOpPriorityConfig(rms_norm=['native'], fused_add_rms_norm=['native'])
INFO:     127.0.0.1:46320 - "POST /tasks HTTP/1.1" 202 Accepted
INFO:     127.0.0.1:46112 - "GET /tasks/e11ec2a8-ecc6-454b-849e-0dabade17699 HTTP/1.1" 200 OK
2026-09-28 11:42:41.822 | INFO     | mineru.utils.engine_utils:get_vlm_engine:34 - Using vllm-async-engine as the inference engine for VLM.
[1;31m2026-09-28 11:42:42.443950378 [E:onnxruntime:Default, env.cc:298 ThreadMain] pthread_setaffinity_np failed for thread: 2808964, index: 27, mask: {28, }, error code: 22 error msg: Invalid argument. Specify the number of threads explicitly so the affinity is not set.[m
[1;31m2026-09-28 11:42:42.445781895 [E:onnxruntime:Default, env.cc:298 ThreadMain] pthread_setaffinity_np failed for thread: 2808974, index: 37, mask: {38, }, error code: 22 error msg: Invalid argument. Specify the number of threads explicitly so the affinity is not set.[m
[1;31m2026-09-28 11:42:42.447769842 [E:onnxruntime:Default, env.cc:298 ThreadMain] pthread_setaffinity_np failed for thread: 2809001, index: 64, mask: {65, }, error code: 22 error msg: Invalid argument. Specify the number of threads explicitly so the affinity is not set.[m
[1;31m2026-09-28 11:42:42.444101449 [E:onnxruntime:Default, env.cc:298 ThreadMain] pthread_setaffinity_np failed for thread: 2808956, index: 19, mask: {20, }, error code: 22 error msg: Invalid argument. Specify the number of threads explicitly so the affinity is not set.[m
[1;31m2026-09-28 11:42:42.444135845 [E:onnxruntime:Default, env.cc:298 ThreadMain] pthread_setaffinity_np failed for thread: 2808966, index: 29, mask: {30, }, error code: 22 error msg: Invalid argument. Specify the number of threads explicitly so the affinity is not set.[m
[1;31m2026-09-28 11:42:42.444158217 [E:onnxruntime:Default, env.cc:298 ThreadMain] pthread_setaffinity_np failed for thread: 2808975, index: 38, mask: {39, }, error code: 22 error msg: Invalid argument. Specify the number of threads explicitly so the affinity is not set.[m
[1;31m2026-09-28 11:42:42.450895891 [E:onnxruntime:Default, env.cc:298 ThreadMain] pthread_setaffinity_np failed for thread: 2808958, index: 21, mask: {22, }, error code: 22 error msg: Invalid argument. Specify the number of threads explicitly so the affinity is not set.[m
[1;31m2026-09-28 11:42:42.450922816 [E:onnxruntime:Default, env.cc:298 ThreadMain] pthread_setaffinity_np failed for thread: 2808960, index: 23, mask: {24, }, error code: 22 error msg: Invalid argument. Specify the number of threads explicitly so the affinity is not set.[m
[1;31m2026-09-28 11:42:42.450942588 [E:onnxruntime:Default, env.cc:298 ThreadMain] pthread_setaffinity_np failed for thread: 2808976, index: 39, mask: {40, }, error code: 22 error msg: Invalid argument. Specify the number of threads explicitly so the affinity is not set.[m
[1;31m2026-09-28 11:42:42.450931544 [E:onnxruntime:Default, env.cc:298 ThreadMain] pthread_setaffinity_np failed for thread: 2808957, index: 20, mask: {21, }, error code: 22 error msg: Invalid argument. Specify the number of threads explicitly so the affinity is not set.[m
[1;31m2026-09-28 11:42:42.450908578 [E:onnxruntime:Default, env.cc:298 ThreadMain] pthread_setaffinity_np failed for thread: 2808955, index: 18, mask: {19, }, error code: 22 error msg: Invalid argument. Specify the number of threads explicitly so the affinity is not set.[m
[1;31m2026-09-28 11:42:42.451751718 [E:onnxruntime:Default, env.cc:298 ThreadMain] pthread_setaffinity_np failed for thread: 2809006, index: 69, mask: {70, }, error code: 22 error msg: Invalid argument. Specify the number of threads explicitly so the affinity is not set.[m
[1;31m2026-09-28 11:42:42.454748854 [E:onnxruntime:Default, env.cc:298 ThreadMain] pthread_setaffinity_np failed for thread: 2809007, index: 70, mask: {71, }, error code: 22 error msg: Invalid argument. Specify the number of threads explicitly so the affinity is not set.[m
[1;31m2026-09-28 11:42:42.455750322 [E:onnxruntime:Default, env.cc:298 ThreadMain] pthread_setaffinity_np failed for thread: 2808970, index: 33, mask: {34, }, error code: 22 error msg: Invalid argument. Specify the number of threads explicitly so the affinity is not set.[m
[1;31m2026-09-28 11:42:42.450959787 [E:onnxruntime:Default, env.cc:298 ThreadMain] pthread_setaffinity_np failed for thread: 2809005, index: 68, mask: {69, }, error code: 22 error msg: Invalid argument. Specify the number of threads explicitly so the affinity is not set.[m
[1;31m2026-09-28 11:42:42.457743602 [E:onnxruntime:Default, env.cc:298 ThreadMain] pthread_setaffinity_np failed for thread: 2808963, index: 26, mask: {27, }, error code: 22 error msg: Invalid argument. Specify the number of threads explicitly so the affinity is not set.[m
[1;31m2026-09-28 11:42:42.457753154 [E:onnxruntime:Default, env.cc:298 ThreadMain] pthread_setaffinity_np failed for thread: 2808967, index: 30, mask: {31, }, error code: 22 error msg: Invalid argument. Specify the number of threads explicitly so the affinity is not set.[m
[1;31m2026-09-28 11:42:42.458747488 [E:onnxruntime:Default, env.cc:298 ThreadMain] pthread_setaffinity_np failed for thread: 2808965, index: 28, mask: {29, }, error code: 22 error msg: Invalid argument. Specify the number of threads explicitly so the affinity is not set.[m
[1;31m2026-09-28 11:42:42.460746828 [E:onnxruntime:Default, env.cc:298 ThreadMain] pthread_setaffinity_np failed for thread: 2808969, index: 32, mask: {33, }, error code: 22 error msg: Invalid argument. Specify the number of threads explicitly so the affinity is not set.[m
[1;31m2026-09-28 11:42:42.454749958 [E:onnxruntime:Default, env.cc:298 ThreadMain] pthread_setaffinity_np failed for thread: 2808961, index: 24, mask: {25, }, error code: 22 error msg: Invalid argument. Specify the number of threads explicitly so the affinity is not set.[m
[1;31m2026-09-28 11:42:42.462744344 [E:onnxruntime:Default, env.cc:298 ThreadMain] pthread_setaffinity_np failed for thread: 2808988, index: 51, mask: {52, }, error code: 22 error msg: Invalid argument. Specify the number of threads explicitly so the affinity is not set.[m
[1;31m2026-09-28 11:42:42.455751242 [E:onnxruntime:Default, env.cc:298 ThreadMain] pthread_setaffinity_np failed for thread: 2809000, index: 63, mask: {64, }, error code: 22 error msg: Invalid argument. Specify the number of threads explicitly so the affinity is not set.[m
[1;31m2026-09-28 11:42:42.462744494 [E:onnxruntime:Default, env.cc:298 ThreadMain] pthread_setaffinity_np failed for thread: 2808998, index: 61, mask: {62, }, error code: 22 error msg: Invalid argument. Specify the number of threads explicitly so the affinity is not set.[m
[1;31m2026-09-28 11:42:42.450946413 [E:onnxruntime:Default, env.cc:298 ThreadMain] pthread_setaffinity_np failed for thread: 2808973, index: 36, mask: {37, }, error code: 22 error msg: Invalid argument. Specify the number of threads explicitly so the affinity is not set.[m
[1;31m2026-09-28 11:42:42.466745530 [E:onnxruntime:Default, env.cc:298 ThreadMain] pthread_setaffinity_np failed for thread: 2808959, index: 22, mask: {23, }, error code: 22 error msg: Invalid argument. Specify the number of threads explicitly so the affinity is not set.[m
[1;31m2026-09-28 11:42:42.450972542 [E:onnxruntime:Default, env.cc:298 ThreadMain] pthread_setaffinity_np failed for thread: 2808994, index: 57, mask: {58, }, error code: 22 error msg: Invalid argument. Specify the number of threads explicitly so the affinity is not set.[m
[1;31m2026-09-28 11:42:42.462757933 [E:onnxruntime:Default, env.cc:298 ThreadMain] pthread_setaffinity_np failed for thread: 2808993, index: 56, mask: {57, }, error code: 22 error msg: Invalid argument. Specify the number of threads explicitly so the affinity is not set.[m
[1;31m2026-09-28 11:42:42.464746460 [E:onnxruntime:Default, env.cc:298 ThreadMain] pthread_setaffinity_np failed for thread: 2808962, index: 25, mask: {26, }, error code: 22 error msg: Invalid argument. Specify the number of threads explicitly so the affinity is not set.[m
[1;31m2026-09-28 11:42:42.473746069 [E:onnxruntime:Default, env.cc:298 ThreadMain] pthread_setaffinity_np failed for thread: 2808954, index: 17, mask: {18, }, error code: 22 error msg: Invalid argument. Specify the number of threads explicitly so the affinity is not set.[m
[1;31m2026-09-28 11:42:42.477745643 [E:onnxruntime:Default, env.cc:298 ThreadMain] pthread_setaffinity_np failed for thread: 2808987, index: 50, mask: {51, }, error code: 22 error msg: Invalid argument. Specify the number of threads explicitly so the affinity is not set.[m
[1;31m2026-09-28 11:42:42.480745009 [E:onnxruntime:Default, env.cc:298 ThreadMain] pthread_setaffinity_np failed for thread: 2809004, index: 67, mask: {68, }, error code: 22 error msg: Invalid argument. Specify the number of threads explicitly so the affinity is not set.[m
[1;31m2026-09-28 11:42:42.488852430 [E:onnxruntime:Default, env.cc:298 ThreadMain] pthread_setaffinity_np failed for thread: 2808986, index: 49, mask: {50, }, error code: 22 error msg: Invalid argument. Specify the number of threads explicitly so the affinity is not set.[m
[1;31m2026-09-28 11:42:42.488893372 [E:onnxruntime:Default, env.cc:298 ThreadMain] pthread_setaffinity_np failed for thread: 2808984, index: 47, mask: {48, }, error code: 22 error msg: Invalid argument. Specify the number of threads explicitly so the affinity is not set.[m
[1;31m2026-09-28 11:42:42.488904516 [E:onnxruntime:Default, env.cc:298 ThreadMain] pthread_setaffinity_np failed for thread: 2808968, index: 31, mask: {32, }, error code: 22 error msg: Invalid argument. Specify the number of threads explicitly so the affinity is not set.[m
[1;31m2026-09-28 11:42:42.491817097 [E:onnxruntime:Default, env.cc:298 ThreadMain] pthread_setaffinity_np failed for thread: 2809003, index: 66, mask: {67, }, error code: 22 error msg: Invalid argument. Specify the number of threads explicitly so the affinity is not set.[m
[1;31m2026-09-28 11:42:42.488876827 [E:onnxruntime:Default, env.cc:298 ThreadMain] pthread_setaffinity_np failed for thread: 2809002, index: 65, mask: {66, }, error code: 22 error msg: Invalid argument. Specify the number of threads explicitly so the affinity is not set.[m
[1;31m2026-09-28 11:42:42.488926249 [E:onnxruntime:Default, env.cc:298 ThreadMain] pthread_setaffinity_np failed for thread: 2808991, index: 54, mask: {55, }, error code: 22 error msg: Invalid argument. Specify the number of threads explicitly so the affinity is not set.[m
[1;31m2026-09-28 11:42:42.508821312 [E:onnxruntime:Default, env.cc:298 ThreadMain] pthread_setaffinity_np failed for thread: 2808972, index: 35, mask: {36, }, error code: 22 error msg: Invalid argument. Specify the number of threads explicitly so the affinity is not set.[m
[1;31m2026-09-28 11:42:42.508822764 [E:onnxruntime:Default, env.cc:298 ThreadMain] pthread_setaffinity_np failed for thread: 2808971, index: 34, mask: {35, }, error code: 22 error msg: Invalid argument. Specify the number of threads explicitly so the affinity is not set.[m
[1;31m2026-09-28 11:42:42.508821367 [E:onnxruntime:Default, env.cc:298 ThreadMain] pthread_setaffinity_np failed for thread: 2808985, index: 48, mask: {49, }, error code: 22 error msg: Invalid argument. Specify the number of threads explicitly so the affinity is not set.[m
[1;31m2026-09-28 11:42:42.517776308 [E:onnxruntime:Default, env.cc:298 ThreadMain] pthread_setaffinity_np failed for thread: 2808997, index: 60, mask: {61, }, error code: 22 error msg: Invalid argument. Specify the number of threads explicitly so the affinity is not set.[m
[1;31m2026-09-28 11:42:42.526768405 [E:onnxruntime:Default, env.cc:298 ThreadMain] pthread_setaffinity_np failed for thread: 2808978, index: 41, mask: {42, }, error code: 22 error msg: Invalid argument. Specify the number of threads explicitly so the affinity is not set.[m
[1;31m2026-09-28 11:42:42.526781399 [E:onnxruntime:Default, env.cc:298 ThreadMain] pthread_setaffinity_np failed for thread: 2808980, index: 43, mask: {44, }, error code: 22 error msg: Invalid argument. Specify the number of threads explicitly so the affinity is not set.[m
[1;31m2026-09-28 11:42:42.533492898 [E:onnxruntime:Default, env.cc:298 ThreadMain] pthread_setaffinity_np failed for thread: 2808989, index: 52, mask: {53, }, error code: 22 error msg: Invalid argument. Specify the number of threads explicitly so the affinity is not set.[m
[1;31m2026-09-28 11:42:42.541761424 [E:onnxruntime:Default, env.cc:298 ThreadMain] pthread_setaffinity_np failed for thread: 2808995, index: 58, mask: {59, }, error code: 22 error msg: Invalid argument. Specify the number of threads explicitly so the affinity is not set.[m
[1;31m2026-09-28 11:42:42.541861413 [E:onnxruntime:Default, env.cc:298 ThreadMain] pthread_setaffinity_np failed for thread: 2808990, index: 53, mask: {54, }, error code: 22 error msg: Invalid argument. Specify the number of threads explicitly so the affinity is not set.[m
[1;31m2026-09-28 11:42:42.541891869 [E:onnxruntime:Default, env.cc:298 ThreadMain] pthread_setaffinity_np failed for thread: 2808996, index: 59, mask: {60, }, error code: 22 error msg: Invalid argument. Specify the number of threads explicitly so the affinity is not set.[m
[1;31m2026-09-28 11:42:42.541896844 [E:onnxruntime:Default, env.cc:298 ThreadMain] pthread_setaffinity_np failed for thread: 2808977, index: 40, mask: {41, }, error code: 22 error msg: Invalid argument. Specify the number of threads explicitly so the affinity is not set.[m
[1;31m2026-09-28 11:42:42.541904407 [E:onnxruntime:Default, env.cc:298 ThreadMain] pthread_setaffinity_np failed for thread: 2808999, index: 62, mask: {63, }, error code: 22 error msg: Invalid argument. Specify the number of threads explicitly so the affinity is not set.[m
[1;31m2026-09-28 11:42:42.541907833 [E:onnxruntime:Default, env.cc:298 ThreadMain] pthread_setaffinity_np failed for thread: 2808981, index: 44, mask: {45, }, error code: 22 error msg: Invalid argument. Specify the number of threads explicitly so the affinity is not set.[m
[1;31m2026-09-28 11:42:42.541928580 [E:onnxruntime:Default, env.cc:298 ThreadMain] pthread_setaffinity_np failed for thread: 2808983, index: 46, mask: {47, }, error code: 22 error msg: Invalid argument. Specify the number of threads explicitly so the affinity is not set.[m
[1;31m2026-09-28 11:42:42.554748855 [E:onnxruntime:Default, env.cc:298 ThreadMain] pthread_setaffinity_np failed for thread: 2808979, index: 42, mask: {43, }, error code: 22 error msg: Invalid argument. Specify the number of threads explicitly so the affinity is not set.[m
[1;31m2026-09-28 11:42:42.572761539 [E:onnxruntime:Default, env.cc:298 ThreadMain] pthread_setaffinity_np failed for thread: 2808992, index: 55, mask: {56, }, error code: 22 error msg: Invalid argument. Specify the number of threads explicitly so the affinity is not set.[m
[1;31m2026-09-28 11:42:42.572765938 [E:onnxruntime:Default, env.cc:298 ThreadMain] pthread_setaffinity_np failed for thread: 2808982, index: 45, mask: {46, }, error code: 22 error msg: Invalid argument. Specify the number of threads explicitly so the affinity is not set.[m
WARNING 09-28 11:42:48 [config.py:70] Support for Transformers v4 is deprecated. The Transformers v4 codepath will become unmaintained in vLLM v0.22.0 and will be removed in vLLM v0.24.0. Please upgrade to Transformers v5: pip install --upgrade transformers
(EngineCore pid=2808901) INFO 09-28 11:42:49 [core.py:109] Initializing a V1 LLM engine (v0.21.0) with config: model='/home/sfris1/.cache/huggingface/hub/models--opendatalab--MinerU2.5-Pro-2605-1.2B/snapshots/bff20d4ae2bf202df9f45284b4d43681555a97ed', speculative_config=None, tokenizer='/home/sfris1/.cache/huggingface/hub/models--opendatalab--MinerU2.5-Pro-2605-1.2B/snapshots/bff20d4ae2bf202df9f45284b4d43681555a97ed', skip_tokenizer_init=False, tokenizer_mode=auto, revision=None, tokenizer_revision=None, trust_remote_code=False, dtype=torch.bfloat16, max_seq_len=8192, download_dir=None, load_format=auto, tensor_parallel_size=1, pipeline_parallel_size=1, data_parallel_size=1, decode_context_parallel_size=1, dcp_comm_backend=ag_rs, disable_custom_all_reduce=False, quantization=None, quantization_config=None, enforce_eager=False, enable_return_routed_experts=False, kv_cache_dtype=auto, device_config=cuda, structured_outputs_config=StructuredOutputsConfig(backend='auto', disable_any_whitespace=False, disable_additional_properties=False, reasoning_parser='', reasoning_parser_plugin='', enable_in_reasoning=False), observability_config=ObservabilityConfig(show_hidden_metrics_for_version=None, otlp_traces_endpoint=None, collect_detailed_traces=None, kv_cache_metrics=False, kv_cache_metrics_sample=0.01, cudagraph_metrics=False, enable_layerwise_nvtx_tracing=False, enable_mfu_metrics=False, enable_mm_processor_stats=False, enable_logging_iteration_details=False), seed=0, served_model_name=/home/sfris1/.cache/huggingface/hub/models--opendatalab--MinerU2.5-Pro-2605-1.2B/snapshots/bff20d4ae2bf202df9f45284b4d43681555a97ed, enable_prefix_caching=True, enable_chunked_prefill=True, pooler_config=None, compilation_config={'mode': <CompilationMode.VLLM_COMPILE: 3>, 'debug_dump_path': None, 'cache_dir': '', 'compile_cache_save_format': 'binary', 'backend': 'inductor', 'custom_ops': ['none'], 'ir_enable_torch_wrap': True, 'splitting_ops': ['vllm::unified_attention_with_output', 'vllm::unified_mla_attention_with_output', 'vllm::mamba_mixer2', 'vllm::mamba_mixer', 'vllm::short_conv', 'vllm::linear_attention', 'vllm::plamo2_mamba_mixer', 'vllm::gdn_attention_core', 'vllm::gdn_attention_core_xpu', 'vllm::olmo_hybrid_gdn_full_forward', 'vllm::kda_attention', 'vllm::sparse_attn_indexer', 'vllm::rocm_aiter_sparse_attn_indexer', 'vllm::deepseek_v4_attention', 'vllm::unified_kv_cache_update', 'vllm::unified_mla_kv_cache_update'], 'compile_mm_encoder': False, 'cudagraph_mm_encoder': False, 'encoder_cudagraph_token_budgets': [], 'encoder_cudagraph_max_vision_items_per_batch': 0, 'encoder_cudagraph_max_frames_per_batch': None, 'compile_sizes': [], 'compile_ranges_endpoints': [2048], 'inductor_compile_config': {'enable_auto_functionalized_v2': False, 'size_asserts': False, 'alignment_asserts': False, 'scalar_asserts': False, 'combo_kernels': True, 'benchmark_combo_kernel': True}, 'inductor_passes': {}, 'cudagraph_mode': <CUDAGraphMode.FULL_AND_PIECEWISE: (2, 1)>, 'cudagraph_num_of_warmups': 1, 'cudagraph_capture_sizes': [1, 2, 4, 8, 16, 24, 32, 40, 48, 56, 64, 72, 80, 88, 96, 104, 112, 120, 128, 136, 144, 152, 160, 168, 176, 184, 192, 200, 208, 216, 224, 232, 240, 248, 256], 'cudagraph_copy_inputs': False, 'cudagraph_specialize_lora': True, 'use_inductor_graph_partition': False, 'pass_config': {'fuse_norm_quant': False, 'fuse_act_quant': False, 'fuse_attn_quant': False, 'enable_sp': False, 'fuse_gemm_comms': False, 'fuse_allreduce_rms': False, 'fuse_act_padding': False}, 'max_cudagraph_capture_size': 256, 'dynamic_shapes_config': {'type': <DynamicShapesType.BACKED: 'backed'>, 'evaluate_guards': False, 'assume_32_bit_indexing': False}, 'local_cache_dir': None, 'fast_moe_cold_start': False, 'static_all_moe_layers': []}, kernel_config=KernelConfig(ir_op_priority=IrOpPriorityConfig(rms_norm=['native'], fused_add_rms_norm=['native']), enable_flashinfer_autotune=False, moe_backend='auto')
(EngineCore pid=2808901) INFO 09-28 11:42:51 [parallel_state.py:1410] world_size=1 rank=0 local_rank=0 distributed_init_method=tcp://145.136.62.28:56939 backend=nccl
(EngineCore pid=2808901) INFO 09-28 11:42:51 [parallel_state.py:1723] rank 0 in world size 1 is assigned as DP rank 0, PP rank 0, PCP rank 0, TP rank 0, EP rank N/A, EPLB rank N/A
(EngineCore pid=2808901) INFO 09-28 11:42:52 [topk_topp_sampler.py:45] Using FlashInfer for top-p & top-k sampling.
(EngineCore pid=2808901) The image processor of type `Qwen2VLImageProcessor` is now loaded as a fast processor by default, even if the model checkpoint was saved with a slow processor. This is a breaking change and may produce slightly different outputs. To continue using the slow processor, instantiate this class with `use_fast=False`. Note that this behavior will be extended to all models in a future release.
(EngineCore pid=2808901) INFO 09-28 11:42:55 [gpu_model_runner.py:4857] Starting to load model /home/sfris1/.cache/huggingface/hub/models--opendatalab--MinerU2.5-Pro-2605-1.2B/snapshots/bff20d4ae2bf202df9f45284b4d43681555a97ed...
(EngineCore pid=2808901) INFO 09-28 11:42:55 [cuda.py:427] Using backend AttentionBackendEnum.FLASH_ATTN for vit attention
(EngineCore pid=2808901) INFO 09-28 11:42:55 [mm_encoder_attention.py:372] Using AttentionBackendEnum.FLASH_ATTN for MMEncoderAttention.
(EngineCore pid=2808901) INFO 09-28 11:42:55 [vllm.py:886] Asynchronous scheduling is enabled.
(EngineCore pid=2808901) INFO 09-28 11:42:55 [kernel.py:212] Final IR op priority after setting platform defaults: IrOpPriorityConfig(rms_norm=['native'], fused_add_rms_norm=['native'])
(EngineCore pid=2808901) INFO 09-28 11:42:55 [cuda.py:372] Using FLASH_ATTN attention backend out of potential backends: ['FLASH_ATTN', 'FLASHINFER', 'TRITON_ATTN', 'FLEX_ATTENTION'].
(EngineCore pid=2808901) INFO 09-28 11:42:55 [flash_attn.py:641] Using FlashAttention version 2
(EngineCore pid=2808901) INFO 09-28 11:42:56 [weight_utils.py:938] Filesystem type for checkpoints: GPFS. Checkpoint size: 2.15 GiB. Available RAM: 438.67 GiB.
(EngineCore pid=2808901) INFO 09-28 11:42:56 [weight_utils.py:961] Auto-prefetch is disabled because the filesystem (GPFS) is not a recognized network FS (NFS/Lustre). If you want to force prefetching, start vLLM with --safetensors-load-strategy=prefetch.
(EngineCore pid=2808901) Loading safetensors checkpoint shards:   0% Completed | 0/1 [00:00<?, ?it/s]
(EngineCore pid=2808901) Loading safetensors checkpoint shards: 100% Completed | 1/1 [00:01<00:00,  1.20s/it]
(EngineCore pid=2808901) Loading safetensors checkpoint shards: 100% Completed | 1/1 [00:01<00:00,  1.20s/it]
(EngineCore pid=2808901) 
(EngineCore pid=2808901) INFO 09-28 11:42:57 [default_loader.py:397] Loading weights took 1.26 seconds
(EngineCore pid=2808901) INFO 09-28 11:42:57 [gpu_model_runner.py:4959] Model loading took 2.16 GiB memory and 1.639491 seconds
(EngineCore pid=2808901) INFO 09-28 11:42:58 [gpu_model_runner.py:5920] Encoder cache will be initialized with a budget of 8192 tokens, and profiled with 1 video items of the maximum feature size.
(EngineCore pid=2808901) INFO 09-28 11:43:01 [backends.py:1089] Using cache directory: /home/sfris1/.cache/vllm/torch_compile_cache/557eaef9a3/rank_0_0/backbone for vLLM's torch.compile
(EngineCore pid=2808901) INFO 09-28 11:43:01 [backends.py:1148] Dynamo bytecode transform time: 2.42 s
(EngineCore pid=2808901) INFO 09-28 11:43:03 [backends.py:292] Directly load the compiled graph(s) for compile range (1, 2048) from the cache, took 1.216 s
(EngineCore pid=2808901) INFO 09-28 11:43:03 [decorators.py:311] Directly load AOT compilation from path /home/sfris1/.cache/vllm/torch_compile_cache/torch_aot_compile/9fc9def3a1736e8298ba738d46590ca1ad781b4ad811c4a7c19562d6033c953c/rank_0_0/model
(EngineCore pid=2808901) INFO 09-28 11:43:03 [monitor.py:53] torch.compile took 3.89 s in total
(EngineCore pid=2808901) INFO 09-28 11:43:03 [monitor.py:81] Initial profiling/warmup run took 0.01 s
(EngineCore pid=2808901) ERROR 09-28 11:43:03 [core.py:1140] EngineCore failed to start.
(EngineCore pid=2808901) ERROR 09-28 11:43:03 [core.py:1140] Traceback (most recent call last):
(EngineCore pid=2808901) ERROR 09-28 11:43:03 [core.py:1140]   File "/gpfs/home5/sfris1/multimodal-tip-of-tongue-for-scientific-papers/.venv-mineru/lib/python3.11/site-packages/vllm/v1/engine/core.py", line 1114, in run_engine_core
(EngineCore pid=2808901) ERROR 09-28 11:43:03 [core.py:1140]     engine_core = EngineCoreProc(*args, engine_index=dp_rank, **kwargs)
(EngineCore pid=2808901) ERROR 09-28 11:43:03 [core.py:1140]                   ^^^^^^^^^^^^^^^^^^^^^^^^^^^^^^^^^^^^^^^^^^^^^^^^^^^^^
(EngineCore pid=2808901) ERROR 09-28 11:43:03 [core.py:1140]   File "/gpfs/home5/sfris1/multimodal-tip-of-tongue-for-scientific-papers/.venv-mineru/lib/python3.11/site-packages/vllm/tracing/otel.py", line 178, in sync_wrapper
(EngineCore pid=2808901) ERROR 09-28 11:43:03 [core.py:1140]     return func(*args, **kwargs)
(EngineCore pid=2808901) ERROR 09-28 11:43:03 [core.py:1140]            ^^^^^^^^^^^^^^^^^^^^^
(EngineCore pid=2808901) ERROR 09-28 11:43:03 [core.py:1140]   File "/gpfs/home5/sfris1/multimodal-tip-of-tongue-for-scientific-papers/.venv-mineru/lib/python3.11/site-packages/vllm/v1/engine/core.py", line 880, in __init__
(EngineCore pid=2808901) ERROR 09-28 11:43:03 [core.py:1140]     super().__init__(
(EngineCore pid=2808901) ERROR 09-28 11:43:03 [core.py:1140]   File "/gpfs/home5/sfris1/multimodal-tip-of-tongue-for-scientific-papers/.venv-mineru/lib/python3.11/site-packages/vllm/v1/engine/core.py", line 128, in __init__
(EngineCore pid=2808901) ERROR 09-28 11:43:03 [core.py:1140]     kv_cache_config = self._initialize_kv_caches(vllm_config)
(EngineCore pid=2808901) ERROR 09-28 11:43:03 [core.py:1140]                       ^^^^^^^^^^^^^^^^^^^^^^^^^^^^^^^^^^^^^^^
(EngineCore pid=2808901) ERROR 09-28 11:43:03 [core.py:1140]   File "/gpfs/home5/sfris1/multimodal-tip-of-tongue-for-scientific-papers/.venv-mineru/lib/python3.11/site-packages/vllm/tracing/otel.py", line 178, in sync_wrapper
(EngineCore pid=2808901) ERROR 09-28 11:43:03 [core.py:1140]     return func(*args, **kwargs)
(EngineCore pid=2808901) ERROR 09-28 11:43:03 [core.py:1140]            ^^^^^^^^^^^^^^^^^^^^^
(EngineCore pid=2808901) ERROR 09-28 11:43:03 [core.py:1140]   File "/gpfs/home5/sfris1/multimodal-tip-of-tongue-for-scientific-papers/.venv-mineru/lib/python3.11/site-packages/vllm/v1/engine/core.py", line 250, in _initialize_kv_caches
(EngineCore pid=2808901) ERROR 09-28 11:43:03 [core.py:1140]     available_gpu_memory = self.model_executor.determine_available_memory()
(EngineCore pid=2808901) ERROR 09-28 11:43:03 [core.py:1140]                            ^^^^^^^^^^^^^^^^^^^^^^^^^^^^^^^^^^^^^^^^^^^^^^^^
(EngineCore pid=2808901) ERROR 09-28 11:43:03 [core.py:1140]   File "/gpfs/home5/sfris1/multimodal-tip-of-tongue-for-scientific-papers/.venv-mineru/lib/python3.11/site-packages/vllm/v1/executor/abstract.py", line 147, in determine_available_memory
(EngineCore pid=2808901) ERROR 09-28 11:43:03 [core.py:1140]     return self.collective_rpc("determine_available_memory")
(EngineCore pid=2808901) ERROR 09-28 11:43:03 [core.py:1140]            ^^^^^^^^^^^^^^^^^^^^^^^^^^^^^^^^^^^^^^^^^^^^^^^^^
(EngineCore pid=2808901) ERROR 09-28 11:43:03 [core.py:1140]   File "/gpfs/home5/sfris1/multimodal-tip-of-tongue-for-scientific-papers/.venv-mineru/lib/python3.11/site-packages/vllm/v1/executor/uniproc_executor.py", line 93, in collective_rpc
(EngineCore pid=2808901) ERROR 09-28 11:43:03 [core.py:1140]     result = run_method(self.driver_worker, method, args, kwargs)
(EngineCore pid=2808901) ERROR 09-28 11:43:03 [core.py:1140]              ^^^^^^^^^^^^^^^^^^^^^^^^^^^^^^^^^^^^^^^^^^^^^^^^^^^^
(EngineCore pid=2808901) ERROR 09-28 11:43:03 [core.py:1140]   File "/gpfs/home5/sfris1/multimodal-tip-of-tongue-for-scientific-papers/.venv-mineru/lib/python3.11/site-packages/vllm/v1/serial_utils.py", line 510, in run_method
(EngineCore pid=2808901) ERROR 09-28 11:43:03 [core.py:1140]     return func(*args, **kwargs)
(EngineCore pid=2808901) ERROR 09-28 11:43:03 [core.py:1140]            ^^^^^^^^^^^^^^^^^^^^^
(EngineCore pid=2808901) ERROR 09-28 11:43:03 [core.py:1140]   File "/gpfs/home5/sfris1/multimodal-tip-of-tongue-for-scientific-papers/.venv-mineru/lib/python3.11/site-packages/torch/utils/_contextlib.py", line 124, in decorate_context
(EngineCore pid=2808901) ERROR 09-28 11:43:03 [core.py:1140]     return func(*args, **kwargs)
(EngineCore pid=2808901) ERROR 09-28 11:43:03 [core.py:1140]            ^^^^^^^^^^^^^^^^^^^^^
(EngineCore pid=2808901) ERROR 09-28 11:43:03 [core.py:1140]   File "/gpfs/home5/sfris1/multimodal-tip-of-tongue-for-scientific-papers/.venv-mineru/lib/python3.11/site-packages/vllm/v1/worker/gpu_worker.py", line 392, in determine_available_memory
(EngineCore pid=2808901) ERROR 09-28 11:43:03 [core.py:1140]     self.model_runner.profile_run()
(EngineCore pid=2808901) ERROR 09-28 11:43:03 [core.py:1140]   File "/gpfs/home5/sfris1/multimodal-tip-of-tongue-for-scientific-papers/.venv-mineru/lib/python3.11/site-packages/vllm/v1/worker/gpu_model_runner.py", line 5955, in profile_run
(EngineCore pid=2808901) ERROR 09-28 11:43:03 [core.py:1140]     output = self._dummy_sampler_run(last_hidden_states)
(EngineCore pid=2808901) ERROR 09-28 11:43:03 [core.py:1140]              ^^^^^^^^^^^^^^^^^^^^^^^^^^^^^^^^^^^^^^^^^^^
(EngineCore pid=2808901) ERROR 09-28 11:43:03 [core.py:1140]   File "/gpfs/home5/sfris1/multimodal-tip-of-tongue-for-scientific-papers/.venv-mineru/lib/python3.11/site-packages/torch/utils/_contextlib.py", line 124, in decorate_context
(EngineCore pid=2808901) ERROR 09-28 11:43:03 [core.py:1140]     return func(*args, **kwargs)
(EngineCore pid=2808901) ERROR 09-28 11:43:03 [core.py:1140]            ^^^^^^^^^^^^^^^^^^^^^
(EngineCore pid=2808901) ERROR 09-28 11:43:03 [core.py:1140]   File "/gpfs/home5/sfris1/multimodal-tip-of-tongue-for-scientific-papers/.venv-mineru/lib/python3.11/site-packages/vllm/v1/worker/gpu_model_runner.py", line 5775, in _dummy_sampler_run
(EngineCore pid=2808901) ERROR 09-28 11:43:03 [core.py:1140]     raise e
(EngineCore pid=2808901) ERROR 09-28 11:43:03 [core.py:1140]   File "/gpfs/home5/sfris1/multimodal-tip-of-tongue-for-scientific-papers/.venv-mineru/lib/python3.11/site-packages/vllm/v1/worker/gpu_model_runner.py", line 5743, in _dummy_sampler_run
(EngineCore pid=2808901) ERROR 09-28 11:43:03 [core.py:1140]     sampler_output = self.sampler(
(EngineCore pid=2808901) ERROR 09-28 11:43:03 [core.py:1140]                      ^^^^^^^^^^^^^
(EngineCore pid=2808901) ERROR 09-28 11:43:03 [core.py:1140]   File "/gpfs/home5/sfris1/multimodal-tip-of-tongue-for-scientific-papers/.venv-mineru/lib/python3.11/site-packages/torch/nn/modules/module.py", line 1779, in _wrapped_call_impl
(EngineCore pid=2808901) ERROR 09-28 11:43:03 [core.py:1140]     return self._call_impl(*args, **kwargs)
(EngineCore pid=2808901) ERROR 09-28 11:43:03 [core.py:1140]            ^^^^^^^^^^^^^^^^^^^^^^^^^^^^^^^^
(EngineCore pid=2808901) ERROR 09-28 11:43:03 [core.py:1140]   File "/gpfs/home5/sfris1/multimodal-tip-of-tongue-for-scientific-papers/.venv-mineru/lib/python3.11/site-packages/torch/nn/modules/module.py", line 1790, in _call_impl
(EngineCore pid=2808901) ERROR 09-28 11:43:03 [core.py:1140]     return forward_call(*args, **kwargs)
(EngineCore pid=2808901) ERROR 09-28 11:43:03 [core.py:1140]            ^^^^^^^^^^^^^^^^^^^^^^^^^^^^^
(EngineCore pid=2808901) ERROR 09-28 11:43:03 [core.py:1140]   File "/gpfs/home5/sfris1/multimodal-tip-of-tongue-for-scientific-papers/.venv-mineru/lib/python3.11/site-packages/vllm/v1/sample/sampler.py", line 97, in forward
(EngineCore pid=2808901) ERROR 09-28 11:43:03 [core.py:1140]     sampled, processed_logprobs = self.sample(logits, sampling_metadata)
(EngineCore pid=2808901) ERROR 09-28 11:43:03 [core.py:1140]                                   ^^^^^^^^^^^^^^^^^^^^^^^^^^^^^^^^^^^^^^
(EngineCore pid=2808901) ERROR 09-28 11:43:03 [core.py:1140]   File "/gpfs/home5/sfris1/multimodal-tip-of-tongue-for-scientific-papers/.venv-mineru/lib/python3.11/site-packages/vllm/v1/sample/sampler.py", line 272, in sample
(EngineCore pid=2808901) ERROR 09-28 11:43:03 [core.py:1140]     random_sampled, processed_logprobs = self.topk_topp_sampler(
(EngineCore pid=2808901) ERROR 09-28 11:43:03 [core.py:1140]                                          ^^^^^^^^^^^^^^^^^^^^^^^
(EngineCore pid=2808901) ERROR 09-28 11:43:03 [core.py:1140]   File "/gpfs/home5/sfris1/multimodal-tip-of-tongue-for-scientific-papers/.venv-mineru/lib/python3.11/site-packages/torch/nn/modules/module.py", line 1779, in _wrapped_call_impl
(EngineCore pid=2808901) ERROR 09-28 11:43:03 [core.py:1140]     return self._call_impl(*args, **kwargs)
(EngineCore pid=2808901) ERROR 09-28 11:43:03 [core.py:1140]            ^^^^^^^^^^^^^^^^^^^^^^^^^^^^^^^^
(EngineCore pid=2808901) ERROR 09-28 11:43:03 [core.py:1140]   File "/gpfs/home5/sfris1/multimodal-tip-of-tongue-for-scientific-papers/.venv-mineru/lib/python3.11/site-packages/torch/nn/modules/module.py", line 1790, in _call_impl
(EngineCore pid=2808901) ERROR 09-28 11:43:03 [core.py:1140]     return forward_call(*args, **kwargs)
(EngineCore pid=2808901) ERROR 09-28 11:43:03 [core.py:1140]            ^^^^^^^^^^^^^^^^^^^^^^^^^^^^^
(EngineCore pid=2808901) ERROR 09-28 11:43:03 [core.py:1140]   File "/gpfs/home5/sfris1/multimodal-tip-of-tongue-for-scientific-papers/.venv-mineru/lib/python3.11/site-packages/vllm/v1/sample/ops/topk_topp_sampler.py", line 157, in forward_cuda
(EngineCore pid=2808901) ERROR 09-28 11:43:03 [core.py:1140]     return flashinfer_sample(logits.contiguous(), k, p, generators), None
(EngineCore pid=2808901) ERROR 09-28 11:43:03 [core.py:1140]            ^^^^^^^^^^^^^^^^^^^^^^^^^^^^^^^^^^^^^^^^^^^^^^^^^^^^^^^^
(EngineCore pid=2808901) ERROR 09-28 11:43:03 [core.py:1140]   File "/gpfs/home5/sfris1/multimodal-tip-of-tongue-for-scientific-papers/.venv-mineru/lib/python3.11/site-packages/vllm/v1/sample/ops/topk_topp_sampler.py", line 447, in flashinfer_sample
(EngineCore pid=2808901) ERROR 09-28 11:43:03 [core.py:1140]     next_token_ids = flashinfer.sampling.top_k_top_p_sampling_from_logits(
(EngineCore pid=2808901) ERROR 09-28 11:43:03 [core.py:1140]                      ^^^^^^^^^^^^^^^^^^^^^^^^^^^^^^^^^^^^^^^^^^^^^^^^^^^^^
(EngineCore pid=2808901) ERROR 09-28 11:43:03 [core.py:1140]   File "/gpfs/home5/sfris1/multimodal-tip-of-tongue-for-scientific-papers/.venv-mineru/lib/python3.11/site-packages/flashinfer/sampling.py", line 1400, in top_k_top_p_sampling_from_logits
(EngineCore pid=2808901) ERROR 09-28 11:43:03 [core.py:1140]     masked_logits = top_k_mask_logits(logits, top_k)
(EngineCore pid=2808901) ERROR 09-28 11:43:03 [core.py:1140]                     ^^^^^^^^^^^^^^^^^^^^^^^^^^^^^^^^
(EngineCore pid=2808901) ERROR 09-28 11:43:03 [core.py:1140]   File "/gpfs/home5/sfris1/multimodal-tip-of-tongue-for-scientific-papers/.venv-mineru/lib/python3.11/site-packages/flashinfer/sampling.py", line 1806, in top_k_mask_logits
(EngineCore pid=2808901) ERROR 09-28 11:43:03 [core.py:1140]     return get_sampling_module().top_k_mask_logits(
(EngineCore pid=2808901) ERROR 09-28 11:43:03 [core.py:1140]            ^^^^^^^^^^^^^^^^^^^^^
(EngineCore pid=2808901) ERROR 09-28 11:43:03 [core.py:1140]   File "/gpfs/home5/sfris1/multimodal-tip-of-tongue-for-scientific-papers/.venv-mineru/lib/python3.11/site-packages/flashinfer/sampling.py", line 54, in get_sampling_module
(EngineCore pid=2808901) ERROR 09-28 11:43:03 [core.py:1140]     module = gen_sampling_module().build_and_load()
(EngineCore pid=2808901) ERROR 09-28 11:43:03 [core.py:1140]              ^^^^^^^^^^^^^^^^^^^^^^^^^^^^^^^^^^^^^^
(EngineCore pid=2808901) ERROR 09-28 11:43:03 [core.py:1140]   File "/gpfs/home5/sfris1/multimodal-tip-of-tongue-for-scientific-papers/.venv-mineru/lib/python3.11/site-packages/flashinfer/jit/core.py", line 318, in build_and_load
(EngineCore pid=2808901) ERROR 09-28 11:43:03 [core.py:1140]     self.build(verbose, need_lock=False)
(EngineCore pid=2808901) ERROR 09-28 11:43:03 [core.py:1140]   File "/gpfs/home5/sfris1/multimodal-tip-of-tongue-for-scientific-papers/.venv-mineru/lib/python3.11/site-packages/flashinfer/jit/core.py", line 303, in build
(EngineCore pid=2808901) ERROR 09-28 11:43:03 [core.py:1140]     self.write_ninja()
(EngineCore pid=2808901) ERROR 09-28 11:43:03 [core.py:1140]   File "/gpfs/home5/sfris1/multimodal-tip-of-tongue-for-scientific-papers/.venv-mineru/lib/python3.11/site-packages/flashinfer/jit/core.py", line 274, in write_ninja
(EngineCore pid=2808901) ERROR 09-28 11:43:03 [core.py:1140]     content = generate_ninja_build_for_op(
(EngineCore pid=2808901) ERROR 09-28 11:43:03 [core.py:1140]               ^^^^^^^^^^^^^^^^^^^^^^^^^^^^
(EngineCore pid=2808901) ERROR 09-28 11:43:03 [core.py:1140]   File "/gpfs/home5/sfris1/multimodal-tip-of-tongue-for-scientific-papers/.venv-mineru/lib/python3.11/site-packages/flashinfer/jit/cpp_ext.py", line 216, in generate_ninja_build_for_op
(EngineCore pid=2808901) ERROR 09-28 11:43:03 [core.py:1140]     cuda_home = get_cuda_path()
(EngineCore pid=2808901) ERROR 09-28 11:43:03 [core.py:1140]                 ^^^^^^^^^^^^^^^
(EngineCore pid=2808901) ERROR 09-28 11:43:03 [core.py:1140]   File "/gpfs/home5/sfris1/multimodal-tip-of-tongue-for-scientific-papers/.venv-mineru/lib/python3.11/site-packages/flashinfer/jit/cpp_ext.py", line 61, in get_cuda_path
(EngineCore pid=2808901) ERROR 09-28 11:43:03 [core.py:1140]     raise RuntimeError(
(EngineCore pid=2808901) ERROR 09-28 11:43:03 [core.py:1140] RuntimeError: Could not find nvcc and default cuda_home='/usr/local/cuda' doesn't exist
(EngineCore pid=2808901) Process EngineCore:
(EngineCore pid=2808901) Traceback (most recent call last):
(EngineCore pid=2808901)   File "/home/sfris1/.local/share/uv/python/cpython-3.11.14-linux-x86_64-gnu/lib/python3.11/multiprocessing/process.py", line 314, in _bootstrap
(EngineCore pid=2808901)     self.run()
(EngineCore pid=2808901)   File "/home/sfris1/.local/share/uv/python/cpython-3.11.14-linux-x86_64-gnu/lib/python3.11/multiprocessing/process.py", line 108, in run
(EngineCore pid=2808901)     self._target(*self._args, **self._kwargs)
(EngineCore pid=2808901)   File "/gpfs/home5/sfris1/multimodal-tip-of-tongue-for-scientific-papers/.venv-mineru/lib/python3.11/site-packages/vllm/v1/engine/core.py", line 1144, in run_engine_core
(EngineCore pid=2808901)     raise e
(EngineCore pid=2808901)   File "/gpfs/home5/sfris1/multimodal-tip-of-tongue-for-scientific-papers/.venv-mineru/lib/python3.11/site-packages/vllm/v1/engine/core.py", line 1114, in run_engine_core
(EngineCore pid=2808901)     engine_core = EngineCoreProc(*args, engine_index=dp_rank, **kwargs)
(EngineCore pid=2808901)                   ^^^^^^^^^^^^^^^^^^^^^^^^^^^^^^^^^^^^^^^^^^^^^^^^^^^^^
(EngineCore pid=2808901)   File "/gpfs/home5/sfris1/multimodal-tip-of-tongue-for-scientific-papers/.venv-mineru/lib/python3.11/site-packages/vllm/tracing/otel.py", line 178, in sync_wrapper
(EngineCore pid=2808901)     return func(*args, **kwargs)
(EngineCore pid=2808901)            ^^^^^^^^^^^^^^^^^^^^^
(EngineCore pid=2808901)   File "/gpfs/home5/sfris1/multimodal-tip-of-tongue-for-scientific-papers/.venv-mineru/lib/python3.11/site-packages/vllm/v1/engine/core.py", line 880, in __init__
(EngineCore pid=2808901)     super().__init__(
(EngineCore pid=2808901)   File "/gpfs/home5/sfris1/multimodal-tip-of-tongue-for-scientific-papers/.venv-mineru/lib/python3.11/site-packages/vllm/v1/engine/core.py", line 128, in __init__
(EngineCore pid=2808901)     kv_cache_config = self._initialize_kv_caches(vllm_config)
(EngineCore pid=2808901)                       ^^^^^^^^^^^^^^^^^^^^^^^^^^^^^^^^^^^^^^^
(EngineCore pid=2808901)   File "/gpfs/home5/sfris1/multimodal-tip-of-tongue-for-scientific-papers/.venv-mineru/lib/python3.11/site-packages/vllm/tracing/otel.py", line 178, in sync_wrapper
(EngineCore pid=2808901)     return func(*args, **kwargs)
(EngineCore pid=2808901)            ^^^^^^^^^^^^^^^^^^^^^
(EngineCore pid=2808901)   File "/gpfs/home5/sfris1/multimodal-tip-of-tongue-for-scientific-papers/.venv-mineru/lib/python3.11/site-packages/vllm/v1/engine/core.py", line 250, in _initialize_kv_caches
(EngineCore pid=2808901)     available_gpu_memory = self.model_executor.determine_available_memory()
(EngineCore pid=2808901)                            ^^^^^^^^^^^^^^^^^^^^^^^^^^^^^^^^^^^^^^^^^^^^^^^^
(EngineCore pid=2808901)   File "/gpfs/home5/sfris1/multimodal-tip-of-tongue-for-scientific-papers/.venv-mineru/lib/python3.11/site-packages/vllm/v1/executor/abstract.py", line 147, in determine_available_memory
(EngineCore pid=2808901)     return self.collective_rpc("determine_available_memory")
(EngineCore pid=2808901)            ^^^^^^^^^^^^^^^^^^^^^^^^^^^^^^^^^^^^^^^^^^^^^^^^^
(EngineCore pid=2808901)   File "/gpfs/home5/sfris1/multimodal-tip-of-tongue-for-scientific-papers/.venv-mineru/lib/python3.11/site-packages/vllm/v1/executor/uniproc_executor.py", line 93, in collective_rpc
(EngineCore pid=2808901)     result = run_method(self.driver_worker, method, args, kwargs)
(EngineCore pid=2808901)              ^^^^^^^^^^^^^^^^^^^^^^^^^^^^^^^^^^^^^^^^^^^^^^^^^^^^
(EngineCore pid=2808901)   File "/gpfs/home5/sfris1/multimodal-tip-of-tongue-for-scientific-papers/.venv-mineru/lib/python3.11/site-packages/vllm/v1/serial_utils.py", line 510, in run_method
(EngineCore pid=2808901)     return func(*args, **kwargs)
(EngineCore pid=2808901)            ^^^^^^^^^^^^^^^^^^^^^
(EngineCore pid=2808901)   File "/gpfs/home5/sfris1/multimodal-tip-of-tongue-for-scientific-papers/.venv-mineru/lib/python3.11/site-packages/torch/utils/_contextlib.py", line 124, in decorate_context
(EngineCore pid=2808901)     return func(*args, **kwargs)
(EngineCore pid=2808901)            ^^^^^^^^^^^^^^^^^^^^^
(EngineCore pid=2808901)   File "/gpfs/home5/sfris1/multimodal-tip-of-tongue-for-scientific-papers/.venv-mineru/lib/python3.11/site-packages/vllm/v1/worker/gpu_worker.py", line 392, in determine_available_memory
(EngineCore pid=2808901)     self.model_runner.profile_run()
(EngineCore pid=2808901)   File "/gpfs/home5/sfris1/multimodal-tip-of-tongue-for-scientific-papers/.venv-mineru/lib/python3.11/site-packages/vllm/v1/worker/gpu_model_runner.py", line 5955, in profile_run
(EngineCore pid=2808901)     output = self._dummy_sampler_run(last_hidden_states)
(EngineCore pid=2808901)              ^^^^^^^^^^^^^^^^^^^^^^^^^^^^^^^^^^^^^^^^^^^
(EngineCore pid=2808901)   File "/gpfs/home5/sfris1/multimodal-tip-of-tongue-for-scientific-papers/.venv-mineru/lib/python3.11/site-packages/torch/utils/_contextlib.py", line 124, in decorate_context
(EngineCore pid=2808901)     return func(*args, **kwargs)
(EngineCore pid=2808901)            ^^^^^^^^^^^^^^^^^^^^^
(EngineCore pid=2808901)   File "/gpfs/home5/sfris1/multimodal-tip-of-tongue-for-scientific-papers/.venv-mineru/lib/python3.11/site-packages/vllm/v1/worker/gpu_model_runner.py", line 5775, in _dummy_sampler_run
(EngineCore pid=2808901)     raise e
(EngineCore pid=2808901)   File "/gpfs/home5/sfris1/multimodal-tip-of-tongue-for-scientific-papers/.venv-mineru/lib/python3.11/site-packages/vllm/v1/worker/gpu_model_runner.py", line 5743, in _dummy_sampler_run
(EngineCore pid=2808901)     sampler_output = self.sampler(
(EngineCore pid=2808901)                      ^^^^^^^^^^^^^
(EngineCore pid=2808901)   File "/gpfs/home5/sfris1/multimodal-tip-of-tongue-for-scientific-papers/.venv-mineru/lib/python3.11/site-packages/torch/nn/modules/module.py", line 1779, in _wrapped_call_impl
(EngineCore pid=2808901)     return self._call_impl(*args, **kwargs)
(EngineCore pid=2808901)            ^^^^^^^^^^^^^^^^^^^^^^^^^^^^^^^^
(EngineCore pid=2808901)   File "/gpfs/home5/sfris1/multimodal-tip-of-tongue-for-scientific-papers/.venv-mineru/lib/python3.11/site-packages/torch/nn/modules/module.py", line 1790, in _call_impl
(EngineCore pid=2808901)     return forward_call(*args, **kwargs)
(EngineCore pid=2808901)            ^^^^^^^^^^^^^^^^^^^^^^^^^^^^^
(EngineCore pid=2808901)   File "/gpfs/home5/sfris1/multimodal-tip-of-tongue-for-scientific-papers/.venv-mineru/lib/python3.11/site-packages/vllm/v1/sample/sampler.py", line 97, in forward
(EngineCore pid=2808901)     sampled, processed_logprobs = self.sample(logits, sampling_metadata)
(EngineCore pid=2808901)                                   ^^^^^^^^^^^^^^^^^^^^^^^^^^^^^^^^^^^^^^
(EngineCore pid=2808901)   File "/gpfs/home5/sfris1/multimodal-tip-of-tongue-for-scientific-papers/.venv-mineru/lib/python3.11/site-packages/vllm/v1/sample/sampler.py", line 272, in sample
(EngineCore pid=2808901)     random_sampled, processed_logprobs = self.topk_topp_sampler(
(EngineCore pid=2808901)                                          ^^^^^^^^^^^^^^^^^^^^^^^
(EngineCore pid=2808901)   File "/gpfs/home5/sfris1/multimodal-tip-of-tongue-for-scientific-papers/.venv-mineru/lib/python3.11/site-packages/torch/nn/modules/module.py", line 1779, in _wrapped_call_impl
(EngineCore pid=2808901)     return self._call_impl(*args, **kwargs)
(EngineCore pid=2808901)            ^^^^^^^^^^^^^^^^^^^^^^^^^^^^^^^^
(EngineCore pid=2808901)   File "/gpfs/home5/sfris1/multimodal-tip-of-tongue-for-scientific-papers/.venv-mineru/lib/python3.11/site-packages/torch/nn/modules/module.py", line 1790, in _call_impl
(EngineCore pid=2808901)     return forward_call(*args, **kwargs)
(EngineCore pid=2808901)            ^^^^^^^^^^^^^^^^^^^^^^^^^^^^^
(EngineCore pid=2808901)   File "/gpfs/home5/sfris1/multimodal-tip-of-tongue-for-scientific-papers/.venv-mineru/lib/python3.11/site-packages/vllm/v1/sample/ops/topk_topp_sampler.py", line 157, in forward_cuda
(EngineCore pid=2808901)     return flashinfer_sample(logits.contiguous(), k, p, generators), None
(EngineCore pid=2808901)            ^^^^^^^^^^^^^^^^^^^^^^^^^^^^^^^^^^^^^^^^^^^^^^^^^^^^^^^^
(EngineCore pid=2808901)   File "/gpfs/home5/sfris1/multimodal-tip-of-tongue-for-scientific-papers/.venv-mineru/lib/python3.11/site-packages/vllm/v1/sample/ops/topk_topp_sampler.py", line 447, in flashinfer_sample
(EngineCore pid=2808901)     next_token_ids = flashinfer.sampling.top_k_top_p_sampling_from_logits(
(EngineCore pid=2808901)                      ^^^^^^^^^^^^^^^^^^^^^^^^^^^^^^^^^^^^^^^^^^^^^^^^^^^^^
(EngineCore pid=2808901)   File "/gpfs/home5/sfris1/multimodal-tip-of-tongue-for-scientific-papers/.venv-mineru/lib/python3.11/site-packages/flashinfer/sampling.py", line 1400, in top_k_top_p_sampling_from_logits
(EngineCore pid=2808901)     masked_logits = top_k_mask_logits(logits, top_k)
(EngineCore pid=2808901)                     ^^^^^^^^^^^^^^^^^^^^^^^^^^^^^^^^
(EngineCore pid=2808901)   File "/gpfs/home5/sfris1/multimodal-tip-of-tongue-for-scientific-papers/.venv-mineru/lib/python3.11/site-packages/flashinfer/sampling.py", line 1806, in top_k_mask_logits
(EngineCore pid=2808901)     return get_sampling_module().top_k_mask_logits(
(EngineCore pid=2808901)            ^^^^^^^^^^^^^^^^^^^^^
(EngineCore pid=2808901)   File "/gpfs/home5/sfris1/multimodal-tip-of-tongue-for-scientific-papers/.venv-mineru/lib/python3.11/site-packages/flashinfer/sampling.py", line 54, in get_sampling_module
(EngineCore pid=2808901)     module = gen_sampling_module().build_and_load()
(EngineCore pid=2808901)              ^^^^^^^^^^^^^^^^^^^^^^^^^^^^^^^^^^^^^^
(EngineCore pid=2808901)   File "/gpfs/home5/sfris1/multimodal-tip-of-tongue-for-scientific-papers/.venv-mineru/lib/python3.11/site-packages/flashinfer/jit/core.py", line 318, in build_and_load
(EngineCore pid=2808901)     self.build(verbose, need_lock=False)
(EngineCore pid=2808901)   File "/gpfs/home5/sfris1/multimodal-tip-of-tongue-for-scientific-papers/.venv-mineru/lib/python3.11/site-packages/flashinfer/jit/core.py", line 303, in build
(EngineCore pid=2808901)     self.write_ninja()
(EngineCore pid=2808901)   File "/gpfs/home5/sfris1/multimodal-tip-of-tongue-for-scientific-papers/.venv-mineru/lib/python3.11/site-packages/flashinfer/jit/core.py", line 274, in write_ninja
(EngineCore pid=2808901)     content = generate_ninja_build_for_op(
(EngineCore pid=2808901)               ^^^^^^^^^^^^^^^^^^^^^^^^^^^^
(EngineCore pid=2808901)   File "/gpfs/home5/sfris1/multimodal-tip-of-tongue-for-scientific-papers/.venv-mineru/lib/python3.11/site-packages/flashinfer/jit/cpp_ext.py", line 216, in generate_ninja_build_for_op
(EngineCore pid=2808901)     cuda_home = get_cuda_path()
(EngineCore pid=2808901)                 ^^^^^^^^^^^^^^^
(EngineCore pid=2808901)   File "/gpfs/home5/sfris1/multimodal-tip-of-tongue-for-scientific-papers/.venv-mineru/lib/python3.11/site-packages/flashinfer/jit/cpp_ext.py", line 61, in get_cuda_path
(EngineCore pid=2808901)     raise RuntimeError(
(EngineCore pid=2808901) RuntimeError: Could not find nvcc and default cuda_home='/usr/local/cuda' doesn't exist
[rank0]:[W928 11:43:04.990259123 ProcessGroupNCCL.cpp:1575] Warning: WARNING: destroy_process_group() was not called before program exit, which can leak resources. For more info, please see https://pytorch.org/docs/stable/distributed.html#shutdown (function operator())
2026-09-28 11:43:05.275 | INFO     | mineru.backend.vlm.utils:enable_custom_logits_processors:56 - compute_capability: 8.0 >= 8.0 and vllm version: 0.21.0 >= 0.10.1, enable custom_logits_processors
INFO:     127.0.0.1:46112 - "GET /tasks/f33c4372-70a7-4e5b-acf5-1e1cf783899a HTTP/1.1" 200 OK
INFO:     127.0.0.1:46122 - "GET /tasks/e11ec2a8-ecc6-454b-849e-0dabade17699 HTTP/1.1" 200 OK
INFO:     127.0.0.1:46116 - "GET /tasks/319b355d-ca3d-472b-aece-d3d9fae758ec HTTP/1.1" 200 OK
2026-09-28 11:43:05.275 | ERROR    | __main__:_process_task:1154 - Async task failed: d009b0b6-801a-4bc4-a414-e46563eda770
Traceback (most recent call last):

  File "<frozen runpy>", line 198, in _run_module_as_main
  File "<frozen runpy>", line 88, in _run_code
  File "/gpfs/home5/sfris1/multimodal-tip-of-tongue-for-scientific-papers/.venv-mineru/lib/python3.11/site-packages/mineru/cli/fast_api.py", line 1474, in <module>
    main()
    └ <Command main>
  File "/gpfs/home5/sfris1/multimodal-tip-of-tongue-for-scientific-papers/.venv-mineru/lib/python3.11/site-packages/click/core.py", line 1631, in __call__
    return self.main(*args, **kwargs)
           │    │     │       └ {}
           │    │     └ ()
           │    └ <function Command.main at 0x14a3ba38da80>
           └ <Command main>
  File "/gpfs/home5/sfris1/multimodal-tip-of-tongue-for-scientific-papers/.venv-mineru/lib/python3.11/site-packages/click/core.py", line 1552, in main
    rv = self.invoke(ctx)
         │    │      └ <click.core.Context object at 0x14a1298ec9d0>
         │    └ <function Command.invoke at 0x14a3ba38d760>
         └ <Command main>
  File "/gpfs/home5/sfris1/multimodal-tip-of-tongue-for-scientific-papers/.venv-mineru/lib/python3.11/site-packages/click/core.py", line 1415, in invoke
    return ctx.invoke(self.callback, **ctx.params)
           │   │      │    │           │   └ {'host': '127.0.0.1', 'port': 51311, 'reload': False, 'allow_public_http_client': False, 'enable_vlm_preload': False}
           │   │      │    │           └ <click.core.Context object at 0x14a1298ec9d0>
           │   │      │    └ <function main at 0x14a1298868e0>
           │   │      └ <Command main>
           │   └ <function Context.invoke at 0x14a3ba38c900>
           └ <click.core.Context object at 0x14a1298ec9d0>
  File "/gpfs/home5/sfris1/multimodal-tip-of-tongue-for-scientific-papers/.venv-mineru/lib/python3.11/site-packages/click/core.py", line 910, in invoke
    return callback(*args, **kwargs)
           │         │       └ {'host': '127.0.0.1', 'port': 51311, 'reload': False, 'allow_public_http_client': False, 'enable_vlm_preload': False}
           │         └ ()
           └ <function main at 0x14a1298868e0>
  File "/gpfs/home5/sfris1/multimodal-tip-of-tongue-for-scientific-papers/.venv-mineru/lib/python3.11/site-packages/click/decorators.py", line 34, in new_func
    return f(get_current_context(), *args, **kwargs)
           │ │                       │       └ {'host': '127.0.0.1', 'port': 51311, 'reload': False, 'allow_public_http_client': False, 'enable_vlm_preload': False}
           │ │                       └ ()
           │ └ <function get_current_context at 0x14a3ba321620>
           └ <function main at 0x14a129886c00>
  File "/gpfs/home5/sfris1/multimodal-tip-of-tongue-for-scientific-papers/.venv-mineru/lib/python3.11/site-packages/mineru/cli/fast_api.py", line 1470, in main
    server.run()
    │      └ <function Server.run at 0x14a3ba2b0900>
    └ <uvicorn.server.Server object at 0x14a3ba259f50>
  File "/gpfs/home5/sfris1/multimodal-tip-of-tongue-for-scientific-papers/.venv-mineru/lib/python3.11/site-packages/uvicorn/server.py", line 86, in run
    return asyncio_run(self.serve(sockets=sockets), loop_factory=self.config.get_loop_factory())
           │           │    │             │                      │    │      └ <function Config.get_loop_factory at 0x14a3ba2640e0>
           │           │    │             │                      │    └ <uvicorn.config.Config object at 0x14a1298ee490>
           │           │    │             │                      └ <uvicorn.server.Server object at 0x14a3ba259f50>
           │           │    │             └ None
           │           │    └ <function Server.serve at 0x14a3ba2b09a0>
           │           └ <uvicorn.server.Server object at 0x14a3ba259f50>
           └ <function asyncio_run at 0x14a3ba211620>
  File "/gpfs/home5/sfris1/multimodal-tip-of-tongue-for-scientific-papers/.venv-mineru/lib/python3.11/site-packages/uvicorn/_compat.py", line 30, in asyncio_run
    return runner.run(main)
           │      │   └ <coroutine object Server.serve at 0x14a12992e020>
           │      └ <function Runner.run at 0x14a3ba4f4f40>
           └ <asyncio.runners.Runner object at 0x14a1298eeb10>
  File "/home/sfris1/.local/share/uv/python/cpython-3.11.14-linux-x86_64-gnu/lib/python3.11/asyncio/runners.py", line 118, in run
    return self._loop.run_until_complete(task)
           │    │     │                  └ <Task pending name='Task-1' coro=<Server.serve() running at /gpfs/home5/sfris1/multimodal-tip-of-tongue-for-scientific-papers...
           │    │     └ <cyfunction Loop.run_until_complete at 0x14a12988f400>
           │    └ <uvloop.Loop running=True closed=False debug=False>
           └ <asyncio.runners.Runner object at 0x14a1298eeb10>
> File "/gpfs/home5/sfris1/multimodal-tip-of-tongue-for-scientific-papers/.venv-mineru/lib/python3.11/site-packages/mineru/cli/fast_api.py", line 1144, in _process_task
    await self._run_task(task)
          │    │         └ AsyncParseTask(task_id='d009b0b6-801a-4bc4-a414-e46563eda770', status='failed', backend='hybrid-engine', file_names=['2022.co...
          │    └ <function AsyncTaskManager._run_task at 0x14a12997ca40>
          └ <__main__.AsyncTaskManager object at 0x14a12962d810>
  File "/gpfs/home5/sfris1/multimodal-tip-of-tongue-for-scientific-papers/.venv-mineru/lib/python3.11/site-packages/mineru/cli/fast_api.py", line 1174, in _run_task
    await run_parse_job(
          └ <function run_parse_job at 0x14a129963d80>
  File "/gpfs/home5/sfris1/multimodal-tip-of-tongue-for-scientific-papers/.venv-mineru/lib/python3.11/site-packages/mineru/cli/fast_api.py", line 866, in run_parse_job
    await aio_do_parse(**parse_kwargs)
          │              └ {'output_dir': '/tmp/sfris1/mineru_27290888/tmp/local-gpu-0-mm1vfh5m/output/d009b0b6-801a-4bc4-a414-e46563eda770', 'pdf_file_...
          └ <function aio_do_parse at 0x14a129960540>
  File "/gpfs/home5/sfris1/multimodal-tip-of-tongue-for-scientific-papers/.venv-mineru/lib/python3.11/site-packages/mineru/cli/common.py", line 846, in aio_do_parse
    await _async_process_hybrid(
          └ <function _async_process_hybrid at 0x14a129960360>
  File "/gpfs/home5/sfris1/multimodal-tip-of-tongue-for-scientific-papers/.venv-mineru/lib/python3.11/site-packages/mineru/cli/common.py", line 595, in _async_process_hybrid
    middle_json, infer_result = await aio_hybrid_doc_analyze(
                                      └ <function aio_doc_analyze at 0x14a102a798a0>
  File "/gpfs/home5/sfris1/multimodal-tip-of-tongue-for-scientific-papers/.venv-mineru/lib/python3.11/site-packages/mineru/backend/hybrid/hybrid_analyze.py", line 1116, in aio_doc_analyze
    predictor = await _get_model_async(backend, model_path, server_url, **kwargs)
                      │                │        │           │             └ {}
                      │                │        │           └ None
                      │                │        └ None
                      │                └ 'vllm-async-engine'
                      └ <function _get_model_async at 0x14a1b4991580>
  File "/gpfs/home5/sfris1/multimodal-tip-of-tongue-for-scientific-papers/.venv-mineru/lib/python3.11/site-packages/mineru/backend/vlm/vlm_analyze.py", line 271, in _get_model_async
    return await asyncio.to_thread(
                 │       └ <function to_thread at 0x14a3ba5127a0>
                 └ <module 'asyncio' from '/home/sfris1/.local/share/uv/python/cpython-3.11.14-linux-x86_64-gnu/lib/python3.11/asyncio/__init__....
  File "/home/sfris1/.local/share/uv/python/cpython-3.11.14-linux-x86_64-gnu/lib/python3.11/asyncio/threads.py", line 25, in to_thread
    return await loop.run_in_executor(None, func_call)
                 │    │                     └ functools.partial(<built-in method run of _contextvars.Context object at 0x14a102a5d800>, <bound method ModelSingleton.get_mo...
                 │    └ <cyfunction Loop.run_in_executor at 0x14a129598700>
                 └ <uvloop.Loop running=True closed=False debug=False>
  File "/home/sfris1/.local/share/uv/python/cpython-3.11.14-linux-x86_64-gnu/lib/python3.11/concurrent/futures/thread.py", line 58, in run
    result = self.fn(*self.args, **self.kwargs)
             │        │            └ None
             │        └ None
             └ None
  File "/gpfs/home5/sfris1/multimodal-tip-of-tongue-for-scientific-papers/.venv-mineru/lib/python3.11/site-packages/mineru/backend/vlm/vlm_analyze.py", line 174, in get_model
    vllm_async_llm = AsyncLLM.from_engine_args(AsyncEngineArgs(**kwargs))
                     │        │                │                 └ {'gpu_memory_utilization': 0.5, 'model': '/home/sfris1/.cache/huggingface/hub/models--opendatalab--MinerU2.5-Pro-2605-1.2B/sn...
                     │        │                └ <class 'vllm.engine.arg_utils.AsyncEngineArgs'>
                     │        └ <classmethod(<function AsyncLLM.from_engine_args at 0x14a0501c1440>)>
                     └ <class 'vllm.v1.engine.async_llm.AsyncLLM'>
  File "/gpfs/home5/sfris1/multimodal-tip-of-tongue-for-scientific-papers/.venv-mineru/lib/python3.11/site-packages/vllm/v1/engine/async_llm.py", line 246, in from_engine_args
    return cls(
           └ <class 'vllm.v1.engine.async_llm.AsyncLLM'>
  File "/gpfs/home5/sfris1/multimodal-tip-of-tongue-for-scientific-papers/.venv-mineru/lib/python3.11/site-packages/vllm/v1/engine/async_llm.py", line 146, in __init__
    self.engine_core = EngineCoreClient.make_async_mp_client(
    │                  │                └ <staticmethod(<function EngineCoreClient.make_async_mp_client at 0x14a06015d620>)>
    │                  └ <class 'vllm.v1.engine.core_client.EngineCoreClient'>
    └ <vllm.v1.engine.async_llm.AsyncLLM object at 0x149fe26200d0>
  File "/gpfs/home5/sfris1/multimodal-tip-of-tongue-for-scientific-papers/.venv-mineru/lib/python3.11/site-packages/vllm/tracing/otel.py", line 178, in sync_wrapper
    return func(*args, **kwargs)
           │     │       └ {'vllm_config': VllmConfig(model_config=ModelConfig(model='/home/sfris1/.cache/huggingface/hub/models--opendatalab--MinerU2.5...
           │     └ ()
           └ <function EngineCoreClient.make_async_mp_client at 0x14a06015d4e0>
  File "/gpfs/home5/sfris1/multimodal-tip-of-tongue-for-scientific-papers/.venv-mineru/lib/python3.11/site-packages/vllm/v1/engine/core_client.py", line 130, in make_async_mp_client
    return AsyncMPClient(*client_args)
           │              └ (VllmConfig(model_config=ModelConfig(model='/home/sfris1/.cache/huggingface/hub/models--opendatalab--MinerU2.5-Pro-2605-1.2B/...
           └ <class 'vllm.v1.engine.core_client.AsyncMPClient'>
  File "/gpfs/home5/sfris1/multimodal-tip-of-tongue-for-scientific-papers/.venv-mineru/lib/python3.11/site-packages/vllm/tracing/otel.py", line 178, in sync_wrapper
    return func(*args, **kwargs)
           │     │       └ {}
           │     └ (<vllm.v1.engine.core_client.AsyncMPClient object at 0x149ffdee4e50>, VllmConfig(model_config=ModelConfig(model='/home/sfris1...
           └ <function AsyncMPClient.__init__ at 0x14a06016d940>
  File "/gpfs/home5/sfris1/multimodal-tip-of-tongue-for-scientific-papers/.venv-mineru/lib/python3.11/site-packages/vllm/v1/engine/core_client.py", line 900, in __init__
    super().__init__(
  File "/gpfs/home5/sfris1/multimodal-tip-of-tongue-for-scientific-papers/.venv-mineru/lib/python3.11/site-packages/vllm/v1/engine/core_client.py", line 535, in __init__
    with launch_core_engines(
         └ <function launch_core_engines at 0x14a060151620>
  File "/home/sfris1/.local/share/uv/python/cpython-3.11.14-linux-x86_64-gnu/lib/python3.11/contextlib.py", line 144, in __exit__
    next(self.gen)
         │    └ <generator object launch_core_engines at 0x14a0279274c0>
         └ <contextlib._GeneratorContextManager object at 0x14a00d54c550>
  File "/gpfs/home5/sfris1/multimodal-tip-of-tongue-for-scientific-papers/.venv-mineru/lib/python3.11/site-packages/vllm/v1/engine/utils.py", line 1128, in launch_core_engines
    wait_for_engine_startup(
    └ <function wait_for_engine_startup at 0x14a0601516c0>
  File "/gpfs/home5/sfris1/multimodal-tip-of-tongue-for-scientific-papers/.venv-mineru/lib/python3.11/site-packages/vllm/v1/engine/utils.py", line 1187, in wait_for_engine_startup
    raise RuntimeError(

RuntimeError: Engine core initialization failed. See root cause above. Failed core proc(s): {}
INFO 09-28 11:43:05 [model.py:568] Resolved architecture: Qwen2VLForConditionalGeneration
INFO 09-28 11:43:05 [model.py:1697] Using max model len 8192
INFO 09-28 11:43:05 [kernel.py:212] Final IR op priority after setting platform defaults: IrOpPriorityConfig(rms_norm=['native'], fused_add_rms_norm=['native'])
INFO:     127.0.0.1:46320 - "POST /tasks HTTP/1.1" 202 Accepted
INFO:     127.0.0.1:46112 - "GET /tasks/a0f192f8-7dcf-423c-b5f4-226afffe3c78 HTTP/1.1" 200 OK
2026-09-28 11:43:06.312 | INFO     | mineru.utils.engine_utils:get_vlm_engine:34 - Using vllm-async-engine as the inference engine for VLM.
[1;31m2026-09-28 11:43:07.568979142 [E:onnxruntime:Default, env.cc:298 ThreadMain] pthread_setaffinity_np failed for thread: 2809532, index: 17, mask: {18, }, error code: 22 error msg: Invalid argument. Specify the number of threads explicitly so the affinity is not set.[m
[1;31m2026-09-28 11:43:07.576769532 [E:onnxruntime:Default, env.cc:298 ThreadMain] pthread_setaffinity_np failed for thread: 2809553, index: 38, mask: {39, }, error code: 22 error msg: Invalid argument. Specify the number of threads explicitly so the affinity is not set.[m
[1;31m2026-09-28 11:43:07.577845771 [E:onnxruntime:Default, env.cc:298 ThreadMain] pthread_setaffinity_np failed for thread: 2809561, index: 46, mask: {47, }, error code: 22 error msg: Invalid argument. Specify the number of threads explicitly so the affinity is not set.[m
[1;31m2026-09-28 11:43:07.577877589 [E:onnxruntime:Default, env.cc:298 ThreadMain] pthread_setaffinity_np failed for thread: 2809558, index: 43, mask: {44, }, error code: 22 error msg: Invalid argument. Specify the number of threads explicitly so the affinity is not set.[m
[1;31m2026-09-28 11:43:07.578794099 [E:onnxruntime:Default, env.cc:298 ThreadMain] pthread_setaffinity_np failed for thread: 2809570, index: 55, mask: {56, }, error code: 22 error msg: Invalid argument. Specify the number of threads explicitly so the affinity is not set.[m
[1;31m2026-09-28 11:43:07.578818935 [E:onnxruntime:Default, env.cc:298 ThreadMain] pthread_setaffinity_np failed for thread: 2809577, index: 62, mask: {63, }, error code: 22 error msg: Invalid argument. Specify the number of threads explicitly so the affinity is not set.[m
[1;31m2026-09-28 11:43:07.581808561 [E:onnxruntime:Default, env.cc:298 ThreadMain] pthread_setaffinity_np failed for thread: 2809571, index: 56, mask: {57, }, error code: 22 error msg: Invalid argument. Specify the number of threads explicitly so the affinity is not set.[m
[1;31m2026-09-28 11:43:07.583781018 [E:onnxruntime:Default, env.cc:298 ThreadMain] pthread_setaffinity_np failed for thread: 2809551, index: 36, mask: {37, }, error code: 22 error msg: Invalid argument. Specify the number of threads explicitly so the affinity is not set.[m
[1;31m2026-09-28 11:43:07.584765398 [E:onnxruntime:Default, env.cc:298 ThreadMain] pthread_setaffinity_np failed for thread: 2809565, index: 50, mask: {51, }, error code: 22 error msg: Invalid argument. Specify the number of threads explicitly so the affinity is not set.[m
[1;31m2026-09-28 11:43:07.585768750 [E:onnxruntime:Default, env.cc:298 ThreadMain] pthread_setaffinity_np failed for thread: 2809568, index: 53, mask: {54, }, error code: 22 error msg: Invalid argument. Specify the number of threads explicitly so the affinity is not set.[m
[1;31m2026-09-28 11:43:07.586799199 [E:onnxruntime:Default, env.cc:298 ThreadMain] pthread_setaffinity_np failed for thread: 2809550, index: 35, mask: {36, }, error code: 22 error msg: Invalid argument. Specify the number of threads explicitly so the affinity is not set.[m
[1;31m2026-09-28 11:43:07.587764694 [E:onnxruntime:Default, env.cc:298 ThreadMain] pthread_setaffinity_np failed for thread: 2809552, index: 37, mask: {38, }, error code: 22 error msg: Invalid argument. Specify the number of threads explicitly so the affinity is not set.[m
[1;31m2026-09-28 11:43:07.588758665 [E:onnxruntime:Default, env.cc:298 ThreadMain] pthread_setaffinity_np failed for thread: 2809533, index: 18, mask: {19, }, error code: 22 error msg: Invalid argument. Specify the number of threads explicitly so the affinity is not set.[m
[1;31m2026-09-28 11:43:07.583787583 [E:onnxruntime:Default, env.cc:298 ThreadMain] pthread_setaffinity_np failed for thread: 2809579, index: 64, mask: {65, }, error code: 22 error msg: Invalid argument. Specify the number of threads explicitly so the affinity is not set.[m
[1;31m2026-09-28 11:43:07.589772451 [E:onnxruntime:Default, env.cc:298 ThreadMain] pthread_setaffinity_np failed for thread: 2809573, index: 58, mask: {59, }, error code: 22 error msg: Invalid argument. Specify the number of threads explicitly so the affinity is not set.[m
[1;31m2026-09-28 11:43:07.589779231 [E:onnxruntime:Default, env.cc:298 ThreadMain] pthread_setaffinity_np failed for thread: 2809549, index: 34, mask: {35, }, error code: 22 error msg: Invalid argument. Specify the number of threads explicitly so the affinity is not set.[m
[1;31m2026-09-28 11:43:07.589808423 [E:onnxruntime:Default, env.cc:298 ThreadMain] pthread_setaffinity_np failed for thread: 2809574, index: 59, mask: {60, }, error code: 22 error msg: Invalid argument. Specify the number of threads explicitly so the affinity is not set.[m
[1;31m2026-09-28 11:43:07.586821929 [E:onnxruntime:Default, env.cc:298 ThreadMain] pthread_setaffinity_np failed for thread: 2809585, index: 70, mask: {71, }, error code: 22 error msg: Invalid argument. Specify the number of threads explicitly so the affinity is not set.[m
[1;31m2026-09-28 11:43:07.590780627 [E:onnxruntime:Default, env.cc:298 ThreadMain] pthread_setaffinity_np failed for thread: 2809560, index: 45, mask: {46, }, error code: 22 error msg: Invalid argument. Specify the number of threads explicitly so the affinity is not set.[m
[1;31m2026-09-28 11:43:07.590786916 [E:onnxruntime:Default, env.cc:298 ThreadMain] pthread_setaffinity_np failed for thread: 2809563, index: 48, mask: {49, }, error code: 22 error msg: Invalid argument. Specify the number of threads explicitly so the affinity is not set.[m
[1;31m2026-09-28 11:43:07.590812032 [E:onnxruntime:Default, env.cc:298 ThreadMain] pthread_setaffinity_np failed for thread: 2809584, index: 69, mask: {70, }, error code: 22 error msg: Invalid argument. Specify the number of threads explicitly so the affinity is not set.[m
[1;31m2026-09-28 11:43:07.590831053 [E:onnxruntime:Default, env.cc:298 ThreadMain] pthread_setaffinity_np failed for thread: 2809557, index: 42, mask: {43, }, error code: 22 error msg: Invalid argument. Specify the number of threads explicitly so the affinity is not set.[m
[1;31m2026-09-28 11:43:07.590846317 [E:onnxruntime:Default, env.cc:298 ThreadMain] pthread_setaffinity_np failed for thread: 2809534, index: 19, mask: {20, }, error code: 22 error msg: Invalid argument. Specify the number of threads explicitly so the affinity is not set.[m
[1;31m2026-09-28 11:43:07.594745441 [E:onnxruntime:Default, env.cc:298 ThreadMain] pthread_setaffinity_np failed for thread: 2809578, index: 63, mask: {64, }, error code: 22 error msg: Invalid argument. Specify the number of threads explicitly so the affinity is not set.[m
[1;31m2026-09-28 11:43:07.590808685 [E:onnxruntime:Default, env.cc:298 ThreadMain] pthread_setaffinity_np failed for thread: 2809569, index: 54, mask: {55, }, error code: 22 error msg: Invalid argument. Specify the number of threads explicitly so the affinity is not set.[m
[1;31m2026-09-28 11:43:07.594769261 [E:onnxruntime:Default, env.cc:298 ThreadMain] pthread_setaffinity_np failed for thread: 2809572, index: 57, mask: {58, }, error code: 22 error msg: Invalid argument. Specify the number of threads explicitly so the affinity is not set.[m
[1;31m2026-09-28 11:43:07.590804690 [E:onnxruntime:Default, env.cc:298 ThreadMain] pthread_setaffinity_np failed for thread: 2809548, index: 33, mask: {34, }, error code: 22 error msg: Invalid argument. Specify the number of threads explicitly so the affinity is not set.[m
[1;31m2026-09-28 11:43:07.590784613 [E:onnxruntime:Default, env.cc:298 ThreadMain] pthread_setaffinity_np failed for thread: 2809554, index: 39, mask: {40, }, error code: 22 error msg: Invalid argument. Specify the number of threads explicitly so the affinity is not set.[m
[1;31m2026-09-28 11:43:07.590810039 [E:onnxruntime:Default, env.cc:298 ThreadMain] pthread_setaffinity_np failed for thread: 2809543, index: 28, mask: {29, }, error code: 22 error msg: Invalid argument. Specify the number of threads explicitly so the affinity is not set.[m
[1;31m2026-09-28 11:43:07.590792015 [E:onnxruntime:Default, env.cc:298 ThreadMain] pthread_setaffinity_np failed for thread: 2809576, index: 61, mask: {62, }, error code: 22 error msg: Invalid argument. Specify the number of threads explicitly so the affinity is not set.[m
[1;31m2026-09-28 11:43:07.595753464 [E:onnxruntime:Default, env.cc:298 ThreadMain] pthread_setaffinity_np failed for thread: 2809539, index: 24, mask: {25, }, error code: 22 error msg: Invalid argument. Specify the number of threads explicitly so the affinity is not set.[m
[1;31m2026-09-28 11:43:07.595766437 [E:onnxruntime:Default, env.cc:298 ThreadMain] pthread_setaffinity_np failed for thread: 2809555, index: 40, mask: {41, }, error code: 22 error msg: Invalid argument. Specify the number of threads explicitly so the affinity is not set.[m
[1;31m2026-09-28 11:43:07.590832920 [E:onnxruntime:Default, env.cc:298 ThreadMain] pthread_setaffinity_np failed for thread: 2809564, index: 49, mask: {50, }, error code: 22 error msg: Invalid argument. Specify the number of threads explicitly so the affinity is not set.[m
[1;31m2026-09-28 11:43:07.590791387 [E:onnxruntime:Default, env.cc:298 ThreadMain] pthread_setaffinity_np failed for thread: 2809567, index: 52, mask: {53, }, error code: 22 error msg: Invalid argument. Specify the number of threads explicitly so the affinity is not set.[m
[1;31m2026-09-28 11:43:07.599757867 [E:onnxruntime:Default, env.cc:298 ThreadMain] pthread_setaffinity_np failed for thread: 2809544, index: 29, mask: {30, }, error code: 22 error msg: Invalid argument. Specify the number of threads explicitly so the affinity is not set.[m
[1;31m2026-09-28 11:43:07.600758829 [E:onnxruntime:Default, env.cc:298 ThreadMain] pthread_setaffinity_np failed for thread: 2809566, index: 51, mask: {52, }, error code: 22 error msg: Invalid argument. Specify the number of threads explicitly so the affinity is not set.[m
[1;31m2026-09-28 11:43:07.590807325 [E:onnxruntime:Default, env.cc:298 ThreadMain] pthread_setaffinity_np failed for thread: 2809546, index: 31, mask: {32, }, error code: 22 error msg: Invalid argument. Specify the number of threads explicitly so the affinity is not set.[m
[1;31m2026-09-28 11:43:07.594747358 [E:onnxruntime:Default, env.cc:298 ThreadMain] pthread_setaffinity_np failed for thread: 2809559, index: 44, mask: {45, }, error code: 22 error msg: Invalid argument. Specify the number of threads explicitly so the affinity is not set.[m
[1;31m2026-09-28 11:43:07.606764482 [E:onnxruntime:Default, env.cc:298 ThreadMain] pthread_setaffinity_np failed for thread: 2809535, index: 20, mask: {21, }, error code: 22 error msg: Invalid argument. Specify the number of threads explicitly so the affinity is not set.[m
[1;31m2026-09-28 11:43:07.594812448 [E:onnxruntime:Default, env.cc:298 ThreadMain] pthread_setaffinity_np failed for thread: 2809545, index: 30, mask: {31, }, error code: 22 error msg: Invalid argument. Specify the number of threads explicitly so the affinity is not set.[m
[1;31m2026-09-28 11:43:07.594795238 [E:onnxruntime:Default, env.cc:298 ThreadMain] pthread_setaffinity_np failed for thread: 2809562, index: 47, mask: {48, }, error code: 22 error msg: Invalid argument. Specify the number of threads explicitly so the affinity is not set.[m
[1;31m2026-09-28 11:43:07.613777491 [E:onnxruntime:Default, env.cc:298 ThreadMain] pthread_setaffinity_np failed for thread: 2809542, index: 27, mask: {28, }, error code: 22 error msg: Invalid argument. Specify the number of threads explicitly so the affinity is not set.[m
[1;31m2026-09-28 11:43:07.613790834 [E:onnxruntime:Default, env.cc:298 ThreadMain] pthread_setaffinity_np failed for thread: 2809536, index: 21, mask: {22, }, error code: 22 error msg: Invalid argument. Specify the number of threads explicitly so the affinity is not set.[m
[1;31m2026-09-28 11:43:07.590796569 [E:onnxruntime:Default, env.cc:298 ThreadMain] pthread_setaffinity_np failed for thread: 2809556, index: 41, mask: {42, }, error code: 22 error msg: Invalid argument. Specify the number of threads explicitly so the affinity is not set.[m
[1;31m2026-09-28 11:43:07.642790008 [E:onnxruntime:Default, env.cc:298 ThreadMain] pthread_setaffinity_np failed for thread: 2809541, index: 26, mask: {27, }, error code: 22 error msg: Invalid argument. Specify the number of threads explicitly so the affinity is not set.[m
[1;31m2026-09-28 11:43:07.647770640 [E:onnxruntime:Default, env.cc:298 ThreadMain] pthread_setaffinity_np failed for thread: 2809581, index: 66, mask: {67, }, error code: 22 error msg: Invalid argument. Specify the number of threads explicitly so the affinity is not set.[m
[1;31m2026-09-28 11:43:07.652756901 [E:onnxruntime:Default, env.cc:298 ThreadMain] pthread_setaffinity_np failed for thread: 2809582, index: 67, mask: {68, }, error code: 22 error msg: Invalid argument. Specify the number of threads explicitly so the affinity is not set.[m
[1;31m2026-09-28 11:43:07.657771917 [E:onnxruntime:Default, env.cc:298 ThreadMain] pthread_setaffinity_np failed for thread: 2809583, index: 68, mask: {69, }, error code: 22 error msg: Invalid argument. Specify the number of threads explicitly so the affinity is not set.[m
[1;31m2026-09-28 11:43:07.657785784 [E:onnxruntime:Default, env.cc:298 ThreadMain] pthread_setaffinity_np failed for thread: 2809575, index: 60, mask: {61, }, error code: 22 error msg: Invalid argument. Specify the number of threads explicitly so the affinity is not set.[m
[1;31m2026-09-28 11:43:07.662748586 [E:onnxruntime:Default, env.cc:298 ThreadMain] pthread_setaffinity_np failed for thread: 2809538, index: 23, mask: {24, }, error code: 22 error msg: Invalid argument. Specify the number of threads explicitly so the affinity is not set.[m
[1;31m2026-09-28 11:43:07.662774514 [E:onnxruntime:Default, env.cc:298 ThreadMain] pthread_setaffinity_np failed for thread: 2809547, index: 32, mask: {33, }, error code: 22 error msg: Invalid argument. Specify the number of threads explicitly so the affinity is not set.[m
[1;31m2026-09-28 11:43:07.667763441 [E:onnxruntime:Default, env.cc:298 ThreadMain] pthread_setaffinity_np failed for thread: 2809580, index: 65, mask: {66, }, error code: 22 error msg: Invalid argument. Specify the number of threads explicitly so the affinity is not set.[m
[1;31m2026-09-28 11:43:07.667770310 [E:onnxruntime:Default, env.cc:298 ThreadMain] pthread_setaffinity_np failed for thread: 2809537, index: 22, mask: {23, }, error code: 22 error msg: Invalid argument. Specify the number of threads explicitly so the affinity is not set.[m
[1;31m2026-09-28 11:43:07.667765749 [E:onnxruntime:Default, env.cc:298 ThreadMain] pthread_setaffinity_np failed for thread: 2809540, index: 25, mask: {26, }, error code: 22 error msg: Invalid argument. Specify the number of threads explicitly so the affinity is not set.[m
WARNING 09-28 11:43:13 [config.py:70] Support for Transformers v4 is deprecated. The Transformers v4 codepath will become unmaintained in vLLM v0.22.0 and will be removed in vLLM v0.24.0. Please upgrade to Transformers v5: pip install --upgrade transformers
(EngineCore pid=2809481) INFO 09-28 11:43:14 [core.py:109] Initializing a V1 LLM engine (v0.21.0) with config: model='/home/sfris1/.cache/huggingface/hub/models--opendatalab--MinerU2.5-Pro-2605-1.2B/snapshots/bff20d4ae2bf202df9f45284b4d43681555a97ed', speculative_config=None, tokenizer='/home/sfris1/.cache/huggingface/hub/models--opendatalab--MinerU2.5-Pro-2605-1.2B/snapshots/bff20d4ae2bf202df9f45284b4d43681555a97ed', skip_tokenizer_init=False, tokenizer_mode=auto, revision=None, tokenizer_revision=None, trust_remote_code=False, dtype=torch.bfloat16, max_seq_len=8192, download_dir=None, load_format=auto, tensor_parallel_size=1, pipeline_parallel_size=1, data_parallel_size=1, decode_context_parallel_size=1, dcp_comm_backend=ag_rs, disable_custom_all_reduce=False, quantization=None, quantization_config=None, enforce_eager=False, enable_return_routed_experts=False, kv_cache_dtype=auto, device_config=cuda, structured_outputs_config=StructuredOutputsConfig(backend='auto', disable_any_whitespace=False, disable_additional_properties=False, reasoning_parser='', reasoning_parser_plugin='', enable_in_reasoning=False), observability_config=ObservabilityConfig(show_hidden_metrics_for_version=None, otlp_traces_endpoint=None, collect_detailed_traces=None, kv_cache_metrics=False, kv_cache_metrics_sample=0.01, cudagraph_metrics=False, enable_layerwise_nvtx_tracing=False, enable_mfu_metrics=False, enable_mm_processor_stats=False, enable_logging_iteration_details=False), seed=0, served_model_name=/home/sfris1/.cache/huggingface/hub/models--opendatalab--MinerU2.5-Pro-2605-1.2B/snapshots/bff20d4ae2bf202df9f45284b4d43681555a97ed, enable_prefix_caching=True, enable_chunked_prefill=True, pooler_config=None, compilation_config={'mode': <CompilationMode.VLLM_COMPILE: 3>, 'debug_dump_path': None, 'cache_dir': '', 'compile_cache_save_format': 'binary', 'backend': 'inductor', 'custom_ops': ['none'], 'ir_enable_torch_wrap': True, 'splitting_ops': ['vllm::unified_attention_with_output', 'vllm::unified_mla_attention_with_output', 'vllm::mamba_mixer2', 'vllm::mamba_mixer', 'vllm::short_conv', 'vllm::linear_attention', 'vllm::plamo2_mamba_mixer', 'vllm::gdn_attention_core', 'vllm::gdn_attention_core_xpu', 'vllm::olmo_hybrid_gdn_full_forward', 'vllm::kda_attention', 'vllm::sparse_attn_indexer', 'vllm::rocm_aiter_sparse_attn_indexer', 'vllm::deepseek_v4_attention', 'vllm::unified_kv_cache_update', 'vllm::unified_mla_kv_cache_update'], 'compile_mm_encoder': False, 'cudagraph_mm_encoder': False, 'encoder_cudagraph_token_budgets': [], 'encoder_cudagraph_max_vision_items_per_batch': 0, 'encoder_cudagraph_max_frames_per_batch': None, 'compile_sizes': [], 'compile_ranges_endpoints': [2048], 'inductor_compile_config': {'enable_auto_functionalized_v2': False, 'size_asserts': False, 'alignment_asserts': False, 'scalar_asserts': False, 'combo_kernels': True, 'benchmark_combo_kernel': True}, 'inductor_passes': {}, 'cudagraph_mode': <CUDAGraphMode.FULL_AND_PIECEWISE: (2, 1)>, 'cudagraph_num_of_warmups': 1, 'cudagraph_capture_sizes': [1, 2, 4, 8, 16, 24, 32, 40, 48, 56, 64, 72, 80, 88, 96, 104, 112, 120, 128, 136, 144, 152, 160, 168, 176, 184, 192, 200, 208, 216, 224, 232, 240, 248, 256], 'cudagraph_copy_inputs': False, 'cudagraph_specialize_lora': True, 'use_inductor_graph_partition': False, 'pass_config': {'fuse_norm_quant': False, 'fuse_act_quant': False, 'fuse_attn_quant': False, 'enable_sp': False, 'fuse_gemm_comms': False, 'fuse_allreduce_rms': False, 'fuse_act_padding': False}, 'max_cudagraph_capture_size': 256, 'dynamic_shapes_config': {'type': <DynamicShapesType.BACKED: 'backed'>, 'evaluate_guards': False, 'assume_32_bit_indexing': False}, 'local_cache_dir': None, 'fast_moe_cold_start': False, 'static_all_moe_layers': []}, kernel_config=KernelConfig(ir_op_priority=IrOpPriorityConfig(rms_norm=['native'], fused_add_rms_norm=['native']), enable_flashinfer_autotune=False, moe_backend='auto')
(EngineCore pid=2809481) INFO 09-28 11:43:16 [parallel_state.py:1410] world_size=1 rank=0 local_rank=0 distributed_init_method=tcp://145.136.62.28:52315 backend=nccl
(EngineCore pid=2809481) INFO 09-28 11:43:16 [parallel_state.py:1723] rank 0 in world size 1 is assigned as DP rank 0, PP rank 0, PCP rank 0, TP rank 0, EP rank N/A, EPLB rank N/A
(EngineCore pid=2809481) INFO 09-28 11:43:17 [topk_topp_sampler.py:45] Using FlashInfer for top-p & top-k sampling.
(EngineCore pid=2809481) The image processor of type `Qwen2VLImageProcessor` is now loaded as a fast processor by default, even if the model checkpoint was saved with a slow processor. This is a breaking change and may produce slightly different outputs. To continue using the slow processor, instantiate this class with `use_fast=False`. Note that this behavior will be extended to all models in a future release.
(EngineCore pid=2809481) INFO 09-28 11:43:20 [gpu_model_runner.py:4857] Starting to load model /home/sfris1/.cache/huggingface/hub/models--opendatalab--MinerU2.5-Pro-2605-1.2B/snapshots/bff20d4ae2bf202df9f45284b4d43681555a97ed...
(EngineCore pid=2809481) INFO 09-28 11:43:21 [cuda.py:427] Using backend AttentionBackendEnum.FLASH_ATTN for vit attention
(EngineCore pid=2809481) INFO 09-28 11:43:21 [mm_encoder_attention.py:372] Using AttentionBackendEnum.FLASH_ATTN for MMEncoderAttention.
(EngineCore pid=2809481) INFO 09-28 11:43:21 [vllm.py:886] Asynchronous scheduling is enabled.
(EngineCore pid=2809481) INFO 09-28 11:43:21 [kernel.py:212] Final IR op priority after setting platform defaults: IrOpPriorityConfig(rms_norm=['native'], fused_add_rms_norm=['native'])
(EngineCore pid=2809481) INFO 09-28 11:43:21 [cuda.py:372] Using FLASH_ATTN attention backend out of potential backends: ['FLASH_ATTN', 'FLASHINFER', 'TRITON_ATTN', 'FLEX_ATTENTION'].
(EngineCore pid=2809481) INFO 09-28 11:43:21 [flash_attn.py:641] Using FlashAttention version 2
(EngineCore pid=2809481) INFO 09-28 11:43:21 [weight_utils.py:938] Filesystem type for checkpoints: GPFS. Checkpoint size: 2.15 GiB. Available RAM: 438.77 GiB.
(EngineCore pid=2809481) INFO 09-28 11:43:21 [weight_utils.py:961] Auto-prefetch is disabled because the filesystem (GPFS) is not a recognized network FS (NFS/Lustre). If you want to force prefetching, start vLLM with --safetensors-load-strategy=prefetch.
(EngineCore pid=2809481) Loading safetensors checkpoint shards:   0% Completed | 0/1 [00:00<?, ?it/s]
(EngineCore pid=2809481) Loading safetensors checkpoint shards: 100% Completed | 1/1 [00:01<00:00,  1.19s/it]
(EngineCore pid=2809481) Loading safetensors checkpoint shards: 100% Completed | 1/1 [00:01<00:00,  1.19s/it]
(EngineCore pid=2809481) 
(EngineCore pid=2809481) INFO 09-28 11:43:22 [default_loader.py:397] Loading weights took 1.24 seconds
(EngineCore pid=2809481) INFO 09-28 11:43:23 [gpu_model_runner.py:4959] Model loading took 2.16 GiB memory and 1.631188 seconds
(EngineCore pid=2809481) INFO 09-28 11:43:23 [gpu_model_runner.py:5920] Encoder cache will be initialized with a budget of 8192 tokens, and profiled with 1 video items of the maximum feature size.
