[2026-09-28T09:44:57Z] Starting MinerU server: /gpfs/home5/sfris1/multimodal-tip-of-tongue-for-scientific-papers/.venv-mineru/bin/mineru-router --host 127.0.0.1 --port 42001
[1;31m2026-09-28 11:45:00.634281613 [E:onnxruntime:Default, env.cc:298 ThreadMain] pthread_setaffinity_np failed for thread: 375753, index: 2, mask: {3, }, error code: 22 error msg: Invalid argument. Specify the number of threads explicitly so the affinity is not set.[m
[1;31m2026-09-28 11:45:00.634258588 [E:onnxruntime:Default, env.cc:298 ThreadMain] pthread_setaffinity_np failed for thread: 375752, index: 1, mask: {2, }, error code: 22 error msg: Invalid argument. Specify the number of threads explicitly so the affinity is not set.[m
[1;31m2026-09-28 11:45:00.634254190 [E:onnxruntime:Default, env.cc:298 ThreadMain] pthread_setaffinity_np failed for thread: 375751, index: 0, mask: {1, }, error code: 22 error msg: Invalid argument. Specify the number of threads explicitly so the affinity is not set.[m
[1;31m2026-09-28 11:45:00.634493084 [E:onnxruntime:Default, env.cc:298 ThreadMain] pthread_setaffinity_np failed for thread: 375757, index: 6, mask: {7, }, error code: 22 error msg: Invalid argument. Specify the number of threads explicitly so the affinity is not set.[m
[1;31m2026-09-28 11:45:00.634344540 [E:onnxruntime:Default, env.cc:298 ThreadMain] pthread_setaffinity_np failed for thread: 375755, index: 4, mask: {5, }, error code: 22 error msg: Invalid argument. Specify the number of threads explicitly so the affinity is not set.[m
[1;31m2026-09-28 11:45:00.634455841 [E:onnxruntime:Default, env.cc:298 ThreadMain] pthread_setaffinity_np failed for thread: 375756, index: 5, mask: {6, }, error code: 22 error msg: Invalid argument. Specify the number of threads explicitly so the affinity is not set.[m
[1;31m2026-09-28 11:45:00.634573400 [E:onnxruntime:Default, env.cc:298 ThreadMain] pthread_setaffinity_np failed for thread: 375759, index: 8, mask: {9, }, error code: 22 error msg: Invalid argument. Specify the number of threads explicitly so the affinity is not set.[m
[1;31m2026-09-28 11:45:00.634539753 [E:onnxruntime:Default, env.cc:298 ThreadMain] pthread_setaffinity_np failed for thread: 375758, index: 7, mask: {8, }, error code: 22 error msg: Invalid argument. Specify the number of threads explicitly so the affinity is not set.[m
[1;31m2026-09-28 11:45:00.634358270 [E:onnxruntime:Default, env.cc:298 ThreadMain] pthread_setaffinity_np failed for thread: 375754, index: 3, mask: {4, }, error code: 22 error msg: Invalid argument. Specify the number of threads explicitly so the affinity is not set.[m
[1;31m2026-09-28 11:45:00.634593175 [E:onnxruntime:Default, env.cc:298 ThreadMain] pthread_setaffinity_np failed for thread: 375760, index: 9, mask: {10, }, error code: 22 error msg: Invalid argument. Specify the number of threads explicitly so the affinity is not set.[m
[1;31m2026-09-28 11:45:00.634643923 [E:onnxruntime:Default, env.cc:298 ThreadMain] pthread_setaffinity_np failed for thread: 375761, index: 10, mask: {11, }, error code: 22 error msg: Invalid argument. Specify the number of threads explicitly so the affinity is not set.[m
[1;31m2026-09-28 11:45:00.634690090 [E:onnxruntime:Default, env.cc:298 ThreadMain] pthread_setaffinity_np failed for thread: 375762, index: 11, mask: {12, }, error code: 22 error msg: Invalid argument. Specify the number of threads explicitly so the affinity is not set.[m
[1;31m2026-09-28 11:45:00.634722111 [E:onnxruntime:Default, env.cc:298 ThreadMain] pthread_setaffinity_np failed for thread: 375763, index: 12, mask: {13, }, error code: 22 error msg: Invalid argument. Specify the number of threads explicitly so the affinity is not set.[m
[1;31m2026-09-28 11:45:00.634764768 [E:onnxruntime:Default, env.cc:298 ThreadMain] pthread_setaffinity_np failed for thread: 375764, index: 13, mask: {14, }, error code: 22 error msg: Invalid argument. Specify the number of threads explicitly so the affinity is not set.[m
[1;31m2026-09-28 11:45:00.635527707 [E:onnxruntime:Default, env.cc:298 ThreadMain] pthread_setaffinity_np failed for thread: 375793, index: 42, mask: {43, }, error code: 22 error msg: Invalid argument. Specify the number of threads explicitly so the affinity is not set.[m
[1;31m2026-09-28 11:45:00.635549896 [E:onnxruntime:Default, env.cc:298 ThreadMain] pthread_setaffinity_np failed for thread: 375794, index: 43, mask: {44, }, error code: 22 error msg: Invalid argument. Specify the number of threads explicitly so the affinity is not set.[m
[1;31m2026-09-28 11:45:00.634863267 [E:onnxruntime:Default, env.cc:298 ThreadMain] pthread_setaffinity_np failed for thread: 375768, index: 17, mask: {18, }, error code: 22 error msg: Invalid argument. Specify the number of threads explicitly so the affinity is not set.[m
[1;31m2026-09-28 11:45:00.634882777 [E:onnxruntime:Default, env.cc:298 ThreadMain] pthread_setaffinity_np failed for thread: 375769, index: 18, mask: {19, }, error code: 22 error msg: Invalid argument. Specify the number of threads explicitly so the affinity is not set.[m
[1;31m2026-09-28 11:45:00.635631784 [E:onnxruntime:Default, env.cc:298 ThreadMain] pthread_setaffinity_np failed for thread: 375796, index: 45, mask: {46, }, error code: 22 error msg: Invalid argument. Specify the number of threads explicitly so the affinity is not set.[m
[1;31m2026-09-28 11:45:00.636359798 [E:onnxruntime:Default, env.cc:298 ThreadMain] pthread_setaffinity_np failed for thread: 375797, index: 46, mask: {47, }, error code: 22 error msg: Invalid argument. Specify the number of threads explicitly so the affinity is not set.[m
[1;31m2026-09-28 11:45:00.634916001 [E:onnxruntime:Default, env.cc:298 ThreadMain] pthread_setaffinity_np failed for thread: 375770, index: 19, mask: {20, }, error code: 22 error msg: Invalid argument. Specify the number of threads explicitly so the affinity is not set.[m
[1;31m2026-09-28 11:45:00.644393472 [E:onnxruntime:Default, env.cc:298 ThreadMain] pthread_setaffinity_np failed for thread: 375800, index: 49, mask: {50, }, error code: 22 error msg: Invalid argument. Specify the number of threads explicitly so the affinity is not set.[m
[1;31m2026-09-28 11:45:00.646322009 [E:onnxruntime:Default, env.cc:298 ThreadMain] pthread_setaffinity_np failed for thread: 375799, index: 48, mask: {49, }, error code: 22 error msg: Invalid argument. Specify the number of threads explicitly so the affinity is not set.[m
[1;31m2026-09-28 11:45:00.634932610 [E:onnxruntime:Default, env.cc:298 ThreadMain] pthread_setaffinity_np failed for thread: 375771, index: 20, mask: {21, }, error code: 22 error msg: Invalid argument. Specify the number of threads explicitly so the affinity is not set.[m
[1;31m2026-09-28 11:45:00.634960977 [E:onnxruntime:Default, env.cc:298 ThreadMain] pthread_setaffinity_np failed for thread: 375772, index: 21, mask: {22, }, error code: 22 error msg: Invalid argument. Specify the number of threads explicitly so the affinity is not set.[m
[1;31m2026-09-28 11:45:00.634989040 [E:onnxruntime:Default, env.cc:298 ThreadMain] pthread_setaffinity_np failed for thread: 375773, index: 22, mask: {23, }, error code: 22 error msg: Invalid argument. Specify the number of threads explicitly so the affinity is not set.[m
[1;31m2026-09-28 11:45:00.657365805 [E:onnxruntime:Default, env.cc:298 ThreadMain] pthread_setaffinity_np failed for thread: 375801, index: 50, mask: {51, }, error code: 22 error msg: Invalid argument. Specify the number of threads explicitly so the affinity is not set.[m
[1;31m2026-09-28 11:45:00.635022301 [E:onnxruntime:Default, env.cc:298 ThreadMain] pthread_setaffinity_np failed for thread: 375774, index: 23, mask: {24, }, error code: 22 error msg: Invalid argument. Specify the number of threads explicitly so the affinity is not set.[m
[1;31m2026-09-28 11:45:00.635049137 [E:onnxruntime:Default, env.cc:298 ThreadMain] pthread_setaffinity_np failed for thread: 375775, index: 24, mask: {25, }, error code: 22 error msg: Invalid argument. Specify the number of threads explicitly so the affinity is not set.[m
[1;31m2026-09-28 11:45:00.664308728 [E:onnxruntime:Default, env.cc:298 ThreadMain] pthread_setaffinity_np failed for thread: 375802, index: 51, mask: {52, }, error code: 22 error msg: Invalid argument. Specify the number of threads explicitly so the affinity is not set.[m
[1;31m2026-09-28 11:45:00.635077100 [E:onnxruntime:Default, env.cc:298 ThreadMain] pthread_setaffinity_np failed for thread: 375776, index: 25, mask: {26, }, error code: 22 error msg: Invalid argument. Specify the number of threads explicitly so the affinity is not set.[m
[1;31m2026-09-28 11:45:00.673304857 [E:onnxruntime:Default, env.cc:298 ThreadMain] pthread_setaffinity_np failed for thread: 375803, index: 52, mask: {53, }, error code: 22 error msg: Invalid argument. Specify the number of threads explicitly so the affinity is not set.[m
[1;31m2026-09-28 11:45:00.673359867 [E:onnxruntime:Default, env.cc:298 ThreadMain] pthread_setaffinity_np failed for thread: 375798, index: 47, mask: {48, }, error code: 22 error msg: Invalid argument. Specify the number of threads explicitly so the affinity is not set.[m
[1;31m2026-09-28 11:45:00.635101908 [E:onnxruntime:Default, env.cc:298 ThreadMain] pthread_setaffinity_np failed for thread: 375777, index: 26, mask: {27, }, error code: 22 error msg: Invalid argument. Specify the number of threads explicitly so the affinity is not set.[m
[1;31m2026-09-28 11:45:00.635136029 [E:onnxruntime:Default, env.cc:298 ThreadMain] pthread_setaffinity_np failed for thread: 375778, index: 27, mask: {28, }, error code: 22 error msg: Invalid argument. Specify the number of threads explicitly so the affinity is not set.[m
[1;31m2026-09-28 11:45:00.635150635 [E:onnxruntime:Default, env.cc:298 ThreadMain] pthread_setaffinity_np failed for thread: 375779, index: 28, mask: {29, }, error code: 22 error msg: Invalid argument. Specify the number of threads explicitly so the affinity is not set.[m
[1;31m2026-09-28 11:45:00.635179312 [E:onnxruntime:Default, env.cc:298 ThreadMain] pthread_setaffinity_np failed for thread: 375780, index: 29, mask: {30, }, error code: 22 error msg: Invalid argument. Specify the number of threads explicitly so the affinity is not set.[m
[1;31m2026-09-28 11:45:00.635206103 [E:onnxruntime:Default, env.cc:298 ThreadMain] pthread_setaffinity_np failed for thread: 375781, index: 30, mask: {31, }, error code: 22 error msg: Invalid argument. Specify the number of threads explicitly so the affinity is not set.[m
[1;31m2026-09-28 11:45:00.635231127 [E:onnxruntime:Default, env.cc:298 ThreadMain] pthread_setaffinity_np failed for thread: 375782, index: 31, mask: {32, }, error code: 22 error msg: Invalid argument. Specify the number of threads explicitly so the affinity is not set.[m
[1;31m2026-09-28 11:45:00.635254087 [E:onnxruntime:Default, env.cc:298 ThreadMain] pthread_setaffinity_np failed for thread: 375783, index: 32, mask: {33, }, error code: 22 error msg: Invalid argument. Specify the number of threads explicitly so the affinity is not set.[m
[1;31m2026-09-28 11:45:00.635276587 [E:onnxruntime:Default, env.cc:298 ThreadMain] pthread_setaffinity_np failed for thread: 375784, index: 33, mask: {34, }, error code: 22 error msg: Invalid argument. Specify the number of threads explicitly so the affinity is not set.[m
[1;31m2026-09-28 11:45:00.635322892 [E:onnxruntime:Default, env.cc:298 ThreadMain] pthread_setaffinity_np failed for thread: 375785, index: 34, mask: {35, }, error code: 22 error msg: Invalid argument. Specify the number of threads explicitly so the affinity is not set.[m
[1;31m2026-09-28 11:45:00.635338608 [E:onnxruntime:Default, env.cc:298 ThreadMain] pthread_setaffinity_np failed for thread: 375786, index: 35, mask: {36, }, error code: 22 error msg: Invalid argument. Specify the number of threads explicitly so the affinity is not set.[m
[1;31m2026-09-28 11:45:00.635372265 [E:onnxruntime:Default, env.cc:298 ThreadMain] pthread_setaffinity_np failed for thread: 375787, index: 36, mask: {37, }, error code: 22 error msg: Invalid argument. Specify the number of threads explicitly so the affinity is not set.[m
[1;31m2026-09-28 11:45:00.635408148 [E:onnxruntime:Default, env.cc:298 ThreadMain] pthread_setaffinity_np failed for thread: 375788, index: 37, mask: {38, }, error code: 22 error msg: Invalid argument. Specify the number of threads explicitly so the affinity is not set.[m
[1;31m2026-09-28 11:45:00.635433096 [E:onnxruntime:Default, env.cc:298 ThreadMain] pthread_setaffinity_np failed for thread: 375789, index: 38, mask: {39, }, error code: 22 error msg: Invalid argument. Specify the number of threads explicitly so the affinity is not set.[m
[1;31m2026-09-28 11:45:00.635457668 [E:onnxruntime:Default, env.cc:298 ThreadMain] pthread_setaffinity_np failed for thread: 375790, index: 39, mask: {40, }, error code: 22 error msg: Invalid argument. Specify the number of threads explicitly so the affinity is not set.[m
[1;31m2026-09-28 11:45:00.635481811 [E:onnxruntime:Default, env.cc:298 ThreadMain] pthread_setaffinity_np failed for thread: 375791, index: 40, mask: {41, }, error code: 22 error msg: Invalid argument. Specify the number of threads explicitly so the affinity is not set.[m
[1;31m2026-09-28 11:45:00.635502364 [E:onnxruntime:Default, env.cc:298 ThreadMain] pthread_setaffinity_np failed for thread: 375792, index: 41, mask: {42, }, error code: 22 error msg: Invalid argument. Specify the number of threads explicitly so the affinity is not set.[m
[1;31m2026-09-28 11:45:00.634781804 [E:onnxruntime:Default, env.cc:298 ThreadMain] pthread_setaffinity_np failed for thread: 375765, index: 14, mask: {15, }, error code: 22 error msg: Invalid argument. Specify the number of threads explicitly so the affinity is not set.[m
[1;31m2026-09-28 11:45:00.634831415 [E:onnxruntime:Default, env.cc:298 ThreadMain] pthread_setaffinity_np failed for thread: 375766, index: 15, mask: {16, }, error code: 22 error msg: Invalid argument. Specify the number of threads explicitly so the affinity is not set.[m
[1;31m2026-09-28 11:45:00.634846520 [E:onnxruntime:Default, env.cc:298 ThreadMain] pthread_setaffinity_np failed for thread: 375767, index: 16, mask: {17, }, error code: 22 error msg: Invalid argument. Specify the number of threads explicitly so the affinity is not set.[m
[1;31m2026-09-28 11:45:00.635588693 [E:onnxruntime:Default, env.cc:298 ThreadMain] pthread_setaffinity_np failed for thread: 375795, index: 44, mask: {45, }, error code: 22 error msg: Invalid argument. Specify the number of threads explicitly so the affinity is not set.[m
Start MinerU Router Service: http://127.0.0.1:42001
API documentation: http://127.0.0.1:42001/docs
INFO:     Started server process [375687]
INFO:     Waiting for application startup.
[1;31m2026-09-28 11:45:03.505661105 [E:onnxruntime:Default, env.cc:298 ThreadMain] pthread_setaffinity_np failed for thread: 375865, index: 1, mask: {2, }, error code: 22 error msg: Invalid argument. Specify the number of threads explicitly so the affinity is not set.[m
[1;31m2026-09-28 11:45:03.505816512 [E:onnxruntime:Default, env.cc:298 ThreadMain] pthread_setaffinity_np failed for thread: 375868, index: 4, mask: {5, }, error code: 22 error msg: Invalid argument. Specify the number of threads explicitly so the affinity is not set.[m
[1;31m2026-09-28 11:45:03.505712929 [E:onnxruntime:Default, env.cc:298 ThreadMain] pthread_setaffinity_np failed for thread: 375866, index: 2, mask: {3, }, error code: 22 error msg: Invalid argument. Specify the number of threads explicitly so the affinity is not set.[m
[1;31m2026-09-28 11:45:03.505658174 [E:onnxruntime:Default, env.cc:298 ThreadMain] pthread_setaffinity_np failed for thread: 375864, index: 0, mask: {1, }, error code: 22 error msg: Invalid argument. Specify the number of threads explicitly so the affinity is not set.[m
[1;31m2026-09-28 11:45:03.505830937 [E:onnxruntime:Default, env.cc:298 ThreadMain] pthread_setaffinity_np failed for thread: 375867, index: 3, mask: {4, }, error code: 22 error msg: Invalid argument. Specify the number of threads explicitly so the affinity is not set.[m
[1;31m2026-09-28 11:45:03.515339255 [E:onnxruntime:Default, env.cc:298 ThreadMain] pthread_setaffinity_np failed for thread: 375899, index: 35, mask: {36, }, error code: 22 error msg: Invalid argument. Specify the number of threads explicitly so the affinity is not set.[m
[1;31m2026-09-28 11:45:03.521379181 [E:onnxruntime:Default, env.cc:298 ThreadMain] pthread_setaffinity_np failed for thread: 375898, index: 34, mask: {35, }, error code: 22 error msg: Invalid argument. Specify the number of threads explicitly so the affinity is not set.[m
[1;31m2026-09-28 11:45:03.524249253 [E:onnxruntime:Default, env.cc:298 ThreadMain] pthread_setaffinity_np failed for thread: 375884, index: 20, mask: {21, }, error code: 22 error msg: Invalid argument. Specify the number of threads explicitly so the affinity is not set.[m
[1;31m2026-09-28 11:45:03.515379984 [E:onnxruntime:Default, env.cc:298 ThreadMain] pthread_setaffinity_np failed for thread: 375894, index: 30, mask: {31, }, error code: 22 error msg: Invalid argument. Specify the number of threads explicitly so the affinity is not set.[m
[1;31m2026-09-28 11:45:03.524288245 [E:onnxruntime:Default, env.cc:298 ThreadMain] pthread_setaffinity_np failed for thread: 375885, index: 21, mask: {22, }, error code: 22 error msg: Invalid argument. Specify the number of threads explicitly so the affinity is not set.[m
[1;31m2026-09-28 11:45:03.518383263 [E:onnxruntime:Default, env.cc:298 ThreadMain] pthread_setaffinity_np failed for thread: 375872, index: 8, mask: {9, }, error code: 22 error msg: Invalid argument. Specify the number of threads explicitly so the affinity is not set.[m
[1;31m2026-09-28 11:45:03.505845259 [E:onnxruntime:Default, env.cc:298 ThreadMain] pthread_setaffinity_np failed for thread: 375869, index: 5, mask: {6, }, error code: 22 error msg: Invalid argument. Specify the number of threads explicitly so the affinity is not set.[m
[1;31m2026-09-28 11:45:03.524411298 [E:onnxruntime:Default, env.cc:298 ThreadMain] pthread_setaffinity_np failed for thread: 375889, index: 25, mask: {26, }, error code: 22 error msg: Invalid argument. Specify the number of threads explicitly so the affinity is not set.[m
[1;31m2026-09-28 11:45:03.524432026 [E:onnxruntime:Default, env.cc:298 ThreadMain] pthread_setaffinity_np failed for thread: 375892, index: 28, mask: {29, }, error code: 22 error msg: Invalid argument. Specify the number of threads explicitly so the affinity is not set.[m
[1;31m2026-09-28 11:45:03.524530878 [E:onnxruntime:Default, env.cc:298 ThreadMain] pthread_setaffinity_np failed for thread: 375877, index: 13, mask: {14, }, error code: 22 error msg: Invalid argument. Specify the number of threads explicitly so the affinity is not set.[m
[1;31m2026-09-28 11:45:03.524561662 [E:onnxruntime:Default, env.cc:298 ThreadMain] pthread_setaffinity_np failed for thread: 375876, index: 12, mask: {13, }, error code: 22 error msg: Invalid argument. Specify the number of threads explicitly so the affinity is not set.[m
[1;31m2026-09-28 11:45:03.524577221 [E:onnxruntime:Default, env.cc:298 ThreadMain] pthread_setaffinity_np failed for thread: 375881, index: 17, mask: {18, }, error code: 22 error msg: Invalid argument. Specify the number of threads explicitly so the affinity is not set.[m
[1;31m2026-09-28 11:45:03.524604846 [E:onnxruntime:Default, env.cc:298 ThreadMain] pthread_setaffinity_np failed for thread: 375882, index: 18, mask: {19, }, error code: 22 error msg: Invalid argument. Specify the number of threads explicitly so the affinity is not set.[m
[1;31m2026-09-28 11:45:03.524638244 [E:onnxruntime:Default, env.cc:298 ThreadMain] pthread_setaffinity_np failed for thread: 375895, index: 31, mask: {32, }, error code: 22 error msg: Invalid argument. Specify the number of threads explicitly so the affinity is not set.[m
[1;31m2026-09-28 11:45:03.518428223 [E:onnxruntime:Default, env.cc:298 ThreadMain] pthread_setaffinity_np failed for thread: 375874, index: 10, mask: {11, }, error code: 22 error msg: Invalid argument. Specify the number of threads explicitly so the affinity is not set.[m
[1;31m2026-09-28 11:45:03.525343220 [E:onnxruntime:Default, env.cc:298 ThreadMain] pthread_setaffinity_np failed for thread: 375878, index: 14, mask: {15, }, error code: 22 error msg: Invalid argument. Specify the number of threads explicitly so the affinity is not set.[m
[1;31m2026-09-28 11:45:03.538300128 [E:onnxruntime:Default, env.cc:298 ThreadMain] pthread_setaffinity_np failed for thread: 375903, index: 39, mask: {40, }, error code: 22 error msg: Invalid argument. Specify the number of threads explicitly so the affinity is not set.[m
[1;31m2026-09-28 11:45:03.540301107 [E:onnxruntime:Default, env.cc:298 ThreadMain] pthread_setaffinity_np failed for thread: 375887, index: 23, mask: {24, }, error code: 22 error msg: Invalid argument. Specify the number of threads explicitly so the affinity is not set.[m
[1;31m2026-09-28 11:45:03.540305570 [E:onnxruntime:Default, env.cc:298 ThreadMain] pthread_setaffinity_np failed for thread: 375890, index: 26, mask: {27, }, error code: 22 error msg: Invalid argument. Specify the number of threads explicitly so the affinity is not set.[m
[1;31m2026-09-28 11:45:03.518358204 [E:onnxruntime:Default, env.cc:298 ThreadMain] pthread_setaffinity_np failed for thread: 375871, index: 7, mask: {8, }, error code: 22 error msg: Invalid argument. Specify the number of threads explicitly so the affinity is not set.[m
[1;31m2026-09-28 11:45:03.524649571 [E:onnxruntime:Default, env.cc:298 ThreadMain] pthread_setaffinity_np failed for thread: 375914, index: 50, mask: {51, }, error code: 22 error msg: Invalid argument. Specify the number of threads explicitly so the affinity is not set.[m
[1;31m2026-09-28 11:45:03.521389161 [E:onnxruntime:Default, env.cc:298 ThreadMain] pthread_setaffinity_np failed for thread: 375883, index: 19, mask: {20, }, error code: 22 error msg: Invalid argument. Specify the number of threads explicitly so the affinity is not set.[m
[1;31m2026-09-28 11:45:03.529403116 [E:onnxruntime:Default, env.cc:298 ThreadMain] pthread_setaffinity_np failed for thread: 375904, index: 40, mask: {41, }, error code: 22 error msg: Invalid argument. Specify the number of threads explicitly so the affinity is not set.[m
[1;31m2026-09-28 11:45:03.529374088 [E:onnxruntime:Default, env.cc:298 ThreadMain] pthread_setaffinity_np failed for thread: 375896, index: 32, mask: {33, }, error code: 22 error msg: Invalid argument. Specify the number of threads explicitly so the affinity is not set.[m
[1;31m2026-09-28 11:45:03.529453007 [E:onnxruntime:Default, env.cc:298 ThreadMain] pthread_setaffinity_np failed for thread: 375907, index: 43, mask: {44, }, error code: 22 error msg: Invalid argument. Specify the number of threads explicitly so the affinity is not set.[m
[1;31m2026-09-28 11:45:03.529426768 [E:onnxruntime:Default, env.cc:298 ThreadMain] pthread_setaffinity_np failed for thread: 375902, index: 38, mask: {39, }, error code: 22 error msg: Invalid argument. Specify the number of threads explicitly so the affinity is not set.[m
[1;31m2026-09-28 11:45:03.529515343 [E:onnxruntime:Default, env.cc:298 ThreadMain] pthread_setaffinity_np failed for thread: 375916, index: 52, mask: {53, }, error code: 22 error msg: Invalid argument. Specify the number of threads explicitly so the affinity is not set.[m
[1;31m2026-09-28 11:45:03.529564536 [E:onnxruntime:Default, env.cc:298 ThreadMain] pthread_setaffinity_np failed for thread: 375912, index: 48, mask: {49, }, error code: 22 error msg: Invalid argument. Specify the number of threads explicitly so the affinity is not set.[m
[1;31m2026-09-28 11:45:03.529475135 [E:onnxruntime:Default, env.cc:298 ThreadMain] pthread_setaffinity_np failed for thread: 375893, index: 29, mask: {30, }, error code: 22 error msg: Invalid argument. Specify the number of threads explicitly so the affinity is not set.[m
[1;31m2026-09-28 11:45:03.529619674 [E:onnxruntime:Default, env.cc:298 ThreadMain] pthread_setaffinity_np failed for thread: 375913, index: 49, mask: {50, }, error code: 22 error msg: Invalid argument. Specify the number of threads explicitly so the affinity is not set.[m
[1;31m2026-09-28 11:45:03.529593762 [E:onnxruntime:Default, env.cc:298 ThreadMain] pthread_setaffinity_np failed for thread: 375908, index: 44, mask: {45, }, error code: 22 error msg: Invalid argument. Specify the number of threads explicitly so the affinity is not set.[m
[1;31m2026-09-28 11:45:03.518403883 [E:onnxruntime:Default, env.cc:298 ThreadMain] pthread_setaffinity_np failed for thread: 375873, index: 9, mask: {10, }, error code: 22 error msg: Invalid argument. Specify the number of threads explicitly so the affinity is not set.[m
[1;31m2026-09-28 11:45:03.518448972 [E:onnxruntime:Default, env.cc:298 ThreadMain] pthread_setaffinity_np failed for thread: 375875, index: 11, mask: {12, }, error code: 22 error msg: Invalid argument. Specify the number of threads explicitly so the affinity is not set.[m
[1;31m2026-09-28 11:45:03.531336285 [E:onnxruntime:Default, env.cc:298 ThreadMain] pthread_setaffinity_np failed for thread: 375900, index: 36, mask: {37, }, error code: 22 error msg: Invalid argument. Specify the number of threads explicitly so the affinity is not set.[m
[1;31m2026-09-28 11:45:03.531356588 [E:onnxruntime:Default, env.cc:298 ThreadMain] pthread_setaffinity_np failed for thread: 375888, index: 24, mask: {25, }, error code: 22 error msg: Invalid argument. Specify the number of threads explicitly so the affinity is not set.[m
[1;31m2026-09-28 11:45:03.531359741 [E:onnxruntime:Default, env.cc:298 ThreadMain] pthread_setaffinity_np failed for thread: 375879, index: 15, mask: {16, }, error code: 22 error msg: Invalid argument. Specify the number of threads explicitly so the affinity is not set.[m
[1;31m2026-09-28 11:45:03.531361156 [E:onnxruntime:Default, env.cc:298 ThreadMain] pthread_setaffinity_np failed for thread: 375909, index: 45, mask: {46, }, error code: 22 error msg: Invalid argument. Specify the number of threads explicitly so the affinity is not set.[m
[1;31m2026-09-28 11:45:03.531367306 [E:onnxruntime:Default, env.cc:298 ThreadMain] pthread_setaffinity_np failed for thread: 375891, index: 27, mask: {28, }, error code: 22 error msg: Invalid argument. Specify the number of threads explicitly so the affinity is not set.[m
[1;31m2026-09-28 11:45:03.531372288 [E:onnxruntime:Default, env.cc:298 ThreadMain] pthread_setaffinity_np failed for thread: 375901, index: 37, mask: {38, }, error code: 22 error msg: Invalid argument. Specify the number of threads explicitly so the affinity is not set.[m
[1;31m2026-09-28 11:45:03.531374857 [E:onnxruntime:Default, env.cc:298 ThreadMain] pthread_setaffinity_np failed for thread: 375897, index: 33, mask: {34, }, error code: 22 error msg: Invalid argument. Specify the number of threads explicitly so the affinity is not set.[m
[1;31m2026-09-28 11:45:03.531378568 [E:onnxruntime:Default, env.cc:298 ThreadMain] pthread_setaffinity_np failed for thread: 375886, index: 22, mask: {23, }, error code: 22 error msg: Invalid argument. Specify the number of threads explicitly so the affinity is not set.[m
[1;31m2026-09-28 11:45:03.531383031 [E:onnxruntime:Default, env.cc:298 ThreadMain] pthread_setaffinity_np failed for thread: 375880, index: 16, mask: {17, }, error code: 22 error msg: Invalid argument. Specify the number of threads explicitly so the affinity is not set.[m
[1;31m2026-09-28 11:45:03.593376045 [E:onnxruntime:Default, env.cc:298 ThreadMain] pthread_setaffinity_np failed for thread: 375906, index: 42, mask: {43, }, error code: 22 error msg: Invalid argument. Specify the number of threads explicitly so the affinity is not set.[m
[1;31m2026-09-28 11:45:03.531388482 [E:onnxruntime:Default, env.cc:298 ThreadMain] pthread_setaffinity_np failed for thread: 375905, index: 41, mask: {42, }, error code: 22 error msg: Invalid argument. Specify the number of threads explicitly so the affinity is not set.[m
[1;31m2026-09-28 11:45:03.531390936 [E:onnxruntime:Default, env.cc:298 ThreadMain] pthread_setaffinity_np failed for thread: 375915, index: 51, mask: {52, }, error code: 22 error msg: Invalid argument. Specify the number of threads explicitly so the affinity is not set.[m
[1;31m2026-09-28 11:45:03.540303553 [E:onnxruntime:Default, env.cc:298 ThreadMain] pthread_setaffinity_np failed for thread: 375910, index: 46, mask: {47, }, error code: 22 error msg: Invalid argument. Specify the number of threads explicitly so the affinity is not set.[m
[1;31m2026-09-28 11:45:03.600322907 [E:onnxruntime:Default, env.cc:298 ThreadMain] pthread_setaffinity_np failed for thread: 375911, index: 47, mask: {48, }, error code: 22 error msg: Invalid argument. Specify the number of threads explicitly so the affinity is not set.[m
[1;31m2026-09-28 11:45:03.518329856 [E:onnxruntime:Default, env.cc:298 ThreadMain] pthread_setaffinity_np failed for thread: 375870, index: 6, mask: {7, }, error code: 22 error msg: Invalid argument. Specify the number of threads explicitly so the affinity is not set.[m
2026-09-28 11:45:06.484 | INFO     | __main__:create_app:236 - Request concurrency limited to 3
Start MinerU FastAPI Service: http://127.0.0.1:44685
API documentation: http://127.0.0.1:44685/docs
INFO:     Started server process [375847]
INFO:     Waiting for application startup.
INFO:     Application startup complete.
INFO:     Uvicorn running on http://127.0.0.1:44685 (Press CTRL+C to quit)
INFO:     Application startup complete.
INFO:     Uvicorn running on http://127.0.0.1:42001 (Press CTRL+C to quit)
INFO:     127.0.0.1:51706 - "GET /health HTTP/1.1" 200 OK
[2026-09-28T09:45:08Z] MinerU server is ready at http://127.0.0.1:42001
INFO:     127.0.0.1:47402 - "GET /health HTTP/1.1" 200 OK
INFO:     127.0.0.1:47402 - "POST /tasks HTTP/1.1" 202 Accepted
INFO:     127.0.0.1:47402 - "GET /tasks/eb88b652-6662-4b2c-9c01-0abffb873ff4 HTTP/1.1" 200 OK
INFO:     127.0.0.1:47416 - "POST /tasks HTTP/1.1" 202 Accepted
INFO:     127.0.0.1:47436 - "POST /tasks HTTP/1.1" 202 Accepted
INFO:     127.0.0.1:47402 - "GET /tasks/518a6f40-d9ad-496a-a5f3-31fe5400abee HTTP/1.1" 200 OK
2026-09-28 11:45:22.605 | INFO     | mineru.utils.engine_utils:get_vlm_engine:34 - Using vllm-async-engine as the inference engine for VLM.
INFO:     127.0.0.1:47416 - "GET /tasks/437ea017-a6c1-4379-9338-5c028bfe0478 HTTP/1.1" 200 OK
INFO:     127.0.0.1:47402 - "GET /tasks/eb88b652-6662-4b2c-9c01-0abffb873ff4 HTTP/1.1" 200 OK
INFO:     127.0.0.1:47436 - "GET /tasks/518a6f40-d9ad-496a-a5f3-31fe5400abee HTTP/1.1" 200 OK
2026-09-28 11:45:26.507 | INFO     | mineru.utils.engine_utils:get_vlm_engine:34 - Using vllm-async-engine as the inference engine for VLM.
WARNING 09-28 11:45:27 [config.py:70] Support for Transformers v4 is deprecated. The Transformers v4 codepath will become unmaintained in vLLM v0.22.0 and will be removed in vLLM v0.24.0. Please upgrade to Transformers v5: pip install --upgrade transformers
2026-09-28 11:45:32.163 | INFO     | mineru.backend.vlm.utils:enable_custom_logits_processors:56 - compute_capability: 8.0 >= 8.0 and vllm version: 0.21.0 >= 0.10.1, enable custom_logits_processors
INFO 09-28 11:45:32 [model.py:568] Resolved architecture: Qwen2VLForConditionalGeneration
INFO 09-28 11:45:32 [model.py:1697] Using max model len 8192
INFO 09-28 11:45:32 [scheduler.py:239] Chunked prefill is enabled with max_num_batched_tokens=2048.
INFO 09-28 11:45:32 [vllm.py:886] Asynchronous scheduling is enabled.
INFO 09-28 11:45:32 [kernel.py:212] Final IR op priority after setting platform defaults: IrOpPriorityConfig(rms_norm=['native'], fused_add_rms_norm=['native'])
The image processor of type `Qwen2VLImageProcessor` is now loaded as a fast processor by default, even if the model checkpoint was saved with a slow processor. This is a breaking change and may produce slightly different outputs. To continue using the slow processor, instantiate this class with `use_fast=False`. Note that this behavior will be extended to all models in a future release.
WARNING 09-28 11:45:37 [system_utils.py:157] We must use the `spawn` multiprocessing start method. Overriding VLLM_WORKER_MULTIPROC_METHOD to 'spawn'. See https://docs.vllm.ai/en/latest/usage/troubleshooting.html#python-multiprocessing for more information. Reasons: CUDA is initialized
[1;31m2026-09-28 11:45:38.444927009 [E:onnxruntime:Default, env.cc:298 ThreadMain] pthread_setaffinity_np failed for thread: 376069, index: 1, mask: {2, }, error code: 22 error msg: Invalid argument. Specify the number of threads explicitly so the affinity is not set.[m
[1;31m2026-09-28 11:45:38.444974974 [E:onnxruntime:Default, env.cc:298 ThreadMain] pthread_setaffinity_np failed for thread: 376070, index: 2, mask: {3, }, error code: 22 error msg: Invalid argument. Specify the number of threads explicitly so the affinity is not set.[m
[1;31m2026-09-28 11:45:38.445555416 [E:onnxruntime:Default, env.cc:298 ThreadMain] pthread_setaffinity_np failed for thread: 376090, index: 22, mask: {23, }, error code: 22 error msg: Invalid argument. Specify the number of threads explicitly so the affinity is not set.[m
[1;31m2026-09-28 11:45:38.444923980 [E:onnxruntime:Default, env.cc:298 ThreadMain] pthread_setaffinity_np failed for thread: 376068, index: 0, mask: {1, }, error code: 22 error msg: Invalid argument. Specify the number of threads explicitly so the affinity is not set.[m
[1;31m2026-09-28 11:45:38.444963933 [E:onnxruntime:Default, env.cc:298 ThreadMain] pthread_setaffinity_np failed for thread: 376071, index: 3, mask: {4, }, error code: 22 error msg: Invalid argument. Specify the number of threads explicitly so the affinity is not set.[m
[1;31m2026-09-28 11:45:38.459400831 [E:onnxruntime:Default, env.cc:298 ThreadMain] pthread_setaffinity_np failed for thread: 376091, index: 23, mask: {24, }, error code: 22 error msg: Invalid argument. Specify the number of threads explicitly so the affinity is not set.[m
[1;31m2026-09-28 11:45:38.459451684 [E:onnxruntime:Default, env.cc:298 ThreadMain] pthread_setaffinity_np failed for thread: 376092, index: 24, mask: {25, }, error code: 22 error msg: Invalid argument. Specify the number of threads explicitly so the affinity is not set.[m
[1;31m2026-09-28 11:45:38.459479240 [E:onnxruntime:Default, env.cc:298 ThreadMain] pthread_setaffinity_np failed for thread: 376093, index: 25, mask: {26, }, error code: 22 error msg: Invalid argument. Specify the number of threads explicitly so the affinity is not set.[m
[1;31m2026-09-28 11:45:38.459547390 [E:onnxruntime:Default, env.cc:298 ThreadMain] pthread_setaffinity_np failed for thread: 376094, index: 26, mask: {27, }, error code: 22 error msg: Invalid argument. Specify the number of threads explicitly so the affinity is not set.[m
[1;31m2026-09-28 11:45:38.459572307 [E:onnxruntime:Default, env.cc:298 ThreadMain] pthread_setaffinity_np failed for thread: 376095, index: 27, mask: {28, }, error code: 22 error msg: Invalid argument. Specify the number of threads explicitly so the affinity is not set.[m
[1;31m2026-09-28 11:45:38.459591668 [E:onnxruntime:Default, env.cc:298 ThreadMain] pthread_setaffinity_np failed for thread: 376096, index: 28, mask: {29, }, error code: 22 error msg: Invalid argument. Specify the number of threads explicitly so the affinity is not set.[m
[1;31m2026-09-28 11:45:38.459616123 [E:onnxruntime:Default, env.cc:298 ThreadMain] pthread_setaffinity_np failed for thread: 376097, index: 29, mask: {30, }, error code: 22 error msg: Invalid argument. Specify the number of threads explicitly so the affinity is not set.[m
[1;31m2026-09-28 11:45:38.459662242 [E:onnxruntime:Default, env.cc:298 ThreadMain] pthread_setaffinity_np failed for thread: 376098, index: 30, mask: {31, }, error code: 22 error msg: Invalid argument. Specify the number of threads explicitly so the affinity is not set.[m
[1;31m2026-09-28 11:45:38.445088286 [E:onnxruntime:Default, env.cc:298 ThreadMain] pthread_setaffinity_np failed for thread: 376073, index: 5, mask: {6, }, error code: 22 error msg: Invalid argument. Specify the number of threads explicitly so the affinity is not set.[m
[1;31m2026-09-28 11:45:38.459714702 [E:onnxruntime:Default, env.cc:298 ThreadMain] pthread_setaffinity_np failed for thread: 376100, index: 32, mask: {33, }, error code: 22 error msg: Invalid argument. Specify the number of threads explicitly so the affinity is not set.[m
[1;31m2026-09-28 11:45:38.459736543 [E:onnxruntime:Default, env.cc:298 ThreadMain] pthread_setaffinity_np failed for thread: 376101, index: 33, mask: {34, }, error code: 22 error msg: Invalid argument. Specify the number of threads explicitly so the affinity is not set.[m
[1;31m2026-09-28 11:45:38.445188855 [E:onnxruntime:Default, env.cc:298 ThreadMain] pthread_setaffinity_np failed for thread: 376077, index: 9, mask: {10, }, error code: 22 error msg: Invalid argument. Specify the number of threads explicitly so the affinity is not set.[m
[1;31m2026-09-28 11:45:38.445194882 [E:onnxruntime:Default, env.cc:298 ThreadMain] pthread_setaffinity_np failed for thread: 376076, index: 8, mask: {9, }, error code: 22 error msg: Invalid argument. Specify the number of threads explicitly so the affinity is not set.[m
[1;31m2026-09-28 11:45:38.460209548 [E:onnxruntime:Default, env.cc:298 ThreadMain] pthread_setaffinity_np failed for thread: 376119, index: 51, mask: {52, }, error code: 22 error msg: Invalid argument. Specify the number of threads explicitly so the affinity is not set.[m
[1;31m2026-09-28 11:45:38.445063908 [E:onnxruntime:Default, env.cc:298 ThreadMain] pthread_setaffinity_np failed for thread: 376072, index: 4, mask: {5, }, error code: 22 error msg: Invalid argument. Specify the number of threads explicitly so the affinity is not set.[m
[1;31m2026-09-28 11:45:38.445223915 [E:onnxruntime:Default, env.cc:298 ThreadMain] pthread_setaffinity_np failed for thread: 376078, index: 10, mask: {11, }, error code: 22 error msg: Invalid argument. Specify the number of threads explicitly so the affinity is not set.[m
[1;31m2026-09-28 11:45:38.445283093 [E:onnxruntime:Default, env.cc:298 ThreadMain] pthread_setaffinity_np failed for thread: 376080, index: 12, mask: {13, }, error code: 22 error msg: Invalid argument. Specify the number of threads explicitly so the affinity is not set.[m
[1;31m2026-09-28 11:45:38.445243872 [E:onnxruntime:Default, env.cc:298 ThreadMain] pthread_setaffinity_np failed for thread: 376079, index: 11, mask: {12, }, error code: 22 error msg: Invalid argument. Specify the number of threads explicitly so the affinity is not set.[m
[1;31m2026-09-28 11:45:38.445307760 [E:onnxruntime:Default, env.cc:298 ThreadMain] pthread_setaffinity_np failed for thread: 376081, index: 13, mask: {14, }, error code: 22 error msg: Invalid argument. Specify the number of threads explicitly so the affinity is not set.[m
[1;31m2026-09-28 11:45:38.445335845 [E:onnxruntime:Default, env.cc:298 ThreadMain] pthread_setaffinity_np failed for thread: 376082, index: 14, mask: {15, }, error code: 22 error msg: Invalid argument. Specify the number of threads explicitly so the affinity is not set.[m
[1;31m2026-09-28 11:45:38.445352826 [E:onnxruntime:Default, env.cc:298 ThreadMain] pthread_setaffinity_np failed for thread: 376083, index: 15, mask: {16, }, error code: 22 error msg: Invalid argument. Specify the number of threads explicitly so the affinity is not set.[m
[1;31m2026-09-28 11:45:38.445406676 [E:onnxruntime:Default, env.cc:298 ThreadMain] pthread_setaffinity_np failed for thread: 376085, index: 17, mask: {18, }, error code: 22 error msg: Invalid argument. Specify the number of threads explicitly so the affinity is not set.[m
[1;31m2026-09-28 11:45:38.445382187 [E:onnxruntime:Default, env.cc:298 ThreadMain] pthread_setaffinity_np failed for thread: 376084, index: 16, mask: {17, }, error code: 22 error msg: Invalid argument. Specify the number of threads explicitly so the affinity is not set.[m
[1;31m2026-09-28 11:45:38.445450033 [E:onnxruntime:Default, env.cc:298 ThreadMain] pthread_setaffinity_np failed for thread: 376087, index: 19, mask: {20, }, error code: 22 error msg: Invalid argument. Specify the number of threads explicitly so the affinity is not set.[m
[1;31m2026-09-28 11:45:38.487321560 [E:onnxruntime:Default, env.cc:298 ThreadMain] pthread_setaffinity_np failed for thread: 376102, index: 34, mask: {35, }, error code: 22 error msg: Invalid argument. Specify the number of threads explicitly so the affinity is not set.[m
[1;31m2026-09-28 11:45:38.445501807 [E:onnxruntime:Default, env.cc:298 ThreadMain] pthread_setaffinity_np failed for thread: 376089, index: 21, mask: {22, }, error code: 22 error msg: Invalid argument. Specify the number of threads explicitly so the affinity is not set.[m
[1;31m2026-09-28 11:45:38.459678038 [E:onnxruntime:Default, env.cc:298 ThreadMain] pthread_setaffinity_np failed for thread: 376099, index: 31, mask: {32, }, error code: 22 error msg: Invalid argument. Specify the number of threads explicitly so the affinity is not set.[m
[1;31m2026-09-28 11:45:38.445112741 [E:onnxruntime:Default, env.cc:298 ThreadMain] pthread_setaffinity_np failed for thread: 376074, index: 6, mask: {7, }, error code: 22 error msg: Invalid argument. Specify the number of threads explicitly so the affinity is not set.[m
[1;31m2026-09-28 11:45:38.445132809 [E:onnxruntime:Default, env.cc:298 ThreadMain] pthread_setaffinity_np failed for thread: 376075, index: 7, mask: {8, }, error code: 22 error msg: Invalid argument. Specify the number of threads explicitly so the affinity is not set.[m
[1;31m2026-09-28 11:45:38.459787070 [E:onnxruntime:Default, env.cc:298 ThreadMain] pthread_setaffinity_np failed for thread: 376103, index: 35, mask: {36, }, error code: 22 error msg: Invalid argument. Specify the number of threads explicitly so the affinity is not set.[m
[1;31m2026-09-28 11:45:38.459805575 [E:onnxruntime:Default, env.cc:298 ThreadMain] pthread_setaffinity_np failed for thread: 376104, index: 36, mask: {37, }, error code: 22 error msg: Invalid argument. Specify the number of threads explicitly so the affinity is not set.[m
[1;31m2026-09-28 11:45:38.459828355 [E:onnxruntime:Default, env.cc:298 ThreadMain] pthread_setaffinity_np failed for thread: 376105, index: 37, mask: {38, }, error code: 22 error msg: Invalid argument. Specify the number of threads explicitly so the affinity is not set.[m
[1;31m2026-09-28 11:45:38.459852556 [E:onnxruntime:Default, env.cc:298 ThreadMain] pthread_setaffinity_np failed for thread: 376106, index: 38, mask: {39, }, error code: 22 error msg: Invalid argument. Specify the number of threads explicitly so the affinity is not set.[m
[1;31m2026-09-28 11:45:38.459874086 [E:onnxruntime:Default, env.cc:298 ThreadMain] pthread_setaffinity_np failed for thread: 376107, index: 39, mask: {40, }, error code: 22 error msg: Invalid argument. Specify the number of threads explicitly so the affinity is not set.[m
[1;31m2026-09-28 11:45:38.459894955 [E:onnxruntime:Default, env.cc:298 ThreadMain] pthread_setaffinity_np failed for thread: 376108, index: 40, mask: {41, }, error code: 22 error msg: Invalid argument. Specify the number of threads explicitly so the affinity is not set.[m
[1;31m2026-09-28 11:45:38.459916842 [E:onnxruntime:Default, env.cc:298 ThreadMain] pthread_setaffinity_np failed for thread: 376109, index: 41, mask: {42, }, error code: 22 error msg: Invalid argument. Specify the number of threads explicitly so the affinity is not set.[m
[1;31m2026-09-28 11:45:38.459943408 [E:onnxruntime:Default, env.cc:298 ThreadMain] pthread_setaffinity_np failed for thread: 376110, index: 42, mask: {43, }, error code: 22 error msg: Invalid argument. Specify the number of threads explicitly so the affinity is not set.[m
[1;31m2026-09-28 11:45:38.459964933 [E:onnxruntime:Default, env.cc:298 ThreadMain] pthread_setaffinity_np failed for thread: 376111, index: 43, mask: {44, }, error code: 22 error msg: Invalid argument. Specify the number of threads explicitly so the affinity is not set.[m
[1;31m2026-09-28 11:45:38.459984205 [E:onnxruntime:Default, env.cc:298 ThreadMain] pthread_setaffinity_np failed for thread: 376112, index: 44, mask: {45, }, error code: 22 error msg: Invalid argument. Specify the number of threads explicitly so the affinity is not set.[m
[1;31m2026-09-28 11:45:38.460018714 [E:onnxruntime:Default, env.cc:298 ThreadMain] pthread_setaffinity_np failed for thread: 376113, index: 45, mask: {46, }, error code: 22 error msg: Invalid argument. Specify the number of threads explicitly so the affinity is not set.[m
[1;31m2026-09-28 11:45:38.460036225 [E:onnxruntime:Default, env.cc:298 ThreadMain] pthread_setaffinity_np failed for thread: 376114, index: 46, mask: {47, }, error code: 22 error msg: Invalid argument. Specify the number of threads explicitly so the affinity is not set.[m
[1;31m2026-09-28 11:45:38.460061215 [E:onnxruntime:Default, env.cc:298 ThreadMain] pthread_setaffinity_np failed for thread: 376115, index: 47, mask: {48, }, error code: 22 error msg: Invalid argument. Specify the number of threads explicitly so the affinity is not set.[m
[1;31m2026-09-28 11:45:38.460090231 [E:onnxruntime:Default, env.cc:298 ThreadMain] pthread_setaffinity_np failed for thread: 376116, index: 48, mask: {49, }, error code: 22 error msg: Invalid argument. Specify the number of threads explicitly so the affinity is not set.[m
[1;31m2026-09-28 11:45:38.460129939 [E:onnxruntime:Default, env.cc:298 ThreadMain] pthread_setaffinity_np failed for thread: 376117, index: 49, mask: {50, }, error code: 22 error msg: Invalid argument. Specify the number of threads explicitly so the affinity is not set.[m
[1;31m2026-09-28 11:45:38.460144988 [E:onnxruntime:Default, env.cc:298 ThreadMain] pthread_setaffinity_np failed for thread: 376118, index: 50, mask: {51, }, error code: 22 error msg: Invalid argument. Specify the number of threads explicitly so the affinity is not set.[m
[1;31m2026-09-28 11:45:38.445432648 [E:onnxruntime:Default, env.cc:298 ThreadMain] pthread_setaffinity_np failed for thread: 376086, index: 18, mask: {19, }, error code: 22 error msg: Invalid argument. Specify the number of threads explicitly so the affinity is not set.[m
[1;31m2026-09-28 11:45:38.445479404 [E:onnxruntime:Default, env.cc:298 ThreadMain] pthread_setaffinity_np failed for thread: 376088, index: 20, mask: {21, }, error code: 22 error msg: Invalid argument. Specify the number of threads explicitly so the affinity is not set.[m
[1;31m2026-09-28 11:45:38.542339973 [E:onnxruntime:Default, env.cc:298 ThreadMain] pthread_setaffinity_np failed for thread: 376120, index: 52, mask: {53, }, error code: 22 error msg: Invalid argument. Specify the number of threads explicitly so the affinity is not set.[m
WARNING 09-28 11:45:44 [config.py:70] Support for Transformers v4 is deprecated. The Transformers v4 codepath will become unmaintained in vLLM v0.22.0 and will be removed in vLLM v0.24.0. Please upgrade to Transformers v5: pip install --upgrade transformers
(EngineCore pid=376051) INFO 09-28 11:45:45 [core.py:109] Initializing a V1 LLM engine (v0.21.0) with config: model='/home/sfris1/.cache/huggingface/hub/models--opendatalab--MinerU2.5-Pro-2605-1.2B/snapshots/bff20d4ae2bf202df9f45284b4d43681555a97ed', speculative_config=None, tokenizer='/home/sfris1/.cache/huggingface/hub/models--opendatalab--MinerU2.5-Pro-2605-1.2B/snapshots/bff20d4ae2bf202df9f45284b4d43681555a97ed', skip_tokenizer_init=False, tokenizer_mode=auto, revision=None, tokenizer_revision=None, trust_remote_code=False, dtype=torch.bfloat16, max_seq_len=8192, download_dir=None, load_format=auto, tensor_parallel_size=1, pipeline_parallel_size=1, data_parallel_size=1, decode_context_parallel_size=1, dcp_comm_backend=ag_rs, disable_custom_all_reduce=False, quantization=None, quantization_config=None, enforce_eager=False, enable_return_routed_experts=False, kv_cache_dtype=auto, device_config=cuda, structured_outputs_config=StructuredOutputsConfig(backend='auto', disable_any_whitespace=False, disable_additional_properties=False, reasoning_parser='', reasoning_parser_plugin='', enable_in_reasoning=False), observability_config=ObservabilityConfig(show_hidden_metrics_for_version=None, otlp_traces_endpoint=None, collect_detailed_traces=None, kv_cache_metrics=False, kv_cache_metrics_sample=0.01, cudagraph_metrics=False, enable_layerwise_nvtx_tracing=False, enable_mfu_metrics=False, enable_mm_processor_stats=False, enable_logging_iteration_details=False), seed=0, served_model_name=/home/sfris1/.cache/huggingface/hub/models--opendatalab--MinerU2.5-Pro-2605-1.2B/snapshots/bff20d4ae2bf202df9f45284b4d43681555a97ed, enable_prefix_caching=True, enable_chunked_prefill=True, pooler_config=None, compilation_config={'mode': <CompilationMode.VLLM_COMPILE: 3>, 'debug_dump_path': None, 'cache_dir': '', 'compile_cache_save_format': 'binary', 'backend': 'inductor', 'custom_ops': ['none'], 'ir_enable_torch_wrap': True, 'splitting_ops': ['vllm::unified_attention_with_output', 'vllm::unified_mla_attention_with_output', 'vllm::mamba_mixer2', 'vllm::mamba_mixer', 'vllm::short_conv', 'vllm::linear_attention', 'vllm::plamo2_mamba_mixer', 'vllm::gdn_attention_core', 'vllm::gdn_attention_core_xpu', 'vllm::olmo_hybrid_gdn_full_forward', 'vllm::kda_attention', 'vllm::sparse_attn_indexer', 'vllm::rocm_aiter_sparse_attn_indexer', 'vllm::deepseek_v4_attention', 'vllm::unified_kv_cache_update', 'vllm::unified_mla_kv_cache_update'], 'compile_mm_encoder': False, 'cudagraph_mm_encoder': False, 'encoder_cudagraph_token_budgets': [], 'encoder_cudagraph_max_vision_items_per_batch': 0, 'encoder_cudagraph_max_frames_per_batch': None, 'compile_sizes': [], 'compile_ranges_endpoints': [2048], 'inductor_compile_config': {'enable_auto_functionalized_v2': False, 'size_asserts': False, 'alignment_asserts': False, 'scalar_asserts': False, 'combo_kernels': True, 'benchmark_combo_kernel': True}, 'inductor_passes': {}, 'cudagraph_mode': <CUDAGraphMode.FULL_AND_PIECEWISE: (2, 1)>, 'cudagraph_num_of_warmups': 1, 'cudagraph_capture_sizes': [1, 2, 4, 8, 16, 24, 32, 40, 48, 56, 64, 72, 80, 88, 96, 104, 112, 120, 128, 136, 144, 152, 160, 168, 176, 184, 192, 200, 208, 216, 224, 232, 240, 248, 256], 'cudagraph_copy_inputs': False, 'cudagraph_specialize_lora': True, 'use_inductor_graph_partition': False, 'pass_config': {'fuse_norm_quant': False, 'fuse_act_quant': False, 'fuse_attn_quant': False, 'enable_sp': False, 'fuse_gemm_comms': False, 'fuse_allreduce_rms': False, 'fuse_act_padding': False}, 'max_cudagraph_capture_size': 256, 'dynamic_shapes_config': {'type': <DynamicShapesType.BACKED: 'backed'>, 'evaluate_guards': False, 'assume_32_bit_indexing': False}, 'local_cache_dir': None, 'fast_moe_cold_start': False, 'static_all_moe_layers': []}, kernel_config=KernelConfig(ir_op_priority=IrOpPriorityConfig(rms_norm=['native'], fused_add_rms_norm=['native']), enable_flashinfer_autotune=False, moe_backend='auto')
(EngineCore pid=376051) INFO 09-28 11:45:48 [parallel_state.py:1410] world_size=1 rank=0 local_rank=0 distributed_init_method=tcp://145.136.62.60:58085 backend=nccl
(EngineCore pid=376051) INFO 09-28 11:45:48 [parallel_state.py:1723] rank 0 in world size 1 is assigned as DP rank 0, PP rank 0, PCP rank 0, TP rank 0, EP rank N/A, EPLB rank N/A
(EngineCore pid=376051) INFO 09-28 11:45:49 [topk_topp_sampler.py:45] Using FlashInfer for top-p & top-k sampling.
(EngineCore pid=376051) The image processor of type `Qwen2VLImageProcessor` is now loaded as a fast processor by default, even if the model checkpoint was saved with a slow processor. This is a breaking change and may produce slightly different outputs. To continue using the slow processor, instantiate this class with `use_fast=False`. Note that this behavior will be extended to all models in a future release.
(EngineCore pid=376051) INFO 09-28 11:45:52 [gpu_model_runner.py:4857] Starting to load model /home/sfris1/.cache/huggingface/hub/models--opendatalab--MinerU2.5-Pro-2605-1.2B/snapshots/bff20d4ae2bf202df9f45284b4d43681555a97ed...
(EngineCore pid=376051) INFO 09-28 11:45:53 [cuda.py:427] Using backend AttentionBackendEnum.FLASH_ATTN for vit attention
(EngineCore pid=376051) INFO 09-28 11:45:53 [mm_encoder_attention.py:372] Using AttentionBackendEnum.FLASH_ATTN for MMEncoderAttention.
(EngineCore pid=376051) INFO 09-28 11:45:53 [vllm.py:886] Asynchronous scheduling is enabled.
(EngineCore pid=376051) INFO 09-28 11:45:53 [kernel.py:212] Final IR op priority after setting platform defaults: IrOpPriorityConfig(rms_norm=['native'], fused_add_rms_norm=['native'])
(EngineCore pid=376051) INFO 09-28 11:45:53 [cuda.py:372] Using FLASH_ATTN attention backend out of potential backends: ['FLASH_ATTN', 'FLASHINFER', 'TRITON_ATTN', 'FLEX_ATTENTION'].
(EngineCore pid=376051) INFO 09-28 11:45:53 [flash_attn.py:641] Using FlashAttention version 2
(EngineCore pid=376051) INFO 09-28 11:45:53 [weight_utils.py:938] Filesystem type for checkpoints: GPFS. Checkpoint size: 2.15 GiB. Available RAM: 442.47 GiB.
(EngineCore pid=376051) INFO 09-28 11:45:53 [weight_utils.py:961] Auto-prefetch is disabled because the filesystem (GPFS) is not a recognized network FS (NFS/Lustre). If you want to force prefetching, start vLLM with --safetensors-load-strategy=prefetch.
(EngineCore pid=376051) Loading safetensors checkpoint shards:   0% Completed | 0/1 [00:00<?, ?it/s]
(EngineCore pid=376051) Loading safetensors checkpoint shards: 100% Completed | 1/1 [00:03<00:00,  3.57s/it]
(EngineCore pid=376051) Loading safetensors checkpoint shards: 100% Completed | 1/1 [00:03<00:00,  3.57s/it]
(EngineCore pid=376051) 
(EngineCore pid=376051) INFO 09-28 11:45:57 [default_loader.py:397] Loading weights took 3.62 seconds
(EngineCore pid=376051) INFO 09-28 11:45:57 [gpu_model_runner.py:4959] Model loading took 2.16 GiB memory and 4.147294 seconds
(EngineCore pid=376051) INFO 09-28 11:45:58 [gpu_model_runner.py:5920] Encoder cache will be initialized with a budget of 8192 tokens, and profiled with 1 video items of the maximum feature size.
(EngineCore pid=376051) INFO 09-28 11:46:06 [backends.py:1089] Using cache directory: /home/sfris1/.cache/vllm/torch_compile_cache/0b038e20d9/rank_0_0/backbone for vLLM's torch.compile
(EngineCore pid=376051) INFO 09-28 11:46:06 [backends.py:1148] Dynamo bytecode transform time: 6.72 s
(EngineCore pid=376051) INFO 09-28 11:46:11 [backends.py:378] Cache the graph of compile range (1, 2048) for later use
(EngineCore pid=376051) INFO 09-28 11:46:18 [backends.py:393] Compiling a graph for compile range (1, 2048) takes 11.63 s
INFO:     127.0.0.1:47424 - "POST /tasks HTTP/1.1" 503 Service Unavailable
INFO:     127.0.0.1:47424 - "POST /tasks HTTP/1.1" 503 Service Unavailable
(EngineCore pid=376051) INFO 09-28 11:46:22 [decorators.py:708] saved AOT compiled function to /home/sfris1/.cache/vllm/torch_compile_cache/torch_aot_compile/f70690c7922ed7bf1ca527c9fdf3c62a797f1daf5f6eeccdde6c81f5df8e3ff8/rank_0_0/model
(EngineCore pid=376051) INFO 09-28 11:46:22 [monitor.py:53] torch.compile took 22.32 s in total
(EngineCore pid=376051) INFO 09-28 11:46:22 [monitor.py:81] Initial profiling/warmup run took 0.40 s
INFO:     127.0.0.1:47424 - "POST /tasks HTTP/1.1" 503 Service Unavailable
INFO:     127.0.0.1:47424 - "POST /tasks HTTP/1.1" 503 Service Unavailable
INFO:     127.0.0.1:47424 - "POST /tasks HTTP/1.1" 503 Service Unavailable
INFO:     127.0.0.1:47402 - "GET /tasks/437ea017-a6c1-4379-9338-5c028bfe0478 HTTP/1.1" 200 OK
INFO:     127.0.0.1:47416 - "GET /tasks/eb88b652-6662-4b2c-9c01-0abffb873ff4 HTTP/1.1" 200 OK
INFO:     127.0.0.1:47436 - "GET /tasks/518a6f40-d9ad-496a-a5f3-31fe5400abee HTTP/1.1" 200 OK
INFO:     127.0.0.1:47436 - "POST /tasks HTTP/1.1" 503 Service Unavailable
INFO:     127.0.0.1:47436 - "POST /tasks HTTP/1.1" 503 Service Unavailable
INFO:     127.0.0.1:47436 - "POST /tasks HTTP/1.1" 503 Service Unavailable
INFO:     127.0.0.1:47436 - "POST /tasks HTTP/1.1" 503 Service Unavailable
INFO:     127.0.0.1:47436 - "POST /tasks HTTP/1.1" 503 Service Unavailable
INFO:     127.0.0.1:47436 - "POST /tasks HTTP/1.1" 503 Service Unavailable
INFO:     127.0.0.1:47436 - "POST /tasks HTTP/1.1" 503 Service Unavailable
INFO:     127.0.0.1:47436 - "POST /tasks HTTP/1.1" 503 Service Unavailable
INFO:     127.0.0.1:47436 - "POST /tasks HTTP/1.1" 503 Service Unavailable
INFO:     127.0.0.1:47436 - "POST /tasks HTTP/1.1" 503 Service Unavailable
INFO:     127.0.0.1:47436 - "POST /tasks HTTP/1.1" 503 Service Unavailable
INFO:     127.0.0.1:47436 - "POST /tasks HTTP/1.1" 503 Service Unavailable
INFO:     127.0.0.1:47436 - "POST /tasks HTTP/1.1" 503 Service Unavailable
INFO:     127.0.0.1:47436 - "POST /tasks HTTP/1.1" 503 Service Unavailable
INFO:     127.0.0.1:47436 - "POST /tasks HTTP/1.1" 503 Service Unavailable
INFO:     127.0.0.1:47436 - "POST /tasks HTTP/1.1" 503 Service Unavailable
INFO:     127.0.0.1:47436 - "POST /tasks HTTP/1.1" 503 Service Unavailable
INFO:     127.0.0.1:47436 - "POST /tasks HTTP/1.1" 503 Service Unavailable
INFO:     127.0.0.1:47436 - "POST /tasks HTTP/1.1" 503 Service Unavailable
INFO:     127.0.0.1:47436 - "POST /tasks HTTP/1.1" 503 Service Unavailable
INFO:     127.0.0.1:47436 - "POST /tasks HTTP/1.1" 503 Service Unavailable
INFO:     127.0.0.1:47436 - "POST /tasks HTTP/1.1" 503 Service Unavailable
INFO:     127.0.0.1:47436 - "POST /tasks HTTP/1.1" 503 Service Unavailable
INFO:     127.0.0.1:47436 - "POST /tasks HTTP/1.1" 503 Service Unavailable
INFO:     127.0.0.1:47436 - "POST /tasks HTTP/1.1" 503 Service Unavailable
INFO:     127.0.0.1:47436 - "POST /tasks HTTP/1.1" 503 Service Unavailable
INFO:     127.0.0.1:47436 - "POST /tasks HTTP/1.1" 503 Service Unavailable
INFO:     127.0.0.1:47436 - "POST /tasks HTTP/1.1" 503 Service Unavailable
INFO:     127.0.0.1:47436 - "POST /tasks HTTP/1.1" 503 Service Unavailable
INFO:     127.0.0.1:47436 - "POST /tasks HTTP/1.1" 503 Service Unavailable
INFO:     127.0.0.1:47402 - "GET /tasks/437ea017-a6c1-4379-9338-5c028bfe0478 HTTP/1.1" 200 OK
INFO:     127.0.0.1:47416 - "GET /tasks/eb88b652-6662-4b2c-9c01-0abffb873ff4 HTTP/1.1" 200 OK
INFO:     127.0.0.1:47424 - "GET /tasks/518a6f40-d9ad-496a-a5f3-31fe5400abee HTTP/1.1" 200 OK
INFO:     127.0.0.1:47436 - "POST /tasks HTTP/1.1" 503 Service Unavailable
INFO:     127.0.0.1:47436 - "POST /tasks HTTP/1.1" 503 Service Unavailable
INFO:     127.0.0.1:47436 - "POST /tasks HTTP/1.1" 503 Service Unavailable
INFO:     127.0.0.1:47436 - "POST /tasks HTTP/1.1" 503 Service Unavailable
INFO:     127.0.0.1:47436 - "POST /tasks HTTP/1.1" 503 Service Unavailable
INFO:     127.0.0.1:47436 - "POST /tasks HTTP/1.1" 503 Service Unavailable
INFO:     127.0.0.1:47436 - "POST /tasks HTTP/1.1" 503 Service Unavailable
INFO:     127.0.0.1:47436 - "POST /tasks HTTP/1.1" 503 Service Unavailable
INFO:     127.0.0.1:47436 - "POST /tasks HTTP/1.1" 503 Service Unavailable
INFO:     127.0.0.1:47436 - "POST /tasks HTTP/1.1" 503 Service Unavailable
INFO:     127.0.0.1:47436 - "POST /tasks HTTP/1.1" 503 Service Unavailable
INFO:     127.0.0.1:47436 - "POST /tasks HTTP/1.1" 503 Service Unavailable
INFO:     127.0.0.1:47436 - "POST /tasks HTTP/1.1" 503 Service Unavailable
INFO:     127.0.0.1:47436 - "POST /tasks HTTP/1.1" 503 Service Unavailable
INFO:     127.0.0.1:47436 - "POST /tasks HTTP/1.1" 503 Service Unavailable
INFO:     127.0.0.1:47436 - "POST /tasks HTTP/1.1" 503 Service Unavailable
INFO:     127.0.0.1:47436 - "POST /tasks HTTP/1.1" 503 Service Unavailable
(EngineCore pid=376051) INFO 09-28 11:48:03 [gpu_model_runner.py:6063] Profiling CUDA graph memory: PIECEWISE=35 (largest=256), FULL=19 (largest=128)
(EngineCore pid=376051) INFO 09-28 11:48:04 [gpu_model_runner.py:6142] Estimated CUDA graph memory: 0.18 GiB total
(EngineCore pid=376051) INFO 09-28 11:48:04 [gpu_worker.py:462] Available KV cache memory: 16.11 GiB
(EngineCore pid=376051) INFO 09-28 11:48:04 [gpu_worker.py:477] CUDA graph memory profiling is enabled (default since v0.21.0). The current --gpu-memory-utilization=0.5000 is equivalent to --gpu-memory-utilization=0.4954 without CUDA graph memory profiling. To maintain the same effective KV cache size as before, increase --gpu-memory-utilization to 0.5046. To disable, set VLLM_MEMORY_PROFILER_ESTIMATE_CUDAGRAPHS=0.
(EngineCore pid=376051) INFO 09-28 11:48:04 [kv_cache_utils.py:1710] GPU KV cache size: 1,407,376 tokens
(EngineCore pid=376051) INFO 09-28 11:48:04 [kv_cache_utils.py:1711] Maximum concurrency for 8,192 tokens per request: 171.80x
(EngineCore pid=376051) INFO 09-28 11:48:04 [kernel_warmup.py:44] Skipping FlashInfer autotune because it is disabled.
INFO:     127.0.0.1:47436 - "POST /tasks HTTP/1.1" 503 Service Unavailable
(EngineCore pid=376051) Capturing CUDA graphs (mixed prefill-decode, PIECEWISE):   0%|          | 0/35 [00:00<?, ?it/s]Capturing CUDA graphs (mixed prefill-decode, PIECEWISE):  11%|█▏        | 4/35 [00:00<00:00, 35.67it/s]Capturing CUDA graphs (mixed prefill-decode, PIECEWISE):  23%|██▎       | 8/35 [00:00<00:00, 35.29it/s]Capturing CUDA graphs (mixed prefill-decode, PIECEWISE):  34%|███▍      | 12/35 [00:00<00:00, 35.70it/s]Capturing CUDA graphs (mixed prefill-decode, PIECEWISE):  46%|████▌     | 16/35 [00:00<00:00, 35.81it/s]Capturing CUDA graphs (mixed prefill-decode, PIECEWISE):  57%|█████▋    | 20/35 [00:00<00:00, 35.87it/s]Capturing CUDA graphs (mixed prefill-decode, PIECEWISE):  69%|██████▊   | 24/35 [00:00<00:00, 35.64it/s]Capturing CUDA graphs (mixed prefill-decode, PIECEWISE):  80%|████████  | 28/35 [00:00<00:00, 35.30it/s]Capturing CUDA graphs (mixed prefill-decode, PIECEWISE):  91%|█████████▏| 32/35 [00:00<00:00, 31.82it/s]Capturing CUDA graphs (mixed prefill-decode, PIECEWISE): 100%|██████████| 35/35 [00:01<00:00, 33.38it/s]
(EngineCore pid=376051) Capturing CUDA graphs (decode, FULL):   0%|          | 0/19 [00:00<?, ?it/s]Capturing CUDA graphs (decode, FULL):  21%|██        | 4/19 [00:00<00:00, 36.65it/s]Capturing CUDA graphs (decode, FULL):  42%|████▏     | 8/19 [00:00<00:00, 36.34it/s]Capturing CUDA graphs (decode, FULL):  63%|██████▎   | 12/19 [00:00<00:00, 36.55it/s]Capturing CUDA graphs (decode, FULL):  84%|████████▍ | 16/19 [00:00<00:00, 36.56it/s]Capturing CUDA graphs (decode, FULL): 100%|██████████| 19/19 [00:00<00:00, 36.74it/s]
(EngineCore pid=376051) INFO 09-28 11:48:07 [gpu_model_runner.py:6243] Graph capturing finished in 2 secs, took 0.25 GiB
(EngineCore pid=376051) INFO 09-28 11:48:07 [gpu_worker.py:621] CUDA graph pool memory: 0.25 GiB (actual), 0.18 GiB (estimated), difference: 0.07 GiB (26.6%).
(EngineCore pid=376051) INFO 09-28 11:48:07 [jit_monitor.py:54] Kernel JIT monitor activated — Triton JIT compilations during inference will be logged as warnings.
(EngineCore pid=376051) INFO 09-28 11:48:07 [core.py:299] init engine (profile, create kv cache, warmup model) took 129.42 s (compilation: 22.32 s)
(EngineCore pid=376051) INFO 09-28 11:48:07 [kernel.py:212] Final IR op priority after setting platform defaults: IrOpPriorityConfig(rms_norm=['native'], fused_add_rms_norm=['native'])
2026-09-28 11:48:07.784 | INFO     | mineru.backend.vlm.vlm_analyze:get_model:251 - get vllm-async-engine predictor cost: 161.44s
2026-09-28 11:48:07.801 | INFO     | mineru.utils.engine_utils:get_vlm_engine:34 - Using vllm-async-engine as the inference engine for VLM.
2026-09-28 11:48:08.345 | INFO     | mineru.backend.hybrid.hybrid_analyze:aio_doc_analyze:1139 - Hybrid processing-window run. page_count=10, window_size=64, total_windows=1
2026-09-28 11:48:08.346 | INFO     | mineru.backend.hybrid.hybrid_analyze:get_batch_ratio:875 - hybrid batch ratio (auto, vram=40GB): 16
2026-09-28 11:48:08.955 | INFO     | mineru.backend.hybrid.hybrid_analyze:aio_doc_analyze:1139 - Hybrid processing-window run. page_count=10, window_size=64, total_windows=1
2026-09-28 11:48:08.955 | INFO     | mineru.backend.hybrid.hybrid_analyze:get_batch_ratio:875 - hybrid batch ratio (auto, vram=40GB): 16
[1;31m2026-09-28 11:48:09.113836315 [E:onnxruntime:Default, env.cc:298 ThreadMain] pthread_setaffinity_np failed for thread: 376740, index: 49, mask: {50, }, error code: 22 error msg: Invalid argument. Specify the number of threads explicitly so the affinity is not set.[m
[1;31m2026-09-28 11:48:09.117418492 [E:onnxruntime:Default, env.cc:298 ThreadMain] pthread_setaffinity_np failed for thread: 376743, index: 52, mask: {53, }, error code: 22 error msg: Invalid argument. Specify the number of threads explicitly so the affinity is not set.[m
[1;31m2026-09-28 11:48:09.118041428 [E:onnxruntime:Default, env.cc:298 ThreadMain] pthread_setaffinity_np failed for thread: 376717, index: 26, mask: {27, }, error code: 22 error msg: Invalid argument. Specify the number of threads explicitly so the affinity is not set.[m
[1;31m2026-09-28 11:48:09.118425009 [E:onnxruntime:Default, env.cc:298 ThreadMain] pthread_setaffinity_np failed for thread: 376733, index: 42, mask: {43, }, error code: 22 error msg: Invalid argument. Specify the number of threads explicitly so the affinity is not set.[m
[1;31m2026-09-28 11:48:09.118494607 [E:onnxruntime:Default, env.cc:298 ThreadMain] pthread_setaffinity_np failed for thread: 376725, index: 34, mask: {35, }, error code: 22 error msg: Invalid argument. Specify the number of threads explicitly so the affinity is not set.[m
[1;31m2026-09-28 11:48:09.118530580 [E:onnxruntime:Default, env.cc:298 ThreadMain] pthread_setaffinity_np failed for thread: 376692, index: 1, mask: {2, }, error code: 22 error msg: Invalid argument. Specify the number of threads explicitly so the affinity is not set.[m
[1;31m2026-09-28 11:48:09.118546943 [E:onnxruntime:Default, env.cc:298 ThreadMain] pthread_setaffinity_np failed for thread: 376709, index: 18, mask: {19, }, error code: 22 error msg: Invalid argument. Specify the number of threads explicitly so the affinity is not set.[m
[1;31m2026-09-28 11:48:09.118635241 [E:onnxruntime:Default, env.cc:298 ThreadMain] pthread_setaffinity_np failed for thread: 376713, index: 22, mask: {23, }, error code: 22 error msg: Invalid argument. Specify the number of threads explicitly so the affinity is not set.[m
[1;31m2026-09-28 11:48:09.118656203 [E:onnxruntime:Default, env.cc:298 ThreadMain] pthread_setaffinity_np failed for thread: 376714, index: 23, mask: {24, }, error code: 22 error msg: Invalid argument. Specify the number of threads explicitly so the affinity is not set.[m
[1;31m2026-09-28 11:48:09.118719318 [E:onnxruntime:Default, env.cc:298 ThreadMain] pthread_setaffinity_np failed for thread: 376728, index: 37, mask: {38, }, error code: 22 error msg: Invalid argument. Specify the number of threads explicitly so the affinity is not set.[m
[1;31m2026-09-28 11:48:09.118893275 [E:onnxruntime:Default, env.cc:298 ThreadMain] pthread_setaffinity_np failed for thread: 376695, index: 4, mask: {5, }, error code: 22 error msg: Invalid argument. Specify the number of threads explicitly so the affinity is not set.[m
[1;31m2026-09-28 11:48:09.118908205 [E:onnxruntime:Default, env.cc:298 ThreadMain] pthread_setaffinity_np failed for thread: 376707, index: 16, mask: {17, }, error code: 22 error msg: Invalid argument. Specify the number of threads explicitly so the affinity is not set.[m
[1;31m2026-09-28 11:48:09.119372576 [E:onnxruntime:Default, env.cc:298 ThreadMain] pthread_setaffinity_np failed for thread: 376716, index: 25, mask: {26, }, error code: 22 error msg: Invalid argument. Specify the number of threads explicitly so the affinity is not set.[m
[1;31m2026-09-28 11:48:09.119401682 [E:onnxruntime:Default, env.cc:298 ThreadMain] pthread_setaffinity_np failed for thread: 376730, index: 39, mask: {40, }, error code: 22 error msg: Invalid argument. Specify the number of threads explicitly so the affinity is not set.[m
[1;31m2026-09-28 11:48:09.122306215 [E:onnxruntime:Default, env.cc:298 ThreadMain] pthread_setaffinity_np failed for thread: 376742, index: 51, mask: {52, }, error code: 22 error msg: Invalid argument. Specify the number of threads explicitly so the affinity is not set.[m
[1;31m2026-09-28 11:48:09.123302481 [E:onnxruntime:Default, env.cc:298 ThreadMain] pthread_setaffinity_np failed for thread: 376719, index: 28, mask: {29, }, error code: 22 error msg: Invalid argument. Specify the number of threads explicitly so the affinity is not set.[m
[1;31m2026-09-28 11:48:09.119382078 [E:onnxruntime:Default, env.cc:298 ThreadMain] pthread_setaffinity_np failed for thread: 376729, index: 38, mask: {39, }, error code: 22 error msg: Invalid argument. Specify the number of threads explicitly so the affinity is not set.[m
[1;31m2026-09-28 11:48:09.124304734 [E:onnxruntime:Default, env.cc:298 ThreadMain] pthread_setaffinity_np failed for thread: 376731, index: 40, mask: {41, }, error code: 22 error msg: Invalid argument. Specify the number of threads explicitly so the affinity is not set.[m
[1;31m2026-09-28 11:48:09.126300369 [E:onnxruntime:Default, env.cc:298 ThreadMain] pthread_setaffinity_np failed for thread: 376732, index: 41, mask: {42, }, error code: 22 error msg: Invalid argument. Specify the number of threads explicitly so the affinity is not set.[m
[1;31m2026-09-28 11:48:09.127302980 [E:onnxruntime:Default, env.cc:298 ThreadMain] pthread_setaffinity_np failed for thread: 376736, index: 45, mask: {46, }, error code: 22 error msg: Invalid argument. Specify the number of threads explicitly so the affinity is not set.[m
[1;31m2026-09-28 11:48:09.124305557 [E:onnxruntime:Default, env.cc:298 ThreadMain] pthread_setaffinity_np failed for thread: 376735, index: 44, mask: {45, }, error code: 22 error msg: Invalid argument. Specify the number of threads explicitly so the affinity is not set.[m
[1;31m2026-09-28 11:48:09.128299973 [E:onnxruntime:Default, env.cc:298 ThreadMain] pthread_setaffinity_np failed for thread: 376693, index: 2, mask: {3, }, error code: 22 error msg: Invalid argument. Specify the number of threads explicitly so the affinity is not set.[m
[1;31m2026-09-28 11:48:09.128796070 [E:onnxruntime:Default, env.cc:298 ThreadMain] pthread_setaffinity_np failed for thread: 376734, index: 43, mask: {44, }, error code: 22 error msg: Invalid argument. Specify the number of threads explicitly so the affinity is not set.[m
[1;31m2026-09-28 11:48:09.129300588 [E:onnxruntime:Default, env.cc:298 ThreadMain] pthread_setaffinity_np failed for thread: 376737, index: 46, mask: {47, }, error code: 22 error msg: Invalid argument. Specify the number of threads explicitly so the affinity is not set.[m
[1;31m2026-09-28 11:48:09.124327423 [E:onnxruntime:Default, env.cc:298 ThreadMain] pthread_setaffinity_np failed for thread: 376715, index: 24, mask: {25, }, error code: 22 error msg: Invalid argument. Specify the number of threads explicitly so the affinity is not set.[m
[1;31m2026-09-28 11:48:09.132299064 [E:onnxruntime:Default, env.cc:298 ThreadMain] pthread_setaffinity_np failed for thread: 376723, index: 32, mask: {33, }, error code: 22 error msg: Invalid argument. Specify the number of threads explicitly so the affinity is not set.[m
[1;31m2026-09-28 11:48:09.133300330 [E:onnxruntime:Default, env.cc:298 ThreadMain] pthread_setaffinity_np failed for thread: 376721, index: 30, mask: {31, }, error code: 22 error msg: Invalid argument. Specify the number of threads explicitly so the affinity is not set.[m
[1;31m2026-09-28 11:48:09.133310797 [E:onnxruntime:Default, env.cc:298 ThreadMain] pthread_setaffinity_np failed for thread: 376701, index: 10, mask: {11, }, error code: 22 error msg: Invalid argument. Specify the number of threads explicitly so the affinity is not set.[m
[1;31m2026-09-28 11:48:09.133319828 [E:onnxruntime:Default, env.cc:298 ThreadMain] pthread_setaffinity_np failed for thread: 376705, index: 14, mask: {15, }, error code: 22 error msg: Invalid argument. Specify the number of threads explicitly so the affinity is not set.[m
[1;31m2026-09-28 11:48:09.133301111 [E:onnxruntime:Default, env.cc:298 ThreadMain] pthread_setaffinity_np failed for thread: 376710, index: 19, mask: {20, }, error code: 22 error msg: Invalid argument. Specify the number of threads explicitly so the affinity is not set.[m
[1;31m2026-09-28 11:48:09.132299697 [E:onnxruntime:Default, env.cc:298 ThreadMain] pthread_setaffinity_np failed for thread: 376718, index: 27, mask: {28, }, error code: 22 error msg: Invalid argument. Specify the number of threads explicitly so the affinity is not set.[m
[1;31m2026-09-28 11:48:09.126326539 [E:onnxruntime:Default, env.cc:298 ThreadMain] pthread_setaffinity_np failed for thread: 376724, index: 33, mask: {34, }, error code: 22 error msg: Invalid argument. Specify the number of threads explicitly so the affinity is not set.[m
[1;31m2026-09-28 11:48:09.143300448 [E:onnxruntime:Default, env.cc:298 ThreadMain] pthread_setaffinity_np failed for thread: 376700, index: 9, mask: {10, }, error code: 22 error msg: Invalid argument. Specify the number of threads explicitly so the affinity is not set.[m
[1;31m2026-09-28 11:48:09.144301782 [E:onnxruntime:Default, env.cc:298 ThreadMain] pthread_setaffinity_np failed for thread: 376703, index: 12, mask: {13, }, error code: 22 error msg: Invalid argument. Specify the number of threads explicitly so the affinity is not set.[m
[1;31m2026-09-28 11:48:09.148299055 [E:onnxruntime:Default, env.cc:298 ThreadMain] pthread_setaffinity_np failed for thread: 376699, index: 8, mask: {9, }, error code: 22 error msg: Invalid argument. Specify the number of threads explicitly so the affinity is not set.[m
[1;31m2026-09-28 11:48:09.148315056 [E:onnxruntime:Default, env.cc:298 ThreadMain] pthread_setaffinity_np failed for thread: 376706, index: 15, mask: {16, }, error code: 22 error msg: Invalid argument. Specify the number of threads explicitly so the affinity is not set.[m
[1;31m2026-09-28 11:48:09.150299303 [E:onnxruntime:Default, env.cc:298 ThreadMain] pthread_setaffinity_np failed for thread: 376704, index: 13, mask: {14, }, error code: 22 error msg: Invalid argument. Specify the number of threads explicitly so the affinity is not set.[m
[1;31m2026-09-28 11:48:09.152303281 [E:onnxruntime:Default, env.cc:298 ThreadMain] pthread_setaffinity_np failed for thread: 376702, index: 11, mask: {12, }, error code: 22 error msg: Invalid argument. Specify the number of threads explicitly so the affinity is not set.[m
[1;31m2026-09-28 11:48:09.148299980 [E:onnxruntime:Default, env.cc:298 ThreadMain] pthread_setaffinity_np failed for thread: 376741, index: 50, mask: {51, }, error code: 22 error msg: Invalid argument. Specify the number of threads explicitly so the affinity is not set.[m
[1;31m2026-09-28 11:48:09.155315125 [E:onnxruntime:Default, env.cc:298 ThreadMain] pthread_setaffinity_np failed for thread: 376708, index: 17, mask: {18, }, error code: 22 error msg: Invalid argument. Specify the number of threads explicitly so the affinity is not set.[m
[1;31m2026-09-28 11:48:09.156332371 [E:onnxruntime:Default, env.cc:298 ThreadMain] pthread_setaffinity_np failed for thread: 376691, index: 0, mask: {1, }, error code: 22 error msg: Invalid argument. Specify the number of threads explicitly so the affinity is not set.[m
[1;31m2026-09-28 11:48:09.156355309 [E:onnxruntime:Default, env.cc:298 ThreadMain] pthread_setaffinity_np failed for thread: 376720, index: 29, mask: {30, }, error code: 22 error msg: Invalid argument. Specify the number of threads explicitly so the affinity is not set.[m
[1;31m2026-09-28 11:48:09.163316021 [E:onnxruntime:Default, env.cc:298 ThreadMain] pthread_setaffinity_np failed for thread: 376738, index: 47, mask: {48, }, error code: 22 error msg: Invalid argument. Specify the number of threads explicitly so the affinity is not set.[m
[1;31m2026-09-28 11:48:09.165311227 [E:onnxruntime:Default, env.cc:298 ThreadMain] pthread_setaffinity_np failed for thread: 376712, index: 21, mask: {22, }, error code: 22 error msg: Invalid argument. Specify the number of threads explicitly so the affinity is not set.[m
[1;31m2026-09-28 11:48:09.172308650 [E:onnxruntime:Default, env.cc:298 ThreadMain] pthread_setaffinity_np failed for thread: 376722, index: 31, mask: {32, }, error code: 22 error msg: Invalid argument. Specify the number of threads explicitly so the affinity is not set.[m
[1;31m2026-09-28 11:48:09.177340988 [E:onnxruntime:Default, env.cc:298 ThreadMain] pthread_setaffinity_np failed for thread: 376711, index: 20, mask: {21, }, error code: 22 error msg: Invalid argument. Specify the number of threads explicitly so the affinity is not set.[m
[1;31m2026-09-28 11:48:09.184320237 [E:onnxruntime:Default, env.cc:298 ThreadMain] pthread_setaffinity_np failed for thread: 376739, index: 48, mask: {49, }, error code: 22 error msg: Invalid argument. Specify the number of threads explicitly so the affinity is not set.[m
[1;31m2026-09-28 11:48:09.188352628 [E:onnxruntime:Default, env.cc:298 ThreadMain] pthread_setaffinity_np failed for thread: 376697, index: 6, mask: {7, }, error code: 22 error msg: Invalid argument. Specify the number of threads explicitly so the affinity is not set.[m
[1;31m2026-09-28 11:48:09.188393541 [E:onnxruntime:Default, env.cc:298 ThreadMain] pthread_setaffinity_np failed for thread: 376727, index: 36, mask: {37, }, error code: 22 error msg: Invalid argument. Specify the number of threads explicitly so the affinity is not set.[m
[1;31m2026-09-28 11:48:09.188392318 [E:onnxruntime:Default, env.cc:298 ThreadMain] pthread_setaffinity_np failed for thread: 376698, index: 7, mask: {8, }, error code: 22 error msg: Invalid argument. Specify the number of threads explicitly so the affinity is not set.[m
[1;31m2026-09-28 11:48:09.188409998 [E:onnxruntime:Default, env.cc:298 ThreadMain] pthread_setaffinity_np failed for thread: 376694, index: 3, mask: {4, }, error code: 22 error msg: Invalid argument. Specify the number of threads explicitly so the affinity is not set.[m
[1;31m2026-09-28 11:48:09.190692347 [E:onnxruntime:Default, env.cc:298 ThreadMain] pthread_setaffinity_np failed for thread: 376726, index: 35, mask: {36, }, error code: 22 error msg: Invalid argument. Specify the number of threads explicitly so the affinity is not set.[m
[1;31m2026-09-28 11:48:09.190712066 [E:onnxruntime:Default, env.cc:298 ThreadMain] pthread_setaffinity_np failed for thread: 376696, index: 5, mask: {6, }, error code: 22 error msg: Invalid argument. Specify the number of threads explicitly so the affinity is not set.[m
INFO:     127.0.0.1:47436 - "POST /tasks HTTP/1.1" 503 Service Unavailable
INFO:     127.0.0.1:47436 - "POST /tasks HTTP/1.1" 503 Service Unavailable
2026-09-28 11:48:09.563 | INFO     | mineru.backend.hybrid.hybrid_analyze:aio_doc_analyze:1139 - Hybrid processing-window run. page_count=10, window_size=64, total_windows=1
2026-09-28 11:48:09.563 | INFO     | mineru.backend.hybrid.hybrid_analyze:get_batch_ratio:875 - hybrid batch ratio (auto, vram=40GB): 16
INFO:     127.0.0.1:47402 - "GET /tasks/437ea017-a6c1-4379-9338-5c028bfe0478 HTTP/1.1" 200 OK
INFO:     127.0.0.1:47416 - "GET /tasks/eb88b652-6662-4b2c-9c01-0abffb873ff4 HTTP/1.1" 200 OK
INFO:     127.0.0.1:47424 - "GET /tasks/518a6f40-d9ad-496a-a5f3-31fe5400abee HTTP/1.1" 200 OK
[1;31m2026-09-28 11:48:09.763989504 [E:onnxruntime:Default, env.cc:298 ThreadMain] pthread_setaffinity_np failed for thread: 376779, index: 0, mask: {1, }, error code: 22 error msg: Invalid argument. Specify the number of threads explicitly so the affinity is not set.[m
[1;31m2026-09-28 11:48:09.763995140 [E:onnxruntime:Default, env.cc:298 ThreadMain] pthread_setaffinity_np failed for thread: 376780, index: 1, mask: {2, }, error code: 22 error msg: Invalid argument. Specify the number of threads explicitly so the affinity is not set.[m
[1;31m2026-09-28 11:48:09.765245084 [E:onnxruntime:Default, env.cc:298 ThreadMain] pthread_setaffinity_np failed for thread: 376782, index: 3, mask: {4, }, error code: 22 error msg: Invalid argument. Specify the number of threads explicitly so the affinity is not set.[m
[1;31m2026-09-28 11:48:09.780316194 [E:onnxruntime:Default, env.cc:298 ThreadMain] pthread_setaffinity_np failed for thread: 376781, index: 2, mask: {3, }, error code: 22 error msg: Invalid argument. Specify the number of threads explicitly so the affinity is not set.[m
[1;31m2026-09-28 11:48:09.796309438 [E:onnxruntime:Default, env.cc:298 ThreadMain] pthread_setaffinity_np failed for thread: 376785, index: 6, mask: {7, }, error code: 22 error msg: Invalid argument. Specify the number of threads explicitly so the affinity is not set.[m
[1;31m2026-09-28 11:48:09.796422503 [E:onnxruntime:Default, env.cc:298 ThreadMain] pthread_setaffinity_np failed for thread: 376788, index: 9, mask: {10, }, error code: 22 error msg: Invalid argument. Specify the number of threads explicitly so the affinity is not set.[m
[1;31m2026-09-28 11:48:09.796424063 [E:onnxruntime:Default, env.cc:298 ThreadMain] pthread_setaffinity_np failed for thread: 376786, index: 7, mask: {8, }, error code: 22 error msg: Invalid argument. Specify the number of threads explicitly so the affinity is not set.[m
[1;31m2026-09-28 11:48:09.796461602 [E:onnxruntime:Default, env.cc:298 ThreadMain] pthread_setaffinity_np failed for thread: 376792, index: 13, mask: {14, }, error code: 22 error msg: Invalid argument. Specify the number of threads explicitly so the affinity is not set.[m
[1;31m2026-09-28 11:48:09.796446250 [E:onnxruntime:Default, env.cc:298 ThreadMain] pthread_setaffinity_np failed for thread: 376787, index: 8, mask: {9, }, error code: 22 error msg: Invalid argument. Specify the number of threads explicitly so the affinity is not set.[m
[1;31m2026-09-28 11:48:09.796725778 [E:onnxruntime:Default, env.cc:298 ThreadMain] pthread_setaffinity_np failed for thread: 376799, index: 20, mask: {21, }, error code: 22 error msg: Invalid argument. Specify the number of threads explicitly so the affinity is not set.[m
[1;31m2026-09-28 11:48:09.796504840 [E:onnxruntime:Default, env.cc:298 ThreadMain] pthread_setaffinity_np failed for thread: 376793, index: 14, mask: {15, }, error code: 22 error msg: Invalid argument. Specify the number of threads explicitly so the affinity is not set.[m
[1;31m2026-09-28 11:48:09.796504501 [E:onnxruntime:Default, env.cc:298 ThreadMain] pthread_setaffinity_np failed for thread: 376789, index: 10, mask: {11, }, error code: 22 error msg: Invalid argument. Specify the number of threads explicitly so the affinity is not set.[m
[1;31m2026-09-28 11:48:09.796505228 [E:onnxruntime:Default, env.cc:298 ThreadMain] pthread_setaffinity_np failed for thread: 376791, index: 12, mask: {13, }, error code: 22 error msg: Invalid argument. Specify the number of threads explicitly so the affinity is not set.[m
[1;31m2026-09-28 11:48:09.796807265 [E:onnxruntime:Default, env.cc:298 ThreadMain] pthread_setaffinity_np failed for thread: 376802, index: 23, mask: {24, }, error code: 22 error msg: Invalid argument. Specify the number of threads explicitly so the affinity is not set.[m
[1;31m2026-09-28 11:48:09.796593087 [E:onnxruntime:Default, env.cc:298 ThreadMain] pthread_setaffinity_np failed for thread: 376795, index: 16, mask: {17, }, error code: 22 error msg: Invalid argument. Specify the number of threads explicitly so the affinity is not set.[m
[1;31m2026-09-28 11:48:09.796852781 [E:onnxruntime:Default, env.cc:298 ThreadMain] pthread_setaffinity_np failed for thread: 376804, index: 25, mask: {26, }, error code: 22 error msg: Invalid argument. Specify the number of threads explicitly so the affinity is not set.[m
[1;31m2026-09-28 11:48:09.796661280 [E:onnxruntime:Default, env.cc:298 ThreadMain] pthread_setaffinity_np failed for thread: 376797, index: 18, mask: {19, }, error code: 22 error msg: Invalid argument. Specify the number of threads explicitly so the affinity is not set.[m
[1;31m2026-09-28 11:48:09.796904239 [E:onnxruntime:Default, env.cc:298 ThreadMain] pthread_setaffinity_np failed for thread: 376784, index: 5, mask: {6, }, error code: 22 error msg: Invalid argument. Specify the number of threads explicitly so the affinity is not set.[m
[1;31m2026-09-28 11:48:09.798833347 [E:onnxruntime:Default, env.cc:298 ThreadMain] pthread_setaffinity_np failed for thread: 376819, index: 40, mask: {41, }, error code: 22 error msg: Invalid argument. Specify the number of threads explicitly so the affinity is not set.[m
[1;31m2026-09-28 11:48:09.805391088 [E:onnxruntime:Default, env.cc:298 ThreadMain] pthread_setaffinity_np failed for thread: 376822, index: 43, mask: {44, }, error code: 22 error msg: Invalid argument. Specify the number of threads explicitly so the affinity is not set.[m
[1;31m2026-09-28 11:48:09.796426618 [E:onnxruntime:Default, env.cc:298 ThreadMain] pthread_setaffinity_np failed for thread: 376790, index: 11, mask: {12, }, error code: 22 error msg: Invalid argument. Specify the number of threads explicitly so the affinity is not set.[m
[1;31m2026-09-28 11:48:09.810422227 [E:onnxruntime:Default, env.cc:298 ThreadMain] pthread_setaffinity_np failed for thread: 376807, index: 28, mask: {29, }, error code: 22 error msg: Invalid argument. Specify the number of threads explicitly so the affinity is not set.[m
[1;31m2026-09-28 11:48:09.810489694 [E:onnxruntime:Default, env.cc:298 ThreadMain] pthread_setaffinity_np failed for thread: 376808, index: 29, mask: {30, }, error code: 22 error msg: Invalid argument. Specify the number of threads explicitly so the affinity is not set.[m
[1;31m2026-09-28 11:48:09.796560171 [E:onnxruntime:Default, env.cc:298 ThreadMain] pthread_setaffinity_np failed for thread: 376794, index: 15, mask: {16, }, error code: 22 error msg: Invalid argument. Specify the number of threads explicitly so the affinity is not set.[m
[1;31m2026-09-28 11:48:09.796830520 [E:onnxruntime:Default, env.cc:298 ThreadMain] pthread_setaffinity_np failed for thread: 376803, index: 24, mask: {25, }, error code: 22 error msg: Invalid argument. Specify the number of threads explicitly so the affinity is not set.[m
[1;31m2026-09-28 11:48:09.825299156 [E:onnxruntime:Default, env.cc:298 ThreadMain] pthread_setaffinity_np failed for thread: 376812, index: 33, mask: {34, }, error code: 22 error msg: Invalid argument. Specify the number of threads explicitly so the affinity is not set.[m
[1;31m2026-09-28 11:48:09.796636807 [E:onnxruntime:Default, env.cc:298 ThreadMain] pthread_setaffinity_np failed for thread: 376796, index: 17, mask: {18, }, error code: 22 error msg: Invalid argument. Specify the number of threads explicitly so the affinity is not set.[m
[1;31m2026-09-28 11:48:09.806155518 [E:onnxruntime:Default, env.cc:298 ThreadMain] pthread_setaffinity_np failed for thread: 376831, index: 52, mask: {53, }, error code: 22 error msg: Invalid argument. Specify the number of threads explicitly so the affinity is not set.[m
[1;31m2026-09-28 11:48:09.796709700 [E:onnxruntime:Default, env.cc:298 ThreadMain] pthread_setaffinity_np failed for thread: 376798, index: 19, mask: {20, }, error code: 22 error msg: Invalid argument. Specify the number of threads explicitly so the affinity is not set.[m
[1;31m2026-09-28 11:48:09.796878140 [E:onnxruntime:Default, env.cc:298 ThreadMain] pthread_setaffinity_np failed for thread: 376783, index: 4, mask: {5, }, error code: 22 error msg: Invalid argument. Specify the number of threads explicitly so the affinity is not set.[m
[1;31m2026-09-28 11:48:09.810430790 [E:onnxruntime:Default, env.cc:298 ThreadMain] pthread_setaffinity_np failed for thread: 376814, index: 35, mask: {36, }, error code: 22 error msg: Invalid argument. Specify the number of threads explicitly so the affinity is not set.[m
[1;31m2026-09-28 11:48:09.834316590 [E:onnxruntime:Default, env.cc:298 ThreadMain] pthread_setaffinity_np failed for thread: 376825, index: 46, mask: {47, }, error code: 22 error msg: Invalid argument. Specify the number of threads explicitly so the affinity is not set.[m
[1;31m2026-09-28 11:48:09.796756155 [E:onnxruntime:Default, env.cc:298 ThreadMain] pthread_setaffinity_np failed for thread: 376800, index: 21, mask: {22, }, error code: 22 error msg: Invalid argument. Specify the number of threads explicitly so the affinity is not set.[m
[1;31m2026-09-28 11:48:09.810705387 [E:onnxruntime:Default, env.cc:298 ThreadMain] pthread_setaffinity_np failed for thread: 376824, index: 45, mask: {46, }, error code: 22 error msg: Invalid argument. Specify the number of threads explicitly so the affinity is not set.[m
[1;31m2026-09-28 11:48:09.816315263 [E:onnxruntime:Default, env.cc:298 ThreadMain] pthread_setaffinity_np failed for thread: 376830, index: 51, mask: {52, }, error code: 22 error msg: Invalid argument. Specify the number of threads explicitly so the affinity is not set.[m
[1;31m2026-09-28 11:48:09.816374310 [E:onnxruntime:Default, env.cc:298 ThreadMain] pthread_setaffinity_np failed for thread: 376820, index: 41, mask: {42, }, error code: 22 error msg: Invalid argument. Specify the number of threads explicitly so the affinity is not set.[m
[1;31m2026-09-28 11:48:09.841363343 [E:onnxruntime:Default, env.cc:298 ThreadMain] pthread_setaffinity_np failed for thread: 376829, index: 50, mask: {51, }, error code: 22 error msg: Invalid argument. Specify the number of threads explicitly so the affinity is not set.[m
[1;31m2026-09-28 11:48:09.816362841 [E:onnxruntime:Default, env.cc:298 ThreadMain] pthread_setaffinity_np failed for thread: 376809, index: 30, mask: {31, }, error code: 22 error msg: Invalid argument. Specify the number of threads explicitly so the affinity is not set.[m
[1;31m2026-09-28 11:48:09.816388056 [E:onnxruntime:Default, env.cc:298 ThreadMain] pthread_setaffinity_np failed for thread: 376805, index: 26, mask: {27, }, error code: 22 error msg: Invalid argument. Specify the number of threads explicitly so the affinity is not set.[m
[1;31m2026-09-28 11:48:09.819310554 [E:onnxruntime:Default, env.cc:298 ThreadMain] pthread_setaffinity_np failed for thread: 376823, index: 44, mask: {45, }, error code: 22 error msg: Invalid argument. Specify the number of threads explicitly so the affinity is not set.[m
[1;31m2026-09-28 11:48:09.796773183 [E:onnxruntime:Default, env.cc:298 ThreadMain] pthread_setaffinity_np failed for thread: 376801, index: 22, mask: {23, }, error code: 22 error msg: Invalid argument. Specify the number of threads explicitly so the affinity is not set.[m
[1;31m2026-09-28 11:48:09.850348592 [E:onnxruntime:Default, env.cc:298 ThreadMain] pthread_setaffinity_np failed for thread: 376826, index: 47, mask: {48, }, error code: 22 error msg: Invalid argument. Specify the number of threads explicitly so the affinity is not set.[m
[1;31m2026-09-28 11:48:09.850373229 [E:onnxruntime:Default, env.cc:298 ThreadMain] pthread_setaffinity_np failed for thread: 376818, index: 39, mask: {40, }, error code: 22 error msg: Invalid argument. Specify the number of threads explicitly so the affinity is not set.[m
[1;31m2026-09-28 11:48:09.854364936 [E:onnxruntime:Default, env.cc:298 ThreadMain] pthread_setaffinity_np failed for thread: 376806, index: 27, mask: {28, }, error code: 22 error msg: Invalid argument. Specify the number of threads explicitly so the affinity is not set.[m
[1;31m2026-09-28 11:48:09.854369315 [E:onnxruntime:Default, env.cc:298 ThreadMain] pthread_setaffinity_np failed for thread: 376821, index: 42, mask: {43, }, error code: 22 error msg: Invalid argument. Specify the number of threads explicitly so the affinity is not set.[m
[1;31m2026-09-28 11:48:09.825304121 [E:onnxruntime:Default, env.cc:298 ThreadMain] pthread_setaffinity_np failed for thread: 376810, index: 31, mask: {32, }, error code: 22 error msg: Invalid argument. Specify the number of threads explicitly so the affinity is not set.[m
[1;31m2026-09-28 11:48:09.859305221 [E:onnxruntime:Default, env.cc:298 ThreadMain] pthread_setaffinity_np failed for thread: 376827, index: 48, mask: {49, }, error code: 22 error msg: Invalid argument. Specify the number of threads explicitly so the affinity is not set.[m
[1;31m2026-09-28 11:48:09.864303354 [E:onnxruntime:Default, env.cc:298 ThreadMain] pthread_setaffinity_np failed for thread: 376816, index: 37, mask: {38, }, error code: 22 error msg: Invalid argument. Specify the number of threads explicitly so the affinity is not set.[m
[1;31m2026-09-28 11:48:09.869302231 [E:onnxruntime:Default, env.cc:298 ThreadMain] pthread_setaffinity_np failed for thread: 376817, index: 38, mask: {39, }, error code: 22 error msg: Invalid argument. Specify the number of threads explicitly so the affinity is not set.[m
[1;31m2026-09-28 11:48:09.874302762 [E:onnxruntime:Default, env.cc:298 ThreadMain] pthread_setaffinity_np failed for thread: 376828, index: 49, mask: {50, }, error code: 22 error msg: Invalid argument. Specify the number of threads explicitly so the affinity is not set.[m
[1;31m2026-09-28 11:48:09.879332333 [E:onnxruntime:Default, env.cc:298 ThreadMain] pthread_setaffinity_np failed for thread: 376815, index: 36, mask: {37, }, error code: 22 error msg: Invalid argument. Specify the number of threads explicitly so the affinity is not set.[m
[1;31m2026-09-28 11:48:09.883314300 [E:onnxruntime:Default, env.cc:298 ThreadMain] pthread_setaffinity_np failed for thread: 376813, index: 34, mask: {35, }, error code: 22 error msg: Invalid argument. Specify the number of threads explicitly so the affinity is not set.[m
[1;31m2026-09-28 11:48:09.890315303 [E:onnxruntime:Default, env.cc:298 ThreadMain] pthread_setaffinity_np failed for thread: 376811, index: 32, mask: {33, }, error code: 22 error msg: Invalid argument. Specify the number of threads explicitly so the affinity is not set.[m
[1;31m2026-09-28 11:48:10.401758763 [E:onnxruntime:Default, env.cc:298 ThreadMain] pthread_setaffinity_np failed for thread: 376869, index: 3, mask: {4, }, error code: 22 error msg: Invalid argument. Specify the number of threads explicitly so the affinity is not set.[m
[1;31m2026-09-28 11:48:10.401632121 [E:onnxruntime:Default, env.cc:298 ThreadMain] pthread_setaffinity_np failed for thread: 376866, index: 0, mask: {1, }, error code: 22 error msg: Invalid argument. Specify the number of threads explicitly so the affinity is not set.[m
[1;31m2026-09-28 11:48:10.401862110 [E:onnxruntime:Default, env.cc:298 ThreadMain] pthread_setaffinity_np failed for thread: 376867, index: 1, mask: {2, }, error code: 22 error msg: Invalid argument. Specify the number of threads explicitly so the affinity is not set.[m
[1;31m2026-09-28 11:48:10.402157941 [E:onnxruntime:Default, env.cc:298 ThreadMain] pthread_setaffinity_np failed for thread: 376873, index: 7, mask: {8, }, error code: 22 error msg: Invalid argument. Specify the number of threads explicitly so the affinity is not set.[m
[1;31m2026-09-28 11:48:10.401711097 [E:onnxruntime:Default, env.cc:298 ThreadMain] pthread_setaffinity_np failed for thread: 376868, index: 2, mask: {3, }, error code: 22 error msg: Invalid argument. Specify the number of threads explicitly so the affinity is not set.[m
[1;31m2026-09-28 11:48:10.424443035 [E:onnxruntime:Default, env.cc:298 ThreadMain] pthread_setaffinity_np failed for thread: 376874, index: 8, mask: {9, }, error code: 22 error msg: Invalid argument. Specify the number of threads explicitly so the affinity is not set.[m
[1;31m2026-09-28 11:48:10.424469423 [E:onnxruntime:Default, env.cc:298 ThreadMain] pthread_setaffinity_np failed for thread: 376875, index: 9, mask: {10, }, error code: 22 error msg: Invalid argument. Specify the number of threads explicitly so the affinity is not set.[m
[1;31m2026-09-28 11:48:10.424510133 [E:onnxruntime:Default, env.cc:298 ThreadMain] pthread_setaffinity_np failed for thread: 376876, index: 10, mask: {11, }, error code: 22 error msg: Invalid argument. Specify the number of threads explicitly so the affinity is not set.[m
[1;31m2026-09-28 11:48:10.424555497 [E:onnxruntime:Default, env.cc:298 ThreadMain] pthread_setaffinity_np failed for thread: 376877, index: 11, mask: {12, }, error code: 22 error msg: Invalid argument. Specify the number of threads explicitly so the affinity is not set.[m
[1;31m2026-09-28 11:48:10.424593469 [E:onnxruntime:Default, env.cc:298 ThreadMain] pthread_setaffinity_np failed for thread: 376878, index: 12, mask: {13, }, error code: 22 error msg: Invalid argument. Specify the number of threads explicitly so the affinity is not set.[m
[1;31m2026-09-28 11:48:10.424616816 [E:onnxruntime:Default, env.cc:298 ThreadMain] pthread_setaffinity_np failed for thread: 376879, index: 13, mask: {14, }, error code: 22 error msg: Invalid argument. Specify the number of threads explicitly so the affinity is not set.[m
[1;31m2026-09-28 11:48:10.424663368 [E:onnxruntime:Default, env.cc:298 ThreadMain] pthread_setaffinity_np failed for thread: 376880, index: 14, mask: {15, }, error code: 22 error msg: Invalid argument. Specify the number of threads explicitly so the affinity is not set.[m
[1;31m2026-09-28 11:48:10.424673840 [E:onnxruntime:Default, env.cc:298 ThreadMain] pthread_setaffinity_np failed for thread: 376881, index: 15, mask: {16, }, error code: 22 error msg: Invalid argument. Specify the number of threads explicitly so the affinity is not set.[m
[1;31m2026-09-28 11:48:10.424722001 [E:onnxruntime:Default, env.cc:298 ThreadMain] pthread_setaffinity_np failed for thread: 376882, index: 16, mask: {17, }, error code: 22 error msg: Invalid argument. Specify the number of threads explicitly so the affinity is not set.[m
[1;31m2026-09-28 11:48:10.425229786 [E:onnxruntime:Default, env.cc:298 ThreadMain] pthread_setaffinity_np failed for thread: 376903, index: 37, mask: {38, }, error code: 22 error msg: Invalid argument. Specify the number of threads explicitly so the affinity is not set.[m
[1;31m2026-09-28 11:48:10.424777480 [E:onnxruntime:Default, env.cc:298 ThreadMain] pthread_setaffinity_np failed for thread: 376884, index: 18, mask: {19, }, error code: 22 error msg: Invalid argument. Specify the number of threads explicitly so the affinity is not set.[m
[1;31m2026-09-28 11:48:10.424796574 [E:onnxruntime:Default, env.cc:298 ThreadMain] pthread_setaffinity_np failed for thread: 376885, index: 19, mask: {20, }, error code: 22 error msg: Invalid argument. Specify the number of threads explicitly so the affinity is not set.[m
[1;31m2026-09-28 11:48:10.425350848 [E:onnxruntime:Default, env.cc:298 ThreadMain] pthread_setaffinity_np failed for thread: 376870, index: 4, mask: {5, }, error code: 22 error msg: Invalid argument. Specify the number of threads explicitly so the affinity is not set.[m
[1;31m2026-09-28 11:48:10.435331541 [E:onnxruntime:Default, env.cc:298 ThreadMain] pthread_setaffinity_np failed for thread: 376872, index: 6, mask: {7, }, error code: 22 error msg: Invalid argument. Specify the number of threads explicitly so the affinity is not set.[m
[1;31m2026-09-28 11:48:10.424827652 [E:onnxruntime:Default, env.cc:298 ThreadMain] pthread_setaffinity_np failed for thread: 376886, index: 20, mask: {21, }, error code: 22 error msg: Invalid argument. Specify the number of threads explicitly so the affinity is not set.[m
[1;31m2026-09-28 11:48:10.424844265 [E:onnxruntime:Default, env.cc:298 ThreadMain] pthread_setaffinity_np failed for thread: 376887, index: 21, mask: {22, }, error code: 22 error msg: Invalid argument. Specify the number of threads explicitly so the affinity is not set.[m
[1;31m2026-09-28 11:48:10.424887861 [E:onnxruntime:Default, env.cc:298 ThreadMain] pthread_setaffinity_np failed for thread: 376888, index: 22, mask: {23, }, error code: 22 error msg: Invalid argument. Specify the number of threads explicitly so the affinity is not set.[m
[1;31m2026-09-28 11:48:10.438318110 [E:onnxruntime:Default, env.cc:298 ThreadMain] pthread_setaffinity_np failed for thread: 376912, index: 46, mask: {47, }, error code: 22 error msg: Invalid argument. Specify the number of threads explicitly so the affinity is not set.[m
[1;31m2026-09-28 11:48:10.441765426 [E:onnxruntime:Default, env.cc:298 ThreadMain] pthread_setaffinity_np failed for thread: 376918, index: 52, mask: {53, }, error code: 22 error msg: Invalid argument. Specify the number of threads explicitly so the affinity is not set.[m
[1;31m2026-09-28 11:48:10.424897234 [E:onnxruntime:Default, env.cc:298 ThreadMain] pthread_setaffinity_np failed for thread: 376889, index: 23, mask: {24, }, error code: 22 error msg: Invalid argument. Specify the number of threads explicitly so the affinity is not set.[m
[1;31m2026-09-28 11:48:10.424931725 [E:onnxruntime:Default, env.cc:298 ThreadMain] pthread_setaffinity_np failed for thread: 376890, index: 24, mask: {25, }, error code: 22 error msg: Invalid argument. Specify the number of threads explicitly so the affinity is not set.[m
[1;31m2026-09-28 11:48:10.450304318 [E:onnxruntime:Default, env.cc:298 ThreadMain] pthread_setaffinity_np failed for thread: 376910, index: 44, mask: {45, }, error code: 22 error msg: Invalid argument. Specify the number of threads explicitly so the affinity is not set.[m
[1;31m2026-09-28 11:48:10.424947852 [E:onnxruntime:Default, env.cc:298 ThreadMain] pthread_setaffinity_np failed for thread: 376891, index: 25, mask: {26, }, error code: 22 error msg: Invalid argument. Specify the number of threads explicitly so the affinity is not set.[m
[1;31m2026-09-28 11:48:10.424978248 [E:onnxruntime:Default, env.cc:298 ThreadMain] pthread_setaffinity_np failed for thread: 376892, index: 26, mask: {27, }, error code: 22 error msg: Invalid argument. Specify the number of threads explicitly so the affinity is not set.[m
[1;31m2026-09-28 11:48:10.452335837 [E:onnxruntime:Default, env.cc:298 ThreadMain] pthread_setaffinity_np failed for thread: 376909, index: 43, mask: {44, }, error code: 22 error msg: Invalid argument. Specify the number of threads explicitly so the affinity is not set.[m
[1;31m2026-09-28 11:48:10.452402493 [E:onnxruntime:Default, env.cc:298 ThreadMain] pthread_setaffinity_np failed for thread: 376907, index: 41, mask: {42, }, error code: 22 error msg: Invalid argument. Specify the number of threads explicitly so the affinity is not set.[m
[1;31m2026-09-28 11:48:10.453317309 [E:onnxruntime:Default, env.cc:298 ThreadMain] pthread_setaffinity_np failed for thread: 376906, index: 40, mask: {41, }, error code: 22 error msg: Invalid argument. Specify the number of threads explicitly so the affinity is not set.[m
[1;31m2026-09-28 11:48:10.424996314 [E:onnxruntime:Default, env.cc:298 ThreadMain] pthread_setaffinity_np failed for thread: 376893, index: 27, mask: {28, }, error code: 22 error msg: Invalid argument. Specify the number of threads explicitly so the affinity is not set.[m
[1;31m2026-09-28 11:48:10.425024264 [E:onnxruntime:Default, env.cc:298 ThreadMain] pthread_setaffinity_np failed for thread: 376894, index: 28, mask: {29, }, error code: 22 error msg: Invalid argument. Specify the number of threads explicitly so the affinity is not set.[m
[1;31m2026-09-28 11:48:10.425045449 [E:onnxruntime:Default, env.cc:298 ThreadMain] pthread_setaffinity_np failed for thread: 376895, index: 29, mask: {30, }, error code: 22 error msg: Invalid argument. Specify the number of threads explicitly so the affinity is not set.[m
[1;31m2026-09-28 11:48:10.425071278 [E:onnxruntime:Default, env.cc:298 ThreadMain] pthread_setaffinity_np failed for thread: 376896, index: 30, mask: {31, }, error code: 22 error msg: Invalid argument. Specify the number of threads explicitly so the affinity is not set.[m
[1;31m2026-09-28 11:48:10.425087324 [E:onnxruntime:Default, env.cc:298 ThreadMain] pthread_setaffinity_np failed for thread: 376897, index: 31, mask: {32, }, error code: 22 error msg: Invalid argument. Specify the number of threads explicitly so the affinity is not set.[m
[1;31m2026-09-28 11:48:10.425120229 [E:onnxruntime:Default, env.cc:298 ThreadMain] pthread_setaffinity_np failed for thread: 376898, index: 32, mask: {33, }, error code: 22 error msg: Invalid argument. Specify the number of threads explicitly so the affinity is not set.[m
[1;31m2026-09-28 11:48:10.425138483 [E:onnxruntime:Default, env.cc:298 ThreadMain] pthread_setaffinity_np failed for thread: 376899, index: 33, mask: {34, }, error code: 22 error msg: Invalid argument. Specify the number of threads explicitly so the affinity is not set.[m
[1;31m2026-09-28 11:48:10.425163883 [E:onnxruntime:Default, env.cc:298 ThreadMain] pthread_setaffinity_np failed for thread: 376900, index: 34, mask: {35, }, error code: 22 error msg: Invalid argument. Specify the number of threads explicitly so the affinity is not set.[m
[1;31m2026-09-28 11:48:10.425189828 [E:onnxruntime:Default, env.cc:298 ThreadMain] pthread_setaffinity_np failed for thread: 376901, index: 35, mask: {36, }, error code: 22 error msg: Invalid argument. Specify the number of threads explicitly so the affinity is not set.[m
[1;31m2026-09-28 11:48:10.425211837 [E:onnxruntime:Default, env.cc:298 ThreadMain] pthread_setaffinity_np failed for thread: 376902, index: 36, mask: {37, }, error code: 22 error msg: Invalid argument. Specify the number of threads explicitly so the affinity is not set.[m
[1;31m2026-09-28 11:48:10.424732286 [E:onnxruntime:Default, env.cc:298 ThreadMain] pthread_setaffinity_np failed for thread: 376883, index: 17, mask: {18, }, error code: 22 error msg: Invalid argument. Specify the number of threads explicitly so the affinity is not set.[m
[1;31m2026-09-28 11:48:10.484323968 [E:onnxruntime:Default, env.cc:298 ThreadMain] pthread_setaffinity_np failed for thread: 376916, index: 50, mask: {51, }, error code: 22 error msg: Invalid argument. Specify the number of threads explicitly so the affinity is not set.[m
[1;31m2026-09-28 11:48:10.425259846 [E:onnxruntime:Default, env.cc:298 ThreadMain] pthread_setaffinity_np failed for thread: 376904, index: 38, mask: {39, }, error code: 22 error msg: Invalid argument. Specify the number of threads explicitly so the affinity is not set.[m
[1;31m2026-09-28 11:48:10.425279695 [E:onnxruntime:Default, env.cc:298 ThreadMain] pthread_setaffinity_np failed for thread: 376905, index: 39, mask: {40, }, error code: 22 error msg: Invalid argument. Specify the number of threads explicitly so the affinity is not set.[m
[1;31m2026-09-28 11:48:10.504311800 [E:onnxruntime:Default, env.cc:298 ThreadMain] pthread_setaffinity_np failed for thread: 376914, index: 48, mask: {49, }, error code: 22 error msg: Invalid argument. Specify the number of threads explicitly so the affinity is not set.[m
[1;31m2026-09-28 11:48:10.541305972 [E:onnxruntime:Default, env.cc:298 ThreadMain] pthread_setaffinity_np failed for thread: 376913, index: 47, mask: {48, }, error code: 22 error msg: Invalid argument. Specify the number of threads explicitly so the affinity is not set.[m
[1;31m2026-09-28 11:48:10.541334919 [E:onnxruntime:Default, env.cc:298 ThreadMain] pthread_setaffinity_np failed for thread: 376917, index: 51, mask: {52, }, error code: 22 error msg: Invalid argument. Specify the number of threads explicitly so the affinity is not set.[m
[1;31m2026-09-28 11:48:10.550354732 [E:onnxruntime:Default, env.cc:298 ThreadMain] pthread_setaffinity_np failed for thread: 376915, index: 49, mask: {50, }, error code: 22 error msg: Invalid argument. Specify the number of threads explicitly so the affinity is not set.[m
[1;31m2026-09-28 11:48:10.550353098 [E:onnxruntime:Default, env.cc:298 ThreadMain] pthread_setaffinity_np failed for thread: 376911, index: 45, mask: {46, }, error code: 22 error msg: Invalid argument. Specify the number of threads explicitly so the affinity is not set.[m
[1;31m2026-09-28 11:48:10.550371689 [E:onnxruntime:Default, env.cc:298 ThreadMain] pthread_setaffinity_np failed for thread: 376871, index: 5, mask: {6, }, error code: 22 error msg: Invalid argument. Specify the number of threads explicitly so the affinity is not set.[m
[1;31m2026-09-28 11:48:10.559313850 [E:onnxruntime:Default, env.cc:298 ThreadMain] pthread_setaffinity_np failed for thread: 376908, index: 42, mask: {43, }, error code: 22 error msg: Invalid argument. Specify the number of threads explicitly so the affinity is not set.[m
INFO:     127.0.0.1:47402 - "POST /tasks HTTP/1.1" 202 Accepted
INFO:     127.0.0.1:47402 - "GET /tasks/89352750-7c03-4f31-857f-6f1715805249 HTTP/1.1" 200 OK
INFO:     127.0.0.1:47416 - "GET /tasks/518a6f40-d9ad-496a-a5f3-31fe5400abee HTTP/1.1" 200 OK
INFO:     127.0.0.1:47424 - "GET /tasks/eb88b652-6662-4b2c-9c01-0abffb873ff4 HTTP/1.1" 200 OK
INFO:     127.0.0.1:47402 - "GET /tasks/437ea017-a6c1-4379-9338-5c028bfe0478 HTTP/1.1" 200 OK
INFO:     127.0.0.1:47402 - "GET /tasks/89352750-7c03-4f31-857f-6f1715805249 HTTP/1.1" 200 OK
INFO:     127.0.0.1:47402 - "GET /tasks/eb88b652-6662-4b2c-9c01-0abffb873ff4 HTTP/1.1" 200 OK
INFO:     127.0.0.1:47416 - "GET /tasks/437ea017-a6c1-4379-9338-5c028bfe0478 HTTP/1.1" 200 OK
INFO:     127.0.0.1:47424 - "GET /tasks/518a6f40-d9ad-496a-a5f3-31fe5400abee HTTP/1.1" 200 OK
2026-09-28 11:48:13.716 | INFO     | mineru.backend.hybrid.hybrid_analyze:aio_doc_analyze:1161 - Hybrid processing window 1/1: pages 1-10/10 (10 pages)
Fetching 1 files:   0%|          | 0/1 [00:00<?, ?it/s]2026-09-28 11:48:14.013 | INFO     | mineru.backend.hybrid.hybrid_analyze:aio_doc_analyze:1161 - Hybrid processing window 1/1: pages 1-10/10 (10 pages)
2026-09-28 11:48:14.488 | INFO     | mineru.backend.hybrid.hybrid_analyze:aio_doc_analyze:1161 - Hybrid processing window 1/1: pages 1-10/10 (10 pages)
Fetching 1 files: 100%|██████████| 1/1 [00:01<00:00,  1.05s/it]Fetching 1 files: 100%|██████████| 1/1 [00:01<00:00,  1.06s/it]
Fetching 1 files:   0%|          | 0/1 [00:00<?, ?it/s]Fetching 1 files: 100%|██████████| 1/1 [00:00<00:00,  1.99it/s]Fetching 1 files: 100%|██████████| 1/1 [00:00<00:00,  1.99it/s]
INFO:     127.0.0.1:47402 - "GET /tasks/89352750-7c03-4f31-857f-6f1715805249 HTTP/1.1" 200 OK
INFO:     127.0.0.1:47402 - "GET /tasks/eb88b652-6662-4b2c-9c01-0abffb873ff4 HTTP/1.1" 200 OK
INFO:     127.0.0.1:47424 - "GET /tasks/437ea017-a6c1-4379-9338-5c028bfe0478 HTTP/1.1" 200 OK
INFO:     127.0.0.1:47416 - "GET /tasks/518a6f40-d9ad-496a-a5f3-31fe5400abee HTTP/1.1" 200 OK
Fetching 3 files:   0%|          | 0/3 [00:00<?, ?it/s]Fetching 3 files:  33%|███▎      | 1/3 [00:00<00:00,  7.53it/s]Fetching 3 files: 100%|██████████| 3/3 [00:01<00:00,  2.82it/s]Fetching 3 files: 100%|██████████| 3/3 [00:01<00:00,  2.82it/s]
INFO:     127.0.0.1:47402 - "GET /tasks/89352750-7c03-4f31-857f-6f1715805249 HTTP/1.1" 200 OK
INFO:     127.0.0.1:47402 - "GET /tasks/eb88b652-6662-4b2c-9c01-0abffb873ff4 HTTP/1.1" 200 OK
INFO:     127.0.0.1:47416 - "GET /tasks/518a6f40-d9ad-496a-a5f3-31fe5400abee HTTP/1.1" 200 OK
INFO:     127.0.0.1:47424 - "GET /tasks/437ea017-a6c1-4379-9338-5c028bfe0478 HTTP/1.1" 200 OK
Fetching 7 files:   0%|          | 0/7 [00:00<?, ?it/s]Fetching 7 files:  14%|█▍        | 1/7 [00:00<00:00,  7.61it/s]INFO:     127.0.0.1:47402 - "GET /tasks/89352750-7c03-4f31-857f-6f1715805249 HTTP/1.1" 200 OK
Fetching 7 files: 100%|██████████| 7/7 [00:01<00:00,  4.67it/s]Fetching 7 files: 100%|██████████| 7/7 [00:01<00:00,  4.66it/s]
INFO:     127.0.0.1:47402 - "GET /tasks/eb88b652-6662-4b2c-9c01-0abffb873ff4 HTTP/1.1" 200 OK
INFO:     127.0.0.1:47424 - "GET /tasks/437ea017-a6c1-4379-9338-5c028bfe0478 HTTP/1.1" 200 OK
INFO:     127.0.0.1:47416 - "GET /tasks/518a6f40-d9ad-496a-a5f3-31fe5400abee HTTP/1.1" 200 OK
Layout Predict:   0%|          | 0/10 [00:00<?, ?it/s]
Layout Predict:   0%|          | 0/10 [00:00<?, ?it/s][A

Layout Predict:   0%|          | 0/10 [00:00<?, ?it/s][A[AINFO:     127.0.0.1:47402 - "GET /tasks/89352750-7c03-4f31-857f-6f1715805249 HTTP/1.1" 200 OK
INFO:     127.0.0.1:47402 - "GET /tasks/eb88b652-6662-4b2c-9c01-0abffb873ff4 HTTP/1.1" 200 OK
INFO:     127.0.0.1:47424 - "GET /tasks/518a6f40-d9ad-496a-a5f3-31fe5400abee HTTP/1.1" 200 OK
INFO:     127.0.0.1:47416 - "GET /tasks/437ea017-a6c1-4379-9338-5c028bfe0478 HTTP/1.1" 200 OK
INFO:     127.0.0.1:47402 - "GET /tasks/89352750-7c03-4f31-857f-6f1715805249 HTTP/1.1" 200 OK


Layout Predict:  80%|████████  | 8/10 [00:02<00:00,  3.72it/s][A[AINFO:     127.0.0.1:47402 - "GET /tasks/eb88b652-6662-4b2c-9c01-0abffb873ff4 HTTP/1.1" 200 OK
INFO:     127.0.0.1:47424 - "GET /tasks/437ea017-a6c1-4379-9338-5c028bfe0478 HTTP/1.1" 200 OK
INFO:     127.0.0.1:47416 - "GET /tasks/518a6f40-d9ad-496a-a5f3-31fe5400abee HTTP/1.1" 200 OK
Layout Predict:  80%|████████  | 8/10 [00:02<00:00,  3.68it/s]
Layout Predict:  80%|████████  | 8/10 [00:02<00:00,  3.68it/s][A

Layout Predict: 100%|██████████| 10/10 [00:02<00:00,  4.45it/s][A[ALayout Predict: 100%|██████████| 10/10 [00:02<00:00,  4.25it/s]
Layout Predict: 100%|██████████| 10/10 [00:02<00:00,  4.46it/s]Layout Predict: 100%|██████████| 10/10 [00:02<00:00,  4.24it/s]

Layout Predict: 100%|██████████| 10/10 [00:02<00:00,  4.45it/s][ALayout Predict: 100%|██████████| 10/10 [00:02<00:00,  4.23it/s]
Table orientation det:   0%|          | 0/3 [00:00<?, ?it/s]
Table orientation det:   0%|          | 0/6 [00:00<?, ?it/s][A

Table orientation det:   0%|          | 0/4 [00:00<?, ?it/s][A[ATable orientation det:  33%|███▎      | 1/3 [00:00<00:00,  2.14it/s]
Table orientation det:  17%|█▋        | 1/6 [00:00<00:02,  2.14it/s][A

Table orientation det:  25%|██▌       | 1/4 [00:00<00:01,  2.14it/s][A[A

Table orientation det:  50%|█████     | 2/4 [00:00<00:00,  3.73it/s][A[A
Table orientation det:  50%|█████     | 3/6 [00:00<00:00,  5.55it/s][ATable orientation det: 100%|██████████| 3/3 [00:00<00:00,  5.31it/s]Table orientation score: 100%|██████████| 3/3 [00:00<00:00,  5.31it/s]Table orientation score: 100%|██████████| 3/3 [00:00<00:00,  5.31it/s]Table orientation: 100%|██████████| 3/3 [00:00<00:00,  5.31it/s]      Table orientation: 100%|██████████| 3/3 [00:00<00:00,  5.31it/s]Table orientation: 100%|██████████| 3/3 [00:00<00:00,  4.62it/s]
External Layout Extraction:   0%|          | 0/21 [00:00<?, ?it/s]INFO:     127.0.0.1:47402 - "GET /tasks/89352750-7c03-4f31-857f-6f1715805249 HTTP/1.1" 200 OK
INFO:     127.0.0.1:47416 - "GET /tasks/eb88b652-6662-4b2c-9c01-0abffb873ff4 HTTP/1.1" 200 OK
INFO:     127.0.0.1:47424 - "GET /tasks/437ea017-a6c1-4379-9338-5c028bfe0478 HTTP/1.1" 200 OK
INFO:     127.0.0.1:57266 - "GET /tasks/518a6f40-d9ad-496a-a5f3-31fe5400abee HTTP/1.1" 200 OK
INFO:     127.0.0.1:57266 - "GET /tasks/518a6f40-d9ad-496a-a5f3-31fe5400abee HTTP/1.1" 200 OK
INFO:     127.0.0.1:47416 - "GET /tasks/eb88b652-6662-4b2c-9c01-0abffb873ff4 HTTP/1.1" 200 OK
INFO:     127.0.0.1:47402 - "GET /tasks/89352750-7c03-4f31-857f-6f1715805249 HTTP/1.1" 200 OK
INFO:     127.0.0.1:47424 - "GET /tasks/437ea017-a6c1-4379-9338-5c028bfe0478 HTTP/1.1" 200 OK
INFO:     127.0.0.1:57266 - "GET /tasks/eb88b652-6662-4b2c-9c01-0abffb873ff4 HTTP/1.1" 200 OK
INFO:     127.0.0.1:47424 - "GET /tasks/89352750-7c03-4f31-857f-6f1715805249 HTTP/1.1" 200 OK
INFO:     127.0.0.1:47402 - "GET /tasks/518a6f40-d9ad-496a-a5f3-31fe5400abee HTTP/1.1" 200 OK
INFO:     127.0.0.1:47416 - "GET /tasks/437ea017-a6c1-4379-9338-5c028bfe0478 HTTP/1.1" 200 OK


Table orientation det:  75%|███████▌  | 3/4 [00:07<00:03,  3.07s/it][A[A
Table orientation det:  67%|██████▋   | 4/6 [00:07<00:04,  2.33s/it][A

Table orientation det: 100%|██████████| 4/4 [00:07<00:00,  1.91s/it][A[A
Table orientation det:  83%|████████▎ | 5/6 [00:07<00:01,  1.60s/it][A

Table orientation score: 100%|██████████| 4/4 [00:07<00:00,  1.91s/it][A[A

Table orientation score: 100%|██████████| 4/4 [00:07<00:00,  1.91s/it][A[A

Table orientation: 100%|██████████| 4/4 [00:07<00:00,  1.91s/it]      [A[A

Table orientation: 100%|██████████| 4/4 [00:07<00:00,  1.91s/it][A[ATable orientation: 100%|██████████| 4/4 [00:07<00:00,  1.79s/it]


External Layout Extraction:   0%|          | 0/5 [00:00<?, ?it/s][A[A(EngineCore pid=376051) WARNING 09-28 11:48:31 [jit_monitor.py:103] Triton kernel JIT compilation during inference: _compute_slot_mapping_kernel. This causes a latency spike; consider extending warmup to cover this shape/config.

Table orientation score: 100%|██████████| 6/6 [00:07<00:00,  1.60s/it][A
Table orientation score: 100%|██████████| 6/6 [00:07<00:00,  1.60s/it][A
Table orientation: 100%|██████████| 6/6 [00:07<00:00,  1.60s/it]      [A
Table orientation: 100%|██████████| 6/6 [00:07<00:00,  1.60s/it][ATable orientation: 100%|██████████| 6/6 [00:07<00:00,  1.21s/it]

External Layout Extraction:   0%|          | 0/35 [00:00<?, ?it/s][A(EngineCore pid=376051) WARNING 09-28 11:48:31 [jit_monitor.py:103] Triton kernel JIT compilation during inference: rotary_kernel. This causes a latency spike; consider extending warmup to cover this shape/config.
External Layout Extraction:  43%|████▎     | 9/21 [00:07<00:10,  1.16it/s]
External Layout Extraction:   3%|▎         | 1/35 [00:01<00:40,  1.18s/it][A
External Layout Extraction:  40%|████      | 14/35 [00:01<00:01, 14.72it/s][A

External Layout Extraction:  20%|██        | 1/5 [00:01<00:05,  1.41s/it][A[AExternal Layout Extraction:  48%|████▊     | 10/21 [00:07<00:08,  1.30it/s]
External Layout Extraction:  69%|██████▊   | 24/35 [00:01<00:00, 25.96it/s][A

External Layout Extraction:  60%|██████    | 3/5 [00:01<00:00,  2.47it/s][A[AExternal Layout Extraction:  86%|████████▌ | 18/21 [00:08<00:00,  3.17it/s]INFO:     127.0.0.1:47402 - "GET /tasks/eb88b652-6662-4b2c-9c01-0abffb873ff4 HTTP/1.1" 200 OK
INFO:     127.0.0.1:47424 - "GET /tasks/518a6f40-d9ad-496a-a5f3-31fe5400abee HTTP/1.1" 200 OK
INFO:     127.0.0.1:47416 - "GET /tasks/437ea017-a6c1-4379-9338-5c028bfe0478 HTTP/1.1" 200 OK
INFO:     127.0.0.1:57266 - "GET /tasks/89352750-7c03-4f31-857f-6f1715805249 HTTP/1.1" 200 OK

External Layout Extraction:  94%|█████████▍| 33/35 [00:01<00:00, 25.06it/s][AExternal Layout Extraction: 100%|██████████| 35/35 [00:01<00:00, 19.27it/s]

MFR Predict:   0%|          | 0/31 [00:00<?, ?it/s][A
MFR Predict:  52%|█████▏    | 16/31 [00:00<00:00, 50.96it/s][A

External Layout Extraction: 100%|██████████| 5/5 [00:02<00:00,  2.42it/s][A[AExternal Layout Extraction: 100%|██████████| 5/5 [00:02<00:00,  2.12it/s]


MFR Predict:   0%|          | 0/1 [00:00<?, ?it/s][A[A

MFR Predict: 100%|██████████| 1/1 [00:00<00:00,  5.15it/s][A[AMFR Predict: 100%|██████████| 1/1 [00:00<00:00,  5.15it/s]


OCR-det:   0%|          | 0/133 [00:00<?, ?it/s][A[A
MFR Predict: 100%|██████████| 31/31 [00:00<00:00, 40.02it/s][AMFR Predict: 100%|██████████| 31/31 [00:00<00:00, 41.38it/s]

OCR-det:   0%|          | 0/156 [00:00<?, ?it/s][AExternal Layout Extraction: 100%|██████████| 21/21 [00:09<00:00,  2.87it/s]External Layout Extraction: 100%|██████████| 21/21 [00:09<00:00,  2.21it/s]
MFR Predict:   0%|          | 0/32 [00:00<?, ?it/s]MFR Predict:  50%|█████     | 16/32 [00:00<00:00, 70.86it/s]

OCR-det:   6%|▌         | 8/133 [00:00<00:12, 10.16it/s][A[A
OCR-det:   3%|▎         | 5/156 [00:00<00:23,  6.41it/s][A

OCR-det:   8%|▊         | 11/133 [00:00<00:10, 11.95it/s][A[A

OCR-det:  11%|█         | 14/133 [00:01<00:07, 14.90it/s][A[A
OCR-det:   4%|▍         | 7/156 [00:00<00:19,  7.70it/s][AINFO:     127.0.0.1:47402 - "GET /tasks/eb88b652-6662-4b2c-9c01-0abffb873ff4 HTTP/1.1" 200 OK
INFO:     127.0.0.1:47424 - "GET /tasks/518a6f40-d9ad-496a-a5f3-31fe5400abee HTTP/1.1" 200 OK
INFO:     127.0.0.1:57266 - "GET /tasks/437ea017-a6c1-4379-9338-5c028bfe0478 HTTP/1.1" 200 OK
INFO:     127.0.0.1:47416 - "GET /tasks/89352750-7c03-4f31-857f-6f1715805249 HTTP/1.1" 200 OK


OCR-det:  14%|█▍        | 19/133 [00:01<00:05, 20.78it/s][A[A
OCR-det:   8%|▊         | 12/156 [00:01<00:11, 13.05it/s][A

OCR-det:  17%|█▋        | 23/133 [00:01<00:05, 21.43it/s][A[A
OCR-det:  10%|▉         | 15/156 [00:01<00:09, 15.63it/s][A

OCR-det:  26%|██▌       | 34/133 [00:01<00:02, 37.77it/s][A[A
OCR-det:  13%|█▎        | 21/156 [00:01<00:05, 22.91it/s][AMFR Predict: 100%|██████████| 32/32 [00:01<00:00, 23.92it/s]MFR Predict: 100%|██████████| 32/32 [00:01<00:00, 26.55it/s]
OCR-det:   0%|          | 0/165 [00:00<?, ?it/s]
OCR-det:  22%|██▏       | 35/156 [00:01<00:03, 37.45it/s][A

OCR-det:  30%|███       | 40/133 [00:01<00:03, 30.03it/s][A[A

OCR-det:  40%|███▉      | 53/133 [00:01<00:01, 43.84it/s][A[A
OCR-det:  33%|███▎      | 51/156 [00:01<00:01, 53.25it/s][A
OCR-det:  39%|███▉      | 61/156 [00:01<00:01, 53.94it/s][A

OCR-det:  45%|████▌     | 60/133 [00:02<00:01, 40.44it/s][A[A

OCR-det:  50%|█████     | 67/133 [00:02<00:01, 41.45it/s][A[A
OCR-det:  49%|████▉     | 77/156 [00:02<00:01, 60.39it/s][A

OCR-det:  55%|█████▍    | 73/133 [00:02<00:01, 39.75it/s][A[AOCR-det:   2%|▏         | 4/165 [00:00<00:31,  5.10it/s]OCR-det:   4%|▍         | 7/165 [00:00<00:19,  8.27it/s]
OCR-det:  54%|█████▍    | 84/156 [00:02<00:01, 43.29it/s][AOCR-det:   5%|▌         | 9/165 [00:01<00:15, 10.15it/s]

OCR-det:  61%|██████    | 81/133 [00:02<00:01, 35.44it/s][A[A
OCR-det:  58%|█████▊    | 91/156 [00:02<00:01, 46.92it/s][AOCR-det:   9%|▉         | 15/165 [00:01<00:08, 17.41it/s]

OCR-det:  64%|██████▍   | 85/133 [00:02<00:01, 31.40it/s][A[A
OCR-det:  62%|██████▏   | 97/156 [00:02<00:01, 42.64it/s][AOCR-det:  12%|█▏        | 20/165 [00:01<00:06, 22.42it/s]

OCR-det:  68%|██████▊   | 90/133 [00:03<00:01, 33.71it/s][A[AOCR-det:  16%|█▌        | 26/165 [00:01<00:04, 29.03it/s]INFO:     127.0.0.1:47402 - "GET /tasks/eb88b652-6662-4b2c-9c01-0abffb873ff4 HTTP/1.1" 200 OK
INFO:     127.0.0.1:47416 - "GET /tasks/518a6f40-d9ad-496a-a5f3-31fe5400abee HTTP/1.1" 200 OK
INFO:     127.0.0.1:47424 - "GET /tasks/437ea017-a6c1-4379-9338-5c028bfe0478 HTTP/1.1" 200 OK
INFO:     127.0.0.1:57266 - "GET /tasks/89352750-7c03-4f31-857f-6f1715805249 HTTP/1.1" 200 OK

OCR-det:  73%|███████▎  | 114/156 [00:03<00:00, 53.98it/s][A

OCR-det:  72%|███████▏  | 96/133 [00:03<00:01, 32.89it/s][A[AOCR-det:  20%|██        | 33/165 [00:01<00:04, 31.57it/s]
OCR-det:  80%|████████  | 125/156 [00:03<00:00, 52.39it/s][AOCR-det:  28%|██▊       | 47/165 [00:01<00:02, 53.37it/s]

OCR-det:  76%|███████▌  | 101/133 [00:03<00:01, 28.06it/s][A[A
OCR-det:  85%|████████▍ | 132/156 [00:03<00:00, 48.50it/s][AOCR-det:  36%|███▋      | 60/165 [00:01<00:01, 64.74it/s]

OCR-det:  79%|███████▉  | 105/133 [00:03<00:01, 26.02it/s][A[A
OCR-det:  88%|████████▊ | 137/156 [00:03<00:00, 46.84it/s][AOCR-det:  52%|█████▏    | 86/165 [00:02<00:00, 84.98it/s]

OCR-det:  81%|████████  | 108/133 [00:03<00:01, 20.86it/s][A[A
OCR-det:  91%|█████████ | 142/156 [00:03<00:00, 31.12it/s][A

OCR-det:  87%|████████▋ | 116/133 [00:04<00:00, 27.08it/s][A[AOCR-det:  63%|██████▎   | 104/165 [00:02<00:00, 70.78it/s]

OCR-det:  95%|█████████▍| 126/133 [00:04<00:00, 34.11it/s][A[A
OCR-det:  99%|█████████▉| 155/156 [00:04<00:00, 37.81it/s][AOCR-det: 100%|██████████| 156/156 [00:04<00:00, 36.64it/s]


OCR-det:  98%|█████████▊| 131/133 [00:04<00:00, 36.67it/s][A[AOCR-det:  70%|██████▉   | 115/165 [00:02<00:00, 57.54it/s]
Processing pages:   0%|          | 0/10 [00:00<?, ?it/s][A
Processing pages:  10%|█         | 1/10 [00:00<00:04,  1.99it/s][AOCR-det: 100%|██████████| 133/133 [00:04<00:00, 26.64it/s]
OCR-det:  75%|███████▍  | 123/165 [00:03<00:01, 34.18it/s]
Processing pages:  20%|██        | 2/10 [00:00<00:02,  2.74it/s][AOCR-det:  79%|███████▉  | 131/165 [00:03<00:00, 34.89it/s]
Processing pages:  30%|███       | 3/10 [00:00<00:01,  3.74it/s][AOCR-det:  82%|████████▏ | 136/165 [00:03<00:00, 33.18it/s]
Processing pages:  40%|████      | 4/10 [00:01<00:01,  4.49it/s][A
Processing pages:  50%|█████     | 5/10 [00:01<00:00,  5.11it/s][A
Processing pages:  60%|██████    | 6/10 [00:01<00:00,  5.85it/s][AOCR-det:  85%|████████▌ | 141/165 [00:04<00:00, 26.64it/s]
Processing pages:  70%|███████   | 7/10 [00:01<00:00,  6.23it/s][A
Processing pages:  80%|████████  | 8/10 [00:01<00:00,  6.54it/s][AOCR-det:  88%|████████▊ | 145/165 [00:04<00:00, 22.28it/s]
Processing pages:  90%|█████████ | 9/10 [00:01<00:00,  6.47it/s][A
Processing pages: 100%|██████████| 10/10 [00:01<00:00,  6.32it/s][AProcessing pages: 100%|██████████| 10/10 [00:01<00:00,  5.13it/s]
INFO:     127.0.0.1:47424 - "GET /tasks/89352750-7c03-4f31-857f-6f1715805249 HTTP/1.1" 200 OK

INFO:     127.0.0.1:47402 - "GET /tasks/eb88b652-6662-4b2c-9c01-0abffb873ff4 HTTP/1.1" 200 OK
Processing pages:   0%|          | 0/10 [00:00<?, ?it/s][AINFO:     127.0.0.1:57266 - "GET /tasks/518a6f40-d9ad-496a-a5f3-31fe5400abee HTTP/1.1" 200 OK
INFO:     127.0.0.1:47416 - "GET /tasks/437ea017-a6c1-4379-9338-5c028bfe0478 HTTP/1.1" 200 OK
OCR-det:  91%|█████████ | 150/165 [00:04<00:00, 19.80it/s]
Processing pages:  10%|█         | 1/10 [00:00<00:01,  6.25it/s][AOCR-det:  93%|█████████▎| 153/165 [00:04<00:00, 20.13it/s]
Processing pages:  20%|██        | 2/10 [00:00<00:01,  7.26it/s][A
Processing pages:  30%|███       | 3/10 [00:00<00:01,  6.58it/s][AOCR-det:  95%|█████████▍| 156/165 [00:05<00:00, 16.64it/s]OCR-det:  96%|█████████▌| 158/165 [00:05<00:00, 13.14it/s]
Processing pages:  40%|████      | 4/10 [00:00<00:01,  3.69it/s][AOCR-det:  97%|█████████▋| 160/165 [00:05<00:00, 12.73it/s]
Processing pages:  50%|█████     | 5/10 [00:01<00:01,  4.24it/s][A
Processing pages:  60%|██████    | 6/10 [00:01<00:00,  4.85it/s][AOCR-det: 100%|██████████| 165/165 [00:05<00:00, 15.03it/s]OCR-det: 100%|██████████| 165/165 [00:05<00:00, 27.54it/s]

Processing pages:  70%|███████   | 7/10 [00:01<00:00,  5.37it/s][A
Processing pages:  80%|████████  | 8/10 [00:01<00:00,  5.70it/s][A
Processing pages:  90%|█████████ | 9/10 [00:01<00:00,  6.40it/s][A
Processing pages: 100%|██████████| 10/10 [00:01<00:00,  6.40it/s][AProcessing pages: 100%|██████████| 10/10 [00:01<00:00,  5.57it/s]
OCR-rec Predict:   0%|          | 0/1 [00:00<?, ?it/s]
Processing pages:   0%|          | 0/10 [00:00<?, ?it/s][AINFO:     127.0.0.1:47402 - "GET /tasks/eb88b652-6662-4b2c-9c01-0abffb873ff4 HTTP/1.1" 200 OK
INFO:     127.0.0.1:47416 - "GET /tasks/89352750-7c03-4f31-857f-6f1715805249 HTTP/1.1" 200 OK
INFO:     127.0.0.1:47424 - "GET /tasks/518a6f40-d9ad-496a-a5f3-31fe5400abee HTTP/1.1" 200 OK
INFO:     127.0.0.1:57266 - "GET /tasks/437ea017-a6c1-4379-9338-5c028bfe0478 HTTP/1.1" 200 OK
OCR-rec Predict: 100%|██████████| 1/1 [00:00<00:00,  1.72it/s]OCR-rec Predict: 100%|██████████| 1/1 [00:00<00:00,  1.72it/s]

Processing pages:  10%|█         | 1/10 [00:00<00:02,  3.98it/s][A
Processing pages:  20%|██        | 2/10 [00:00<00:01,  5.13it/s][A
Processing pages:  30%|███       | 3/10 [00:00<00:01,  5.88it/s][A
Processing pages:  40%|████      | 4/10 [00:00<00:00,  6.36it/s][A
Processing pages:  50%|█████     | 5/10 [00:00<00:00,  6.54it/s][A
Processing pages:  60%|██████    | 6/10 [00:00<00:00,  6.66it/s][A
Processing pages:  70%|███████   | 7/10 [00:01<00:00,  6.79it/s][A
Processing pages:  80%|████████  | 8/10 [00:01<00:00,  6.75it/s][A
Processing pages:  90%|█████████ | 9/10 [00:01<00:00,  6.75it/s][A
Processing pages: 100%|██████████| 10/10 [00:01<00:00,  6.78it/s][AProcessing pages: 100%|██████████| 10/10 [00:01<00:00,  6.40it/s]
INFO:     127.0.0.1:47416 - "GET /tasks/eb88b652-6662-4b2c-9c01-0abffb873ff4 HTTP/1.1" 200 OK
INFO:     127.0.0.1:47424 - "GET /tasks/518a6f40-d9ad-496a-a5f3-31fe5400abee HTTP/1.1" 200 OK
INFO:     127.0.0.1:57266 - "GET /tasks/89352750-7c03-4f31-857f-6f1715805249 HTTP/1.1" 200 OK
2026-09-28 11:48:45.200 | INFO     | mineru.utils.engine_utils:get_vlm_engine:34 - Using vllm-async-engine as the inference engine for VLM.
2026-09-28 11:48:45.691 | INFO     | mineru.backend.hybrid.hybrid_analyze:aio_doc_analyze:1139 - Hybrid processing-window run. page_count=10, window_size=64, total_windows=1
2026-09-28 11:48:45.691 | INFO     | mineru.backend.hybrid.hybrid_analyze:get_batch_ratio:875 - hybrid batch ratio (auto, vram=40GB): 16
2026-09-28 11:48:45.707 | INFO     | mineru.utils.engine_utils:get_vlm_engine:34 - Using vllm-async-engine as the inference engine for VLM.
2026-09-28 11:48:46.285 | INFO     | mineru.backend.hybrid.hybrid_analyze:aio_doc_analyze:1139 - Hybrid processing-window run. page_count=10, window_size=64, total_windows=1
2026-09-28 11:48:46.285 | INFO     | mineru.backend.hybrid.hybrid_analyze:get_batch_ratio:875 - hybrid batch ratio (auto, vram=40GB): 16
INFO:     127.0.0.1:47402 - "GET /tasks/437ea017-a6c1-4379-9338-5c028bfe0478/result HTTP/1.1" 200 OK
INFO:     127.0.0.1:47416 - "GET /tasks/518a6f40-d9ad-496a-a5f3-31fe5400abee/result HTTP/1.1" 200 OK
2026-09-28 11:48:46.565 | INFO     | mineru.backend.hybrid.hybrid_analyze:aio_doc_analyze:1161 - Hybrid processing window 1/1: pages 1-10/10 (10 pages)
Layout Predict:   0%|          | 0/10 [00:00<?, ?it/s]INFO:     127.0.0.1:47402 - "POST /tasks HTTP/1.1" 202 Accepted
INFO:     127.0.0.1:47402 - "GET /tasks/0c72fe16-3b51-4594-8d74-6f38c63b95a4 HTTP/1.1" 200 OK
INFO:     127.0.0.1:47402 - "GET /tasks/eb88b652-6662-4b2c-9c01-0abffb873ff4 HTTP/1.1" 200 OK
INFO:     127.0.0.1:47424 - "GET /tasks/89352750-7c03-4f31-857f-6f1715805249 HTTP/1.1" 200 OK
INFO:     127.0.0.1:47416 - "POST /tasks HTTP/1.1" 202 Accepted
INFO:     127.0.0.1:47416 - "GET /tasks/80cd8fc9-bf39-4c07-840a-197ad7cbb3d4 HTTP/1.1" 200 OK
2026-09-28 11:48:46.888 | INFO     | mineru.utils.engine_utils:get_vlm_engine:34 - Using vllm-async-engine as the inference engine for VLM.
Layout Predict:  80%|████████  | 8/10 [00:00<00:00, 13.94it/s]Layout Predict: 100%|██████████| 10/10 [00:00<00:00, 10.55it/s]Layout Predict: 100%|██████████| 10/10 [00:00<00:00, 11.18it/s]
2026-09-28 11:48:47.758 | INFO     | mineru.backend.hybrid.hybrid_analyze:aio_doc_analyze:1139 - Hybrid processing-window run. page_count=10, window_size=64, total_windows=1
2026-09-28 11:48:47.759 | INFO     | mineru.backend.hybrid.hybrid_analyze:get_batch_ratio:875 - hybrid batch ratio (auto, vram=40GB): 16
2026-09-28 11:48:47.759 | INFO     | mineru.backend.hybrid.hybrid_analyze:aio_doc_analyze:1161 - Hybrid processing window 1/1: pages 1-10/10 (10 pages)
Layout Predict:   0%|          | 0/10 [00:00<?, ?it/s]
Table orientation det:   0%|          | 0/4 [00:00<?, ?it/s][AINFO:     127.0.0.1:47402 - "GET /tasks/eb88b652-6662-4b2c-9c01-0abffb873ff4/result HTTP/1.1" 200 OK
INFO:     127.0.0.1:47402 - "POST /tasks HTTP/1.1" 202 Accepted
INFO:     127.0.0.1:47402 - "GET /tasks/0228175d-ce00-4911-8639-4953673e901e HTTP/1.1" 200 OK

Table orientation det:  25%|██▌       | 1/4 [00:00<00:00,  5.05it/s][A
Table orientation det:  75%|███████▌  | 3/4 [00:00<00:00,  7.88it/s][ALayout Predict:  80%|████████  | 8/10 [00:00<00:00, 18.60it/s]
Table orientation det: 100%|██████████| 4/4 [00:00<00:00,  8.42it/s][A
Table orientation score: 100%|██████████| 4/4 [00:00<00:00,  8.42it/s][A
Table orientation score: 100%|██████████| 4/4 [00:00<00:00,  8.42it/s][A
Table orientation: 100%|██████████| 4/4 [00:00<00:00,  8.42it/s]      [A
Table orientation: 100%|██████████| 4/4 [00:00<00:00,  8.42it/s][ATable orientation: 100%|██████████| 4/4 [00:00<00:00,  7.90it/s]

External Layout Extraction:   0%|          | 0/43 [00:00<?, ?it/s][ALayout Predict: 100%|██████████| 10/10 [00:00<00:00, 17.25it/s]Layout Predict: 100%|██████████| 10/10 [00:00<00:00, 17.55it/s]
Table orientation det:   0%|          | 0/9 [00:00<?, ?it/s]Table orientation det:  11%|█         | 1/9 [00:00<00:01,  4.81it/s]
External Layout Extraction:   9%|▉         | 4/43 [00:00<00:03, 10.50it/s][ATable orientation det:  22%|██▏       | 2/9 [00:00<00:01,  6.53it/s]INFO:     127.0.0.1:47402 - "GET /tasks/0c72fe16-3b51-4594-8d74-6f38c63b95a4 HTTP/1.1" 200 OK
INFO:     127.0.0.1:47402 - "GET /tasks/89352750-7c03-4f31-857f-6f1715805249 HTTP/1.1" 200 OK

External Layout Extraction:  49%|████▉     | 21/43 [00:00<00:00, 51.88it/s][ATable orientation det:  44%|████▍     | 4/9 [00:00<00:00,  9.93it/s]INFO:     127.0.0.1:47402 - "GET /tasks/80cd8fc9-bf39-4c07-840a-197ad7cbb3d4 HTTP/1.1" 200 OK
2026-09-28 11:48:48.815 | INFO     | mineru.backend.hybrid.hybrid_analyze:aio_doc_analyze:1161 - Hybrid processing window 1/1: pages 1-10/10 (10 pages)


Layout Predict:   0%|          | 0/10 [00:00<?, ?it/s][A[A
External Layout Extraction:  79%|███████▉  | 34/43 [00:00<00:00, 72.40it/s][ATable orientation det:  67%|██████▋   | 6/9 [00:00<00:00,  9.48it/s]

Layout Predict:  80%|████████  | 8/10 [00:00<00:00, 23.25it/s][A[ATable orientation det:  89%|████████▉ | 8/9 [00:00<00:00,  9.63it/s]Layout Predict: 100%|██████████| 10/10 [00:00<00:00, 21.52it/s]


Table orientation det:   0%|          | 0/4 [00:00<?, ?it/s][A[ATable orientation score: 100%|██████████| 9/9 [00:00<00:00,  9.63it/s]Table orientation score: 100%|██████████| 9/9 [00:00<00:00,  9.63it/s]Table orientation: 100%|██████████| 9/9 [00:00<00:00,  9.63it/s]      Table orientation: 100%|██████████| 9/9 [00:00<00:00,  9.63it/s]Table orientation: 100%|██████████| 9/9 [00:00<00:00,  9.22it/s]
External Layout Extraction:   0%|          | 0/11 [00:00<?, ?it/s]

Table orientation det:  25%|██▌       | 1/4 [00:00<00:00,  6.42it/s][A[A

Table orientation det:  75%|███████▌  | 3/4 [00:00<00:00, 12.53it/s][A[A

Table orientation score: 100%|██████████| 4/4 [00:00<00:00, 12.53it/s][A[A

Table orientation score: 100%|██████████| 4/4 [00:00<00:00, 12.53it/s][A[A

Table orientation: 100%|██████████| 4/4 [00:00<00:00, 12.53it/s]      [A[A

Table orientation: 100%|██████████| 4/4 [00:00<00:00, 12.53it/s][A[ATable orientation: 100%|██████████| 4/4 [00:00<00:00, 11.78it/s]


External Layout Extraction:   0%|          | 0/6 [00:00<?, ?it/s][A[A

External Layout Extraction:  17%|█▋        | 1/6 [00:00<00:00,  6.31it/s][A[A

External Layout Extraction:  33%|███▎      | 2/6 [00:00<00:00,  6.39it/s][A[AExternal Layout Extraction:   9%|▉         | 1/11 [00:00<00:06,  1.61it/s]INFO:     127.0.0.1:47402 - "GET /tasks/0228175d-ce00-4911-8639-4953673e901e HTTP/1.1" 200 OK
External Layout Extraction:  27%|██▋       | 3/11 [00:00<00:01,  5.04it/s]External Layout Extraction:  64%|██████▎   | 7/11 [00:00<00:00, 12.21it/s]

External Layout Extraction:  67%|██████▋   | 4/6 [00:00<00:00,  5.90it/s][A[AExternal Layout Extraction:  91%|█████████ | 10/11 [00:01<00:00,  7.94it/s]INFO:     127.0.0.1:47402 - "GET /tasks/0c72fe16-3b51-4594-8d74-6f38c63b95a4 HTTP/1.1" 200 OK
External Layout Extraction: 100%|██████████| 11/11 [00:01<00:00,  7.75it/s]
INFO:     127.0.0.1:47402 - "GET /tasks/89352750-7c03-4f31-857f-6f1715805249 HTTP/1.1" 200 OK
INFO:     127.0.0.1:47402 - "GET /tasks/80cd8fc9-bf39-4c07-840a-197ad7cbb3d4 HTTP/1.1" 200 OK
MFR Predict:   0%|          | 0/25 [00:00<?, ?it/s]MFR Predict:  64%|██████▍   | 16/25 [00:00<00:00, 57.26it/s]External Layout Extraction: 100%|██████████| 43/43 [00:03<00:00, 12.70it/s]
MFR Predict: 100%|██████████| 25/25 [00:00<00:00, 24.33it/s]MFR Predict: 100%|██████████| 25/25 [00:00<00:00, 27.34it/s]
MFR Predict:   0%|          | 0/64 [00:00<?, ?it/s]
OCR-det:   0%|          | 0/155 [00:00<?, ?it/s][AINFO:     127.0.0.1:47402 - "GET /tasks/0228175d-ce00-4911-8639-4953673e901e HTTP/1.1" 200 OK
MFR Predict:  50%|█████     | 32/64 [00:00<00:00, 90.18it/s]
OCR-det:   3%|▎         | 4/155 [00:00<00:22,  6.86it/s][A
OCR-det:   7%|▋         | 11/155 [00:00<00:08, 17.44it/s][A
OCR-det:  12%|█▏        | 18/155 [00:00<00:05, 26.25it/s][AINFO:     127.0.0.1:47402 - "GET /tasks/0c72fe16-3b51-4594-8d74-6f38c63b95a4 HTTP/1.1" 200 OK
INFO:     127.0.0.1:47402 - "GET /tasks/89352750-7c03-4f31-857f-6f1715805249 HTTP/1.1" 200 OK
INFO:     127.0.0.1:47402 - "GET /tasks/80cd8fc9-bf39-4c07-840a-197ad7cbb3d4 HTTP/1.1" 200 OK

OCR-det:  14%|█▍        | 22/155 [00:01<00:06, 21.45it/s][A
OCR-det:  19%|█▉        | 30/155 [00:01<00:03, 32.09it/s][A

External Layout Extraction:  83%|████████▎ | 5/6 [00:03<00:00,  1.03it/s][A[A
OCR-det:  24%|██▍       | 37/155 [00:01<00:03, 35.42it/s][AMFR Predict: 100%|██████████| 64/64 [00:01<00:00, 40.04it/s]MFR Predict: 100%|██████████| 64/64 [00:01<00:00, 43.67it/s]
OCR-det:   0%|          | 0/124 [00:00<?, ?it/s]
OCR-det:  28%|██▊       | 44/155 [00:01<00:02, 40.83it/s][A
OCR-det:  34%|███▎      | 52/155 [00:01<00:02, 42.68it/s][A
OCR-det:  39%|███▉      | 61/155 [00:01<00:02, 46.21it/s][A
OCR-det:  48%|████▊     | 75/155 [00:02<00:01, 59.89it/s][AOCR-det:   1%|          | 1/124 [00:00<01:14,  1.65it/s]

External Layout Extraction: 100%|██████████| 6/6 [00:04<00:00,  1.06it/s][A[AExternal Layout Extraction: 100%|██████████| 6/6 [00:04<00:00,  1.39it/s]
INFO:     127.0.0.1:47402 - "GET /tasks/0228175d-ce00-4911-8639-4953673e901e HTTP/1.1" 200 OK


MFR Predict:   0%|          | 0/16 [00:00<?, ?it/s][A[AOCR-det:   2%|▏         | 3/124 [00:00<00:26,  4.51it/s]
OCR-det:  53%|█████▎    | 82/155 [00:02<00:01, 44.19it/s][AOCR-det:   7%|▋         | 9/124 [00:00<00:07, 14.49it/s]
OCR-det:  62%|██████▏   | 96/155 [00:02<00:01, 51.81it/s][AOCR-det:  18%|█▊        | 22/124 [00:01<00:03, 34.00it/s]

MFR Predict:  50%|█████     | 8/16 [00:00<00:00, 22.64it/s][A[AOCR-det:  27%|██▋       | 33/124 [00:01<00:01, 47.77it/s]OCR-det:  33%|███▎      | 41/124 [00:01<00:01, 50.27it/s]
OCR-det:  66%|██████▌   | 102/155 [00:02<00:01, 39.76it/s][AINFO:     127.0.0.1:47402 - "GET /tasks/0c72fe16-3b51-4594-8d74-6f38c63b95a4 HTTP/1.1" 200 OK
OCR-det:  40%|███▉      | 49/124 [00:01<00:01, 45.99it/s]INFO:     127.0.0.1:47402 - "GET /tasks/89352750-7c03-4f31-857f-6f1715805249 HTTP/1.1" 200 OK
INFO:     127.0.0.1:47402 - "GET /tasks/80cd8fc9-bf39-4c07-840a-197ad7cbb3d4 HTTP/1.1" 200 OK

OCR-det:  69%|██████▉   | 107/155 [00:03<00:01, 33.19it/s][A

MFR Predict: 100%|██████████| 16/16 [00:00<00:00, 17.76it/s][A[AMFR Predict: 100%|██████████| 16/16 [00:00<00:00, 18.35it/s]


OCR-det:   0%|          | 0/166 [00:00<?, ?it/s][A[A
OCR-det:  75%|███████▌  | 117/155 [00:03<00:00, 41.49it/s][A
OCR-det:  79%|███████▊  | 122/155 [00:03<00:00, 42.16it/s][AOCR-det:  44%|████▍     | 55/124 [00:01<00:02, 33.10it/s]
OCR-det:  85%|████████▍ | 131/155 [00:03<00:00, 50.19it/s][AOCR-det:  51%|█████     | 63/124 [00:02<00:01, 36.66it/s]
OCR-det:  91%|█████████ | 141/155 [00:03<00:00, 51.91it/s][A
OCR-det:  95%|█████████▌| 148/155 [00:03<00:00, 47.40it/s][AOCR-det:  56%|█████▌    | 69/124 [00:02<00:01, 30.32it/s]

OCR-det:   1%|          | 1/166 [00:00<02:05,  1.32it/s][A[AOCR-det:  61%|██████▏   | 76/124 [00:02<00:01, 34.61it/s]
OCR-det:  99%|█████████▉| 154/155 [00:04<00:00, 38.08it/s][AOCR-det:  67%|██████▋   | 83/124 [00:02<00:01, 39.66it/s]

OCR-det:   2%|▏         | 3/166 [00:00<00:41,  3.91it/s][A[AOCR-det: 100%|██████████| 155/155 [00:04<00:00, 37.77it/s]

Processing pages:   0%|          | 0/10 [00:00<?, ?it/s][AOCR-det:  71%|███████   | 88/124 [00:02<00:00, 40.63it/s]
Processing pages:  10%|█         | 1/10 [00:00<00:01,  7.64it/s][A

OCR-det:   4%|▎         | 6/166 [00:01<00:23,  6.93it/s][A[AOCR-det:  75%|███████▌  | 93/124 [00:02<00:00, 35.63it/s]

OCR-det:   5%|▍         | 8/166 [00:01<00:17,  8.99it/s][A[A
Processing pages:  20%|██        | 2/10 [00:00<00:01,  6.09it/s][A
Processing pages:  30%|███       | 3/10 [00:00<00:01,  6.41it/s][A

OCR-det:   7%|▋         | 11/166 [00:01<00:14, 10.59it/s][A[AOCR-det:  79%|███████▉  | 98/124 [00:03<00:00, 26.55it/s]
Processing pages:  40%|████      | 4/10 [00:00<00:00,  6.18it/s][A

OCR-det:  10%|▉         | 16/166 [00:01<00:09, 15.55it/s][A[AOCR-det:  83%|████████▎ | 103/124 [00:03<00:00, 26.13it/s]

OCR-det:  13%|█▎        | 22/166 [00:01<00:06, 23.37it/s][A[A
Processing pages:  50%|█████     | 5/10 [00:00<00:00,  5.65it/s][AOCR-det:  86%|████████▋ | 107/124 [00:03<00:00, 23.41it/s]

OCR-det:  17%|█▋        | 29/166 [00:01<00:04, 28.06it/s][A[A
Processing pages:  60%|██████    | 6/10 [00:01<00:00,  4.97it/s][A

OCR-det:  25%|██▍       | 41/166 [00:02<00:02, 43.00it/s][A[AOCR-det:  89%|████████▊ | 110/124 [00:03<00:00, 21.77it/s]
Processing pages:  70%|███████   | 7/10 [00:01<00:00,  5.49it/s][A

OCR-det:  30%|██▉       | 49/166 [00:02<00:02, 45.03it/s][A[AOCR-det:  96%|█████████▌| 119/124 [00:04<00:00, 28.89it/s]
Processing pages:  80%|████████  | 8/10 [00:01<00:00,  5.92it/s][A

OCR-det:  36%|███▌      | 60/166 [00:02<00:01, 54.85it/s][A[A

OCR-det:  41%|████      | 68/166 [00:02<00:01, 56.00it/s][A[A
Processing pages:  90%|█████████ | 9/10 [00:01<00:00,  5.26it/s][A

OCR-det:  45%|████▍     | 74/166 [00:02<00:01, 50.21it/s][A[AOCR-det:  99%|█████████▉| 123/124 [00:04<00:00, 21.03it/s]
Processing pages: 100%|██████████| 10/10 [00:01<00:00,  5.95it/s][AProcessing pages: 100%|██████████| 10/10 [00:01<00:00,  5.79it/s]
INFO:     127.0.0.1:47402 - "GET /tasks/0228175d-ce00-4911-8639-4953673e901e HTTP/1.1" 200 OK
INFO:     127.0.0.1:58952 - "GET /tasks/0c72fe16-3b51-4594-8d74-6f38c63b95a4 HTTP/1.1" 200 OK
INFO:     127.0.0.1:58962 - "GET /tasks/89352750-7c03-4f31-857f-6f1715805249 HTTP/1.1" 200 OK
INFO:     127.0.0.1:58968 - "GET /tasks/80cd8fc9-bf39-4c07-840a-197ad7cbb3d4 HTTP/1.1" 200 OK
OCR-det: 100%|██████████| 124/124 [00:04<00:00, 25.52it/s]
2026-09-28 11:48:58.197 | INFO     | mineru.utils.engine_utils:get_vlm_engine:34 - Using vllm-async-engine as the inference engine for VLM.


OCR-det:  49%|████▉     | 81/166 [00:03<00:03, 22.68it/s][A[A

OCR-det:  52%|█████▏    | 86/166 [00:03<00:03, 25.24it/s][A[A

OCR-det:  56%|█████▌    | 93/166 [00:03<00:02, 30.71it/s][A[A

OCR-det:  59%|█████▉    | 98/166 [00:03<00:02, 31.43it/s][A[A2026-09-28 11:48:58.801 | INFO     | mineru.backend.hybrid.hybrid_analyze:aio_doc_analyze:1139 - Hybrid processing-window run. page_count=10, window_size=64, total_windows=1
2026-09-28 11:48:58.801 | INFO     | mineru.backend.hybrid.hybrid_analyze:get_batch_ratio:875 - hybrid batch ratio (auto, vram=40GB): 16
Processing pages:   0%|          | 0/10 [00:00<?, ?it/s]

OCR-det:  62%|██████▏   | 103/166 [00:03<00:01, 32.76it/s][A[AProcessing pages:  10%|█         | 1/10 [00:00<00:01,  7.00it/s]Processing pages:  20%|██        | 2/10 [00:00<00:01,  7.11it/s]

OCR-det:  65%|██████▌   | 108/166 [00:04<00:02, 27.32it/s][A[AProcessing pages:  30%|███       | 3/10 [00:00<00:01,  6.70it/s]Processing pages:  40%|████      | 4/10 [00:00<00:00,  6.66it/s]

OCR-det:  68%|██████▊   | 113/166 [00:04<00:02, 23.79it/s][A[AProcessing pages:  50%|█████     | 5/10 [00:00<00:00,  6.66it/s]

OCR-det:  72%|███████▏  | 120/166 [00:04<00:01, 27.31it/s][A[AProcessing pages:  60%|██████    | 6/10 [00:00<00:00,  6.33it/s]

OCR-det:  79%|███████▉  | 131/166 [00:04<00:00, 36.07it/s][A[AProcessing pages:  70%|███████   | 7/10 [00:01<00:00,  6.59it/s]

OCR-det:  86%|████████▌ | 142/166 [00:05<00:00, 40.35it/s][A[AProcessing pages:  80%|████████  | 8/10 [00:01<00:00,  5.63it/s]Processing pages:  90%|█████████ | 9/10 [00:01<00:00,  4.68it/s]

OCR-det:  93%|█████████▎| 154/166 [00:05<00:00, 34.61it/s][A[AProcessing pages: 100%|██████████| 10/10 [00:01<00:00,  3.81it/s]Processing pages: 100%|██████████| 10/10 [00:01<00:00,  5.12it/s]
2026-09-28 11:49:00.770 | INFO     | mineru.backend.hybrid.hybrid_analyze:aio_doc_analyze:1161 - Hybrid processing window 1/1: pages 1-10/10 (10 pages)
Layout Predict:   0%|          | 0/10 [00:00<?, ?it/s]INFO:     127.0.0.1:58952 - "GET /tasks/0228175d-ce00-4911-8639-4953673e901e HTTP/1.1" 200 OK
INFO:     127.0.0.1:58968 - "GET /tasks/80cd8fc9-bf39-4c07-840a-197ad7cbb3d4 HTTP/1.1" 200 OK
INFO:     127.0.0.1:58962 - "GET /tasks/0c72fe16-3b51-4594-8d74-6f38c63b95a4 HTTP/1.1" 200 OK
INFO:     127.0.0.1:47402 - "GET /tasks/89352750-7c03-4f31-857f-6f1715805249/result HTTP/1.1" 200 OK


OCR-det:  95%|█████████▌| 158/166 [00:06<00:00, 18.42it/s][A[A2026-09-28 11:49:01.239 | INFO     | mineru.utils.engine_utils:get_vlm_engine:34 - Using vllm-async-engine as the inference engine for VLM.


OCR-det: 100%|██████████| 166/166 [00:06<00:00, 22.16it/s][A[AOCR-det: 100%|██████████| 166/166 [00:06<00:00, 25.65it/s]
Layout Predict:  80%|████████  | 8/10 [00:00<00:00,  9.97it/s]Layout Predict: 100%|██████████| 10/10 [00:00<00:00, 10.79it/s]Layout Predict: 100%|██████████| 10/10 [00:00<00:00, 10.57it/s]
2026-09-28 11:49:01.938 | INFO     | mineru.backend.hybrid.hybrid_analyze:aio_doc_analyze:1139 - Hybrid processing-window run. page_count=10, window_size=64, total_windows=1
2026-09-28 11:49:01.939 | INFO     | mineru.backend.hybrid.hybrid_analyze:get_batch_ratio:875 - hybrid batch ratio (auto, vram=40GB): 16
Processing pages:   0%|          | 0/10 [00:00<?, ?it/s]
Table orientation det:   0%|          | 0/6 [00:00<?, ?it/s][AProcessing pages:  10%|█         | 1/10 [00:00<00:01,  6.54it/s]
Table orientation det:  50%|█████     | 3/6 [00:00<00:00, 14.37it/s][AProcessing pages:  20%|██        | 2/10 [00:00<00:01,  5.93it/s]
Table orientation det:  83%|████████▎ | 5/6 [00:00<00:00, 12.46it/s][AProcessing pages:  30%|███       | 3/10 [00:00<00:01,  5.69it/s]
Table orientation score: 100%|██████████| 6/6 [00:00<00:00, 12.46it/s][A
Table orientation score: 100%|██████████| 6/6 [00:00<00:00, 12.46it/s][A
Table orientation: 100%|██████████| 6/6 [00:00<00:00, 12.46it/s]      [A
Table orientation: 100%|██████████| 6/6 [00:00<00:00, 12.46it/s][ATable orientation: 100%|██████████| 6/6 [00:00<00:00, 10.87it/s]
Processing pages:  40%|████      | 4/10 [00:00<00:00,  6.05it/s]Processing pages:  50%|█████     | 5/10 [00:01<00:01,  4.17it/s]Processing pages:  60%|██████    | 6/10 [00:01<00:00,  4.64it/s]Processing pages:  70%|███████   | 7/10 [00:01<00:00,  5.02it/s]Processing pages:  80%|████████  | 8/10 [00:01<00:00,  5.95it/s]Processing pages: 100%|██████████| 10/10 [00:01<00:00,  6.95it/s]Processing pages: 100%|██████████| 10/10 [00:01<00:00,  5.85it/s]
2026-09-28 11:49:03.669 | INFO     | mineru.backend.hybrid.hybrid_analyze:aio_doc_analyze:1161 - Hybrid processing window 1/1: pages 1-10/10 (10 pages)
Layout Predict:   0%|          | 0/10 [00:00<?, ?it/s]INFO:     127.0.0.1:58962 - "GET /tasks/80cd8fc9-bf39-4c07-840a-197ad7cbb3d4 HTTP/1.1" 200 OK
INFO:     127.0.0.1:58968 - "GET /tasks/0c72fe16-3b51-4594-8d74-6f38c63b95a4 HTTP/1.1" 200 OK
INFO:     127.0.0.1:58952 - "GET /tasks/0228175d-ce00-4911-8639-4953673e901e HTTP/1.1" 200 OK

External Layout Extraction:   0%|          | 0/25 [00:00<?, ?it/s][AINFO:     127.0.0.1:47402 - "POST /tasks HTTP/1.1" 202 Accepted
INFO:     127.0.0.1:47402 - "GET /tasks/d6d3b647-e14f-44a8-a249-07d6f677f06d HTTP/1.1" 200 OK
2026-09-28 11:49:04.447 | INFO     | mineru.utils.engine_utils:get_vlm_engine:34 - Using vllm-async-engine as the inference engine for VLM.
Layout Predict:  80%|████████  | 8/10 [00:00<00:00, 10.20it/s]Layout Predict: 100%|██████████| 10/10 [00:00<00:00, 10.00it/s]Layout Predict: 100%|██████████| 10/10 [00:00<00:00, 10.05it/s]
2026-09-28 11:49:04.987 | INFO     | mineru.backend.hybrid.hybrid_analyze:aio_doc_analyze:1139 - Hybrid processing-window run. page_count=10, window_size=64, total_windows=1
2026-09-28 11:49:04.987 | INFO     | mineru.backend.hybrid.hybrid_analyze:get_batch_ratio:875 - hybrid batch ratio (auto, vram=40GB): 16
Table orientation det:   0%|          | 0/2 [00:00<?, ?it/s]
External Layout Extraction:  80%|████████  | 20/25 [00:00<00:00, 21.34it/s][ATable orientation score: 100%|██████████| 2/2 [00:00<00:00, 35.66it/s]Table orientation score: 100%|██████████| 2/2 [00:00<00:00, 35.56it/s]Table orientation: 100%|██████████| 2/2 [00:00<00:00, 35.52it/s]      Table orientation: 100%|██████████| 2/2 [00:00<00:00, 35.49it/s]Table orientation: 100%|██████████| 2/2 [00:00<00:00, 35.44it/s]
External Layout Extraction:   0%|          | 0/4 [00:00<?, ?it/s]External Layout Extraction:  50%|█████     | 2/4 [00:00<00:00, 16.14it/s]
External Layout Extraction:  96%|█████████▌| 24/25 [00:01<00:00, 20.58it/s][AExternal Layout Extraction: 100%|██████████| 25/25 [00:01<00:00, 19.62it/s]

MFR Predict:   0%|          | 0/59 [00:00<?, ?it/s][AExternal Layout Extraction: 100%|██████████| 4/4 [00:00<00:00,  6.75it/s]External Layout Extraction: 100%|██████████| 4/4 [00:00<00:00,  7.39it/s]
INFO:     127.0.0.1:47402 - "GET /tasks/0c72fe16-3b51-4594-8d74-6f38c63b95a4 HTTP/1.1" 200 OK
INFO:     127.0.0.1:58952 - "GET /tasks/0228175d-ce00-4911-8639-4953673e901e HTTP/1.1" 200 OK
INFO:     127.0.0.1:58962 - "GET /tasks/80cd8fc9-bf39-4c07-840a-197ad7cbb3d4 HTTP/1.1" 200 OK
MFR Predict:   0%|          | 0/3 [00:00<?, ?it/s]INFO:     127.0.0.1:47402 - "GET /tasks/0c72fe16-3b51-4594-8d74-6f38c63b95a4/result HTTP/1.1" 200 OK
2026-09-28 11:49:05.915 | INFO     | mineru.backend.hybrid.hybrid_analyze:aio_doc_analyze:1161 - Hybrid processing window 1/1: pages 1-10/10 (10 pages)
INFO:     127.0.0.1:47402 - "POST /tasks HTTP/1.1" 202 Accepted


Layout Predict:   0%|          | 0/10 [00:00<?, ?it/s][A[AINFO:     127.0.0.1:47402 - "GET /tasks/2f6452e2-bf46-453b-86e5-f02d0b0da6b2 HTTP/1.1" 200 OK
MFR Predict:  67%|██████▋   | 2/3 [00:00<00:00,  6.80it/s]

Layout Predict:  80%|████████  | 8/10 [00:00<00:00, 31.12it/s][A[A
MFR Predict:  54%|█████▍    | 32/59 [00:00<00:00, 42.29it/s][AMFR Predict: 100%|██████████| 3/3 [00:00<00:00,  4.50it/s]MFR Predict: 100%|██████████| 3/3 [00:00<00:00,  4.82it/s]
INFO:     127.0.0.1:47402 - "GET /tasks/d6d3b647-e14f-44a8-a249-07d6f677f06d HTTP/1.1" 200 OK
Layout Predict: 100%|██████████| 10/10 [00:00<00:00, 22.78it/s]
Table orientation det:   0%|          | 0/2 [00:00<?, ?it/s]

OCR-det:   0%|          | 0/138 [00:00<?, ?it/s][A[ATable orientation det: 100%|██████████| 2/2 [00:00<00:00,  9.03it/s]Table orientation score: 100%|██████████| 2/2 [00:00<00:00,  9.03it/s]Table orientation score: 100%|██████████| 2/2 [00:00<00:00,  9.03it/s]Table orientation: 100%|██████████| 2/2 [00:00<00:00,  9.03it/s]      Table orientation: 100%|██████████| 2/2 [00:00<00:00,  9.03it/s]Table orientation: 100%|██████████| 2/2 [00:00<00:00,  8.98it/s]
External Layout Extraction:   0%|          | 0/18 [00:00<?, ?it/s]External Layout Extraction:  33%|███▎      | 6/18 [00:00<00:00, 18.45it/s]

OCR-det:   1%|          | 1/138 [00:00<01:34,  1.45it/s][A[AExternal Layout Extraction:  50%|█████     | 9/18 [00:00<00:00, 18.53it/s]

OCR-det:   5%|▌         | 7/138 [00:00<00:13,  9.98it/s][A[A

OCR-det:   7%|▋         | 9/138 [00:00<00:11, 11.56it/s][A[A

OCR-det:  12%|█▏        | 17/138 [00:01<00:05, 23.60it/s][A[A
MFR Predict: 100%|██████████| 59/59 [00:02<00:00, 25.20it/s][AMFR Predict: 100%|██████████| 59/59 [00:02<00:00, 26.97it/s]


OCR-det:  23%|██▎       | 32/138 [00:01<00:02, 45.30it/s][A[A
OCR-det:   0%|          | 0/141 [00:00<?, ?it/s][AINFO:     127.0.0.1:47402 - "GET /tasks/0228175d-ce00-4911-8639-4953673e901e HTTP/1.1" 200 OK
INFO:     127.0.0.1:58952 - "GET /tasks/80cd8fc9-bf39-4c07-840a-197ad7cbb3d4 HTTP/1.1" 200 OK


OCR-det:  31%|███       | 43/138 [00:01<00:01, 47.87it/s][A[AINFO:     127.0.0.1:47402 - "GET /tasks/2f6452e2-bf46-453b-86e5-f02d0b0da6b2 HTTP/1.1" 200 OK


OCR-det:  36%|███▌      | 49/138 [00:01<00:01, 47.59it/s][A[A

OCR-det:  41%|████      | 56/138 [00:01<00:01, 44.28it/s][A[A

OCR-det:  44%|████▍     | 61/138 [00:01<00:01, 45.08it/s][A[AExternal Layout Extraction:  94%|█████████▍| 17/18 [00:01<00:00,  8.81it/s]INFO:     127.0.0.1:47402 - "GET /tasks/d6d3b647-e14f-44a8-a249-07d6f677f06d HTTP/1.1" 200 OK

OCR-det:   4%|▎         | 5/141 [00:00<00:18,  7.31it/s][A

OCR-det:  54%|█████▎    | 74/138 [00:02<00:01, 56.85it/s][A[A
OCR-det:   6%|▋         | 9/141 [00:00<00:10, 12.73it/s][A

OCR-det:  58%|█████▊    | 80/138 [00:02<00:01, 54.35it/s][A[A
OCR-det:   9%|▉         | 13/141 [00:00<00:07, 17.91it/s][A
OCR-det:  13%|█▎        | 18/141 [00:01<00:05, 22.99it/s][A

OCR-det:  66%|██████▌   | 91/138 [00:02<00:00, 57.84it/s][A[A
OCR-det:  18%|█▊        | 25/141 [00:01<00:03, 29.13it/s][A

OCR-det:  72%|███████▏  | 99/138 [00:02<00:00, 55.97it/s][A[A
OCR-det:  23%|██▎       | 33/141 [00:01<00:02, 36.62it/s][A

OCR-det:  76%|███████▌  | 105/138 [00:02<00:00, 42.48it/s][A[A
OCR-det:  37%|███▋      | 52/141 [00:01<00:01, 66.80it/s][A
OCR-det:  43%|████▎     | 61/141 [00:01<00:01, 64.01it/s][A

OCR-det:  80%|███████▉  | 110/138 [00:02<00:00, 35.57it/s][A[A

OCR-det:  84%|████████▍ | 116/138 [00:03<00:00, 38.40it/s][A[A
OCR-det:  49%|████▉     | 69/141 [00:01<00:01, 53.47it/s][A

OCR-det:  88%|████████▊ | 122/138 [00:03<00:00, 38.27it/s][A[A
OCR-det:  57%|█████▋    | 80/141 [00:01<00:01, 59.98it/s][AINFO:     127.0.0.1:47402 - "GET /tasks/80cd8fc9-bf39-4c07-840a-197ad7cbb3d4 HTTP/1.1" 200 OK
INFO:     127.0.0.1:58952 - "GET /tasks/0228175d-ce00-4911-8639-4953673e901e HTTP/1.1" 200 OK


OCR-det:  93%|█████████▎| 128/138 [00:03<00:00, 42.17it/s][A[A
OCR-det:  64%|██████▍   | 90/141 [00:02<00:00, 66.38it/s][AINFO:     127.0.0.1:47402 - "GET /tasks/2f6452e2-bf46-453b-86e5-f02d0b0da6b2 HTTP/1.1" 200 OK


OCR-det:  98%|█████████▊| 135/138 [00:03<00:00, 40.53it/s][A[A
OCR-det:  71%|███████   | 100/141 [00:02<00:00, 64.93it/s][AOCR-det: 100%|██████████| 138/138 [00:03<00:00, 37.54it/s]


Processing pages:   0%|          | 0/10 [00:00<?, ?it/s][A[A
OCR-det:  76%|███████▌  | 107/141 [00:02<00:00, 51.35it/s][A

Processing pages:  10%|█         | 1/10 [00:00<00:01,  6.01it/s][A[A

Processing pages:  20%|██        | 2/10 [00:00<00:01,  6.01it/s][A[A

Processing pages:  30%|███       | 3/10 [00:00<00:01,  6.15it/s][A[A
OCR-det:  82%|████████▏ | 115/141 [00:02<00:00, 31.89it/s][A

Processing pages:  40%|████      | 4/10 [00:00<00:00,  6.44it/s][A[A
OCR-det:  85%|████████▌ | 120/141 [00:03<00:00, 32.55it/s][A

Processing pages:  50%|█████     | 5/10 [00:00<00:00,  6.81it/s][A[A
OCR-det:  89%|████████▉ | 126/141 [00:03<00:00, 36.04it/s][A

Processing pages:  60%|██████    | 6/10 [00:00<00:00,  6.71it/s][A[A
OCR-det:  93%|█████████▎| 131/141 [00:03<00:00, 34.95it/s][A

Processing pages:  70%|███████   | 7/10 [00:01<00:00,  6.50it/s][A[A
OCR-det:  99%|█████████▊| 139/141 [00:03<00:00, 38.35it/s][A

Processing pages:  80%|████████  | 8/10 [00:01<00:00,  6.24it/s][A[AOCR-det: 100%|██████████| 141/141 [00:03<00:00, 37.79it/s]


Processing pages:  90%|█████████ | 9/10 [00:01<00:00,  6.29it/s][A[A

Processing pages: 100%|██████████| 10/10 [00:01<00:00,  6.32it/s][A[AProcessing pages: 100%|██████████| 10/10 [00:01<00:00,  6.37it/s]
INFO:     127.0.0.1:47402 - "GET /tasks/d6d3b647-e14f-44a8-a249-07d6f677f06d HTTP/1.1" 200 OK
INFO:     127.0.0.1:55352 - "GET /tasks/80cd8fc9-bf39-4c07-840a-197ad7cbb3d4 HTTP/1.1" 200 OK
INFO:     127.0.0.1:58952 - "GET /tasks/0228175d-ce00-4911-8639-4953673e901e HTTP/1.1" 200 OK

Processing pages:   0%|          | 0/10 [00:00<?, ?it/s][A
Processing pages:  10%|█         | 1/10 [00:00<00:01,  7.68it/s][A
Processing pages:  20%|██        | 2/10 [00:00<00:01,  7.07it/s][A
Processing pages:  30%|███       | 3/10 [00:00<00:01,  6.67it/s][A
Processing pages:  40%|████      | 4/10 [00:00<00:00,  6.62it/s][A
Processing pages:  50%|█████     | 5/10 [00:00<00:00,  7.33it/s][A
Processing pages:  60%|██████    | 6/10 [00:00<00:00,  7.26it/s][A
Processing pages:  70%|███████   | 7/10 [00:01<00:00,  6.92it/s][A
Processing pages:  80%|████████  | 8/10 [00:01<00:00,  7.36it/s][A
Processing pages:  90%|█████████ | 9/10 [00:01<00:00,  7.50it/s][A
Processing pages: 100%|██████████| 10/10 [00:01<00:00,  6.99it/s][AProcessing pages: 100%|██████████| 10/10 [00:01<00:00,  7.08it/s]
External Layout Extraction: 100%|██████████| 18/18 [00:06<00:00,  2.60it/s]
INFO:     127.0.0.1:47402 - "GET /tasks/2f6452e2-bf46-453b-86e5-f02d0b0da6b2 HTTP/1.1" 200 OK
MFR Predict:   0%|          | 0/25 [00:00<?, ?it/s]INFO:     127.0.0.1:47402 - "GET /tasks/d6d3b647-e14f-44a8-a249-07d6f677f06d HTTP/1.1" 200 OK
2026-09-28 11:49:14.102 | INFO     | mineru.utils.engine_utils:get_vlm_engine:34 - Using vllm-async-engine as the inference engine for VLM.
INFO:     127.0.0.1:58952 - "GET /tasks/80cd8fc9-bf39-4c07-840a-197ad7cbb3d4 HTTP/1.1" 200 OK
INFO:     127.0.0.1:55352 - "GET /tasks/0228175d-ce00-4911-8639-4953673e901e HTTP/1.1" 200 OK
MFR Predict:  64%|██████▍   | 16/25 [00:00<00:00, 34.81it/s]2026-09-28 11:49:14.819 | INFO     | mineru.backend.hybrid.hybrid_analyze:aio_doc_analyze:1139 - Hybrid processing-window run. page_count=9, window_size=64, total_windows=1
2026-09-28 11:49:14.819 | INFO     | mineru.backend.hybrid.hybrid_analyze:get_batch_ratio:875 - hybrid batch ratio (auto, vram=40GB): 16
INFO:     127.0.0.1:58952 - "GET /tasks/0228175d-ce00-4911-8639-4953673e901e/result HTTP/1.1" 200 OK
INFO:     127.0.0.1:47402 - "GET /tasks/80cd8fc9-bf39-4c07-840a-197ad7cbb3d4/result HTTP/1.1" 200 OK
INFO:     127.0.0.1:58952 - "POST /tasks HTTP/1.1" 202 Accepted
INFO:     127.0.0.1:58952 - "GET /tasks/71181f75-7842-4bc3-9826-6b3d802c55d8 HTTP/1.1" 200 OK
INFO:     127.0.0.1:47402 - "POST /tasks HTTP/1.1" 202 Accepted
INFO:     127.0.0.1:47402 - "GET /tasks/426b4d12-9ae0-40a4-8929-62c44d6634c8 HTTP/1.1" 200 OK
2026-09-28 11:49:15.188 | INFO     | mineru.utils.engine_utils:get_vlm_engine:34 - Using vllm-async-engine as the inference engine for VLM.
2026-09-28 11:49:15.872 | INFO     | mineru.backend.hybrid.hybrid_analyze:aio_doc_analyze:1139 - Hybrid processing-window run. page_count=6, window_size=64, total_windows=1
2026-09-28 11:49:15.872 | INFO     | mineru.backend.hybrid.hybrid_analyze:get_batch_ratio:875 - hybrid batch ratio (auto, vram=40GB): 16
2026-09-28 11:49:15.874 | INFO     | mineru.backend.hybrid.hybrid_analyze:aio_doc_analyze:1161 - Hybrid processing window 1/1: pages 1-9/9 (9 pages)

Layout Predict:   0%|          | 0/9 [00:00<?, ?it/s][AINFO:     127.0.0.1:47402 - "GET /tasks/2f6452e2-bf46-453b-86e5-f02d0b0da6b2 HTTP/1.1" 200 OK
MFR Predict: 100%|██████████| 25/25 [00:01<00:00, 11.37it/s]MFR Predict: 100%|██████████| 25/25 [00:01<00:00, 13.05it/s]
OCR-det:   0%|          | 0/117 [00:00<?, ?it/s]INFO:     127.0.0.1:47402 - "GET /tasks/d6d3b647-e14f-44a8-a249-07d6f677f06d HTTP/1.1" 200 OK

Layout Predict:  89%|████████▉ | 8/9 [00:00<00:00, 33.08it/s][ALayout Predict: 100%|██████████| 9/9 [00:00<00:00, 26.28it/s]

Table orientation det:   0%|          | 0/1 [00:00<?, ?it/s][A
Table orientation det: 100%|██████████| 1/1 [00:00<00:00,  8.92it/s][A
Table orientation score: 100%|██████████| 1/1 [00:00<00:00,  8.92it/s][A
Table orientation score: 100%|██████████| 1/1 [00:00<00:00,  8.92it/s][A
Table orientation: 100%|██████████| 1/1 [00:00<00:00,  8.92it/s]      [A
Table orientation: 100%|██████████| 1/1 [00:00<00:00,  8.92it/s][ATable orientation: 100%|██████████| 1/1 [00:00<00:00,  8.77it/s]

External Layout Extraction:   0%|          | 0/3 [00:00<?, ?it/s][A2026-09-28 11:49:16.478 | INFO     | mineru.backend.hybrid.hybrid_analyze:aio_doc_analyze:1161 - Hybrid processing window 1/1: pages 1-6/6 (6 pages)


Layout Predict:   0%|          | 0/6 [00:00<?, ?it/s][A[AOCR-det:   2%|▏         | 2/117 [00:00<00:35,  3.21it/s]OCR-det:   3%|▎         | 4/117 [00:00<00:18,  6.21it/s]
External Layout Extraction:  33%|███▎      | 1/3 [00:00<00:00,  2.46it/s][A

Layout Predict: 100%|██████████| 6/6 [00:00<00:00, 16.65it/s][A[ALayout Predict: 100%|██████████| 6/6 [00:00<00:00, 16.64it/s]


Table orientation det:   0%|          | 0/5 [00:00<?, ?it/s][A[AOCR-det:  10%|█         | 12/117 [00:00<00:05, 20.64it/s]

Table orientation det:  40%|████      | 2/5 [00:00<00:00, 18.96it/s][A[AOCR-det:  16%|█▌        | 19/117 [00:00<00:03, 31.20it/s]
External Layout Extraction:  67%|██████▋   | 2/3 [00:00<00:00,  3.42it/s][A

Table orientation det:  80%|████████  | 4/5 [00:00<00:00, 17.63it/s][A[AOCR-det:  32%|███▏      | 37/117 [00:01<00:01, 64.44it/s]INFO:     127.0.0.1:47402 - "GET /tasks/71181f75-7842-4bc3-9826-6b3d802c55d8 HTTP/1.1" 200 OK
INFO:     127.0.0.1:47402 - "GET /tasks/426b4d12-9ae0-40a4-8929-62c44d6634c8 HTTP/1.1" 200 OK


Table orientation score: 100%|██████████| 5/5 [00:00<00:00, 17.63it/s][A[A

Table orientation score: 100%|██████████| 5/5 [00:00<00:00, 17.63it/s][A[A

Table orientation: 100%|██████████| 5/5 [00:00<00:00, 17.63it/s]      [A[A

Table orientation: 100%|██████████| 5/5 [00:00<00:00, 17.63it/s][A[ATable orientation: 100%|██████████| 5/5 [00:00<00:00, 15.42it/s]


External Layout Extraction:   0%|          | 0/7 [00:00<?, ?it/s][A[AOCR-det:  39%|███▉      | 46/117 [00:01<00:01, 64.44it/s]OCR-det:  47%|████▋     | 55/117 [00:01<00:00, 65.84it/s]
External Layout Extraction: 100%|██████████| 3/3 [00:01<00:00,  2.53it/s][AExternal Layout Extraction: 100%|██████████| 3/3 [00:01<00:00,  2.64it/s]


External Layout Extraction:  14%|█▍        | 1/7 [00:00<00:02,  2.97it/s][A[A
MFR Predict:   0%|          | 0/23 [00:00<?, ?it/s][AOCR-det:  55%|█████▍    | 64/117 [00:01<00:00, 54.16it/s]

External Layout Extraction:  43%|████▎     | 3/7 [00:00<00:00,  6.99it/s][A[AOCR-det:  61%|██████    | 71/117 [00:01<00:00, 51.35it/s]
MFR Predict:  70%|██████▉   | 16/23 [00:00<00:00, 58.96it/s][AOCR-det:  68%|██████▊   | 80/117 [00:01<00:00, 57.35it/s]INFO:     127.0.0.1:47402 - "GET /tasks/2f6452e2-bf46-453b-86e5-f02d0b0da6b2 HTTP/1.1" 200 OK
OCR-det:  75%|███████▌  | 88/117 [00:02<00:00, 54.14it/s]

External Layout Extraction:  71%|███████▏  | 5/7 [00:00<00:00,  5.94it/s][A[AINFO:     127.0.0.1:47402 - "GET /tasks/d6d3b647-e14f-44a8-a249-07d6f677f06d HTTP/1.1" 200 OK
OCR-det:  80%|████████  | 94/117 [00:02<00:00, 43.36it/s]
MFR Predict: 100%|██████████| 23/23 [00:00<00:00, 23.06it/s][AMFR Predict: 100%|██████████| 23/23 [00:00<00:00, 26.41it/s]
OCR-det:  85%|████████▍ | 99/117 [00:02<00:00, 38.35it/s]

External Layout Extraction: 100%|██████████| 7/7 [00:01<00:00,  5.59it/s][A[AExternal Layout Extraction: 100%|██████████| 7/7 [00:01<00:00,  5.56it/s]

OCR-det:   0%|          | 0/138 [00:00<?, ?it/s][A

MFR Predict:   0%|          | 0/29 [00:00<?, ?it/s][A[AOCR-det:  94%|█████████▍| 110/117 [00:02<00:00, 46.14it/s]OCR-det: 100%|██████████| 117/117 [00:02<00:00, 43.53it/s]
Processing pages:   0%|          | 0/10 [00:00<?, ?it/s]

MFR Predict:  55%|█████▌    | 16/29 [00:00<00:00, 50.29it/s][A[AProcessing pages:  10%|█         | 1/10 [00:00<00:01,  6.03it/s]Processing pages:  20%|██        | 2/10 [00:00<00:01,  5.18it/s]
OCR-det:   1%|▏         | 2/138 [00:00<00:51,  2.65it/s][AProcessing pages:  30%|███       | 3/10 [00:00<00:01,  4.62it/s]
OCR-det:   4%|▎         | 5/138 [00:00<00:20,  6.44it/s][AProcessing pages:  40%|████      | 4/10 [00:00<00:01,  5.06it/s]
OCR-det:   7%|▋         | 10/138 [00:01<00:10, 12.46it/s][A
OCR-det:  14%|█▍        | 19/138 [00:01<00:04, 25.81it/s][AProcessing pages:  50%|█████     | 5/10 [00:01<00:01,  4.48it/s]
OCR-det:  20%|█▉        | 27/138 [00:01<00:03, 31.23it/s][AProcessing pages:  60%|██████    | 6/10 [00:01<00:00,  4.40it/s]
OCR-det:  24%|██▍       | 33/138 [00:01<00:03, 30.80it/s][AProcessing pages:  70%|███████   | 7/10 [00:01<00:00,  4.78it/s]

MFR Predict: 100%|██████████| 29/29 [00:01<00:00, 14.51it/s][A[AMFR Predict: 100%|██████████| 29/29 [00:01<00:00, 16.44it/s]

OCR-det:  36%|███▌      | 49/138 [00:01<00:01, 47.38it/s][A

OCR-det:   0%|          | 0/84 [00:00<?, ?it/s][A[AProcessing pages:  80%|████████  | 8/10 [00:01<00:00,  5.48it/s]
OCR-det:  40%|███▉      | 55/138 [00:01<00:01, 44.68it/s][AProcessing pages:  90%|█████████ | 9/10 [00:01<00:00,  5.47it/s]Processing pages: 100%|██████████| 10/10 [00:01<00:00,  5.36it/s]Processing pages: 100%|██████████| 10/10 [00:01<00:00,  5.07it/s]
INFO:     127.0.0.1:58952 - "GET /tasks/426b4d12-9ae0-40a4-8929-62c44d6634c8 HTTP/1.1" 200 OK
INFO:     127.0.0.1:47402 - "GET /tasks/71181f75-7842-4bc3-9826-6b3d802c55d8 HTTP/1.1" 200 OK
INFO:     127.0.0.1:53298 - "GET /tasks/2f6452e2-bf46-453b-86e5-f02d0b0da6b2 HTTP/1.1" 200 OK
INFO:     127.0.0.1:53302 - "GET /tasks/d6d3b647-e14f-44a8-a249-07d6f677f06d HTTP/1.1" 200 OK

OCR-det:  45%|████▍     | 62/138 [00:02<00:03, 22.95it/s][A2026-09-28 11:49:21.221 | INFO     | mineru.utils.engine_utils:get_vlm_engine:34 - Using vllm-async-engine as the inference engine for VLM.


OCR-det:   2%|▏         | 2/84 [00:01<00:43,  1.87it/s][A[A
OCR-det:  49%|████▊     | 67/138 [00:02<00:03, 22.56it/s][A
OCR-det:  54%|█████▍    | 75/138 [00:02<00:02, 29.43it/s][A

OCR-det:  12%|█▏        | 10/84 [00:01<00:06, 10.89it/s][A[A
OCR-det:  58%|█████▊    | 80/138 [00:03<00:01, 31.52it/s][A

OCR-det:  18%|█▊        | 15/84 [00:01<00:04, 15.98it/s][A[A

OCR-det:  27%|██▋       | 23/84 [00:01<00:02, 25.66it/s][A[A
OCR-det:  62%|██████▏   | 85/138 [00:03<00:01, 32.53it/s][A

OCR-det:  40%|████      | 34/84 [00:01<00:01, 39.49it/s][A[A

OCR-det:  49%|████▉     | 41/84 [00:01<00:00, 45.34it/s][A[A
OCR-det:  65%|██████▌   | 90/138 [00:03<00:01, 27.89it/s][A2026-09-28 11:49:22.102 | INFO     | mineru.backend.hybrid.hybrid_analyze:aio_doc_analyze:1139 - Hybrid processing-window run. page_count=10, window_size=64, total_windows=1
2026-09-28 11:49:22.103 | INFO     | mineru.backend.hybrid.hybrid_analyze:get_batch_ratio:875 - hybrid batch ratio (auto, vram=40GB): 16
INFO:     127.0.0.1:47402 - "GET /tasks/d6d3b647-e14f-44a8-a249-07d6f677f06d/result HTTP/1.1" 200 OK

OCR-det:  74%|███████▍  | 102/138 [00:03<00:00, 38.83it/s][A

OCR-det:  61%|██████    | 51/84 [00:01<00:00, 44.73it/s][A[A
OCR-det:  80%|███████▉  | 110/138 [00:03<00:00, 46.12it/s][AINFO:     127.0.0.1:47402 - "POST /tasks HTTP/1.1" 202 Accepted
INFO:     127.0.0.1:47402 - "GET /tasks/9cba975c-42cb-4b60-a721-2389a0713ce7 HTTP/1.1" 200 OK

OCR-det:  86%|████████▌ | 118/138 [00:03<00:00, 48.20it/s][A

OCR-det:  68%|██████▊   | 57/84 [00:02<00:00, 36.61it/s][A[A
OCR-det:  95%|█████████▍| 131/138 [00:04<00:00, 62.67it/s][A

OCR-det:  74%|███████▍  | 62/84 [00:02<00:00, 36.77it/s][A[AOCR-det: 100%|██████████| 138/138 [00:04<00:00, 32.71it/s]


OCR-det:  81%|████████  | 68/84 [00:02<00:00, 36.61it/s][A[AINFO:     127.0.0.1:47402 - "GET /tasks/426b4d12-9ae0-40a4-8929-62c44d6634c8 HTTP/1.1" 200 OK
INFO:     127.0.0.1:58952 - "GET /tasks/71181f75-7842-4bc3-9826-6b3d802c55d8 HTTP/1.1" 200 OK
INFO:     127.0.0.1:53298 - "GET /tasks/2f6452e2-bf46-453b-86e5-f02d0b0da6b2 HTTP/1.1" 200 OK
Processing pages:   0%|          | 0/9 [00:00<?, ?it/s]

OCR-det:  89%|████████▉ | 75/84 [00:02<00:00, 41.83it/s][A[AProcessing pages:  11%|█         | 1/9 [00:00<00:01,  4.41it/s]

OCR-det:  99%|█████████▉| 83/84 [00:02<00:00, 33.11it/s][A[AOCR-det: 100%|██████████| 84/84 [00:02<00:00, 28.50it/s]
Processing pages:  22%|██▏       | 2/9 [00:00<00:02,  3.06it/s]Processing pages:  33%|███▎      | 3/9 [00:00<00:01,  4.24it/s]Processing pages:  44%|████▍     | 4/9 [00:00<00:01,  5.00it/s]Processing pages:  56%|█████▌    | 5/9 [00:01<00:00,  5.53it/s]Processing pages:  67%|██████▋   | 6/9 [00:01<00:00,  5.76it/s]Processing pages:  78%|███████▊  | 7/9 [00:01<00:00,  6.03it/s]Processing pages:  89%|████████▉ | 8/9 [00:01<00:00,  6.30it/s]Processing pages: 100%|██████████| 9/9 [00:01<00:00,  6.87it/s]Processing pages: 100%|██████████| 9/9 [00:01<00:00,  5.58it/s]
2026-09-28 11:49:24.363 | INFO     | mineru.backend.hybrid.hybrid_analyze:aio_doc_analyze:1161 - Hybrid processing window 1/1: pages 1-10/10 (10 pages)
Layout Predict:   0%|          | 0/10 [00:00<?, ?it/s]
Processing pages:   0%|          | 0/6 [00:00<?, ?it/s][AINFO:     127.0.0.1:47402 - "GET /tasks/9cba975c-42cb-4b60-a721-2389a0713ce7 HTTP/1.1" 200 OK

Processing pages:  17%|█▋        | 1/6 [00:00<00:00,  6.28it/s][A
Processing pages:  33%|███▎      | 2/6 [00:00<00:00,  6.32it/s][ALayout Predict:  80%|████████  | 8/10 [00:00<00:00, 21.92it/s]
Processing pages:  50%|█████     | 3/6 [00:00<00:00,  6.52it/s][ALayout Predict: 100%|██████████| 10/10 [00:00<00:00, 18.42it/s]

Processing pages:  67%|██████▋   | 4/6 [00:00<00:00,  3.91it/s][A
Processing pages:  83%|████████▎ | 5/6 [00:01<00:00,  4.69it/s][A
Processing pages: 100%|██████████| 6/6 [00:01<00:00,  5.57it/s][AProcessing pages: 100%|██████████| 6/6 [00:01<00:00,  5.31it/s]
INFO:     127.0.0.1:53298 - "GET /tasks/2f6452e2-bf46-453b-86e5-f02d0b0da6b2 HTTP/1.1" 200 OK
INFO:     127.0.0.1:47402 - "GET /tasks/426b4d12-9ae0-40a4-8929-62c44d6634c8 HTTP/1.1" 200 OK
INFO:     127.0.0.1:58952 - "GET /tasks/71181f75-7842-4bc3-9826-6b3d802c55d8 HTTP/1.1" 200 OK
INFO:     127.0.0.1:47402 - "GET /tasks/9cba975c-42cb-4b60-a721-2389a0713ce7 HTTP/1.1" 200 OK
Table orientation det:   0%|          | 0/6 [00:00<?, ?it/s]2026-09-28 11:49:26.526 | INFO     | mineru.utils.engine_utils:get_vlm_engine:34 - Using vllm-async-engine as the inference engine for VLM.
Table orientation det:  17%|█▋        | 1/6 [00:00<00:01,  3.89it/s]Table orientation det:  33%|███▎      | 2/6 [00:00<00:00,  5.87it/s]Table orientation det:  67%|██████▋   | 4/6 [00:00<00:00,  7.98it/s]Table orientation det:  83%|████████▎ | 5/6 [00:00<00:00,  8.15it/s]Table orientation det: 100%|██████████| 6/6 [00:00<00:00,  8.05it/s]Table orientation score: 100%|██████████| 6/6 [00:00<00:00,  8.05it/s]Table orientation score: 100%|██████████| 6/6 [00:00<00:00,  8.05it/s]Table orientation: 100%|██████████| 6/6 [00:00<00:00,  8.05it/s]      Table orientation: 100%|██████████| 6/6 [00:00<00:00,  8.05it/s]Table orientation: 100%|██████████| 6/6 [00:00<00:00,  7.41it/s]
2026-09-28 11:49:27.380 | INFO     | mineru.backend.hybrid.hybrid_analyze:aio_doc_analyze:1139 - Hybrid processing-window run. page_count=10, window_size=64, total_windows=1
2026-09-28 11:49:27.380 | INFO     | mineru.backend.hybrid.hybrid_analyze:get_batch_ratio:875 - hybrid batch ratio (auto, vram=40GB): 16
External Layout Extraction:   0%|          | 0/6 [00:00<?, ?it/s]INFO:     127.0.0.1:47402 - "GET /tasks/2f6452e2-bf46-453b-86e5-f02d0b0da6b2 HTTP/1.1" 200 OK
INFO:     127.0.0.1:58952 - "GET /tasks/71181f75-7842-4bc3-9826-6b3d802c55d8 HTTP/1.1" 200 OK
INFO:     127.0.0.1:53298 - "GET /tasks/426b4d12-9ae0-40a4-8929-62c44d6634c8 HTTP/1.1" 200 OK
INFO:     127.0.0.1:47402 - "GET /tasks/2f6452e2-bf46-453b-86e5-f02d0b0da6b2/result HTTP/1.1" 200 OK
INFO:     127.0.0.1:58952 - "GET /tasks/71181f75-7842-4bc3-9826-6b3d802c55d8/result HTTP/1.1" 200 OK
INFO:     127.0.0.1:47402 - "POST /tasks HTTP/1.1" 202 Accepted
INFO:     127.0.0.1:47402 - "GET /tasks/e97a911c-0bf8-4371-9aae-e9e490e4b12d HTTP/1.1" 200 OK
2026-09-28 11:49:27.912 | INFO     | mineru.utils.engine_utils:get_vlm_engine:34 - Using vllm-async-engine as the inference engine for VLM.
2026-09-28 11:49:28.626 | INFO     | mineru.backend.hybrid.hybrid_analyze:aio_doc_analyze:1139 - Hybrid processing-window run. page_count=10, window_size=64, total_windows=1
2026-09-28 11:49:28.628 | INFO     | mineru.backend.hybrid.hybrid_analyze:get_batch_ratio:875 - hybrid batch ratio (auto, vram=40GB): 16
2026-09-28 11:49:28.639 | INFO     | mineru.backend.hybrid.hybrid_analyze:aio_doc_analyze:1161 - Hybrid processing window 1/1: pages 1-10/10 (10 pages)
INFO:     127.0.0.1:47402 - "GET /tasks/9cba975c-42cb-4b60-a721-2389a0713ce7 HTTP/1.1" 200 OK

Layout Predict:   0%|          | 0/10 [00:00<?, ?it/s][AExternal Layout Extraction:  17%|█▋        | 1/6 [00:01<00:06,  1.28s/it]INFO:     127.0.0.1:58952 - "POST /tasks HTTP/1.1" 202 Accepted
INFO:     127.0.0.1:47402 - "GET /tasks/b8f837cc-0a5f-4817-ba68-c74d65e5a635 HTTP/1.1" 200 OK

Layout Predict:  80%|████████  | 8/10 [00:00<00:00, 24.26it/s][ALayout Predict: 100%|██████████| 10/10 [00:00<00:00, 22.60it/s]

Table orientation det:   0%|          | 0/1 [00:00<?, ?it/s][AExternal Layout Extraction:  33%|███▎      | 2/6 [00:01<00:03,  1.06it/s]INFO:     127.0.0.1:47402 - "GET /tasks/426b4d12-9ae0-40a4-8929-62c44d6634c8 HTTP/1.1" 200 OK

Table orientation det: 100%|██████████| 1/1 [00:00<00:00,  2.25it/s][A
Table orientation score: 100%|██████████| 1/1 [00:00<00:00,  2.25it/s][A
Table orientation score: 100%|██████████| 1/1 [00:00<00:00,  2.25it/s][A
Table orientation: 100%|██████████| 1/1 [00:00<00:00,  2.25it/s]      [A
Table orientation: 100%|██████████| 1/1 [00:00<00:00,  2.25it/s][ATable orientation: 100%|██████████| 1/1 [00:00<00:00,  2.24it/s]
External Layout Extraction:  50%|█████     | 3/6 [00:02<00:01,  1.68it/s]
External Layout Extraction:   0%|          | 0/4 [00:00<?, ?it/s][A2026-09-28 11:49:29.706 | INFO     | mineru.backend.hybrid.hybrid_analyze:aio_doc_analyze:1161 - Hybrid processing window 1/1: pages 1-10/10 (10 pages)


Layout Predict:   0%|          | 0/10 [00:00<?, ?it/s][A[AINFO:     127.0.0.1:47402 - "GET /tasks/e97a911c-0bf8-4371-9aae-e9e490e4b12d HTTP/1.1" 200 OK

External Layout Extraction:  25%|██▌       | 1/4 [00:00<00:01,  2.17it/s][A

Layout Predict:  80%|████████  | 8/10 [00:00<00:00, 24.36it/s][A[ALayout Predict: 100%|██████████| 10/10 [00:00<00:00, 22.67it/s]


Table orientation det:   0%|          | 0/7 [00:00<?, ?it/s][A[A

Table orientation det:  43%|████▎     | 3/7 [00:00<00:00, 24.26it/s][A[A
External Layout Extraction:  50%|█████     | 2/4 [00:00<00:00,  2.79it/s][A

Table orientation det: 100%|██████████| 7/7 [00:00<00:00, 24.62it/s][A[A

Table orientation score: 100%|██████████| 7/7 [00:00<00:00, 24.62it/s][A[A

Table orientation score: 100%|██████████| 7/7 [00:00<00:00, 24.62it/s][A[A

Table orientation: 100%|██████████| 7/7 [00:00<00:00, 24.62it/s]      [A[A

Table orientation: 100%|██████████| 7/7 [00:00<00:00, 24.62it/s][A[ATable orientation: 100%|██████████| 7/7 [00:00<00:00, 24.49it/s]


External Layout Extraction:   0%|          | 0/25 [00:00<?, ?it/s][A[AINFO:     127.0.0.1:47402 - "GET /tasks/9cba975c-42cb-4b60-a721-2389a0713ce7 HTTP/1.1" 200 OK


External Layout Extraction:   4%|▍         | 1/25 [00:00<00:05,  4.41it/s][A[AINFO:     127.0.0.1:47402 - "GET /tasks/b8f837cc-0a5f-4817-ba68-c74d65e5a635 HTTP/1.1" 200 OK


External Layout Extraction:  44%|████▍     | 11/25 [00:00<00:00, 41.03it/s][A[AExternal Layout Extraction:  67%|██████▋   | 4/6 [00:03<00:01,  1.14it/s]External Layout Extraction: 100%|██████████| 6/6 [00:03<00:00,  2.26it/s]External Layout Extraction: 100%|██████████| 6/6 [00:03<00:00,  1.67it/s]

External Layout Extraction:  75%|███████▌  | 3/4 [00:01<00:00,  1.95it/s][AOCR-det:   0%|          | 0/146 [00:00<?, ?it/s]

External Layout Extraction:  80%|████████  | 20/25 [00:00<00:00, 30.86it/s][A[AINFO:     127.0.0.1:47402 - "GET /tasks/426b4d12-9ae0-40a4-8929-62c44d6634c8 HTTP/1.1" 200 OK
OCR-det:   1%|▏         | 2/146 [00:00<00:45,  3.16it/s]OCR-det:   8%|▊         | 12/146 [00:00<00:06, 20.18it/s]INFO:     127.0.0.1:47402 - "GET /tasks/e97a911c-0bf8-4371-9aae-e9e490e4b12d HTTP/1.1" 200 OK
OCR-det:  18%|█▊        | 26/146 [00:00<00:02, 41.40it/s]OCR-det:  25%|██▌       | 37/146 [00:01<00:02, 50.37it/s]OCR-det:  37%|███▋      | 54/146 [00:01<00:01, 72.02it/s]OCR-det:  44%|████▍     | 64/146 [00:01<00:01, 63.64it/s]OCR-det:  52%|█████▏    | 76/146 [00:01<00:00, 73.73it/s]INFO:     127.0.0.1:47402 - "GET /tasks/9cba975c-42cb-4b60-a721-2389a0713ce7 HTTP/1.1" 200 OK
OCR-det:  58%|█████▊    | 85/146 [00:01<00:00, 76.99it/s]INFO:     127.0.0.1:47402 - "GET /tasks/b8f837cc-0a5f-4817-ba68-c74d65e5a635 HTTP/1.1" 200 OK
OCR-det:  66%|██████▌   | 96/146 [00:01<00:00, 77.29it/s]OCR-det:  72%|███████▏  | 105/146 [00:01<00:00, 68.19it/s]

External Layout Extraction: 100%|██████████| 25/25 [00:02<00:00,  7.12it/s][A[AExternal Layout Extraction: 100%|██████████| 25/25 [00:02<00:00,  9.50it/s]


MFR Predict:   0%|          | 0/64 [00:00<?, ?it/s][A[AOCR-det:  77%|███████▋  | 113/146 [00:02<00:00, 42.93it/s]OCR-det:  86%|████████▌ | 125/146 [00:02<00:00, 53.20it/s]

MFR Predict:  50%|█████     | 32/64 [00:00<00:00, 83.86it/s][A[AINFO:     127.0.0.1:47402 - "GET /tasks/426b4d12-9ae0-40a4-8929-62c44d6634c8 HTTP/1.1" 200 OK
OCR-det:  92%|█████████▏| 134/146 [00:02<00:00, 48.69it/s]OCR-det:  99%|█████████▉| 145/146 [00:02<00:00, 58.84it/s]INFO:     127.0.0.1:47402 - "GET /tasks/e97a911c-0bf8-4371-9aae-e9e490e4b12d HTTP/1.1" 200 OK
OCR-det: 100%|██████████| 146/146 [00:02<00:00, 52.56it/s]
Processing pages:   0%|          | 0/10 [00:00<?, ?it/s]Processing pages:  10%|█         | 1/10 [00:00<00:01,  5.18it/s]Processing pages:  20%|██        | 2/10 [00:00<00:01,  5.41it/s]Processing pages:  30%|███       | 3/10 [00:00<00:01,  5.63it/s]Processing pages:  40%|████      | 4/10 [00:00<00:01,  5.54it/s]

MFR Predict: 100%|██████████| 64/64 [00:01<00:00, 38.42it/s][A[AMFR Predict: 100%|██████████| 64/64 [00:01<00:00, 41.81it/s]


OCR-det:   0%|          | 0/149 [00:00<?, ?it/s][A[AProcessing pages:  50%|█████     | 5/10 [00:00<00:00,  5.67it/s]Processing pages:  60%|██████    | 6/10 [00:01<00:00,  6.26it/s]Processing pages:  70%|███████   | 7/10 [00:01<00:00,  6.84it/s]Processing pages:  80%|████████  | 8/10 [00:01<00:00,  7.06it/s]Processing pages:  90%|█████████ | 9/10 [00:01<00:00,  6.81it/s]Processing pages: 100%|██████████| 10/10 [00:01<00:00,  7.00it/s]Processing pages: 100%|██████████| 10/10 [00:01<00:00,  6.39it/s]
OCR-rec Predict:   0%|          | 0/1 [00:00<?, ?it/s]INFO:     127.0.0.1:47402 - "GET /tasks/9cba975c-42cb-4b60-a721-2389a0713ce7 HTTP/1.1" 200 OK
INFO:     127.0.0.1:54152 - "GET /tasks/b8f837cc-0a5f-4817-ba68-c74d65e5a635 HTTP/1.1" 200 OK
INFO:     127.0.0.1:47402 - "GET /tasks/426b4d12-9ae0-40a4-8929-62c44d6634c8 HTTP/1.1" 200 OK
OCR-rec Predict: 100%|██████████| 1/1 [00:00<00:00, 11.38it/s]
INFO:     127.0.0.1:47402 - "GET /tasks/e97a911c-0bf8-4371-9aae-e9e490e4b12d HTTP/1.1" 200 OK
2026-09-28 11:49:36.034 | INFO     | mineru.utils.engine_utils:get_vlm_engine:34 - Using vllm-async-engine as the inference engine for VLM.


OCR-det:   5%|▍         | 7/149 [00:01<00:30,  4.65it/s][A[A

OCR-det:   9%|▊         | 13/149 [00:01<00:14,  9.26it/s][A[A

OCR-det:  15%|█▌        | 23/149 [00:01<00:07, 17.89it/s][A[A2026-09-28 11:49:36.675 | INFO     | mineru.backend.hybrid.hybrid_analyze:aio_doc_analyze:1139 - Hybrid processing-window run. page_count=10, window_size=64, total_windows=1
2026-09-28 11:49:36.675 | INFO     | mineru.backend.hybrid.hybrid_analyze:get_batch_ratio:875 - hybrid batch ratio (auto, vram=40GB): 16


OCR-det:  23%|██▎       | 34/149 [00:01<00:04, 26.00it/s][A[A

OCR-det:  28%|██▊       | 42/149 [00:02<00:03, 31.82it/s][A[A

OCR-det:  37%|███▋      | 55/149 [00:02<00:01, 47.27it/s][A[A

OCR-det:  47%|████▋     | 70/149 [00:02<00:01, 59.92it/s][A[A

OCR-det:  56%|█████▌    | 83/149 [00:02<00:00, 69.81it/s][A[A

OCR-det:  62%|██████▏   | 93/149 [00:02<00:00, 56.49it/s][A[AINFO:     127.0.0.1:47402 - "GET /tasks/9cba975c-42cb-4b60-a721-2389a0713ce7 HTTP/1.1" 200 OK
INFO:     127.0.0.1:54152 - "GET /tasks/b8f837cc-0a5f-4817-ba68-c74d65e5a635 HTTP/1.1" 200 OK
INFO:     127.0.0.1:47402 - "GET /tasks/426b4d12-9ae0-40a4-8929-62c44d6634c8 HTTP/1.1" 200 OK


OCR-det:  68%|██████▊   | 101/149 [00:02<00:00, 56.86it/s][A[AINFO:     127.0.0.1:47402 - "GET /tasks/426b4d12-9ae0-40a4-8929-62c44d6634c8/result HTTP/1.1" 200 OK
2026-09-28 11:49:37.696 | INFO     | mineru.backend.hybrid.hybrid_analyze:aio_doc_analyze:1161 - Hybrid processing window 1/1: pages 1-10/10 (10 pages)
Layout Predict:   0%|          | 0/10 [00:00<?, ?it/s]

OCR-det:  72%|███████▏  | 108/149 [00:03<00:00, 59.13it/s][A[AINFO:     127.0.0.1:47402 - "POST /tasks HTTP/1.1" 202 Accepted
INFO:     127.0.0.1:47402 - "GET /tasks/e6ab5bc9-9852-4340-a8db-e7e6997c9046 HTTP/1.1" 200 OK
INFO:     127.0.0.1:47402 - "GET /tasks/e97a911c-0bf8-4371-9aae-e9e490e4b12d HTTP/1.1" 200 OK


OCR-det:  77%|███████▋  | 115/149 [00:03<00:00, 41.34it/s][A[ALayout Predict:  80%|████████  | 8/10 [00:00<00:00, 19.86it/s]Layout Predict: 100%|██████████| 10/10 [00:00<00:00, 17.67it/s]Layout Predict: 100%|██████████| 10/10 [00:00<00:00, 18.14it/s]
Table orientation det:   0%|          | 0/4 [00:00<?, ?it/s]

OCR-det:  82%|████████▏ | 122/149 [00:03<00:00, 38.67it/s][A[ATable orientation det:  50%|█████     | 2/4 [00:00<00:00, 17.64it/s]

OCR-det:  86%|████████▌ | 128/149 [00:03<00:00, 42.26it/s][A[ATable orientation det: 100%|██████████| 4/4 [00:00<00:00, 16.40it/s]Table orientation score: 100%|██████████| 4/4 [00:00<00:00, 16.40it/s]Table orientation score: 100%|██████████| 4/4 [00:00<00:00, 16.40it/s]Table orientation: 100%|██████████| 4/4 [00:00<00:00, 16.40it/s]      Table orientation: 100%|██████████| 4/4 [00:00<00:00, 16.40it/s]Table orientation: 100%|██████████| 4/4 [00:00<00:00, 16.51it/s]
External Layout Extraction:   0%|          | 0/20 [00:00<?, ?it/s]

OCR-det:  90%|████████▉ | 134/149 [00:03<00:00, 36.89it/s][A[A

OCR-det:  93%|█████████▎| 139/149 [00:04<00:00, 35.53it/s][A[AExternal Layout Extraction:  25%|██▌       | 5/20 [00:00<00:00, 17.12it/s]OCR-det: 100%|██████████| 149/149 [00:04<00:00, 36.01it/s]
External Layout Extraction:  35%|███▌      | 7/20 [00:00<00:00, 18.06it/s]

Processing pages:   0%|          | 0/10 [00:00<?, ?it/s][A[A

Processing pages:  10%|█         | 1/10 [00:00<00:01,  7.38it/s][A[A

Processing pages:  20%|██        | 2/10 [00:00<00:01,  7.14it/s][A[A

Processing pages:  30%|███       | 3/10 [00:00<00:00,  7.56it/s][A[A

Processing pages:  40%|████      | 4/10 [00:00<00:00,  7.23it/s][A[A

Processing pages:  50%|█████     | 5/10 [00:00<00:00,  7.19it/s][A[A

Processing pages:  60%|██████    | 6/10 [00:00<00:00,  7.28it/s][A[A

Processing pages:  70%|███████   | 7/10 [00:00<00:00,  7.13it/s][A[A

Processing pages:  80%|████████  | 8/10 [00:01<00:00,  7.26it/s][A[A

Processing pages:  90%|█████████ | 9/10 [00:01<00:00,  7.52it/s][A[A

Processing pages: 100%|██████████| 10/10 [00:01<00:00,  7.33it/s][A[AProcessing pages: 100%|██████████| 10/10 [00:01<00:00,  7.30it/s]
INFO:     127.0.0.1:47402 - "GET /tasks/9cba975c-42cb-4b60-a721-2389a0713ce7 HTTP/1.1" 200 OK
INFO:     127.0.0.1:54152 - "GET /tasks/b8f837cc-0a5f-4817-ba68-c74d65e5a635 HTTP/1.1" 200 OK
INFO:     127.0.0.1:54158 - "GET /tasks/e6ab5bc9-9852-4340-a8db-e7e6997c9046 HTTP/1.1" 200 OK
INFO:     127.0.0.1:54174 - "GET /tasks/e97a911c-0bf8-4371-9aae-e9e490e4b12d HTTP/1.1" 200 OK
External Layout Extraction:  90%|█████████ | 18/20 [00:02<00:00,  6.93it/s]
External Layout Extraction: 100%|██████████| 4/4 [00:11<00:00,  4.20s/it][AExternal Layout Extraction: 100%|██████████| 4/4 [00:11<00:00,  2.83s/it]
2026-09-28 11:49:40.870 | INFO     | mineru.utils.engine_utils:get_vlm_engine:34 - Using vllm-async-engine as the inference engine for VLM.
2026-09-28 11:49:41.436 | INFO     | mineru.backend.hybrid.hybrid_analyze:aio_doc_analyze:1139 - Hybrid processing-window run. page_count=10, window_size=64, total_windows=1
2026-09-28 11:49:41.436 | INFO     | mineru.backend.hybrid.hybrid_analyze:get_batch_ratio:875 - hybrid batch ratio (auto, vram=40GB): 16
External Layout Extraction: 100%|██████████| 20/20 [00:02<00:00,  5.85it/s]External Layout Extraction: 100%|██████████| 20/20 [00:02<00:00,  6.79it/s]
INFO:     127.0.0.1:47402 - "GET /tasks/e97a911c-0bf8-4371-9aae-e9e490e4b12d/result HTTP/1.1" 200 OK
MFR Predict:   0%|          | 0/1 [00:00<?, ?it/s]
MFR Predict:   0%|          | 0/105 [00:00<?, ?it/s][AINFO:     127.0.0.1:47402 - "POST /tasks HTTP/1.1" 202 Accepted
INFO:     127.0.0.1:47402 - "GET /tasks/d50215cd-9760-4d15-8ea7-afec03bab814 HTTP/1.1" 200 OK

MFR Predict:  61%|██████    | 64/105 [00:00<00:00, 138.55it/s][AINFO:     127.0.0.1:47402 - "GET /tasks/9cba975c-42cb-4b60-a721-2389a0713ce7 HTTP/1.1" 200 OK
INFO:     127.0.0.1:54152 - "GET /tasks/b8f837cc-0a5f-4817-ba68-c74d65e5a635 HTTP/1.1" 200 OK
INFO:     127.0.0.1:47402 - "GET /tasks/e6ab5bc9-9852-4340-a8db-e7e6997c9046 HTTP/1.1" 200 OK
2026-09-28 11:49:42.388 | INFO     | mineru.backend.hybrid.hybrid_analyze:aio_doc_analyze:1161 - Hybrid processing window 1/1: pages 1-10/10 (10 pages)


Layout Predict:   0%|          | 0/10 [00:00<?, ?it/s][A[AMFR Predict: 100%|██████████| 1/1 [00:00<00:00,  1.07it/s]MFR Predict: 100%|██████████| 1/1 [00:00<00:00,  1.07it/s]
OCR-det:   0%|          | 0/149 [00:00<?, ?it/s]

Layout Predict:  80%|████████  | 8/10 [00:00<00:00, 31.54it/s][A[ALayout Predict: 100%|██████████| 10/10 [00:00<00:00, 26.94it/s]


Table orientation det:   0%|          | 0/4 [00:00<?, ?it/s][A[A

Table orientation det:  25%|██▌       | 1/4 [00:00<00:00,  8.85it/s][A[A

Table orientation det:  50%|█████     | 2/4 [00:00<00:00,  8.58it/s][A[A

Table orientation det: 100%|██████████| 4/4 [00:00<00:00, 12.30it/s][A[A

Table orientation score: 100%|██████████| 4/4 [00:00<00:00, 12.30it/s][A[A

Table orientation score: 100%|██████████| 4/4 [00:00<00:00, 12.30it/s][A[A

Table orientation: 100%|██████████| 4/4 [00:00<00:00, 12.30it/s]      [A[A

Table orientation: 100%|██████████| 4/4 [00:00<00:00, 12.30it/s][A[ATable orientation: 100%|██████████| 4/4 [00:00<00:00, 11.31it/s]


External Layout Extraction:   0%|          | 0/11 [00:00<?, ?it/s][A[AOCR-det:   1%|▏         | 2/149 [00:00<00:49,  2.99it/s]OCR-det:   3%|▎         | 5/149 [00:00<00:19,  7.52it/s]

External Layout Extraction:  18%|█▊        | 2/11 [00:00<00:01,  6.73it/s][A[AOCR-det:  11%|█▏        | 17/149 [00:00<00:04, 27.77it/s]OCR-det:  23%|██▎       | 35/149 [00:01<00:01, 58.67it/s]INFO:     127.0.0.1:47402 - "GET /tasks/d50215cd-9760-4d15-8ea7-afec03bab814 HTTP/1.1" 200 OK
OCR-det:  38%|███▊      | 56/149 [00:01<00:01, 76.30it/s]

External Layout Extraction:  36%|███▋      | 4/11 [00:00<00:01,  5.18it/s][A[AOCR-det:  46%|████▌     | 68/149 [00:01<00:01, 68.94it/s]

External Layout Extraction:  55%|█████▍    | 6/11 [00:00<00:00,  6.37it/s][A[AOCR-det:  52%|█████▏    | 77/149 [00:01<00:01, 66.17it/s]OCR-det:  61%|██████    | 91/149 [00:01<00:00, 72.19it/s]INFO:     127.0.0.1:47402 - "GET /tasks/9cba975c-42cb-4b60-a721-2389a0713ce7 HTTP/1.1" 200 OK
INFO:     127.0.0.1:54152 - "GET /tasks/b8f837cc-0a5f-4817-ba68-c74d65e5a635 HTTP/1.1" 200 OK
INFO:     127.0.0.1:47402 - "GET /tasks/e6ab5bc9-9852-4340-a8db-e7e6997c9046 HTTP/1.1" 200 OK
OCR-det:  70%|██████▉   | 104/149 [00:01<00:00, 78.68it/s]
MFR Predict: 100%|██████████| 105/105 [00:02<00:00, 31.16it/s][AMFR Predict: 100%|██████████| 105/105 [00:02<00:00, 36.29it/s]

OCR-det:   0%|          | 0/124 [00:00<?, ?it/s][AOCR-det:  77%|███████▋  | 115/149 [00:02<00:00, 72.15it/s]

External Layout Extraction:  91%|█████████ | 10/11 [00:01<00:00,  6.52it/s][A[AOCR-det:  83%|████████▎ | 123/149 [00:02<00:00, 64.35it/s]OCR-det:  91%|█████████▏| 136/149 [00:02<00:00, 64.36it/s]OCR-det:  99%|█████████▉| 148/149 [00:02<00:00, 67.58it/s]
OCR-det:   2%|▏         | 3/124 [00:00<00:26,  4.61it/s][AOCR-det: 100%|██████████| 149/149 [00:02<00:00, 55.35it/s]
Processing pages:   0%|          | 0/10 [00:00<?, ?it/s]Processing pages:  10%|█         | 1/10 [00:00<00:01,  7.54it/s]
OCR-det:  11%|█▏        | 14/124 [00:00<00:05, 18.73it/s][AProcessing pages:  20%|██        | 2/10 [00:00<00:01,  6.17it/s]
OCR-det:  21%|██        | 26/124 [00:01<00:03, 30.67it/s][AProcessing pages:  30%|███       | 3/10 [00:00<00:01,  5.75it/s]
OCR-det:  32%|███▏      | 40/124 [00:01<00:01, 43.28it/s][AProcessing pages:  40%|████      | 4/10 [00:00<00:01,  5.43it/s]
OCR-det:  39%|███▊      | 48/124 [00:01<00:01, 42.42it/s][AProcessing pages:  50%|█████     | 5/10 [00:00<00:00,  5.17it/s]
OCR-det:  44%|████▎     | 54/124 [00:01<00:01, 36.29it/s][AProcessing pages:  60%|██████    | 6/10 [00:01<00:00,  5.52it/s]
OCR-det:  48%|████▊     | 59/124 [00:01<00:01, 35.97it/s][AProcessing pages:  70%|███████   | 7/10 [00:01<00:00,  5.62it/s]
OCR-det:  52%|█████▏    | 65/124 [00:01<00:01, 37.98it/s][A
OCR-det:  60%|█████▉    | 74/124 [00:02<00:01, 46.43it/s][AProcessing pages:  80%|████████  | 8/10 [00:01<00:00,  5.32it/s]
OCR-det:  65%|██████▍   | 80/124 [00:02<00:01, 43.93it/s][AProcessing pages:  90%|█████████ | 9/10 [00:01<00:00,  5.43it/s]Processing pages: 100%|██████████| 10/10 [00:01<00:00,  5.31it/s]Processing pages: 100%|██████████| 10/10 [00:01<00:00,  5.48it/s]
INFO:     127.0.0.1:47402 - "GET /tasks/d50215cd-9760-4d15-8ea7-afec03bab814 HTTP/1.1" 200 OK
INFO:     127.0.0.1:54152 - "GET /tasks/b8f837cc-0a5f-4817-ba68-c74d65e5a635 HTTP/1.1" 200 OK
INFO:     127.0.0.1:41356 - "GET /tasks/9cba975c-42cb-4b60-a721-2389a0713ce7 HTTP/1.1" 200 OK


External Layout Extraction: 100%|██████████| 11/11 [00:04<00:00,  1.67it/s][A[AExternal Layout Extraction: 100%|██████████| 11/11 [00:04<00:00,  2.51it/s]
INFO:     127.0.0.1:41370 - "GET /tasks/e6ab5bc9-9852-4340-a8db-e7e6997c9046 HTTP/1.1" 200 OK

OCR-det:  69%|██████▉   | 86/124 [00:03<00:02, 18.38it/s][A2026-09-28 11:49:47.625 | INFO     | mineru.utils.engine_utils:get_vlm_engine:34 - Using vllm-async-engine as the inference engine for VLM.
MFR Predict:   0%|          | 0/72 [00:00<?, ?it/s]
OCR-det:  75%|███████▌  | 93/124 [00:03<00:01, 22.53it/s][A
OCR-det:  78%|███████▊  | 97/124 [00:03<00:01, 20.69it/s][A
OCR-det:  82%|████████▏ | 102/124 [00:03<00:00, 24.43it/s][A
OCR-det:  86%|████████▋ | 107/124 [00:03<00:00, 27.96it/s][A
OCR-det:  90%|████████▉ | 111/124 [00:03<00:00, 29.72it/s][A
OCR-det:  94%|█████████▍| 117/124 [00:03<00:00, 33.16it/s][A2026-09-28 11:49:48.566 | INFO     | mineru.backend.hybrid.hybrid_analyze:aio_doc_analyze:1139 - Hybrid processing-window run. page_count=10, window_size=64, total_windows=1
2026-09-28 11:49:48.566 | INFO     | mineru.backend.hybrid.hybrid_analyze:get_batch_ratio:875 - hybrid batch ratio (auto, vram=40GB): 16
INFO:     127.0.0.1:47402 - "GET /tasks/9cba975c-42cb-4b60-a721-2389a0713ce7/result HTTP/1.1" 200 OK
MFR Predict:  89%|████████▉ | 64/72 [00:00<00:00, 73.23it/s]
OCR-det:  98%|█████████▊| 121/124 [00:04<00:00, 31.07it/s][AINFO:     127.0.0.1:47402 - "POST /tasks HTTP/1.1" 202 Accepted
INFO:     127.0.0.1:47402 - "GET /tasks/958a6a35-a782-429e-a4cc-568f0e69414a HTTP/1.1" 200 OK
OCR-det: 100%|██████████| 124/124 [00:04<00:00, 28.60it/s]

Processing pages:   0%|          | 0/10 [00:00<?, ?it/s][A
Processing pages:  10%|█         | 1/10 [00:00<00:01,  5.08it/s][AMFR Predict: 100%|██████████| 72/72 [00:01<00:00, 45.57it/s]MFR Predict: 100%|██████████| 72/72 [00:01<00:00, 50.66it/s]
OCR-det:   0%|          | 0/128 [00:00<?, ?it/s]
Processing pages:  20%|██        | 2/10 [00:00<00:01,  5.82it/s][A
Processing pages:  30%|███       | 3/10 [00:00<00:01,  6.09it/s][A
Processing pages:  40%|████      | 4/10 [00:00<00:00,  6.75it/s][A
Processing pages:  50%|█████     | 5/10 [00:00<00:01,  4.70it/s][A
Processing pages:  60%|██████    | 6/10 [00:01<00:00,  5.36it/s][AOCR-det:   3%|▎         | 4/128 [00:00<00:27,  4.46it/s]
Processing pages:  70%|███████   | 7/10 [00:01<00:00,  5.87it/s][AOCR-det:   5%|▌         | 7/128 [00:01<00:15,  7.80it/s]
Processing pages:  80%|████████  | 8/10 [00:01<00:00,  5.86it/s][AOCR-det:   7%|▋         | 9/128 [00:01<00:12,  9.62it/s]
Processing pages:  90%|█████████ | 9/10 [00:01<00:00,  5.99it/s][AOCR-det:  12%|█▎        | 16/128 [00:01<00:06, 17.34it/s]
Processing pages: 100%|██████████| 10/10 [00:01<00:00,  5.54it/s][AProcessing pages: 100%|██████████| 10/10 [00:01<00:00,  5.65it/s]
2026-09-28 11:49:50.685 | INFO     | mineru.backend.hybrid.hybrid_analyze:aio_doc_analyze:1161 - Hybrid processing window 1/1: pages 1-10/10 (10 pages)

Layout Predict:   0%|          | 0/10 [00:00<?, ?it/s][AINFO:     127.0.0.1:47402 - "GET /tasks/d50215cd-9760-4d15-8ea7-afec03bab814 HTTP/1.1" 200 OK
INFO:     127.0.0.1:54152 - "GET /tasks/b8f837cc-0a5f-4817-ba68-c74d65e5a635 HTTP/1.1" 200 OK
INFO:     127.0.0.1:41356 - "GET /tasks/e6ab5bc9-9852-4340-a8db-e7e6997c9046 HTTP/1.1" 200 OK
INFO:     127.0.0.1:47402 - "GET /tasks/958a6a35-a782-429e-a4cc-568f0e69414a HTTP/1.1" 200 OK
OCR-det:  23%|██▎       | 30/128 [00:01<00:04, 21.04it/s]2026-09-28 11:49:51.149 | INFO     | mineru.utils.engine_utils:get_vlm_engine:34 - Using vllm-async-engine as the inference engine for VLM.
OCR-det:  30%|███       | 39/128 [00:02<00:03, 29.09it/s]OCR-det:  38%|███▊      | 49/128 [00:02<00:02, 33.64it/s]
Layout Predict:  80%|████████  | 8/10 [00:00<00:00,  9.95it/s][AOCR-det:  45%|████▍     | 57/128 [00:02<00:01, 37.20it/s]
Layout Predict: 100%|██████████| 10/10 [00:00<00:00, 10.17it/s][ALayout Predict: 100%|██████████| 10/10 [00:00<00:00, 10.11it/s]
OCR-det:  50%|█████     | 64/128 [00:02<00:01, 40.82it/s]OCR-det:  56%|█████▋    | 72/128 [00:02<00:01, 38.88it/s]2026-09-28 11:49:51.999 | INFO     | mineru.backend.hybrid.hybrid_analyze:aio_doc_analyze:1139 - Hybrid processing-window run. page_count=10, window_size=64, total_windows=1
2026-09-28 11:49:51.999 | INFO     | mineru.backend.hybrid.hybrid_analyze:get_batch_ratio:875 - hybrid batch ratio (auto, vram=40GB): 16

Table orientation det:   0%|          | 0/7 [00:00<?, ?it/s][AOCR-det:  65%|██████▍   | 83/128 [00:02<00:00, 50.77it/s]
Table orientation det:  43%|████▎     | 3/7 [00:00<00:00, 17.14it/s][AOCR-det:  71%|███████   | 91/128 [00:03<00:00, 48.82it/s]
Table orientation det:  71%|███████▏  | 5/7 [00:00<00:00, 15.99it/s][AOCR-det:  77%|███████▋  | 98/128 [00:03<00:00, 49.95it/s]
Table orientation det: 100%|██████████| 7/7 [00:00<00:00, 16.37it/s][A
Table orientation score: 100%|██████████| 7/7 [00:00<00:00, 16.37it/s][A
Table orientation score: 100%|██████████| 7/7 [00:00<00:00, 16.37it/s][A
Table orientation: 100%|██████████| 7/7 [00:00<00:00, 16.37it/s]      [A
Table orientation: 100%|██████████| 7/7 [00:00<00:00, 16.37it/s][ATable orientation: 100%|██████████| 7/7 [00:00<00:00, 16.31it/s]

External Layout Extraction:   0%|          | 0/25 [00:00<?, ?it/s][AOCR-det:  82%|████████▏ | 105/128 [00:03<00:00, 51.38it/s]OCR-det:  90%|████████▉ | 115/128 [00:03<00:00, 51.23it/s]INFO:     127.0.0.1:47402 - "GET /tasks/b8f837cc-0a5f-4817-ba68-c74d65e5a635 HTTP/1.1" 200 OK
INFO:     127.0.0.1:41356 - "GET /tasks/d50215cd-9760-4d15-8ea7-afec03bab814 HTTP/1.1" 200 OK
INFO:     127.0.0.1:54152 - "GET /tasks/e6ab5bc9-9852-4340-a8db-e7e6997c9046 HTTP/1.1" 200 OK

External Layout Extraction:  16%|█▌        | 4/25 [00:00<00:01, 12.05it/s][AINFO:     127.0.0.1:47402 - "GET /tasks/b8f837cc-0a5f-4817-ba68-c74d65e5a635/result HTTP/1.1" 200 OK
OCR-det:  95%|█████████▌| 122/128 [00:03<00:00, 45.64it/s]
External Layout Extraction:  44%|████▍     | 11/25 [00:00<00:00, 25.44it/s][A2026-09-28 11:49:52.939 | INFO     | mineru.backend.hybrid.hybrid_analyze:aio_doc_analyze:1161 - Hybrid processing window 1/1: pages 1-10/10 (10 pages)


Layout Predict:   0%|          | 0/10 [00:00<?, ?it/s][A[AOCR-det: 100%|██████████| 128/128 [00:03<00:00, 47.84it/s]OCR-det: 100%|██████████| 128/128 [00:03<00:00, 33.65it/s]
INFO:     127.0.0.1:47402 - "POST /tasks HTTP/1.1" 202 Accepted
INFO:     127.0.0.1:47402 - "GET /tasks/d000bc9e-1564-44a6-bd0c-925e9515beb0 HTTP/1.1" 200 OK
INFO:     127.0.0.1:54152 - "GET /tasks/958a6a35-a782-429e-a4cc-568f0e69414a HTTP/1.1" 200 OK
Processing pages:   0%|          | 0/10 [00:00<?, ?it/s]Processing pages:  10%|█         | 1/10 [00:00<00:01,  4.96it/s]Processing pages:  20%|██        | 2/10 [00:00<00:01,  6.14it/s]

Layout Predict:  80%|████████  | 8/10 [00:00<00:00, 13.36it/s][A[AProcessing pages:  30%|███       | 3/10 [00:00<00:01,  5.79it/s]

Layout Predict: 100%|██████████| 10/10 [00:00<00:00, 12.01it/s][A[ALayout Predict: 100%|██████████| 10/10 [00:00<00:00, 12.30it/s]
Processing pages:  40%|████      | 4/10 [00:00<00:00,  6.19it/s]Processing pages:  50%|█████     | 5/10 [00:01<00:01,  4.22it/s]Processing pages:  60%|██████    | 6/10 [00:01<00:00,  4.45it/s]Processing pages:  70%|███████   | 7/10 [00:01<00:00,  5.09it/s]Processing pages:  80%|████████  | 8/10 [00:01<00:00,  5.73it/s]Processing pages:  90%|█████████ | 9/10 [00:01<00:00,  5.94it/s]Processing pages: 100%|██████████| 10/10 [00:01<00:00,  5.96it/s]Processing pages: 100%|██████████| 10/10 [00:01<00:00,  5.48it/s]

External Layout Extraction:  60%|██████    | 15/25 [00:02<00:02,  4.67it/s][AINFO:     127.0.0.1:47402 - "GET /tasks/d50215cd-9760-4d15-8ea7-afec03bab814 HTTP/1.1" 200 OK
INFO:     127.0.0.1:54152 - "GET /tasks/e6ab5bc9-9852-4340-a8db-e7e6997c9046 HTTP/1.1" 200 OK
Table orientation det:   0%|          | 0/6 [00:00<?, ?it/s]
External Layout Extraction:  96%|█████████▌| 24/25 [00:03<00:00,  7.83it/s][AINFO:     127.0.0.1:54152 - "GET /tasks/958a6a35-a782-429e-a4cc-568f0e69414a HTTP/1.1" 200 OK
INFO:     127.0.0.1:47402 - "GET /tasks/d000bc9e-1564-44a6-bd0c-925e9515beb0 HTTP/1.1" 200 OK
External Layout Extraction: 100%|██████████| 25/25 [00:03<00:00,  8.24it/s]
2026-09-28 11:49:55.538 | INFO     | mineru.utils.engine_utils:get_vlm_engine:34 - Using vllm-async-engine as the inference engine for VLM.

MFR Predict:   0%|          | 0/31 [00:00<?, ?it/s][ATable orientation det:  17%|█▋        | 1/6 [00:00<00:02,  1.75it/s]Table orientation det:  50%|█████     | 3/6 [00:00<00:00,  4.99it/s]Table orientation det: 100%|██████████| 6/6 [00:00<00:00,  9.75it/s]Table orientation score: 100%|██████████| 6/6 [00:00<00:00,  9.75it/s]Table orientation score: 100%|██████████| 6/6 [00:00<00:00,  9.75it/s]Table orientation: 100%|██████████| 6/6 [00:00<00:00,  9.75it/s]      Table orientation: 100%|██████████| 6/6 [00:00<00:00,  9.75it/s]Table orientation: 100%|██████████| 6/6 [00:00<00:00,  7.17it/s]

MFR Predict:  52%|█████▏    | 16/31 [00:00<00:00, 41.83it/s][A2026-09-28 11:49:56.499 | INFO     | mineru.backend.hybrid.hybrid_analyze:aio_doc_analyze:1139 - Hybrid processing-window run. page_count=10, window_size=64, total_windows=1
2026-09-28 11:49:56.500 | INFO     | mineru.backend.hybrid.hybrid_analyze:get_batch_ratio:875 - hybrid batch ratio (auto, vram=40GB): 16
External Layout Extraction:   0%|          | 0/31 [00:00<?, ?it/s]External Layout Extraction:  23%|██▎       | 7/31 [00:00<00:01, 21.90it/s]External Layout Extraction:  42%|████▏     | 13/31 [00:00<00:00, 30.31it/s]INFO:     127.0.0.1:47402 - "GET /tasks/d50215cd-9760-4d15-8ea7-afec03bab814 HTTP/1.1" 200 OK
INFO:     127.0.0.1:54152 - "GET /tasks/e6ab5bc9-9852-4340-a8db-e7e6997c9046 HTTP/1.1" 200 OK
External Layout Extraction:  61%|██████▏   | 19/31 [00:00<00:00, 36.97it/s]INFO:     127.0.0.1:47402 - "GET /tasks/e6ab5bc9-9852-4340-a8db-e7e6997c9046/result HTTP/1.1" 200 OK
External Layout Extraction:  81%|████████  | 25/31 [00:00<00:00, 42.79it/s]INFO:     127.0.0.1:47402 - "POST /tasks HTTP/1.1" 202 Accepted
INFO:     127.0.0.1:47402 - "GET /tasks/e210f2b6-c451-4025-913d-9c0f214da0cb HTTP/1.1" 200 OK
INFO:     127.0.0.1:54152 - "GET /tasks/d000bc9e-1564-44a6-bd0c-925e9515beb0 HTTP/1.1" 200 OK
INFO:     127.0.0.1:47402 - "GET /tasks/958a6a35-a782-429e-a4cc-568f0e69414a HTTP/1.1" 200 OK
2026-09-28 11:49:57.485 | INFO     | mineru.backend.hybrid.hybrid_analyze:aio_doc_analyze:1161 - Hybrid processing window 1/1: pages 1-10/10 (10 pages)


Layout Predict:   0%|          | 0/10 [00:00<?, ?it/s][A[A
MFR Predict: 100%|██████████| 31/31 [00:02<00:00, 13.30it/s][AMFR Predict: 100%|██████████| 31/31 [00:02<00:00, 14.86it/s]

OCR-det:   0%|          | 0/135 [00:00<?, ?it/s][A

Layout Predict:  80%|████████  | 8/10 [00:00<00:00, 24.52it/s][A[ALayout Predict: 100%|██████████| 10/10 [00:00<00:00, 22.95it/s]


Table orientation det:   0%|          | 0/7 [00:00<?, ?it/s][A[AExternal Layout Extraction:  97%|█████████▋| 30/31 [00:01<00:00, 14.38it/s]

Table orientation det:  43%|████▎     | 3/7 [00:00<00:00, 13.90it/s][A[AExternal Layout Extraction: 100%|██████████| 31/31 [00:01<00:00, 17.57it/s]


Table orientation det:  86%|████████▌ | 6/7 [00:00<00:00, 15.85it/s][A[AMFR Predict:   0%|          | 0/48 [00:00<?, ?it/s]

Table orientation score: 100%|██████████| 7/7 [00:00<00:00, 15.85it/s][A[A

Table orientation score: 100%|██████████| 7/7 [00:00<00:00, 15.85it/s][A[A

Table orientation: 100%|██████████| 7/7 [00:00<00:00, 15.85it/s]      [A[A

Table orientation: 100%|██████████| 7/7 [00:00<00:00, 15.85it/s][A[ATable orientation: 100%|██████████| 7/7 [00:00<00:00, 16.16it/s]


External Layout Extraction:   0%|          | 0/23 [00:00<?, ?it/s][A[A
OCR-det:   4%|▎         | 5/135 [00:00<00:19,  6.74it/s][A
OCR-det:   5%|▌         | 7/135 [00:00<00:14,  8.65it/s][A
OCR-det:  12%|█▏        | 16/135 [00:01<00:05, 20.84it/s][A

External Layout Extraction:  30%|███       | 7/23 [00:00<00:01, 13.71it/s][A[AMFR Predict:  67%|██████▋   | 32/48 [00:00<00:00, 55.97it/s]
OCR-det:  16%|█▋        | 22/135 [00:01<00:05, 22.37it/s][AINFO:     127.0.0.1:47402 - "GET /tasks/d50215cd-9760-4d15-8ea7-afec03bab814 HTTP/1.1" 200 OK


External Layout Extraction:  39%|███▉      | 9/23 [00:00<00:01, 10.79it/s][A[A
OCR-det:  31%|███       | 42/135 [00:01<00:01, 46.97it/s][A
OCR-det:  36%|███▋      | 49/135 [00:01<00:01, 48.97it/s][AINFO:     127.0.0.1:47402 - "GET /tasks/e210f2b6-c451-4025-913d-9c0f214da0cb HTTP/1.1" 200 OK


External Layout Extraction:  52%|█████▏    | 12/23 [00:00<00:00, 13.14it/s][A[A

External Layout Extraction:  61%|██████    | 14/23 [00:01<00:00, 13.17it/s][A[A
OCR-det:  44%|████▍     | 60/135 [00:01<00:01, 54.17it/s][AINFO:     127.0.0.1:47402 - "GET /tasks/d000bc9e-1564-44a6-bd0c-925e9515beb0 HTTP/1.1" 200 OK
INFO:     127.0.0.1:54152 - "GET /tasks/958a6a35-a782-429e-a4cc-568f0e69414a HTTP/1.1" 200 OK

OCR-det:  54%|█████▍    | 73/135 [00:01<00:00, 62.20it/s][A

External Layout Extraction:  70%|██████▉   | 16/23 [00:01<00:00, 12.84it/s][A[A
OCR-det:  67%|██████▋   | 90/135 [00:02<00:00, 81.86it/s][A

External Layout Extraction:  83%|████████▎ | 19/23 [00:01<00:00, 15.09it/s][A[A
OCR-det:  74%|███████▍  | 100/135 [00:02<00:00, 60.38it/s][A

External Layout Extraction:  91%|█████████▏| 21/23 [00:01<00:00,  9.94it/s][A[A
OCR-det:  80%|████████  | 108/135 [00:02<00:00, 58.66it/s][AMFR Predict: 100%|██████████| 48/48 [00:01<00:00, 22.18it/s]MFR Predict: 100%|██████████| 48/48 [00:01<00:00, 25.22it/s]
OCR-det:   0%|          | 0/180 [00:00<?, ?it/s]
OCR-det:  86%|████████▌ | 116/135 [00:02<00:00, 58.00it/s][A
OCR-det:  92%|█████████▏| 124/135 [00:02<00:00, 58.80it/s][AOCR-det: 100%|██████████| 135/135 [00:02<00:00, 48.36it/s]

Processing pages:   0%|          | 0/10 [00:00<?, ?it/s][A
Processing pages:  10%|█         | 1/10 [00:00<00:01,  7.01it/s][A
Processing pages:  20%|██        | 2/10 [00:00<00:01,  6.52it/s][A
Processing pages:  30%|███       | 3/10 [00:00<00:01,  6.62it/s][A
Processing pages:  40%|████      | 4/10 [00:00<00:00,  6.79it/s][AOCR-det:   3%|▎         | 5/180 [00:00<00:33,  5.17it/s]
Processing pages:  50%|█████     | 5/10 [00:00<00:00,  6.58it/s][AOCR-det:   4%|▍         | 7/180 [00:01<00:24,  7.01it/s]
Processing pages:  60%|██████    | 6/10 [00:00<00:00,  6.60it/s][AOCR-det:   7%|▋         | 12/180 [00:01<00:12, 13.39it/s]
Processing pages:  70%|███████   | 7/10 [00:01<00:00,  6.42it/s][AOCR-det:  19%|█▉        | 34/180 [00:01<00:03, 38.57it/s]
Processing pages:  80%|████████  | 8/10 [00:01<00:00,  6.14it/s][AOCR-det:  23%|██▎       | 42/180 [00:01<00:03, 40.27it/s]
Processing pages:  90%|█████████ | 9/10 [00:01<00:00,  5.99it/s][AOCR-det:  29%|██▉       | 53/180 [00:01<00:02, 45.50it/s]
Processing pages: 100%|██████████| 10/10 [00:01<00:00,  5.63it/s][AProcessing pages: 100%|██████████| 10/10 [00:01<00:00,  6.16it/s]
INFO:     127.0.0.1:47402 - "GET /tasks/d50215cd-9760-4d15-8ea7-afec03bab814 HTTP/1.1" 200 OK
INFO:     127.0.0.1:54152 - "GET /tasks/e210f2b6-c451-4025-913d-9c0f214da0cb HTTP/1.1" 200 OK
INFO:     127.0.0.1:36416 - "GET /tasks/d000bc9e-1564-44a6-bd0c-925e9515beb0 HTTP/1.1" 200 OK
INFO:     127.0.0.1:36420 - "GET /tasks/958a6a35-a782-429e-a4cc-568f0e69414a HTTP/1.1" 200 OK


External Layout Extraction: 100%|██████████| 23/23 [00:04<00:00,  2.44it/s][A[AExternal Layout Extraction: 100%|██████████| 23/23 [00:04<00:00,  5.39it/s]
2026-09-28 11:50:02.693 | INFO     | mineru.utils.engine_utils:get_vlm_engine:34 - Using vllm-async-engine as the inference engine for VLM.

MFR Predict:   0%|          | 0/50 [00:00<?, ?it/s][AOCR-det:  36%|███▌      | 64/180 [00:02<00:04, 26.19it/s]OCR-det:  46%|████▌     | 83/180 [00:02<00:02, 41.68it/s]OCR-det:  54%|█████▍    | 97/180 [00:02<00:01, 49.93it/s]OCR-det:  58%|█████▊    | 105/180 [00:03<00:01, 52.82it/s]
MFR Predict:  64%|██████▍   | 32/50 [00:00<00:00, 54.73it/s][AOCR-det:  64%|██████▍   | 116/180 [00:03<00:01, 61.13it/s]OCR-det:  70%|███████   | 126/180 [00:03<00:00, 68.02it/s]2026-09-28 11:50:03.664 | INFO     | mineru.backend.hybrid.hybrid_analyze:aio_doc_analyze:1139 - Hybrid processing-window run. page_count=10, window_size=64, total_windows=1
2026-09-28 11:50:03.664 | INFO     | mineru.backend.hybrid.hybrid_analyze:get_batch_ratio:875 - hybrid batch ratio (auto, vram=40GB): 16
OCR-det:  77%|███████▋  | 138/180 [00:03<00:00, 68.98it/s]OCR-det:  82%|████████▏ | 148/180 [00:03<00:00, 72.94it/s]OCR-det:  88%|████████▊ | 159/180 [00:03<00:00, 65.29it/s]OCR-det:  95%|█████████▌| 171/180 [00:03<00:00, 72.31it/s]INFO:     127.0.0.1:47402 - "GET /tasks/d50215cd-9760-4d15-8ea7-afec03bab814 HTTP/1.1" 200 OK
INFO:     127.0.0.1:54152 - "GET /tasks/e210f2b6-c451-4025-913d-9c0f214da0cb HTTP/1.1" 200 OK
INFO:     127.0.0.1:54152 - "GET /tasks/d000bc9e-1564-44a6-bd0c-925e9515beb0 HTTP/1.1" 200 OK
INFO:     127.0.0.1:47402 - "GET /tasks/d50215cd-9760-4d15-8ea7-afec03bab814/result HTTP/1.1" 200 OK
OCR-det: 100%|██████████| 180/180 [00:04<00:00, 50.10it/s]OCR-det: 100%|██████████| 180/180 [00:04<00:00, 43.07it/s]
2026-09-28 11:50:04.513 | INFO     | mineru.backend.hybrid.hybrid_analyze:aio_doc_analyze:1161 - Hybrid processing window 1/1: pages 1-10/10 (10 pages)
Layout Predict:   0%|          | 0/10 [00:00<?, ?it/s]

Processing pages:   0%|          | 0/10 [00:00<?, ?it/s][A[A
MFR Predict: 100%|██████████| 50/50 [00:01<00:00, 23.63it/s][AMFR Predict: 100%|██████████| 50/50 [00:01<00:00, 26.52it/s]


Processing pages:  10%|█         | 1/10 [00:00<00:01,  5.16it/s][A[A
OCR-det:   0%|          | 0/141 [00:00<?, ?it/s][ALayout Predict:  80%|████████  | 8/10 [00:00<00:00, 24.07it/s]

Processing pages:  20%|██        | 2/10 [00:00<00:01,  5.14it/s][A[ALayout Predict: 100%|██████████| 10/10 [00:00<00:00, 19.07it/s]


Processing pages:  30%|███       | 3/10 [00:00<00:01,  5.44it/s][A[A

Processing pages:  40%|████      | 4/10 [00:00<00:01,  5.87it/s][A[A

Processing pages:  50%|█████     | 5/10 [00:00<00:00,  6.25it/s][A[A

Processing pages:  60%|██████    | 6/10 [00:00<00:00,  6.64it/s][A[A

Processing pages:  70%|███████   | 7/10 [00:01<00:00,  6.62it/s][A[A
OCR-det:   1%|          | 1/141 [00:00<02:15,  1.03it/s][A

Processing pages:  80%|████████  | 8/10 [00:01<00:00,  6.36it/s][A[A
OCR-det:   5%|▍         | 7/141 [00:01<00:16,  8.21it/s][A

Processing pages:  90%|█████████ | 9/10 [00:01<00:00,  6.17it/s][A[A
OCR-det:  11%|█         | 15/141 [00:01<00:07, 16.96it/s][A
OCR-det:  18%|█▊        | 26/141 [00:01<00:03, 30.86it/s][A

Processing pages: 100%|██████████| 10/10 [00:01<00:00,  5.70it/s][A[AProcessing pages: 100%|██████████| 10/10 [00:01<00:00,  5.94it/s]
INFO:     127.0.0.1:54152 - "GET /tasks/958a6a35-a782-429e-a4cc-568f0e69414a HTTP/1.1" 200 OK
INFO:     127.0.0.1:36416 - "GET /tasks/e210f2b6-c451-4025-913d-9c0f214da0cb HTTP/1.1" 200 OK
Table orientation det:   0%|          | 0/5 [00:00<?, ?it/s]INFO:     127.0.0.1:36420 - "GET /tasks/d000bc9e-1564-44a6-bd0c-925e9515beb0 HTTP/1.1" 200 OK
INFO:     127.0.0.1:47402 - "POST /tasks HTTP/1.1" 202 Accepted
INFO:     127.0.0.1:47402 - "GET /tasks/260b39d7-4245-433e-bdad-8fc54acb7a41 HTTP/1.1" 200 OK

OCR-det:  23%|██▎       | 32/141 [00:02<00:06, 16.96it/s][A2026-09-28 11:50:06.887 | INFO     | mineru.utils.engine_utils:get_vlm_engine:34 - Using vllm-async-engine as the inference engine for VLM.
Table orientation det:  20%|██        | 1/5 [00:00<00:02,  1.47it/s]
OCR-det:  33%|███▎      | 47/141 [00:02<00:03, 28.64it/s][ATable orientation det:  80%|████████  | 4/5 [00:00<00:00,  5.96it/s]Table orientation score: 100%|██████████| 5/5 [00:00<00:00,  5.96it/s]Table orientation score: 100%|██████████| 5/5 [00:00<00:00,  5.96it/s]Table orientation: 100%|██████████| 5/5 [00:00<00:00,  5.96it/s]      Table orientation: 100%|██████████| 5/5 [00:00<00:00,  5.96it/s]Table orientation: 100%|██████████| 5/5 [00:00<00:00,  5.44it/s]

OCR-det:  39%|███▉      | 55/141 [00:02<00:02, 34.26it/s][A
OCR-det:  48%|████▊     | 68/141 [00:02<00:01, 47.07it/s][A
OCR-det:  56%|█████▌    | 79/141 [00:02<00:01, 53.87it/s][A
OCR-det:  62%|██████▏   | 88/141 [00:02<00:00, 58.07it/s][A2026-09-28 11:50:07.633 | INFO     | mineru.backend.hybrid.hybrid_analyze:aio_doc_analyze:1139 - Hybrid processing-window run. page_count=10, window_size=64, total_windows=1
2026-09-28 11:50:07.633 | INFO     | mineru.backend.hybrid.hybrid_analyze:get_batch_ratio:875 - hybrid batch ratio (auto, vram=40GB): 16
External Layout Extraction:   0%|          | 0/5 [00:00<?, ?it/s]
OCR-det:  69%|██████▉   | 97/141 [00:02<00:00, 63.47it/s][A
OCR-det:  77%|███████▋  | 108/141 [00:03<00:00, 68.67it/s][AExternal Layout Extraction:  20%|██        | 1/5 [00:00<00:00,  4.16it/s]
OCR-det:  84%|████████▎ | 118/141 [00:03<00:00, 72.88it/s][A
OCR-det:  91%|█████████▏| 129/141 [00:03<00:00, 78.94it/s][A
OCR-det:  99%|█████████▉| 140/141 [00:03<00:00, 83.78it/s][AOCR-det: 100%|██████████| 141/141 [00:03<00:00, 41.01it/s]
External Layout Extraction:  60%|██████    | 3/5 [00:00<00:00,  5.41it/s]INFO:     127.0.0.1:47402 - "GET /tasks/958a6a35-a782-429e-a4cc-568f0e69414a HTTP/1.1" 200 OK
INFO:     127.0.0.1:54152 - "GET /tasks/e210f2b6-c451-4025-913d-9c0f214da0cb HTTP/1.1" 200 OK

Processing pages:   0%|          | 0/10 [00:00<?, ?it/s][A
Processing pages:  10%|█         | 1/10 [00:00<00:03,  2.76it/s][A
Processing pages:  20%|██        | 2/10 [00:00<00:01,  4.19it/s][A
Processing pages:  30%|███       | 3/10 [00:00<00:01,  5.21it/s][A
Processing pages:  40%|████      | 4/10 [00:00<00:01,  4.79it/s][A
Processing pages:  50%|█████     | 5/10 [00:01<00:01,  4.95it/s][A
Processing pages:  60%|██████    | 6/10 [00:01<00:00,  5.73it/s][A
Processing pages:  70%|███████   | 7/10 [00:01<00:00,  6.10it/s][A
Processing pages:  80%|████████  | 8/10 [00:01<00:00,  6.37it/s][A
Processing pages:  90%|█████████ | 9/10 [00:01<00:00,  6.16it/s][A
Processing pages: 100%|██████████| 10/10 [00:01<00:00,  6.13it/s][AProcessing pages: 100%|██████████| 10/10 [00:01<00:00,  5.49it/s]
2026-09-28 11:50:10.108 | INFO     | mineru.backend.hybrid.hybrid_analyze:aio_doc_analyze:1161 - Hybrid processing window 1/1: pages 1-10/10 (10 pages)
INFO:     127.0.0.1:54152 - "GET /tasks/d000bc9e-1564-44a6-bd0c-925e9515beb0 HTTP/1.1" 200 OK

Layout Predict:   0%|          | 0/10 [00:00<?, ?it/s][AINFO:     127.0.0.1:36416 - "GET /tasks/260b39d7-4245-433e-bdad-8fc54acb7a41 HTTP/1.1" 200 OK
External Layout Extraction: 100%|██████████| 5/5 [00:02<00:00,  1.48it/s]External Layout Extraction: 100%|██████████| 5/5 [00:02<00:00,  1.75it/s]
INFO:     127.0.0.1:54152 - "GET /tasks/e210f2b6-c451-4025-913d-9c0f214da0cb HTTP/1.1" 200 OK
INFO:     127.0.0.1:47402 - "GET /tasks/958a6a35-a782-429e-a4cc-568f0e69414a/result HTTP/1.1" 200 OK
MFR Predict:   0%|          | 0/4 [00:00<?, ?it/s]MFR Predict:  50%|█████     | 2/4 [00:00<00:00,  9.87it/s]
Layout Predict:  80%|████████  | 8/10 [00:00<00:00, 11.53it/s][AINFO:     127.0.0.1:47402 - "POST /tasks HTTP/1.1" 202 Accepted
INFO:     127.0.0.1:47402 - "GET /tasks/7c2a07a5-d4e1-4e6d-a74b-87149c262494 HTTP/1.1" 200 OK
2026-09-28 11:50:10.872 | INFO     | mineru.utils.engine_utils:get_vlm_engine:34 - Using vllm-async-engine as the inference engine for VLM.

Layout Predict: 100%|██████████| 10/10 [00:00<00:00, 10.56it/s][ALayout Predict: 100%|██████████| 10/10 [00:00<00:00, 10.77it/s]
MFR Predict: 100%|██████████| 4/4 [00:00<00:00,  3.73it/s]MFR Predict: 100%|██████████| 4/4 [00:00<00:00,  4.11it/s]
OCR-det:   0%|          | 0/167 [00:00<?, ?it/s]2026-09-28 11:50:11.700 | INFO     | mineru.backend.hybrid.hybrid_analyze:aio_doc_analyze:1139 - Hybrid processing-window run. page_count=10, window_size=64, total_windows=1
2026-09-28 11:50:11.700 | INFO     | mineru.backend.hybrid.hybrid_analyze:get_batch_ratio:875 - hybrid batch ratio (auto, vram=40GB): 16

Table orientation det:   0%|          | 0/4 [00:00<?, ?it/s][A
Table orientation det:  75%|███████▌  | 3/4 [00:00<00:00, 29.82it/s][A
Table orientation score: 100%|██████████| 4/4 [00:00<00:00, 29.82it/s][A
Table orientation score: 100%|██████████| 4/4 [00:00<00:00, 29.82it/s][A
Table orientation: 100%|██████████| 4/4 [00:00<00:00, 29.82it/s]      [A
Table orientation: 100%|██████████| 4/4 [00:00<00:00, 29.82it/s][ATable orientation: 100%|██████████| 4/4 [00:00<00:00, 31.74it/s]

External Layout Extraction:   0%|          | 0/16 [00:00<?, ?it/s][A
External Layout Extraction:  31%|███▏      | 5/16 [00:00<00:00, 31.65it/s][AINFO:     127.0.0.1:47402 - "GET /tasks/260b39d7-4245-433e-bdad-8fc54acb7a41 HTTP/1.1" 200 OK
INFO:     127.0.0.1:54152 - "GET /tasks/d000bc9e-1564-44a6-bd0c-925e9515beb0 HTTP/1.1" 200 OK

External Layout Extraction:  69%|██████▉   | 11/16 [00:00<00:00, 37.14it/s][AINFO:     127.0.0.1:47402 - "GET /tasks/d000bc9e-1564-44a6-bd0c-925e9515beb0/result HTTP/1.1" 200 OK
INFO:     127.0.0.1:47402 - "POST /tasks HTTP/1.1" 202 Accepted
INFO:     127.0.0.1:54152 - "GET /tasks/e210f2b6-c451-4025-913d-9c0f214da0cb HTTP/1.1" 200 OK
INFO:     127.0.0.1:47402 - "GET /tasks/16a83ae5-7724-4a42-a7ae-57f250fac7aa HTTP/1.1" 200 OK
OCR-det:   1%|          | 1/167 [00:00<02:41,  1.03it/s]2026-09-28 11:50:12.739 | INFO     | mineru.backend.hybrid.hybrid_analyze:aio_doc_analyze:1161 - Hybrid processing window 1/1: pages 1-10/10 (10 pages)


Layout Predict:   0%|          | 0/10 [00:00<?, ?it/s][A[AOCR-det:   2%|▏         | 4/167 [00:01<00:37,  4.36it/s]INFO:     127.0.0.1:47402 - "GET /tasks/7c2a07a5-d4e1-4e6d-a74b-87149c262494 HTTP/1.1" 200 OK
OCR-det:   4%|▎         | 6/167 [00:01<00:25,  6.25it/s]OCR-det:   5%|▌         | 9/167 [00:01<00:16,  9.86it/s]
External Layout Extraction:  94%|█████████▍| 15/16 [00:01<00:00,  9.41it/s][A

Layout Predict:  80%|████████  | 8/10 [00:00<00:00, 20.50it/s][A[AExternal Layout Extraction: 100%|██████████| 16/16 [00:01<00:00, 12.34it/s]
OCR-det:  10%|█         | 17/167 [00:01<00:06, 21.58it/s]
MFR Predict:   0%|          | 0/67 [00:00<?, ?it/s][AOCR-det:  14%|█▍        | 24/167 [00:01<00:06, 22.27it/s]Layout Predict: 100%|██████████| 10/10 [00:00<00:00, 12.81it/s]


Table orientation det:   0%|          | 0/5 [00:00<?, ?it/s][A[A

Table orientation det:  20%|██        | 1/5 [00:00<00:00,  7.57it/s][A[AOCR-det:  22%|██▏       | 36/167 [00:02<00:03, 34.41it/s]OCR-det:  31%|███       | 52/167 [00:02<00:02, 53.52it/s]

Table orientation det:  60%|██████    | 3/5 [00:00<00:00, 11.47it/s][A[AOCR-det:  36%|███▌      | 60/167 [00:02<00:01, 58.01it/s]
MFR Predict:  96%|█████████▌| 64/67 [00:00<00:00, 84.11it/s][A

Table orientation det: 100%|██████████| 5/5 [00:00<00:00, 10.32it/s][A[A

Table orientation score: 100%|██████████| 5/5 [00:00<00:00, 10.32it/s][A[A

Table orientation score: 100%|██████████| 5/5 [00:00<00:00, 10.32it/s][A[A

Table orientation: 100%|██████████| 5/5 [00:00<00:00, 10.32it/s]      [A[A

Table orientation: 100%|██████████| 5/5 [00:00<00:00, 10.32it/s][A[ATable orientation: 100%|██████████| 5/5 [00:00<00:00, 10.23it/s]


External Layout Extraction:   0%|          | 0/20 [00:00<?, ?it/s][A[AINFO:     127.0.0.1:47402 - "GET /tasks/260b39d7-4245-433e-bdad-8fc54acb7a41 HTTP/1.1" 200 OK
OCR-det:  41%|████      | 68/167 [00:02<00:02, 48.69it/s]OCR-det:  48%|████▊     | 80/167 [00:02<00:01, 54.22it/s]

External Layout Extraction:  10%|█         | 2/20 [00:00<00:02,  6.33it/s][A[AOCR-det:  53%|█████▎    | 89/167 [00:02<00:01, 59.68it/s]INFO:     127.0.0.1:47402 - "GET /tasks/e210f2b6-c451-4025-913d-9c0f214da0cb HTTP/1.1" 200 OK
INFO:     127.0.0.1:54152 - "GET /tasks/16a83ae5-7724-4a42-a7ae-57f250fac7aa HTTP/1.1" 200 OK


External Layout Extraction:  30%|███       | 6/20 [00:00<00:01, 12.56it/s][A[AOCR-det:  59%|█████▉    | 99/167 [00:02<00:01, 60.66it/s]MFR Predict: 100%|██████████| 67/67 [00:01<00:00, 47.10it/s]

OCR-det:   0%|          | 0/157 [00:00<?, ?it/s][AOCR-det:  63%|██████▎   | 106/167 [00:03<00:00, 62.52it/s]OCR-det:  68%|██████▊   | 113/167 [00:03<00:00, 62.73it/s]INFO:     127.0.0.1:47402 - "GET /tasks/7c2a07a5-d4e1-4e6d-a74b-87149c262494 HTTP/1.1" 200 OK


External Layout Extraction:  65%|██████▌   | 13/20 [00:00<00:00, 15.90it/s][A[AOCR-det:  75%|███████▌  | 126/167 [00:03<00:00, 67.76it/s]

External Layout Extraction:  75%|███████▌  | 15/20 [00:01<00:00, 16.37it/s][A[AOCR-det:  84%|████████▍ | 141/167 [00:03<00:00, 82.40it/s]

External Layout Extraction:  85%|████████▌ | 17/20 [00:01<00:00, 14.56it/s][A[AOCR-det:  93%|█████████▎| 156/167 [00:03<00:00, 87.63it/s]OCR-det: 100%|██████████| 167/167 [00:03<00:00, 45.70it/s]
Processing pages:   0%|          | 0/10 [00:00<?, ?it/s]
OCR-det:   1%|▏         | 2/157 [00:00<00:56,  2.75it/s][AProcessing pages:  10%|█         | 1/10 [00:00<00:01,  6.10it/s]
OCR-det:   9%|▉         | 14/157 [00:00<00:07, 20.37it/s][AProcessing pages:  20%|██        | 2/10 [00:00<00:01,  6.02it/s]
OCR-det:  12%|█▏        | 19/157 [00:01<00:06, 21.60it/s][AProcessing pages:  30%|███       | 3/10 [00:00<00:01,  5.71it/s]
OCR-det:  15%|█▌        | 24/157 [00:01<00:05, 24.00it/s][AProcessing pages:  40%|████      | 4/10 [00:00<00:01,  5.44it/s]
OCR-det:  24%|██▍       | 38/157 [00:01<00:03, 39.49it/s][AProcessing pages:  50%|█████     | 5/10 [00:00<00:00,  5.48it/s]
OCR-det:  29%|██▉       | 46/157 [00:01<00:02, 37.62it/s][AProcessing pages:  60%|██████    | 6/10 [00:01<00:00,  5.62it/s]
OCR-det:  34%|███▍      | 54/157 [00:01<00:02, 41.89it/s][AProcessing pages:  70%|███████   | 7/10 [00:01<00:00,  6.01it/s]Processing pages:  80%|████████  | 8/10 [00:01<00:00,  5.98it/s]Processing pages:  90%|█████████ | 9/10 [00:01<00:00,  6.06it/s]
OCR-det:  38%|███▊      | 59/157 [00:02<00:03, 24.87it/s][AProcessing pages: 100%|██████████| 10/10 [00:01<00:00,  5.67it/s]Processing pages: 100%|██████████| 10/10 [00:01<00:00,  5.76it/s]
INFO:     127.0.0.1:47402 - "GET /tasks/260b39d7-4245-433e-bdad-8fc54acb7a41 HTTP/1.1" 200 OK
INFO:     127.0.0.1:54152 - "GET /tasks/e210f2b6-c451-4025-913d-9c0f214da0cb HTTP/1.1" 200 OK
INFO:     127.0.0.1:53026 - "GET /tasks/16a83ae5-7724-4a42-a7ae-57f250fac7aa HTTP/1.1" 200 OK
INFO:     127.0.0.1:53036 - "GET /tasks/7c2a07a5-d4e1-4e6d-a74b-87149c262494 HTTP/1.1" 200 OK


External Layout Extraction:  95%|█████████▌| 19/20 [00:03<00:00,  2.88it/s][A[A
OCR-det:  41%|████      | 64/157 [00:02<00:05, 16.27it/s][A2026-09-28 11:50:17.669 | INFO     | mineru.utils.engine_utils:get_vlm_engine:34 - Using vllm-async-engine as the inference engine for VLM.

OCR-det:  45%|████▍     | 70/157 [00:03<00:04, 20.25it/s][A
OCR-det:  57%|█████▋    | 90/157 [00:03<00:01, 42.11it/s][A
OCR-det:  68%|██████▊   | 107/157 [00:03<00:00, 59.33it/s][A
OCR-det:  76%|███████▌  | 119/157 [00:03<00:00, 64.84it/s][A2026-09-28 11:50:18.258 | INFO     | mineru.backend.hybrid.hybrid_analyze:aio_doc_analyze:1139 - Hybrid processing-window run. page_count=10, window_size=64, total_windows=1
2026-09-28 11:50:18.258 | INFO     | mineru.backend.hybrid.hybrid_analyze:get_batch_ratio:875 - hybrid batch ratio (auto, vram=40GB): 16

OCR-det:  82%|████████▏ | 129/157 [00:03<00:00, 53.21it/s][A
OCR-det:  89%|████████▉ | 140/157 [00:03<00:00, 60.34it/s][A

External Layout Extraction: 100%|██████████| 20/20 [00:04<00:00,  2.26it/s][A[AExternal Layout Extraction: 100%|██████████| 20/20 [00:04<00:00,  4.37it/s]
MFR Predict:   0%|          | 0/37 [00:00<?, ?it/s]
OCR-det:  97%|█████████▋| 152/157 [00:04<00:00, 61.22it/s][AOCR-det: 100%|██████████| 157/157 [00:04<00:00, 37.47it/s]

Processing pages:   0%|          | 0/10 [00:00<?, ?it/s][A
Processing pages:  10%|█         | 1/10 [00:00<00:02,  3.21it/s][A
Processing pages:  20%|██        | 2/10 [00:00<00:01,  4.07it/s][AMFR Predict:  86%|████████▋ | 32/37 [00:00<00:00, 34.91it/s]
Processing pages:  30%|███       | 3/10 [00:00<00:01,  4.47it/s][A
Processing pages:  40%|████      | 4/10 [00:00<00:01,  4.71it/s][A
Processing pages:  50%|█████     | 5/10 [00:01<00:01,  4.88it/s][A
Processing pages:  60%|██████    | 6/10 [00:01<00:00,  4.43it/s][A
Processing pages:  70%|███████   | 7/10 [00:01<00:00,  4.46it/s][A
Processing pages:  80%|████████  | 8/10 [00:01<00:00,  4.61it/s][A
Processing pages:  90%|█████████ | 9/10 [00:01<00:00,  4.70it/s][A
Processing pages: 100%|██████████| 10/10 [00:02<00:00,  4.65it/s][AProcessing pages: 100%|██████████| 10/10 [00:02<00:00,  4.53it/s]
2026-09-28 11:50:21.182 | INFO     | mineru.backend.hybrid.hybrid_analyze:aio_doc_analyze:1161 - Hybrid processing window 1/1: pages 1-10/10 (10 pages)

Layout Predict:   0%|          | 0/10 [00:00<?, ?it/s][AINFO:     127.0.0.1:47402 - "GET /tasks/e210f2b6-c451-4025-913d-9c0f214da0cb HTTP/1.1" 200 OK
INFO:     127.0.0.1:53026 - "GET /tasks/16a83ae5-7724-4a42-a7ae-57f250fac7aa HTTP/1.1" 200 OK
INFO:     127.0.0.1:54152 - "GET /tasks/260b39d7-4245-433e-bdad-8fc54acb7a41 HTTP/1.1" 200 OK
INFO:     127.0.0.1:53036 - "GET /tasks/7c2a07a5-d4e1-4e6d-a74b-87149c262494 HTTP/1.1" 200 OK
INFO:     127.0.0.1:47402 - "GET /tasks/e210f2b6-c451-4025-913d-9c0f214da0cb/result HTTP/1.1" 200 OK
MFR Predict: 100%|██████████| 37/37 [00:03<00:00,  9.77it/s]MFR Predict: 100%|██████████| 37/37 [00:03<00:00, 12.02it/s]
OCR-det:   0%|          | 0/177 [00:00<?, ?it/s]INFO:     127.0.0.1:47402 - "POST /tasks HTTP/1.1" 202 Accepted
INFO:     127.0.0.1:47402 - "GET /tasks/571a44bb-bd63-48ce-a3ff-addec9af0448 HTTP/1.1" 200 OK
2026-09-28 11:50:21.935 | INFO     | mineru.utils.engine_utils:get_vlm_engine:34 - Using vllm-async-engine as the inference engine for VLM.
