[2026-09-28T12:52:05Z] Starting caller: env PYTHONPATH=/gpfs/home5/sfris1/multimodal-tip-of-tongue-for-scientific-papers/src .venv-mineru/bin/python -m extraction --input-dir /scratch-shared/sfris1/pdf_datasets --split-index /scratch-shared/sfris1/data/splits/pdf_dataset_split.json --split train+test --output-dir /scratch-shared/sfris1/processed --api-url http://127.0.0.1:38157 --max-in-flight 8 --domains Engineering
{
  "mineru_health": {
    "completed_tasks": 0,
    "failed_tasks": 0,
    "max_concurrent_requests": 8,
    "processing_tasks": 0,
    "processing_window_size": 64,
    "protocol_version": 2,
    "queued_tasks": 0,
    "servers": [
      {
        "base_url": "http://127.0.0.1:48707",
        "completed_tasks": 0,
        "failed_tasks": 0,
        "gpu": "0",
        "healthy": true,
        "last_checked_at": "2026-09-28T12:52:25.787694+00:00",
        "last_error": null,
        "max_concurrent_requests": 8,
        "processing_tasks": 0,
        "processing_window_size": 64,
        "queued_tasks": 0,
        "server_id": "local-gpu-0",
        "source": "local"
      }
    ],
    "status": "healthy",
    "version": "3.4.0"
  }
}
progress completed=1 failed=0 in_flight=7 remaining=1517 papers/s=0.0108 pages/s=0.0539
progress completed=2 failed=0 in_flight=7 remaining=1516 papers/s=0.0184 pages/s=0.1384
progress completed=3 failed=0 in_flight=7 remaining=1515 papers/s=0.0257 pages/s=0.1712
progress completed=4 failed=0 in_flight=7 remaining=1514 papers/s=0.0342 pages/s=0.2394
progress completed=5 failed=0 in_flight=7 remaining=1513 papers/s=0.041 pages/s=0.2709
progress completed=6 failed=0 in_flight=7 remaining=1512 papers/s=0.0489 pages/s=0.3505
progress completed=7 failed=0 in_flight=7 remaining=1511 papers/s=0.0563 pages/s=0.4261
progress completed=8 failed=0 in_flight=7 remaining=1510 papers/s=0.0523 pages/s=0.3922
progress completed=9 failed=0 in_flight=7 remaining=1509 papers/s=0.0585 pages/s=0.4419
progress completed=10 failed=0 in_flight=7 remaining=1508 papers/s=0.0649 pages/s=0.506
progress completed=11 failed=0 in_flight=7 remaining=1507 papers/s=0.0612 pages/s=0.4614
progress completed=12 failed=0 in_flight=7 remaining=1506 papers/s=0.0667 pages/s=0.5002
progress completed=13 failed=0 in_flight=7 remaining=1505 papers/s=0.0722 pages/s=0.5332
progress completed=14 failed=0 in_flight=7 remaining=1504 papers/s=0.0764 pages/s=0.551
progress completed=15 failed=0 in_flight=7 remaining=1503 papers/s=0.0818 pages/s=0.6054
progress completed=16 failed=0 in_flight=7 remaining=1502 papers/s=0.0872 pages/s=0.6324
progress completed=17 failed=0 in_flight=7 remaining=1501 papers/s=0.0926 pages/s=0.6811
progress completed=18 failed=0 in_flight=7 remaining=1500 papers/s=0.0828 pages/s=0.6164
progress completed=19 failed=0 in_flight=7 remaining=1499 papers/s=0.0869 pages/s=0.6584
progress completed=20 failed=0 in_flight=7 remaining=1498 papers/s=0.0827 pages/s=0.6161
progress completed=21 failed=0 in_flight=7 remaining=1497 papers/s=0.0868 pages/s=0.6531
progress completed=22 failed=0 in_flight=7 remaining=1496 papers/s=0.0845 pages/s=0.6377
progress completed=23 failed=0 in_flight=7 remaining=1495 papers/s=0.0882 pages/s=0.6714
progress completed=24 failed=0 in_flight=7 remaining=1494 papers/s=0.092 pages/s=0.7095
progress completed=25 failed=0 in_flight=7 remaining=1493 papers/s=0.0954 pages/s=0.7445
progress completed=26 failed=0 in_flight=7 remaining=1492 papers/s=0.0981 pages/s=0.7735
failure paper_id=Engineering_2212.05163 error_type=mineru_failure attempts=3 message=Task 27da9495-b8b6-4705-adf3-30189c116605 failed: CUDA out of memory. Tried to allocate 410.00 MiB. GPU 0 has a total capacity of 39.67 GiB of which 137.06 MiB is free. Including non-PyTorch memory, this process has 17.58 GiB memory in use. Process 3386943 has 21.95 GiB memory in use. Of the allocated memory 12.01 GiB is allocated by PyTorch, and 4.84 GiB is reserved by PyTorch but unallocated. If reserved but unallocated memory is large try setting PYTORCH_CUDA_ALLOC_CONF=expandable_segments:True to avoid fragmentation.  See documentation for Memory Management  (https://docs.pytorch.org/docs/stable/notes/cuda.html#optimizing-memory-usage-with-pytorch-cuda-alloc-conf)
progress completed=26 failed=1 in_flight=7 remaining=1491 papers/s=0.0913 pages/s=0.72
progress completed=27 failed=1 in_flight=7 remaining=1490 papers/s=0.0948 pages/s=0.7374
progress completed=28 failed=1 in_flight=7 remaining=1489 papers/s=0.0926 pages/s=0.7208
progress completed=29 failed=1 in_flight=7 remaining=1488 papers/s=0.0942 pages/s=0.7408
progress completed=30 failed=1 in_flight=7 remaining=1487 papers/s=0.097 pages/s=0.7599
progress completed=31 failed=1 in_flight=7 remaining=1486 papers/s=0.0971 pages/s=0.7677
progress completed=32 failed=1 in_flight=7 remaining=1485 papers/s=0.1002 pages/s=0.7986
progress completed=33 failed=1 in_flight=7 remaining=1484 papers/s=0.1033 pages/s=0.8231
progress completed=34 failed=1 in_flight=7 remaining=1483 papers/s=0.1043 pages/s=0.8313
progress completed=35 failed=1 in_flight=7 remaining=1482 papers/s=0.1041 pages/s=0.8209
progress completed=36 failed=1 in_flight=7 remaining=1481 papers/s=0.107 pages/s=0.8503
progress completed=37 failed=1 in_flight=7 remaining=1480 papers/s=0.11 pages/s=0.8769
progress completed=38 failed=1 in_flight=7 remaining=1479 papers/s=0.1087 pages/s=0.8728
progress completed=39 failed=1 in_flight=7 remaining=1478 papers/s=0.1063 pages/s=0.853
progress completed=40 failed=1 in_flight=7 remaining=1477 papers/s=0.1087 pages/s=0.8638
progress completed=41 failed=1 in_flight=7 remaining=1476 papers/s=0.1113 pages/s=0.877
progress completed=42 failed=1 in_flight=7 remaining=1475 papers/s=0.114 pages/s=0.904
progress completed=43 failed=1 in_flight=7 remaining=1474 papers/s=0.1167 pages/s=0.9309
progress completed=44 failed=1 in_flight=7 remaining=1473 papers/s=0.1177 pages/s=0.9309
progress completed=45 failed=1 in_flight=7 remaining=1472 papers/s=0.1196 pages/s=0.9512
progress completed=46 failed=1 in_flight=7 remaining=1471 papers/s=0.1145 pages/s=0.9034
progress completed=47 failed=1 in_flight=7 remaining=1470 papers/s=0.1168 pages/s=0.9144
progress completed=48 failed=1 in_flight=7 remaining=1469 papers/s=0.1192 pages/s=0.929
progress completed=49 failed=1 in_flight=7 remaining=1468 papers/s=0.1216 pages/s=0.9409
progress completed=50 failed=1 in_flight=7 remaining=1467 papers/s=0.124 pages/s=0.965
progress completed=51 failed=1 in_flight=7 remaining=1466 papers/s=0.125 pages/s=0.9658
progress completed=52 failed=1 in_flight=7 remaining=1465 papers/s=0.127 pages/s=0.9844
progress completed=53 failed=1 in_flight=7 remaining=1464 papers/s=0.1289 pages/s=1.0042
progress completed=54 failed=1 in_flight=7 remaining=1463 papers/s=0.1252 pages/s=0.9741
progress completed=55 failed=1 in_flight=7 remaining=1462 papers/s=0.1275 pages/s=0.9855
progress completed=56 failed=1 in_flight=7 remaining=1461 papers/s=0.1262 pages/s=0.9755
progress completed=57 failed=1 in_flight=7 remaining=1460 papers/s=0.1284 pages/s=0.9978
progress completed=58 failed=1 in_flight=7 remaining=1459 papers/s=0.1306 pages/s=1.0202
progress completed=59 failed=1 in_flight=7 remaining=1458 papers/s=0.1328 pages/s=1.0379
progress completed=60 failed=1 in_flight=7 remaining=1457 papers/s=0.1333 pages/s=1.0466
progress completed=61 failed=1 in_flight=7 remaining=1456 papers/s=0.1355 pages/s=1.0683
progress completed=62 failed=1 in_flight=7 remaining=1455 papers/s=0.1292 pages/s=1.0152
progress completed=63 failed=1 in_flight=7 remaining=1454 papers/s=0.1313 pages/s=1.0296
progress completed=64 failed=1 in_flight=7 remaining=1453 papers/s=0.1333 pages/s=1.0437
progress completed=65 failed=1 in_flight=7 remaining=1452 papers/s=0.1354 pages/s=1.058
progress completed=66 failed=1 in_flight=7 remaining=1451 papers/s=0.1371 pages/s=1.0761
progress completed=67 failed=1 in_flight=7 remaining=1450 papers/s=0.1388 pages/s=1.0855
progress completed=68 failed=1 in_flight=7 remaining=1449 papers/s=0.14 pages/s=1.099
progress completed=69 failed=1 in_flight=7 remaining=1448 papers/s=0.1415 pages/s=1.1153
progress completed=70 failed=1 in_flight=7 remaining=1447 papers/s=0.14 pages/s=1.098
progress completed=71 failed=1 in_flight=7 remaining=1446 papers/s=0.1415 pages/s=1.1044
progress completed=72 failed=1 in_flight=7 remaining=1445 papers/s=0.1378 pages/s=1.0718
progress completed=73 failed=1 in_flight=7 remaining=1444 papers/s=0.1397 pages/s=1.0907
progress completed=74 failed=1 in_flight=7 remaining=1443 papers/s=0.1416 pages/s=1.1097
progress completed=75 failed=1 in_flight=7 remaining=1442 papers/s=0.1435 pages/s=1.1268
progress completed=76 failed=1 in_flight=7 remaining=1441 papers/s=0.1454 pages/s=1.1457
progress completed=77 failed=1 in_flight=7 remaining=1440 papers/s=0.1467 pages/s=1.1523
progress completed=78 failed=1 in_flight=7 remaining=1439 papers/s=0.1464 pages/s=1.1547
progress completed=79 failed=1 in_flight=7 remaining=1438 papers/s=0.1467 pages/s=1.1605
progress completed=80 failed=1 in_flight=7 remaining=1437 papers/s=0.145 pages/s=1.1439
progress completed=81 failed=1 in_flight=7 remaining=1436 papers/s=0.1457 pages/s=1.1441
progress completed=82 failed=1 in_flight=7 remaining=1435 papers/s=0.1436 pages/s=1.1241
progress completed=83 failed=1 in_flight=7 remaining=1434 papers/s=0.1436 pages/s=1.1279
progress completed=84 failed=1 in_flight=7 remaining=1433 papers/s=0.1452 pages/s=1.1447
progress completed=85 failed=1 in_flight=7 remaining=1432 papers/s=0.1469 pages/s=1.1617
progress completed=86 failed=1 in_flight=7 remaining=1431 papers/s=0.1472 pages/s=1.1672
progress completed=87 failed=1 in_flight=7 remaining=1430 papers/s=0.1488 pages/s=1.1837
progress completed=88 failed=1 in_flight=7 remaining=1429 papers/s=0.1505 pages/s=1.2007
progress completed=89 failed=1 in_flight=7 remaining=1428 papers/s=0.1507 pages/s=1.2052
progress completed=90 failed=1 in_flight=7 remaining=1427 papers/s=0.1519 pages/s=1.2187
progress completed=91 failed=1 in_flight=7 remaining=1426 papers/s=0.1491 pages/s=1.1931
progress completed=92 failed=1 in_flight=7 remaining=1425 papers/s=0.1462 pages/s=1.1712
progress completed=93 failed=1 in_flight=7 remaining=1424 papers/s=0.1478 pages/s=1.1821
progress completed=94 failed=1 in_flight=7 remaining=1423 papers/s=0.1493 pages/s=1.1946
progress completed=95 failed=1 in_flight=7 remaining=1422 papers/s=0.1508 pages/s=1.2064
progress completed=96 failed=1 in_flight=7 remaining=1421 papers/s=0.1516 pages/s=1.213
progress completed=97 failed=1 in_flight=7 remaining=1420 papers/s=0.1531 pages/s=1.2281
progress completed=98 failed=1 in_flight=7 remaining=1419 papers/s=0.1487 pages/s=1.1894
progress completed=99 failed=1 in_flight=7 remaining=1418 papers/s=0.1502 pages/s=1.2043
progress completed=100 failed=1 in_flight=7 remaining=1417 papers/s=0.1485 pages/s=1.1891
progress completed=101 failed=1 in_flight=7 remaining=1416 papers/s=0.1499 pages/s=1.2037
progress completed=102 failed=1 in_flight=7 remaining=1415 papers/s=0.1483 pages/s=1.1893
progress completed=103 failed=1 in_flight=7 remaining=1414 papers/s=0.1462 pages/s=1.1682
progress completed=104 failed=1 in_flight=7 remaining=1413 papers/s=0.1476 pages/s=1.1806
progress completed=105 failed=1 in_flight=7 remaining=1412 papers/s=0.1487 pages/s=1.1925
failure paper_id=Engineering_2304.01815 error_type=mineru_failure attempts=3 message=Task 37504ee5-7575-4798-b03f-754343490e0b failed: CUDA out of memory. Tried to allocate 158.00 MiB. GPU 0 has a total capacity of 39.67 GiB of which 1.06 MiB is free. Including non-PyTorch memory, this process has 17.71 GiB memory in use. Process 3386943 has 21.95 GiB memory in use. Of the allocated memory 14.23 GiB is allocated by PyTorch, and 2.71 GiB is reserved by PyTorch but unallocated. If reserved but unallocated memory is large try setting PYTORCH_CUDA_ALLOC_CONF=expandable_segments:True to avoid fragmentation.  See documentation for Memory Management  (https://docs.pytorch.org/docs/stable/notes/cuda.html#optimizing-memory-usage-with-pytorch-cuda-alloc-conf)
progress completed=105 failed=2 in_flight=7 remaining=1411 papers/s=0.1436 pages/s=1.1514
failure paper_id=Engineering_2304.06674 error_type=mineru_failure attempts=3 message=Task a6b051d8-4e58-4d90-9c6f-c7f9be044b07 failed: CUDA out of memory. Tried to allocate 158.00 MiB. GPU 0 has a total capacity of 39.67 GiB of which 1.06 MiB is free. Including non-PyTorch memory, this process has 17.71 GiB memory in use. Process 3386943 has 21.95 GiB memory in use. Of the allocated memory 15.31 GiB is allocated by PyTorch, and 1.63 GiB is reserved by PyTorch but unallocated. If reserved but unallocated memory is large try setting PYTORCH_CUDA_ALLOC_CONF=expandable_segments:True to avoid fragmentation.  See documentation for Memory Management  (https://docs.pytorch.org/docs/stable/notes/cuda.html#optimizing-memory-usage-with-pytorch-cuda-alloc-conf)
progress completed=105 failed=3 in_flight=7 remaining=1410 papers/s=0.1406 pages/s=1.1273
failure paper_id=Engineering_2304.05105 error_type=mineru_failure attempts=3 message=Task 2d05169b-bff7-420b-b435-d38987867b4b failed: CUDA out of memory. Tried to allocate 158.00 MiB. GPU 0 has a total capacity of 39.67 GiB of which 1.06 MiB is free. Including non-PyTorch memory, this process has 17.71 GiB memory in use. Process 3386943 has 21.95 GiB memory in use. Of the allocated memory 15.39 GiB is allocated by PyTorch, and 1.55 GiB is reserved by PyTorch but unallocated. If reserved but unallocated memory is large try setting PYTORCH_CUDA_ALLOC_CONF=expandable_segments:True to avoid fragmentation.  See documentation for Memory Management  (https://docs.pytorch.org/docs/stable/notes/cuda.html#optimizing-memory-usage-with-pytorch-cuda-alloc-conf)
progress completed=105 failed=4 in_flight=7 remaining=1409 papers/s=0.14 pages/s=1.1225
failure paper_id=Engineering_2304.06193 error_type=mineru_failure attempts=3 message=Task bed11232-6127-4658-99a0-b8dfabed41d7 failed: CUDA out of memory. Tried to allocate 158.00 MiB. GPU 0 has a total capacity of 39.67 GiB of which 1.06 MiB is free. Including non-PyTorch memory, this process has 17.71 GiB memory in use. Process 3386943 has 21.95 GiB memory in use. Of the allocated memory 15.70 GiB is allocated by PyTorch, and 1.24 GiB is reserved by PyTorch but unallocated. If reserved but unallocated memory is large try setting PYTORCH_CUDA_ALLOC_CONF=expandable_segments:True to avoid fragmentation.  See documentation for Memory Management  (https://docs.pytorch.org/docs/stable/notes/cuda.html#optimizing-memory-usage-with-pytorch-cuda-alloc-conf)
progress completed=105 failed=5 in_flight=7 remaining=1408 papers/s=0.1395 pages/s=1.1183
failure paper_id=Engineering_2304.07120 error_type=mineru_failure attempts=3 message=Task f4b06ca9-eb83-48d0-95f4-8a290b9ed050 failed: CUDA out of memory. Tried to allocate 196.00 MiB. GPU 0 has a total capacity of 39.67 GiB of which 1.06 MiB is free. Including non-PyTorch memory, this process has 17.71 GiB memory in use. Process 3386943 has 21.95 GiB memory in use. Of the allocated memory 15.72 GiB is allocated by PyTorch, and 1.22 GiB is reserved by PyTorch but unallocated. If reserved but unallocated memory is large try setting PYTORCH_CUDA_ALLOC_CONF=expandable_segments:True to avoid fragmentation.  See documentation for Memory Management  (https://docs.pytorch.org/docs/stable/notes/cuda.html#optimizing-memory-usage-with-pytorch-cuda-alloc-conf)
progress completed=105 failed=6 in_flight=7 remaining=1407 papers/s=0.1394 pages/s=1.1182
failure paper_id=Engineering_2304.06485 error_type=mineru_failure attempts=3 message=Task 6f2a21ec-c06e-45d3-aa0f-d1ba8283542f failed: CUDA out of memory. Tried to allocate 158.00 MiB. GPU 0 has a total capacity of 39.67 GiB of which 1.06 MiB is free. Including non-PyTorch memory, this process has 17.71 GiB memory in use. Process 3386943 has 21.95 GiB memory in use. Of the allocated memory 15.85 GiB is allocated by PyTorch, and 1.08 GiB is reserved by PyTorch but unallocated. If reserved but unallocated memory is large try setting PYTORCH_CUDA_ALLOC_CONF=expandable_segments:True to avoid fragmentation.  See documentation for Memory Management  (https://docs.pytorch.org/docs/stable/notes/cuda.html#optimizing-memory-usage-with-pytorch-cuda-alloc-conf)
progress completed=105 failed=7 in_flight=7 remaining=1406 papers/s=0.1389 pages/s=1.1138
failure paper_id=Engineering_2304.06643 error_type=mineru_failure attempts=3 message=Task 3b26ee9b-1b63-4f7c-818e-2ba7296afa05 failed: CUDA out of memory. Tried to allocate 98.00 MiB. GPU 0 has a total capacity of 39.67 GiB of which 1.06 MiB is free. Including non-PyTorch memory, this process has 17.71 GiB memory in use. Process 3386943 has 21.95 GiB memory in use. Of the allocated memory 16.17 GiB is allocated by PyTorch, and 787.50 MiB is reserved by PyTorch but unallocated. If reserved but unallocated memory is large try setting PYTORCH_CUDA_ALLOC_CONF=expandable_segments:True to avoid fragmentation.  See documentation for Memory Management  (https://docs.pytorch.org/docs/stable/notes/cuda.html#optimizing-memory-usage-with-pytorch-cuda-alloc-conf)
progress completed=105 failed=8 in_flight=7 remaining=1405 papers/s=0.1379 pages/s=1.1061
failure paper_id=Engineering_2304.06910 error_type=mineru_failure attempts=3 message=Task 46d3b35c-339f-4bb7-9349-d2839f203436 failed: CUDA out of memory. Tried to allocate 60.00 MiB. GPU 0 has a total capacity of 39.67 GiB of which 1.06 MiB is free. Including non-PyTorch memory, this process has 17.71 GiB memory in use. Process 3386943 has 21.95 GiB memory in use. Of the allocated memory 16.27 GiB is allocated by PyTorch, and 678.91 MiB is reserved by PyTorch but unallocated. If reserved but unallocated memory is large try setting PYTORCH_CUDA_ALLOC_CONF=expandable_segments:True to avoid fragmentation.  See documentation for Memory Management  (https://docs.pytorch.org/docs/stable/notes/cuda.html#optimizing-memory-usage-with-pytorch-cuda-alloc-conf)
progress completed=105 failed=9 in_flight=7 remaining=1404 papers/s=0.1374 pages/s=1.1015
failure paper_id=Engineering_2304.07841 error_type=mineru_failure attempts=3 message=Task b65ae4a0-9b76-4ec2-b6f8-257b0676d762 failed: CUDA out of memory. Tried to allocate 60.00 MiB. GPU 0 has a total capacity of 39.67 GiB of which 1.06 MiB is free. Including non-PyTorch memory, this process has 17.71 GiB memory in use. Process 3386943 has 21.95 GiB memory in use. Of the allocated memory 16.27 GiB is allocated by PyTorch, and 678.91 MiB is reserved by PyTorch but unallocated. If reserved but unallocated memory is large try setting PYTORCH_CUDA_ALLOC_CONF=expandable_segments:True to avoid fragmentation.  See documentation for Memory Management  (https://docs.pytorch.org/docs/stable/notes/cuda.html#optimizing-memory-usage-with-pytorch-cuda-alloc-conf)
progress completed=105 failed=10 in_flight=7 remaining=1403 papers/s=0.137 pages/s=1.0985
progress completed=106 failed=10 in_flight=7 remaining=1402 papers/s=0.1329 pages/s=1.0657
progress completed=107 failed=10 in_flight=7 remaining=1401 papers/s=0.134 pages/s=1.0736
progress completed=108 failed=10 in_flight=7 remaining=1400 papers/s=0.1341 pages/s=1.0743
progress completed=109 failed=10 in_flight=7 remaining=1399 papers/s=0.135 pages/s=1.0827
progress completed=110 failed=10 in_flight=7 remaining=1398 papers/s=0.1362 pages/s=1.0947
progress completed=111 failed=10 in_flight=7 remaining=1397 papers/s=0.1371 pages/s=1.1044
progress completed=112 failed=10 in_flight=7 remaining=1396 papers/s=0.1383 pages/s=1.1102
progress completed=113 failed=10 in_flight=7 remaining=1395 papers/s=0.1392 pages/s=1.12
progress completed=114 failed=10 in_flight=7 remaining=1394 papers/s=0.136 pages/s=1.0967
progress completed=115 failed=10 in_flight=7 remaining=1393 papers/s=0.1366 pages/s=1.1015
progress completed=116 failed=10 in_flight=7 remaining=1392 papers/s=0.1378 pages/s=1.1133
progress completed=117 failed=10 in_flight=7 remaining=1391 papers/s=0.139 pages/s=1.1202
progress completed=118 failed=10 in_flight=7 remaining=1390 papers/s=0.1401 pages/s=1.1295
progress completed=119 failed=10 in_flight=7 remaining=1389 papers/s=0.1413 pages/s=1.1412
progress completed=120 failed=10 in_flight=7 remaining=1388 papers/s=0.1425 pages/s=1.153
progress completed=121 failed=10 in_flight=7 remaining=1387 papers/s=0.1433 pages/s=1.1603
progress completed=122 failed=10 in_flight=7 remaining=1386 papers/s=0.1432 pages/s=1.1594
progress completed=123 failed=10 in_flight=7 remaining=1385 papers/s=0.1441 pages/s=1.1637
progress completed=124 failed=10 in_flight=7 remaining=1384 papers/s=0.1439 pages/s=1.1591
progress completed=125 failed=10 in_flight=7 remaining=1383 papers/s=0.145 pages/s=1.1703
progress completed=126 failed=10 in_flight=7 remaining=1382 papers/s=0.1432 pages/s=1.1522
progress completed=127 failed=10 in_flight=7 remaining=1381 papers/s=0.1443 pages/s=1.1631
progress completed=128 failed=10 in_flight=7 remaining=1380 papers/s=0.1454 pages/s=1.1744
progress completed=129 failed=10 in_flight=7 remaining=1379 papers/s=0.1463 pages/s=1.178
progress completed=130 failed=10 in_flight=7 remaining=1378 papers/s=0.1472 pages/s=1.1882
progress completed=131 failed=10 in_flight=7 remaining=1377 papers/s=0.1483 pages/s=1.198
progress completed=132 failed=10 in_flight=7 remaining=1376 papers/s=0.1467 pages/s=1.1811
progress completed=133 failed=10 in_flight=7 remaining=1375 papers/s=0.1478 pages/s=1.1876
progress completed=134 failed=10 in_flight=7 remaining=1374 papers/s=0.1488 pages/s=1.194
progress completed=135 failed=10 in_flight=7 remaining=1373 papers/s=0.1489 pages/s=1.1911
progress completed=136 failed=10 in_flight=7 remaining=1372 papers/s=0.1497 pages/s=1.1954
progress completed=137 failed=10 in_flight=7 remaining=1371 papers/s=0.1495 pages/s=1.1959
progress completed=138 failed=10 in_flight=7 remaining=1370 papers/s=0.1503 pages/s=1.2047
progress completed=139 failed=10 in_flight=7 remaining=1369 papers/s=0.1493 pages/s=1.1931
progress completed=140 failed=10 in_flight=7 remaining=1368 papers/s=0.1467 pages/s=1.1727
progress completed=141 failed=10 in_flight=7 remaining=1367 papers/s=0.1478 pages/s=1.1831
progress completed=142 failed=10 in_flight=7 remaining=1366 papers/s=0.1488 pages/s=1.1934
progress completed=143 failed=10 in_flight=7 remaining=1365 papers/s=0.1498 pages/s=1.2038
progress completed=144 failed=10 in_flight=7 remaining=1364 papers/s=0.1508 pages/s=1.211
progress completed=145 failed=10 in_flight=7 remaining=1363 papers/s=0.1514 pages/s=1.2172
progress completed=146 failed=10 in_flight=7 remaining=1362 papers/s=0.1524 pages/s=1.2272
progress completed=147 failed=10 in_flight=7 remaining=1361 papers/s=0.1522 pages/s=1.2229
progress completed=148 failed=10 in_flight=7 remaining=1360 papers/s=0.1512 pages/s=1.2113
progress completed=149 failed=10 in_flight=7 remaining=1359 papers/s=0.1522 pages/s=1.2194
progress completed=150 failed=10 in_flight=7 remaining=1358 papers/s=0.1532 pages/s=1.2244
progress completed=151 failed=10 in_flight=7 remaining=1357 papers/s=0.1542 pages/s=1.2343
progress completed=152 failed=10 in_flight=7 remaining=1356 papers/s=0.1548 pages/s=1.2363
progress completed=153 failed=10 in_flight=7 remaining=1355 papers/s=0.1558 pages/s=1.2412
progress completed=154 failed=10 in_flight=7 remaining=1354 papers/s=0.1568 pages/s=1.2473
progress completed=155 failed=10 in_flight=7 remaining=1353 papers/s=0.1554 pages/s=1.233
progress completed=156 failed=10 in_flight=7 remaining=1352 papers/s=0.1564 pages/s=1.238
progress completed=157 failed=10 in_flight=7 remaining=1351 papers/s=0.1574 pages/s=1.2439
progress completed=158 failed=10 in_flight=7 remaining=1350 papers/s=0.1584 pages/s=1.2498
progress completed=159 failed=10 in_flight=7 remaining=1349 papers/s=0.1585 pages/s=1.2487
progress completed=160 failed=10 in_flight=7 remaining=1348 papers/s=0.1581 pages/s=1.2433
progress completed=161 failed=10 in_flight=7 remaining=1347 papers/s=0.1591 pages/s=1.2492
progress completed=162 failed=10 in_flight=7 remaining=1346 papers/s=0.1598 pages/s=1.2568
progress completed=163 failed=10 in_flight=7 remaining=1345 papers/s=0.1578 pages/s=1.2407
progress completed=164 failed=10 in_flight=7 remaining=1344 papers/s=0.1587 pages/s=1.2454
progress completed=165 failed=10 in_flight=7 remaining=1343 papers/s=0.1596 pages/s=1.25
progress completed=166 failed=10 in_flight=7 remaining=1342 papers/s=0.1606 pages/s=1.2557
progress completed=167 failed=10 in_flight=7 remaining=1341 papers/s=0.1605 pages/s=1.254
progress completed=168 failed=10 in_flight=7 remaining=1340 papers/s=0.1614 pages/s=1.2594
progress completed=169 failed=10 in_flight=7 remaining=1339 papers/s=0.1623 pages/s=1.2688
progress completed=170 failed=10 in_flight=7 remaining=1338 papers/s=0.1633 pages/s=1.2774
progress completed=171 failed=10 in_flight=7 remaining=1337 papers/s=0.1628 pages/s=1.2709
progress completed=172 failed=10 in_flight=7 remaining=1336 papers/s=0.1612 pages/s=1.2604
progress completed=173 failed=10 in_flight=7 remaining=1335 papers/s=0.1621 pages/s=1.2649
progress completed=174 failed=10 in_flight=7 remaining=1334 papers/s=0.163 pages/s=1.2742
progress completed=175 failed=10 in_flight=7 remaining=1333 papers/s=0.164 pages/s=1.2826
progress completed=176 failed=10 in_flight=7 remaining=1332 papers/s=0.1649 pages/s=1.2881
progress completed=177 failed=10 in_flight=7 remaining=1331 papers/s=0.1658 pages/s=1.2946
progress completed=178 failed=10 in_flight=7 remaining=1330 papers/s=0.1623 pages/s=1.2693
progress completed=179 failed=10 in_flight=7 remaining=1329 papers/s=0.1632 pages/s=1.2747
progress completed=180 failed=10 in_flight=7 remaining=1328 papers/s=0.1641 pages/s=1.281
progress completed=181 failed=10 in_flight=7 remaining=1327 papers/s=0.165 pages/s=1.2883
progress completed=182 failed=10 in_flight=7 remaining=1326 papers/s=0.1655 pages/s=1.2894
progress completed=183 failed=10 in_flight=7 remaining=1325 papers/s=0.1664 pages/s=1.2983
progress completed=184 failed=10 in_flight=7 remaining=1324 papers/s=0.1673 pages/s=1.3062
progress completed=185 failed=10 in_flight=7 remaining=1323 papers/s=0.1681 pages/s=1.3152
progress completed=186 failed=10 in_flight=7 remaining=1322 papers/s=0.1678 pages/s=1.3096
progress completed=187 failed=10 in_flight=7 remaining=1321 papers/s=0.1684 pages/s=1.3151
progress completed=188 failed=10 in_flight=7 remaining=1320 papers/s=0.1678 pages/s=1.3101
progress completed=189 failed=10 in_flight=7 remaining=1319 papers/s=0.1687 pages/s=1.3145
progress completed=190 failed=10 in_flight=7 remaining=1318 papers/s=0.1685 pages/s=1.312
progress completed=191 failed=10 in_flight=7 remaining=1317 papers/s=0.1693 pages/s=1.316
progress completed=192 failed=10 in_flight=7 remaining=1316 papers/s=0.1701 pages/s=1.3212
progress completed=193 failed=10 in_flight=7 remaining=1315 papers/s=0.171 pages/s=1.33
progress completed=194 failed=10 in_flight=7 remaining=1314 papers/s=0.1701 pages/s=1.3216
progress completed=195 failed=10 in_flight=7 remaining=1313 papers/s=0.168 pages/s=1.3026
progress completed=196 failed=10 in_flight=7 remaining=1312 papers/s=0.1688 pages/s=1.3094
progress completed=197 failed=10 in_flight=7 remaining=1311 papers/s=0.1697 pages/s=1.3162
progress completed=198 failed=10 in_flight=7 remaining=1310 papers/s=0.1706 pages/s=1.3231
progress completed=199 failed=10 in_flight=7 remaining=1309 papers/s=0.1714 pages/s=1.3316
progress completed=200 failed=10 in_flight=7 remaining=1308 papers/s=0.1723 pages/s=1.3401
progress completed=201 failed=10 in_flight=7 remaining=1307 papers/s=0.172 pages/s=1.3397
progress completed=202 failed=10 in_flight=7 remaining=1306 papers/s=0.1726 pages/s=1.3463
progress completed=203 failed=10 in_flight=7 remaining=1305 papers/s=0.1708 pages/s=1.3342
progress completed=204 failed=10 in_flight=7 remaining=1304 papers/s=0.1716 pages/s=1.3409
progress completed=205 failed=10 in_flight=7 remaining=1303 papers/s=0.1724 pages/s=1.345
progress completed=206 failed=10 in_flight=7 remaining=1302 papers/s=0.1733 pages/s=1.3491
progress completed=207 failed=10 in_flight=7 remaining=1301 papers/s=0.1741 pages/s=1.3549
progress completed=208 failed=10 in_flight=7 remaining=1300 papers/s=0.1749 pages/s=1.3589
progress completed=209 failed=10 in_flight=7 remaining=1299 papers/s=0.1749 pages/s=1.3563
progress completed=210 failed=10 in_flight=7 remaining=1298 papers/s=0.1754 pages/s=1.362
progress completed=211 failed=10 in_flight=7 remaining=1297 papers/s=0.1743 pages/s=1.3559
progress completed=212 failed=10 in_flight=7 remaining=1296 papers/s=0.175 pages/s=1.3588
progress completed=213 failed=10 in_flight=7 remaining=1295 papers/s=0.1758 pages/s=1.3668
progress completed=214 failed=10 in_flight=7 remaining=1294 papers/s=0.1748 pages/s=1.3601
progress completed=215 failed=10 in_flight=7 remaining=1293 papers/s=0.1756 pages/s=1.3665
progress completed=216 failed=10 in_flight=7 remaining=1292 papers/s=0.1764 pages/s=1.3746
progress completed=217 failed=10 in_flight=7 remaining=1291 papers/s=0.1769 pages/s=1.3804
progress completed=218 failed=10 in_flight=7 remaining=1290 papers/s=0.1777 pages/s=1.386
progress completed=219 failed=10 in_flight=7 remaining=1289 papers/s=0.1773 pages/s=1.3809
progress completed=220 failed=10 in_flight=7 remaining=1288 papers/s=0.1763 pages/s=1.372
progress completed=221 failed=10 in_flight=7 remaining=1287 papers/s=0.1771 pages/s=1.3766
progress completed=222 failed=10 in_flight=7 remaining=1286 papers/s=0.1779 pages/s=1.3821
progress completed=223 failed=10 in_flight=7 remaining=1285 papers/s=0.1785 pages/s=1.3889
progress completed=224 failed=10 in_flight=7 remaining=1284 papers/s=0.1785 pages/s=1.3877
progress completed=225 failed=10 in_flight=7 remaining=1283 papers/s=0.1787 pages/s=1.3904
progress completed=226 failed=10 in_flight=7 remaining=1282 papers/s=0.1794 pages/s=1.3977
progress completed=227 failed=10 in_flight=7 remaining=1281 papers/s=0.18 pages/s=1.4004
progress completed=228 failed=10 in_flight=7 remaining=1280 papers/s=0.1784 pages/s=1.39
progress completed=229 failed=10 in_flight=7 remaining=1279 papers/s=0.1792 pages/s=1.3938
progress completed=230 failed=10 in_flight=7 remaining=1278 papers/s=0.18 pages/s=1.4016
progress completed=231 failed=10 in_flight=7 remaining=1277 papers/s=0.18 pages/s=1.4011
progress completed=232 failed=10 in_flight=7 remaining=1276 papers/s=0.1793 pages/s=1.3977
progress completed=233 failed=10 in_flight=7 remaining=1275 papers/s=0.1801 pages/s=1.4052
progress completed=234 failed=10 in_flight=7 remaining=1274 papers/s=0.1806 pages/s=1.4106
progress completed=235 failed=10 in_flight=7 remaining=1273 papers/s=0.1813 pages/s=1.4182
progress completed=236 failed=10 in_flight=7 remaining=1272 papers/s=0.1791 pages/s=1.4005
progress completed=237 failed=10 in_flight=7 remaining=1271 papers/s=0.1799 pages/s=1.4043
progress completed=238 failed=10 in_flight=7 remaining=1270 papers/s=0.1806 pages/s=1.4112
progress completed=239 failed=10 in_flight=7 remaining=1269 papers/s=0.1813 pages/s=1.4148
progress completed=240 failed=10 in_flight=7 remaining=1268 papers/s=0.1821 pages/s=1.4193
progress completed=241 failed=10 in_flight=7 remaining=1267 papers/s=0.1828 pages/s=1.4249
progress completed=242 failed=10 in_flight=7 remaining=1266 papers/s=0.1824 pages/s=1.4224
progress completed=243 failed=10 in_flight=7 remaining=1265 papers/s=0.1829 pages/s=1.428
progress completed=244 failed=10 in_flight=7 remaining=1264 papers/s=0.1827 pages/s=1.4241
progress completed=245 failed=10 in_flight=7 remaining=1263 papers/s=0.1802 pages/s=1.4051
progress completed=246 failed=10 in_flight=7 remaining=1262 papers/s=0.181 pages/s=1.4123
progress completed=247 failed=10 in_flight=7 remaining=1261 papers/s=0.1817 pages/s=1.4195
progress completed=248 failed=10 in_flight=7 remaining=1260 papers/s=0.1824 pages/s=1.4267
progress completed=249 failed=10 in_flight=7 remaining=1259 papers/s=0.1831 pages/s=1.4339
progress completed=250 failed=10 in_flight=7 remaining=1258 papers/s=0.1838 pages/s=1.4404
progress completed=251 failed=10 in_flight=7 remaining=1257 papers/s=0.1841 pages/s=1.4413
progress completed=252 failed=10 in_flight=7 remaining=1256 papers/s=0.1848 pages/s=1.4482
progress completed=253 failed=10 in_flight=7 remaining=1255 papers/s=0.184 pages/s=1.4417
progress completed=254 failed=10 in_flight=7 remaining=1254 papers/s=0.1829 pages/s=1.4311
progress completed=255 failed=10 in_flight=7 remaining=1253 papers/s=0.1836 pages/s=1.4346
progress completed=256 failed=10 in_flight=7 remaining=1252 papers/s=0.1843 pages/s=1.4389
progress completed=257 failed=10 in_flight=7 remaining=1251 papers/s=0.185 pages/s=1.4445
progress completed=258 failed=10 in_flight=7 remaining=1250 papers/s=0.1854 pages/s=1.4462
progress completed=259 failed=10 in_flight=7 remaining=1249 papers/s=0.1861 pages/s=1.4532
progress completed=260 failed=10 in_flight=7 remaining=1248 papers/s=0.1868 pages/s=1.46
progress completed=261 failed=10 in_flight=7 remaining=1247 papers/s=0.1839 pages/s=1.4359
progress completed=262 failed=10 in_flight=7 remaining=1246 papers/s=0.1846 pages/s=1.4393
progress completed=263 failed=10 in_flight=7 remaining=1245 papers/s=0.1853 pages/s=1.4442
progress completed=264 failed=10 in_flight=7 remaining=1244 papers/s=0.186 pages/s=1.449
progress completed=265 failed=10 in_flight=7 remaining=1243 papers/s=0.1867 pages/s=1.4525
progress completed=266 failed=10 in_flight=7 remaining=1242 papers/s=0.1874 pages/s=1.4559
progress completed=267 failed=10 in_flight=7 remaining=1241 papers/s=0.1881 pages/s=1.4629
progress completed=268 failed=10 in_flight=7 remaining=1240 papers/s=0.1882 pages/s=1.4638
progress completed=269 failed=10 in_flight=7 remaining=1239 papers/s=0.188 pages/s=1.4601
progress completed=270 failed=10 in_flight=7 remaining=1238 papers/s=0.1863 pages/s=1.4468
progress completed=271 failed=10 in_flight=7 remaining=1237 papers/s=0.1869 pages/s=1.4501
progress completed=272 failed=10 in_flight=7 remaining=1236 papers/s=0.1876 pages/s=1.4541
progress completed=273 failed=10 in_flight=7 remaining=1235 papers/s=0.1883 pages/s=1.4595
progress completed=274 failed=10 in_flight=7 remaining=1234 papers/s=0.189 pages/s=1.4635
progress completed=275 failed=10 in_flight=7 remaining=1233 papers/s=0.1897 pages/s=1.469
progress completed=276 failed=10 in_flight=7 remaining=1232 papers/s=0.1894 pages/s=1.4688
progress completed=277 failed=10 in_flight=7 remaining=1231 papers/s=0.1888 pages/s=1.4656
progress completed=278 failed=10 in_flight=7 remaining=1230 papers/s=0.1869 pages/s=1.4524
progress completed=279 failed=10 in_flight=7 remaining=1229 papers/s=0.1876 pages/s=1.457
progress completed=280 failed=10 in_flight=7 remaining=1228 papers/s=0.1883 pages/s=1.4616
progress completed=281 failed=10 in_flight=7 remaining=1227 papers/s=0.1889 pages/s=1.4649
progress completed=282 failed=10 in_flight=7 remaining=1226 papers/s=0.1896 pages/s=1.4695
progress completed=283 failed=10 in_flight=7 remaining=1225 papers/s=0.1902 pages/s=1.4762
progress completed=284 failed=10 in_flight=7 remaining=1224 papers/s=0.1902 pages/s=1.477
progress completed=285 failed=10 in_flight=7 remaining=1223 papers/s=0.19 pages/s=1.4766
progress completed=286 failed=10 in_flight=7 remaining=1222 papers/s=0.1878 pages/s=1.4611
progress completed=287 failed=10 in_flight=7 remaining=1221 papers/s=0.1884 pages/s=1.4675
progress completed=288 failed=10 in_flight=7 remaining=1220 papers/s=0.1891 pages/s=1.4726
progress completed=289 failed=10 in_flight=7 remaining=1219 papers/s=0.1897 pages/s=1.4765
progress completed=290 failed=10 in_flight=7 remaining=1218 papers/s=0.1902 pages/s=1.4789
progress completed=291 failed=10 in_flight=7 remaining=1217 papers/s=0.1908 pages/s=1.4853
progress completed=292 failed=10 in_flight=7 remaining=1216 papers/s=0.1914 pages/s=1.4904
progress completed=293 failed=10 in_flight=7 remaining=1215 papers/s=0.192 pages/s=1.4969
progress completed=294 failed=10 in_flight=7 remaining=1214 papers/s=0.1899 pages/s=1.4788
progress completed=295 failed=10 in_flight=7 remaining=1213 papers/s=0.1906 pages/s=1.4852
progress completed=296 failed=10 in_flight=7 remaining=1212 papers/s=0.1902 pages/s=1.4838
progress completed=297 failed=10 in_flight=7 remaining=1211 papers/s=0.19 pages/s=1.4823
progress completed=298 failed=10 in_flight=7 remaining=1210 papers/s=0.1906 pages/s=1.4886
progress completed=299 failed=10 in_flight=7 remaining=1209 papers/s=0.1913 pages/s=1.4923
progress completed=300 failed=10 in_flight=7 remaining=1208 papers/s=0.1919 pages/s=1.4987
progress completed=301 failed=10 in_flight=7 remaining=1207 papers/s=0.1916 pages/s=1.4981
progress completed=302 failed=10 in_flight=7 remaining=1206 papers/s=0.1886 pages/s=1.474
progress completed=303 failed=10 in_flight=7 remaining=1205 papers/s=0.1892 pages/s=1.4777
progress completed=304 failed=10 in_flight=7 remaining=1204 papers/s=0.1899 pages/s=1.4807
progress completed=305 failed=10 in_flight=7 remaining=1203 papers/s=0.1905 pages/s=1.4869
progress completed=306 failed=10 in_flight=7 remaining=1202 papers/s=0.1908 pages/s=1.488
progress completed=307 failed=10 in_flight=7 remaining=1201 papers/s=0.1914 pages/s=1.4922
progress completed=308 failed=10 in_flight=7 remaining=1200 papers/s=0.192 pages/s=1.497
progress completed=309 failed=10 in_flight=7 remaining=1199 papers/s=0.1926 pages/s=1.5026
progress completed=310 failed=10 in_flight=7 remaining=1198 papers/s=0.1916 pages/s=1.4935
progress completed=311 failed=10 in_flight=7 remaining=1197 papers/s=0.1922 pages/s=1.4978
progress completed=312 failed=10 in_flight=7 remaining=1196 papers/s=0.1929 pages/s=1.5008
progress completed=313 failed=10 in_flight=7 remaining=1195 papers/s=0.1935 pages/s=1.5045
progress completed=314 failed=10 in_flight=7 remaining=1194 papers/s=0.1941 pages/s=1.5075
progress completed=315 failed=10 in_flight=7 remaining=1193 papers/s=0.1941 pages/s=1.5069
progress completed=316 failed=10 in_flight=7 remaining=1192 papers/s=0.1911 pages/s=1.4826
progress completed=317 failed=10 in_flight=7 remaining=1191 papers/s=0.1917 pages/s=1.4873
progress completed=318 failed=10 in_flight=7 remaining=1190 papers/s=0.1922 pages/s=1.4931
progress completed=319 failed=10 in_flight=7 remaining=1189 papers/s=0.1928 pages/s=1.4984
progress completed=320 failed=10 in_flight=7 remaining=1188 papers/s=0.1931 pages/s=1.5009
progress completed=321 failed=10 in_flight=7 remaining=1187 papers/s=0.1937 pages/s=1.5054
progress completed=322 failed=10 in_flight=7 remaining=1186 papers/s=0.1941 pages/s=1.5104
progress completed=323 failed=10 in_flight=7 remaining=1185 papers/s=0.1947 pages/s=1.516
progress completed=324 failed=10 in_flight=7 remaining=1184 papers/s=0.1944 pages/s=1.5125
progress completed=325 failed=10 in_flight=7 remaining=1183 papers/s=0.1928 pages/s=1.4995
progress completed=326 failed=10 in_flight=7 remaining=1182 papers/s=0.1934 pages/s=1.5042
progress completed=327 failed=10 in_flight=7 remaining=1181 papers/s=0.1939 pages/s=1.5099
progress completed=328 failed=10 in_flight=7 remaining=1180 papers/s=0.1945 pages/s=1.5158
progress completed=329 failed=10 in_flight=7 remaining=1179 papers/s=0.1951 pages/s=1.5217
progress completed=330 failed=10 in_flight=7 remaining=1178 papers/s=0.195 pages/s=1.5221
progress completed=331 failed=10 in_flight=7 remaining=1177 papers/s=0.1947 pages/s=1.521
progress completed=332 failed=10 in_flight=7 remaining=1176 papers/s=0.1951 pages/s=1.5256
progress completed=333 failed=10 in_flight=7 remaining=1175 papers/s=0.195 pages/s=1.5255
progress completed=334 failed=10 in_flight=7 remaining=1174 papers/s=0.1953 pages/s=1.527
progress completed=335 failed=10 in_flight=7 remaining=1173 papers/s=0.1939 pages/s=1.5139
progress completed=336 failed=10 in_flight=7 remaining=1172 papers/s=0.1944 pages/s=1.5178
progress completed=337 failed=10 in_flight=7 remaining=1171 papers/s=0.1949 pages/s=1.5205
progress completed=338 failed=10 in_flight=7 remaining=1170 papers/s=0.1955 pages/s=1.5263
progress completed=339 failed=10 in_flight=7 remaining=1169 papers/s=0.196 pages/s=1.5319
progress completed=340 failed=10 in_flight=7 remaining=1168 papers/s=0.1966 pages/s=1.5376
progress completed=341 failed=10 in_flight=7 remaining=1167 papers/s=0.1956 pages/s=1.528
progress completed=342 failed=10 in_flight=7 remaining=1166 papers/s=0.196 pages/s=1.5314
progress completed=343 failed=10 in_flight=7 remaining=1165 papers/s=0.1941 pages/s=1.5161
progress completed=344 failed=10 in_flight=7 remaining=1164 papers/s=0.1947 pages/s=1.5216
progress completed=345 failed=10 in_flight=7 remaining=1163 papers/s=0.1952 pages/s=1.5272
progress completed=346 failed=10 in_flight=7 remaining=1162 papers/s=0.1958 pages/s=1.5328
progress completed=347 failed=10 in_flight=7 remaining=1161 papers/s=0.1963 pages/s=1.5384
progress completed=348 failed=10 in_flight=7 remaining=1160 papers/s=0.1958 pages/s=1.5353
progress completed=349 failed=10 in_flight=7 remaining=1159 papers/s=0.1963 pages/s=1.5391
progress completed=350 failed=10 in_flight=7 remaining=1158 papers/s=0.1967 pages/s=1.5421
progress completed=351 failed=10 in_flight=7 remaining=1157 papers/s=0.1958 pages/s=1.5348
progress completed=352 failed=10 in_flight=7 remaining=1156 papers/s=0.1936 pages/s=1.5188
progress completed=353 failed=10 in_flight=7 remaining=1155 papers/s=0.1942 pages/s=1.5242
progress completed=354 failed=10 in_flight=7 remaining=1154 papers/s=0.1947 pages/s=1.5296
progress completed=355 failed=10 in_flight=7 remaining=1153 papers/s=0.1952 pages/s=1.5328
progress completed=356 failed=10 in_flight=7 remaining=1152 papers/s=0.1958 pages/s=1.5382
progress completed=357 failed=10 in_flight=7 remaining=1151 papers/s=0.1963 pages/s=1.5437
progress completed=358 failed=10 in_flight=7 remaining=1150 papers/s=0.1965 pages/s=1.5439
progress completed=359 failed=10 in_flight=7 remaining=1149 papers/s=0.197 pages/s=1.5492
progress completed=360 failed=10 in_flight=7 remaining=1148 papers/s=0.1944 pages/s=1.5293
progress completed=361 failed=10 in_flight=7 remaining=1147 papers/s=0.1949 pages/s=1.5319
progress completed=362 failed=10 in_flight=7 remaining=1146 papers/s=0.1955 pages/s=1.5373
progress completed=363 failed=10 in_flight=7 remaining=1145 papers/s=0.196 pages/s=1.5405
progress completed=364 failed=10 in_flight=7 remaining=1144 papers/s=0.1965 pages/s=1.5437
progress completed=365 failed=10 in_flight=7 remaining=1143 papers/s=0.1971 pages/s=1.549
progress completed=366 failed=10 in_flight=7 remaining=1142 papers/s=0.1976 pages/s=1.5543
progress completed=367 failed=10 in_flight=7 remaining=1141 papers/s=0.1975 pages/s=1.5529
progress completed=368 failed=10 in_flight=7 remaining=1140 papers/s=0.1948 pages/s=1.5305
progress completed=369 failed=10 in_flight=7 remaining=1139 papers/s=0.1953 pages/s=1.533
progress completed=370 failed=10 in_flight=7 remaining=1138 papers/s=0.1958 pages/s=1.5355
progress completed=371 failed=10 in_flight=7 remaining=1137 papers/s=0.1964 pages/s=1.5381
progress completed=372 failed=10 in_flight=7 remaining=1136 papers/s=0.1966 pages/s=1.5399
progress completed=373 failed=10 in_flight=7 remaining=1135 papers/s=0.197 pages/s=1.5425
progress completed=374 failed=10 in_flight=7 remaining=1134 papers/s=0.1975 pages/s=1.5477
progress completed=375 failed=10 in_flight=7 remaining=1133 papers/s=0.198 pages/s=1.5523
progress completed=376 failed=10 in_flight=7 remaining=1132 papers/s=0.1971 pages/s=1.5456
progress completed=377 failed=10 in_flight=7 remaining=1131 papers/s=0.1955 pages/s=1.5321
progress completed=378 failed=10 in_flight=7 remaining=1130 papers/s=0.196 pages/s=1.5373
progress completed=379 failed=10 in_flight=7 remaining=1129 papers/s=0.1965 pages/s=1.5424
progress completed=380 failed=10 in_flight=7 remaining=1128 papers/s=0.197 pages/s=1.5475
progress completed=381 failed=10 in_flight=7 remaining=1127 papers/s=0.1972 pages/s=1.5501
progress completed=382 failed=10 in_flight=7 remaining=1126 papers/s=0.1977 pages/s=1.5552
progress completed=383 failed=10 in_flight=7 remaining=1125 papers/s=0.1982 pages/s=1.5603
progress completed=384 failed=10 in_flight=7 remaining=1124 papers/s=0.1978 pages/s=1.556
progress completed=385 failed=10 in_flight=7 remaining=1123 papers/s=0.197 pages/s=1.5491
progress completed=386 failed=10 in_flight=7 remaining=1122 papers/s=0.1975 pages/s=1.5542
progress completed=387 failed=10 in_flight=7 remaining=1121 papers/s=0.198 pages/s=1.5577
progress completed=388 failed=10 in_flight=7 remaining=1120 papers/s=0.1985 pages/s=1.5628
progress completed=389 failed=10 in_flight=7 remaining=1119 papers/s=0.199 pages/s=1.5678
progress completed=390 failed=10 in_flight=7 remaining=1118 papers/s=0.1987 pages/s=1.5637
progress completed=391 failed=10 in_flight=7 remaining=1117 papers/s=0.1977 pages/s=1.5559
progress completed=392 failed=10 in_flight=7 remaining=1116 papers/s=0.198 pages/s=1.5596
progress completed=393 failed=10 in_flight=7 remaining=1115 papers/s=0.1985 pages/s=1.5634
progress completed=394 failed=10 in_flight=7 remaining=1114 papers/s=0.1983 pages/s=1.5625
progress completed=395 failed=10 in_flight=7 remaining=1113 papers/s=0.1988 pages/s=1.5674
progress completed=396 failed=10 in_flight=7 remaining=1112 papers/s=0.1989 pages/s=1.5696
progress completed=397 failed=10 in_flight=7 remaining=1111 papers/s=0.1984 pages/s=1.566
progress completed=398 failed=10 in_flight=7 remaining=1110 papers/s=0.1989 pages/s=1.5685
progress completed=399 failed=10 in_flight=7 remaining=1109 papers/s=0.1992 pages/s=1.5698
progress completed=400 failed=10 in_flight=7 remaining=1108 papers/s=0.1997 pages/s=1.5748
progress completed=401 failed=10 in_flight=7 remaining=1107 papers/s=0.1989 pages/s=1.5675
progress completed=402 failed=10 in_flight=7 remaining=1106 papers/s=0.1993 pages/s=1.5714
progress completed=403 failed=10 in_flight=7 remaining=1105 papers/s=0.1998 pages/s=1.5763
progress completed=404 failed=10 in_flight=7 remaining=1104 papers/s=0.1988 pages/s=1.5693
progress completed=405 failed=10 in_flight=7 remaining=1103 papers/s=0.1993 pages/s=1.5724
progress completed=406 failed=10 in_flight=7 remaining=1102 papers/s=0.1997 pages/s=1.5773
progress completed=407 failed=10 in_flight=7 remaining=1101 papers/s=0.2 pages/s=1.5807
progress completed=408 failed=10 in_flight=7 remaining=1100 papers/s=0.2005 pages/s=1.5851
progress completed=409 failed=10 in_flight=7 remaining=1099 papers/s=0.199 pages/s=1.5718
progress completed=410 failed=10 in_flight=7 remaining=1098 papers/s=0.1995 pages/s=1.5747
progress completed=411 failed=10 in_flight=7 remaining=1097 papers/s=0.2 pages/s=1.577
progress completed=412 failed=10 in_flight=7 remaining=1096 papers/s=0.2005 pages/s=1.5794
progress completed=413 failed=10 in_flight=7 remaining=1095 papers/s=0.2009 pages/s=1.5823
progress completed=414 failed=10 in_flight=7 remaining=1094 papers/s=0.2014 pages/s=1.5856
progress completed=415 failed=10 in_flight=7 remaining=1093 papers/s=0.2015 pages/s=1.5871
progress completed=416 failed=10 in_flight=7 remaining=1092 papers/s=0.2018 pages/s=1.5903
progress completed=417 failed=10 in_flight=7 remaining=1091 papers/s=0.2016 pages/s=1.5876
progress completed=418 failed=10 in_flight=7 remaining=1090 papers/s=0.2003 pages/s=1.5769
progress completed=419 failed=10 in_flight=7 remaining=1089 papers/s=0.2008 pages/s=1.5797
progress completed=420 failed=10 in_flight=7 remaining=1088 papers/s=0.2012 pages/s=1.5829
progress completed=421 failed=10 in_flight=7 remaining=1087 papers/s=0.201 pages/s=1.5809
progress completed=422 failed=10 in_flight=7 remaining=1086 papers/s=0.2015 pages/s=1.5841
progress completed=423 failed=10 in_flight=7 remaining=1085 papers/s=0.2019 pages/s=1.5887
progress completed=424 failed=10 in_flight=7 remaining=1084 papers/s=0.2014 pages/s=1.5859
progress completed=425 failed=10 in_flight=7 remaining=1083 papers/s=0.2019 pages/s=1.5904
progress completed=426 failed=10 in_flight=7 remaining=1082 papers/s=0.2022 pages/s=1.5922
progress completed=427 failed=10 in_flight=7 remaining=1081 papers/s=0.2 pages/s=1.5741
progress completed=428 failed=10 in_flight=7 remaining=1080 papers/s=0.2004 pages/s=1.5773
progress completed=429 failed=10 in_flight=7 remaining=1079 papers/s=0.2009 pages/s=1.5819
progress completed=430 failed=10 in_flight=7 remaining=1078 papers/s=0.2014 pages/s=1.5855
progress completed=431 failed=10 in_flight=7 remaining=1077 papers/s=0.2018 pages/s=1.5882
progress completed=432 failed=10 in_flight=7 remaining=1076 papers/s=0.2023 pages/s=1.5929
progress completed=433 failed=10 in_flight=7 remaining=1075 papers/s=0.2027 pages/s=1.5965
progress completed=434 failed=10 in_flight=7 remaining=1074 papers/s=0.2032 pages/s=1.6011
progress completed=435 failed=10 in_flight=7 remaining=1073 papers/s=0.2021 pages/s=1.5918
progress completed=436 failed=10 in_flight=7 remaining=1072 papers/s=0.2024 pages/s=1.5939
progress completed=437 failed=10 in_flight=7 remaining=1071 papers/s=0.2012 pages/s=1.5829
progress completed=438 failed=10 in_flight=7 remaining=1070 papers/s=0.2016 pages/s=1.5873
progress completed=439 failed=10 in_flight=7 remaining=1069 papers/s=0.2021 pages/s=1.5899
progress completed=440 failed=10 in_flight=7 remaining=1068 papers/s=0.2025 pages/s=1.5926
progress completed=441 failed=10 in_flight=7 remaining=1067 papers/s=0.203 pages/s=1.597
progress completed=442 failed=10 in_flight=7 remaining=1066 papers/s=0.2034 pages/s=1.6015
progress completed=443 failed=10 in_flight=7 remaining=1065 papers/s=0.2039 pages/s=1.6056
progress completed=444 failed=10 in_flight=7 remaining=1064 papers/s=0.2037 pages/s=1.6032
progress completed=445 failed=10 in_flight=7 remaining=1063 papers/s=0.2035 pages/s=1.6023
progress completed=446 failed=10 in_flight=7 remaining=1062 papers/s=0.2039 pages/s=1.605
progress completed=447 failed=10 in_flight=7 remaining=1061 papers/s=0.2043 pages/s=1.6088
progress completed=448 failed=10 in_flight=7 remaining=1060 papers/s=0.2024 pages/s=1.5925
progress completed=449 failed=10 in_flight=7 remaining=1059 papers/s=0.2028 pages/s=1.5969
progress completed=450 failed=10 in_flight=7 remaining=1058 papers/s=0.2033 pages/s=1.6014
progress completed=451 failed=10 in_flight=7 remaining=1057 papers/s=0.2037 pages/s=1.6058
progress completed=452 failed=10 in_flight=7 remaining=1056 papers/s=0.2042 pages/s=1.6103
progress completed=453 failed=10 in_flight=7 remaining=1055 papers/s=0.2046 pages/s=1.6129
progress completed=454 failed=10 in_flight=7 remaining=1054 papers/s=0.205 pages/s=1.6173
progress completed=455 failed=10 in_flight=7 remaining=1053 papers/s=0.2048 pages/s=1.6162
progress completed=456 failed=10 in_flight=7 remaining=1052 papers/s=0.2047 pages/s=1.6148
progress completed=457 failed=10 in_flight=7 remaining=1051 papers/s=0.2038 pages/s=1.6066
progress completed=458 failed=10 in_flight=7 remaining=1050 papers/s=0.2042 pages/s=1.6094
progress completed=459 failed=10 in_flight=7 remaining=1049 papers/s=0.2047 pages/s=1.6114
progress completed=460 failed=10 in_flight=7 remaining=1048 papers/s=0.2051 pages/s=1.6157
progress completed=461 failed=10 in_flight=7 remaining=1047 papers/s=0.2054 pages/s=1.617
progress completed=462 failed=10 in_flight=7 remaining=1046 papers/s=0.2058 pages/s=1.6189
progress completed=463 failed=10 in_flight=7 remaining=1045 papers/s=0.2055 pages/s=1.6175
progress completed=464 failed=10 in_flight=7 remaining=1044 papers/s=0.2052 pages/s=1.6161
progress completed=465 failed=10 in_flight=7 remaining=1043 papers/s=0.2037 pages/s=1.6041
progress completed=466 failed=10 in_flight=7 remaining=1042 papers/s=0.2042 pages/s=1.6067
progress completed=467 failed=10 in_flight=7 remaining=1041 papers/s=0.2046 pages/s=1.6093
progress completed=468 failed=10 in_flight=7 remaining=1040 papers/s=0.205 pages/s=1.6135
progress completed=469 failed=10 in_flight=7 remaining=1039 papers/s=0.2054 pages/s=1.6176
progress completed=470 failed=10 in_flight=7 remaining=1038 papers/s=0.2057 pages/s=1.619
progress completed=471 failed=10 in_flight=7 remaining=1037 papers/s=0.206 pages/s=1.6223
progress completed=472 failed=10 in_flight=7 remaining=1036 papers/s=0.2064 pages/s=1.6262
progress completed=473 failed=10 in_flight=7 remaining=1035 papers/s=0.2062 pages/s=1.6244
progress completed=474 failed=10 in_flight=7 remaining=1034 papers/s=0.2049 pages/s=1.6133
progress completed=475 failed=10 in_flight=7 remaining=1033 papers/s=0.2053 pages/s=1.6159
progress completed=476 failed=10 in_flight=7 remaining=1032 papers/s=0.2057 pages/s=1.6201
progress completed=477 failed=10 in_flight=7 remaining=1031 papers/s=0.2061 pages/s=1.623
progress completed=478 failed=10 in_flight=7 remaining=1030 papers/s=0.2063 pages/s=1.6229
progress completed=479 failed=10 in_flight=7 remaining=1029 papers/s=0.2067 pages/s=1.6252
progress completed=480 failed=10 in_flight=7 remaining=1028 papers/s=0.2071 pages/s=1.6291
progress completed=481 failed=10 in_flight=7 remaining=1027 papers/s=0.2068 pages/s=1.6256
progress completed=482 failed=10 in_flight=7 remaining=1026 papers/s=0.2071 pages/s=1.6273
progress completed=483 failed=10 in_flight=7 remaining=1025 papers/s=0.204 pages/s=1.6034
progress completed=484 failed=10 in_flight=7 remaining=1024 papers/s=0.2044 pages/s=1.6071
progress completed=485 failed=10 in_flight=7 remaining=1023 papers/s=0.2048 pages/s=1.6092
progress completed=486 failed=10 in_flight=7 remaining=1022 papers/s=0.2053 pages/s=1.6117
progress completed=487 failed=10 in_flight=7 remaining=1021 papers/s=0.2057 pages/s=1.6141
progress completed=488 failed=10 in_flight=7 remaining=1020 papers/s=0.2061 pages/s=1.6175
progress completed=489 failed=10 in_flight=7 remaining=1019 papers/s=0.2065 pages/s=1.6216
progress completed=490 failed=10 in_flight=7 remaining=1018 papers/s=0.2064 pages/s=1.6218
progress completed=491 failed=10 in_flight=7 remaining=1017 papers/s=0.2056 pages/s=1.6141
progress completed=492 failed=10 in_flight=7 remaining=1016 papers/s=0.2043 pages/s=1.6028
progress completed=493 failed=10 in_flight=7 remaining=1015 papers/s=0.2047 pages/s=1.6064
progress completed=494 failed=10 in_flight=7 remaining=1014 papers/s=0.2051 pages/s=1.6093
progress completed=495 failed=10 in_flight=7 remaining=1013 papers/s=0.2055 pages/s=1.6134
progress completed=496 failed=10 in_flight=7 remaining=1012 papers/s=0.2059 pages/s=1.6175
progress completed=497 failed=10 in_flight=7 remaining=1011 papers/s=0.2062 pages/s=1.6197
progress completed=498 failed=10 in_flight=7 remaining=1010 papers/s=0.2066 pages/s=1.6238
progress completed=499 failed=10 in_flight=7 remaining=1009 papers/s=0.206 pages/s=1.6199
progress completed=500 failed=10 in_flight=7 remaining=1008 papers/s=0.2053 pages/s=1.6146
progress completed=501 failed=10 in_flight=7 remaining=1007 papers/s=0.2052 pages/s=1.6135
progress completed=502 failed=10 in_flight=7 remaining=1006 papers/s=0.2056 pages/s=1.6164
progress completed=503 failed=10 in_flight=7 remaining=1005 papers/s=0.206 pages/s=1.6188
progress completed=504 failed=10 in_flight=7 remaining=1004 papers/s=0.2064 pages/s=1.6213
progress completed=505 failed=10 in_flight=7 remaining=1003 papers/s=0.206 pages/s=1.6183
progress completed=506 failed=10 in_flight=7 remaining=1002 papers/s=0.2064 pages/s=1.6222
progress completed=507 failed=10 in_flight=7 remaining=1001 papers/s=0.2064 pages/s=1.6235
progress completed=508 failed=10 in_flight=7 remaining=1000 papers/s=0.2068 pages/s=1.6255
progress completed=509 failed=10 in_flight=7 remaining=999 papers/s=0.2062 pages/s=1.6203
progress completed=510 failed=10 in_flight=7 remaining=998 papers/s=0.2059 pages/s=1.6168
progress completed=511 failed=10 in_flight=7 remaining=997 papers/s=0.2062 pages/s=1.619
progress completed=512 failed=10 in_flight=7 remaining=996 papers/s=0.2053 pages/s=1.6129
progress completed=513 failed=10 in_flight=7 remaining=995 papers/s=0.2057 pages/s=1.6168
progress completed=514 failed=10 in_flight=7 remaining=994 papers/s=0.206 pages/s=1.6199
progress completed=515 failed=10 in_flight=7 remaining=993 papers/s=0.2064 pages/s=1.6239
progress completed=516 failed=10 in_flight=7 remaining=992 papers/s=0.2063 pages/s=1.6216
progress completed=517 failed=10 in_flight=7 remaining=991 papers/s=0.2065 pages/s=1.6244
progress completed=518 failed=10 in_flight=7 remaining=990 papers/s=0.2068 pages/s=1.6262
progress completed=519 failed=10 in_flight=7 remaining=989 papers/s=0.2064 pages/s=1.6231
progress completed=520 failed=10 in_flight=7 remaining=988 papers/s=0.2064 pages/s=1.6225
progress completed=521 failed=10 in_flight=7 remaining=987 papers/s=0.2049 pages/s=1.6113
progress completed=522 failed=10 in_flight=7 remaining=986 papers/s=0.2052 pages/s=1.614
progress completed=523 failed=10 in_flight=7 remaining=985 papers/s=0.2056 pages/s=1.6163
progress completed=524 failed=10 in_flight=7 remaining=984 papers/s=0.206 pages/s=1.6182
progress completed=525 failed=10 in_flight=7 remaining=983 papers/s=0.2064 pages/s=1.6213
progress completed=526 failed=10 in_flight=7 remaining=982 papers/s=0.2068 pages/s=1.6252
progress completed=527 failed=10 in_flight=7 remaining=981 papers/s=0.2071 pages/s=1.6287
progress completed=528 failed=10 in_flight=7 remaining=980 papers/s=0.2075 pages/s=1.6326
progress completed=529 failed=10 in_flight=7 remaining=979 papers/s=0.2049 pages/s=1.6113
progress completed=530 failed=10 in_flight=7 remaining=978 papers/s=0.2053 pages/s=1.6144
progress completed=531 failed=10 in_flight=7 remaining=977 papers/s=0.2057 pages/s=1.6174
progress completed=532 failed=10 in_flight=7 remaining=976 papers/s=0.206 pages/s=1.6212
progress completed=533 failed=10 in_flight=7 remaining=975 papers/s=0.2063 pages/s=1.6224
progress completed=534 failed=10 in_flight=7 remaining=974 papers/s=0.2067 pages/s=1.6246
progress completed=535 failed=10 in_flight=7 remaining=973 papers/s=0.207 pages/s=1.6284
progress completed=536 failed=10 in_flight=7 remaining=972 papers/s=0.2074 pages/s=1.6309
progress completed=537 failed=10 in_flight=7 remaining=971 papers/s=0.2046 pages/s=1.6081
progress completed=538 failed=10 in_flight=7 remaining=970 papers/s=0.205 pages/s=1.6099
progress completed=539 failed=10 in_flight=7 remaining=969 papers/s=0.2053 pages/s=1.6121
progress completed=540 failed=10 in_flight=7 remaining=968 papers/s=0.2057 pages/s=1.6159
progress completed=541 failed=10 in_flight=7 remaining=967 papers/s=0.2059 pages/s=1.6181
progress completed=542 failed=10 in_flight=7 remaining=966 papers/s=0.2062 pages/s=1.6214
progress completed=543 failed=10 in_flight=7 remaining=965 papers/s=0.2066 pages/s=1.6251
progress completed=544 failed=10 in_flight=7 remaining=964 papers/s=0.207 pages/s=1.6281
progress completed=545 failed=10 in_flight=7 remaining=963 papers/s=0.2066 pages/s=1.6238
progress completed=546 failed=10 in_flight=7 remaining=962 papers/s=0.2051 pages/s=1.6108
progress completed=547 failed=10 in_flight=7 remaining=961 papers/s=0.2054 pages/s=1.6126
progress completed=548 failed=10 in_flight=7 remaining=960 papers/s=0.2058 pages/s=1.6163
progress completed=549 failed=10 in_flight=7 remaining=959 papers/s=0.2062 pages/s=1.6189
progress completed=550 failed=10 in_flight=7 remaining=958 papers/s=0.2064 pages/s=1.6201
progress completed=551 failed=10 in_flight=7 remaining=957 papers/s=0.2067 pages/s=1.6233
progress completed=552 failed=10 in_flight=7 remaining=956 papers/s=0.2071 pages/s=1.6269
progress completed=553 failed=10 in_flight=7 remaining=955 papers/s=0.2074 pages/s=1.6306
progress completed=554 failed=10 in_flight=7 remaining=954 papers/s=0.2072 pages/s=1.6278
progress completed=555 failed=10 in_flight=7 remaining=953 papers/s=0.2063 pages/s=1.6197
progress completed=556 failed=10 in_flight=7 remaining=952 papers/s=0.2066 pages/s=1.6214
progress completed=557 failed=10 in_flight=7 remaining=951 papers/s=0.207 pages/s=1.6243
progress completed=558 failed=10 in_flight=7 remaining=950 papers/s=0.2074 pages/s=1.6265
progress completed=559 failed=10 in_flight=7 remaining=949 papers/s=0.2075 pages/s=1.6267
progress completed=560 failed=10 in_flight=7 remaining=948 papers/s=0.2078 pages/s=1.6289
progress completed=561 failed=10 in_flight=7 remaining=947 papers/s=0.2078 pages/s=1.6293
progress completed=562 failed=10 in_flight=7 remaining=946 papers/s=0.2077 pages/s=1.6296
progress completed=563 failed=10 in_flight=7 remaining=945 papers/s=0.2069 pages/s=1.6219
progress completed=564 failed=10 in_flight=7 remaining=944 papers/s=0.2072 pages/s=1.6237
progress completed=565 failed=10 in_flight=7 remaining=943 papers/s=0.2076 pages/s=1.6255
progress completed=566 failed=10 in_flight=7 remaining=942 papers/s=0.2072 pages/s=1.6228
progress completed=567 failed=10 in_flight=7 remaining=941 papers/s=0.2074 pages/s=1.6258
progress completed=568 failed=10 in_flight=7 remaining=940 papers/s=0.2077 pages/s=1.6284
progress completed=569 failed=10 in_flight=7 remaining=939 papers/s=0.208 pages/s=1.632
progress completed=570 failed=10 in_flight=7 remaining=938 papers/s=0.2081 pages/s=1.6333
progress completed=571 failed=10 in_flight=7 remaining=937 papers/s=0.2066 pages/s=1.6203
progress completed=572 failed=10 in_flight=7 remaining=936 papers/s=0.2069 pages/s=1.622
progress completed=573 failed=10 in_flight=7 remaining=935 papers/s=0.2073 pages/s=1.6252
progress completed=574 failed=10 in_flight=7 remaining=934 papers/s=0.2076 pages/s=1.6277
progress completed=575 failed=10 in_flight=7 remaining=933 papers/s=0.208 pages/s=1.6294
progress completed=576 failed=10 in_flight=7 remaining=932 papers/s=0.2083 pages/s=1.6316
progress completed=577 failed=10 in_flight=7 remaining=931 papers/s=0.2086 pages/s=1.6335
progress completed=578 failed=10 in_flight=7 remaining=930 papers/s=0.2089 pages/s=1.636
progress completed=579 failed=10 in_flight=7 remaining=929 papers/s=0.2085 pages/s=1.632
progress completed=580 failed=10 in_flight=7 remaining=928 papers/s=0.2075 pages/s=1.6235
progress completed=581 failed=10 in_flight=7 remaining=927 papers/s=0.2078 pages/s=1.6256
progress completed=582 failed=10 in_flight=7 remaining=926 papers/s=0.2082 pages/s=1.6284
progress completed=583 failed=10 in_flight=7 remaining=925 papers/s=0.2085 pages/s=1.6315
progress completed=584 failed=10 in_flight=7 remaining=924 papers/s=0.2087 pages/s=1.6336
progress completed=585 failed=10 in_flight=7 remaining=923 papers/s=0.209 pages/s=1.6353
progress completed=586 failed=10 in_flight=7 remaining=922 papers/s=0.2094 pages/s=1.6381
progress completed=587 failed=10 in_flight=7 remaining=921 papers/s=0.2089 pages/s=1.6351
progress completed=588 failed=10 in_flight=7 remaining=920 papers/s=0.2082 pages/s=1.6289
progress completed=589 failed=10 in_flight=7 remaining=919 papers/s=0.2086 pages/s=1.6306
progress completed=590 failed=10 in_flight=7 remaining=918 papers/s=0.2089 pages/s=1.6327
progress completed=591 failed=10 in_flight=7 remaining=917 papers/s=0.2093 pages/s=1.6362
progress completed=592 failed=10 in_flight=7 remaining=916 papers/s=0.2093 pages/s=1.6366
progress completed=593 failed=10 in_flight=7 remaining=915 papers/s=0.2097 pages/s=1.6401
progress completed=594 failed=10 in_flight=7 remaining=914 papers/s=0.21 pages/s=1.6418
progress completed=595 failed=10 in_flight=7 remaining=913 papers/s=0.21 pages/s=1.6416
progress completed=596 failed=10 in_flight=7 remaining=912 papers/s=0.209 pages/s=1.6335
progress completed=597 failed=10 in_flight=7 remaining=911 papers/s=0.2093 pages/s=1.6363
progress completed=598 failed=10 in_flight=7 remaining=910 papers/s=0.2097 pages/s=1.6394
progress completed=599 failed=10 in_flight=7 remaining=909 papers/s=0.2098 pages/s=1.6399
progress completed=600 failed=10 in_flight=7 remaining=908 papers/s=0.2102 pages/s=1.6416
progress completed=601 failed=10 in_flight=7 remaining=907 papers/s=0.2105 pages/s=1.6451
progress completed=602 failed=10 in_flight=7 remaining=906 papers/s=0.2103 pages/s=1.6438
progress completed=603 failed=10 in_flight=7 remaining=905 papers/s=0.2106 pages/s=1.6464
progress completed=604 failed=10 in_flight=7 remaining=904 papers/s=0.2095 pages/s=1.6373
progress completed=605 failed=10 in_flight=7 remaining=903 papers/s=0.2099 pages/s=1.6407
progress completed=606 failed=10 in_flight=7 remaining=902 papers/s=0.2102 pages/s=1.6424
progress completed=607 failed=10 in_flight=7 remaining=901 papers/s=0.2105 pages/s=1.6459
progress completed=608 failed=10 in_flight=7 remaining=900 papers/s=0.21 pages/s=1.6424
progress completed=609 failed=10 in_flight=7 remaining=899 papers/s=0.2103 pages/s=1.6448
progress completed=610 failed=10 in_flight=7 remaining=898 papers/s=0.2103 pages/s=1.645
progress completed=611 failed=10 in_flight=7 remaining=897 papers/s=0.2097 pages/s=1.6398
progress completed=612 failed=10 in_flight=7 remaining=896 papers/s=0.2101 pages/s=1.6414
progress completed=613 failed=10 in_flight=7 remaining=895 papers/s=0.2104 pages/s=1.6431
progress completed=614 failed=10 in_flight=7 remaining=894 papers/s=0.2107 pages/s=1.6463
progress completed=615 failed=10 in_flight=7 remaining=893 papers/s=0.2104 pages/s=1.6428
progress completed=616 failed=10 in_flight=7 remaining=892 papers/s=0.2107 pages/s=1.6458
progress completed=617 failed=10 in_flight=7 remaining=891 papers/s=0.2109 pages/s=1.6479
failure paper_id=Engineering_2407.06888 error_type=mineru_failure attempts=3 message=Task a799f811-ef12-45f5-afc2-e1d207b2d595 failed: CUDA out of memory. Tried to allocate 2.01 GiB. GPU 0 has a total capacity of 39.67 GiB of which 1.58 GiB is free. Including non-PyTorch memory, this process has 16.13 GiB memory in use. Process 3386943 has 21.95 GiB memory in use. Of the allocated memory 10.26 GiB is allocated by PyTorch, and 5.04 GiB is reserved by PyTorch but unallocated. If reserved but unallocated memory is large try setting PYTORCH_CUDA_ALLOC_CONF=expandable_segments:True to avoid fragmentation.  See documentation for Memory Management  (https://docs.pytorch.org/docs/stable/notes/cuda.html#optimizing-memory-usage-with-pytorch-cuda-alloc-conf)
progress completed=617 failed=11 in_flight=7 remaining=890 papers/s=0.2099 pages/s=1.6399
progress completed=618 failed=11 in_flight=7 remaining=889 papers/s=0.2091 pages/s=1.6327
progress completed=619 failed=11 in_flight=7 remaining=888 papers/s=0.2094 pages/s=1.6353
progress completed=620 failed=11 in_flight=7 remaining=887 papers/s=0.2097 pages/s=1.6379
progress completed=621 failed=11 in_flight=7 remaining=886 papers/s=0.2101 pages/s=1.6405
progress completed=622 failed=11 in_flight=7 remaining=885 papers/s=0.2104 pages/s=1.6428
progress completed=623 failed=11 in_flight=7 remaining=884 papers/s=0.2107 pages/s=1.6458
progress completed=624 failed=11 in_flight=7 remaining=883 papers/s=0.2106 pages/s=1.6455
progress completed=625 failed=11 in_flight=7 remaining=882 papers/s=0.2108 pages/s=1.6465
progress completed=626 failed=11 in_flight=7 remaining=881 papers/s=0.2107 pages/s=1.6463
progress completed=627 failed=11 in_flight=7 remaining=880 papers/s=0.2105 pages/s=1.6444
progress completed=628 failed=11 in_flight=7 remaining=879 papers/s=0.2108 pages/s=1.6469
progress completed=629 failed=11 in_flight=7 remaining=878 papers/s=0.2094 pages/s=1.6367
progress completed=630 failed=11 in_flight=7 remaining=877 papers/s=0.2097 pages/s=1.6387
progress completed=631 failed=11 in_flight=7 remaining=876 papers/s=0.2101 pages/s=1.6403
progress completed=632 failed=11 in_flight=7 remaining=875 papers/s=0.2104 pages/s=1.6436
progress completed=633 failed=11 in_flight=7 remaining=874 papers/s=0.2105 pages/s=1.6452
progress completed=634 failed=11 in_flight=7 remaining=873 papers/s=0.2108 pages/s=1.6484
progress completed=635 failed=11 in_flight=7 remaining=872 papers/s=0.2112 pages/s=1.6516
progress completed=636 failed=11 in_flight=7 remaining=871 papers/s=0.2104 pages/s=1.6447
progress completed=637 failed=11 in_flight=7 remaining=870 papers/s=0.2107 pages/s=1.6477
progress completed=638 failed=11 in_flight=7 remaining=869 papers/s=0.211 pages/s=1.6492
progress completed=639 failed=11 in_flight=7 remaining=868 papers/s=0.2106 pages/s=1.6469
progress completed=640 failed=11 in_flight=7 remaining=867 papers/s=0.2109 pages/s=1.6495
progress completed=641 failed=11 in_flight=7 remaining=866 papers/s=0.2112 pages/s=1.6524
progress completed=642 failed=11 in_flight=7 remaining=865 papers/s=0.2114 pages/s=1.6538
progress completed=643 failed=11 in_flight=7 remaining=864 papers/s=0.2108 pages/s=1.6493
progress completed=644 failed=11 in_flight=7 remaining=863 papers/s=0.2101 pages/s=1.6441
progress completed=645 failed=11 in_flight=7 remaining=862 papers/s=0.2104 pages/s=1.6457
progress completed=646 failed=11 in_flight=7 remaining=861 papers/s=0.2107 pages/s=1.649
progress completed=647 failed=11 in_flight=7 remaining=860 papers/s=0.2109 pages/s=1.6497
progress completed=648 failed=11 in_flight=7 remaining=859 papers/s=0.2113 pages/s=1.6529
progress completed=649 failed=11 in_flight=7 remaining=858 papers/s=0.2115 pages/s=1.655
progress completed=650 failed=11 in_flight=7 remaining=857 papers/s=0.2117 pages/s=1.657
progress completed=651 failed=11 in_flight=7 remaining=856 papers/s=0.2116 pages/s=1.6555
progress completed=652 failed=11 in_flight=7 remaining=855 papers/s=0.2112 pages/s=1.653
progress completed=653 failed=11 in_flight=7 remaining=854 papers/s=0.2104 pages/s=1.6461
progress completed=654 failed=11 in_flight=7 remaining=853 papers/s=0.2107 pages/s=1.6488
progress completed=655 failed=11 in_flight=7 remaining=852 papers/s=0.211 pages/s=1.6519
progress completed=656 failed=11 in_flight=7 remaining=851 papers/s=0.2113 pages/s=1.6538
progress completed=657 failed=11 in_flight=7 remaining=850 papers/s=0.2115 pages/s=1.6556
progress completed=658 failed=11 in_flight=7 remaining=849 papers/s=0.2118 pages/s=1.6578
progress completed=659 failed=11 in_flight=7 remaining=848 papers/s=0.2119 pages/s=1.6588
progress completed=660 failed=11 in_flight=7 remaining=847 papers/s=0.2104 pages/s=1.6485
progress completed=661 failed=11 in_flight=7 remaining=846 papers/s=0.2107 pages/s=1.65
progress completed=662 failed=11 in_flight=7 remaining=845 papers/s=0.2111 pages/s=1.6531
progress completed=663 failed=11 in_flight=7 remaining=844 papers/s=0.2114 pages/s=1.6562
progress completed=664 failed=11 in_flight=7 remaining=843 papers/s=0.2117 pages/s=1.6578
progress completed=665 failed=11 in_flight=7 remaining=842 papers/s=0.212 pages/s=1.6603
progress completed=666 failed=11 in_flight=7 remaining=841 papers/s=0.2121 pages/s=1.6603
progress completed=667 failed=11 in_flight=7 remaining=840 papers/s=0.211 pages/s=1.6516
progress completed=668 failed=11 in_flight=7 remaining=839 papers/s=0.2111 pages/s=1.6513
progress completed=669 failed=11 in_flight=7 remaining=838 papers/s=0.2114 pages/s=1.6544
progress completed=670 failed=11 in_flight=7 remaining=837 papers/s=0.2116 pages/s=1.6565
progress completed=671 failed=11 in_flight=7 remaining=836 papers/s=0.2118 pages/s=1.6573
progress completed=672 failed=11 in_flight=7 remaining=835 papers/s=0.2121 pages/s=1.6601
failure paper_id=Engineering_2408.13822 error_type=mineru_failure attempts=3 message=Task 83bce9f6-a354-41ba-b64e-a27379449553 failed: CUDA out of memory. Tried to allocate 2.29 GiB. GPU 0 has a total capacity of 39.67 GiB of which 167.06 MiB is free. Including non-PyTorch memory, this process has 17.55 GiB memory in use. Process 3386943 has 21.95 GiB memory in use. Of the allocated memory 10.54 GiB is allocated by PyTorch, and 6.19 GiB is reserved by PyTorch but unallocated. If reserved but unallocated memory is large try setting PYTORCH_CUDA_ALLOC_CONF=expandable_segments:True to avoid fragmentation.  See documentation for Memory Management  (https://docs.pytorch.org/docs/stable/notes/cuda.html#optimizing-memory-usage-with-pytorch-cuda-alloc-conf)
progress completed=672 failed=12 in_flight=7 remaining=834 papers/s=0.2109 pages/s=1.6509
progress completed=673 failed=12 in_flight=7 remaining=833 papers/s=0.2106 pages/s=1.6489
progress completed=674 failed=12 in_flight=7 remaining=832 papers/s=0.2109 pages/s=1.6513
progress completed=675 failed=12 in_flight=7 remaining=831 papers/s=0.2112 pages/s=1.6532
progress completed=676 failed=12 in_flight=7 remaining=830 papers/s=0.2112 pages/s=1.6532
progress completed=677 failed=12 in_flight=7 remaining=829 papers/s=0.2115 pages/s=1.6557
progress completed=678 failed=12 in_flight=7 remaining=828 papers/s=0.2118 pages/s=1.6587
progress completed=679 failed=12 in_flight=7 remaining=827 papers/s=0.212 pages/s=1.6608
progress completed=680 failed=12 in_flight=7 remaining=826 papers/s=0.2113 pages/s=1.654
progress completed=681 failed=12 in_flight=7 remaining=825 papers/s=0.2103 pages/s=1.6462
progress completed=682 failed=12 in_flight=7 remaining=824 papers/s=0.2106 pages/s=1.6479
progress completed=683 failed=12 in_flight=7 remaining=823 papers/s=0.2109 pages/s=1.651
progress completed=684 failed=12 in_flight=7 remaining=822 papers/s=0.2112 pages/s=1.6537
progress completed=685 failed=12 in_flight=7 remaining=821 papers/s=0.2115 pages/s=1.6552
progress completed=686 failed=12 in_flight=7 remaining=820 papers/s=0.2118 pages/s=1.657
progress completed=687 failed=12 in_flight=7 remaining=819 papers/s=0.2119 pages/s=1.6587
progress completed=688 failed=12 in_flight=7 remaining=818 papers/s=0.2116 pages/s=1.6554
progress completed=689 failed=12 in_flight=7 remaining=817 papers/s=0.2115 pages/s=1.6545
progress completed=690 failed=12 in_flight=7 remaining=816 papers/s=0.2118 pages/s=1.656
progress completed=691 failed=12 in_flight=7 remaining=815 papers/s=0.2117 pages/s=1.6545
progress completed=692 failed=12 in_flight=7 remaining=814 papers/s=0.2114 pages/s=1.6516
progress completed=693 failed=12 in_flight=7 remaining=813 papers/s=0.2117 pages/s=1.6529
progress completed=694 failed=12 in_flight=7 remaining=812 papers/s=0.212 pages/s=1.6559
progress completed=695 failed=12 in_flight=7 remaining=811 papers/s=0.2121 pages/s=1.6568
progress completed=696 failed=12 in_flight=7 remaining=810 papers/s=0.2113 pages/s=1.6509
progress completed=697 failed=12 in_flight=7 remaining=809 papers/s=0.2104 pages/s=1.6426
progress completed=698 failed=12 in_flight=7 remaining=808 papers/s=0.2107 pages/s=1.6441
progress completed=699 failed=12 in_flight=7 remaining=807 papers/s=0.211 pages/s=1.647
progress completed=700 failed=12 in_flight=7 remaining=806 papers/s=0.2113 pages/s=1.6491
progress completed=701 failed=12 in_flight=7 remaining=805 papers/s=0.2116 pages/s=1.6518
progress completed=702 failed=12 in_flight=7 remaining=804 papers/s=0.2119 pages/s=1.6547
progress completed=703 failed=12 in_flight=7 remaining=803 papers/s=0.2119 pages/s=1.6555
progress completed=704 failed=12 in_flight=7 remaining=802 papers/s=0.2119 pages/s=1.6551
progress completed=705 failed=12 in_flight=7 remaining=801 papers/s=0.2119 pages/s=1.654
progress completed=706 failed=12 in_flight=7 remaining=800 papers/s=0.2111 pages/s=1.6487
progress completed=707 failed=12 in_flight=7 remaining=799 papers/s=0.2114 pages/s=1.6517
progress completed=708 failed=12 in_flight=7 remaining=798 papers/s=0.2117 pages/s=1.6537
progress completed=709 failed=12 in_flight=7 remaining=797 papers/s=0.212 pages/s=1.656
progress completed=710 failed=12 in_flight=7 remaining=796 papers/s=0.2121 pages/s=1.6563
progress completed=711 failed=12 in_flight=7 remaining=795 papers/s=0.2124 pages/s=1.6592
progress completed=712 failed=12 in_flight=7 remaining=794 papers/s=0.2124 pages/s=1.6583
progress completed=713 failed=12 in_flight=7 remaining=793 papers/s=0.2118 pages/s=1.6533
progress completed=714 failed=12 in_flight=7 remaining=792 papers/s=0.2121 pages/s=1.6556
progress completed=715 failed=12 in_flight=7 remaining=791 papers/s=0.2124 pages/s=1.6582
progress completed=716 failed=12 in_flight=7 remaining=790 papers/s=0.2126 pages/s=1.6587
progress completed=717 failed=12 in_flight=7 remaining=789 papers/s=0.2125 pages/s=1.6585
progress completed=718 failed=12 in_flight=7 remaining=788 papers/s=0.2112 pages/s=1.6487
progress completed=719 failed=12 in_flight=7 remaining=787 papers/s=0.2115 pages/s=1.6499
progress completed=720 failed=12 in_flight=7 remaining=786 papers/s=0.2117 pages/s=1.6516
progress completed=721 failed=12 in_flight=7 remaining=785 papers/s=0.212 pages/s=1.6539
progress completed=722 failed=12 in_flight=7 remaining=784 papers/s=0.2123 pages/s=1.6568
progress completed=723 failed=12 in_flight=7 remaining=783 papers/s=0.2126 pages/s=1.6594
progress completed=724 failed=12 in_flight=7 remaining=782 papers/s=0.2126 pages/s=1.6598
progress completed=725 failed=12 in_flight=7 remaining=781 papers/s=0.2129 pages/s=1.6621
progress completed=726 failed=12 in_flight=7 remaining=780 papers/s=0.2126 pages/s=1.6595
progress completed=727 failed=12 in_flight=7 remaining=779 papers/s=0.212 pages/s=1.6548
progress completed=728 failed=12 in_flight=7 remaining=778 papers/s=0.2123 pages/s=1.6568
progress completed=729 failed=12 in_flight=7 remaining=777 papers/s=0.2126 pages/s=1.6591
progress completed=730 failed=12 in_flight=7 remaining=776 papers/s=0.2129 pages/s=1.662
progress completed=731 failed=12 in_flight=7 remaining=775 papers/s=0.2128 pages/s=1.6619
progress completed=732 failed=12 in_flight=7 remaining=774 papers/s=0.213 pages/s=1.6644
progress completed=733 failed=12 in_flight=7 remaining=773 papers/s=0.2133 pages/s=1.6663
progress completed=734 failed=12 in_flight=7 remaining=772 papers/s=0.2133 pages/s=1.6656
progress completed=735 failed=12 in_flight=7 remaining=771 papers/s=0.212 pages/s=1.6546
progress completed=736 failed=12 in_flight=7 remaining=770 papers/s=0.2123 pages/s=1.656
progress completed=737 failed=12 in_flight=7 remaining=769 papers/s=0.2126 pages/s=1.6589
progress completed=738 failed=12 in_flight=7 remaining=768 papers/s=0.2129 pages/s=1.6617
progress completed=739 failed=12 in_flight=7 remaining=767 papers/s=0.2132 pages/s=1.6634
progress completed=740 failed=12 in_flight=7 remaining=766 papers/s=0.2134 pages/s=1.6662
progress completed=741 failed=12 in_flight=7 remaining=765 papers/s=0.2137 pages/s=1.6691
progress completed=742 failed=12 in_flight=7 remaining=764 papers/s=0.2138 pages/s=1.6695
progress completed=743 failed=12 in_flight=7 remaining=763 papers/s=0.213 pages/s=1.6637
progress completed=744 failed=12 in_flight=7 remaining=762 papers/s=0.2131 pages/s=1.6636
progress completed=745 failed=12 in_flight=7 remaining=761 papers/s=0.2133 pages/s=1.6664
progress completed=746 failed=12 in_flight=7 remaining=760 papers/s=0.2136 pages/s=1.6692
progress completed=747 failed=12 in_flight=7 remaining=759 papers/s=0.2139 pages/s=1.6719
progress completed=748 failed=12 in_flight=7 remaining=758 papers/s=0.2135 pages/s=1.6695
progress completed=749 failed=12 in_flight=7 remaining=757 papers/s=0.2136 pages/s=1.6706
progress completed=750 failed=12 in_flight=7 remaining=756 papers/s=0.2138 pages/s=1.6716
progress completed=751 failed=12 in_flight=7 remaining=755 papers/s=0.2138 pages/s=1.6711
progress completed=752 failed=12 in_flight=7 remaining=754 papers/s=0.2136 pages/s=1.6684
progress completed=753 failed=12 in_flight=7 remaining=753 papers/s=0.2138 pages/s=1.6696
progress completed=754 failed=12 in_flight=7 remaining=752 papers/s=0.2133 pages/s=1.6662
progress completed=755 failed=12 in_flight=7 remaining=751 papers/s=0.2136 pages/s=1.669
progress completed=756 failed=12 in_flight=7 remaining=750 papers/s=0.2139 pages/s=1.6712
progress completed=757 failed=12 in_flight=7 remaining=749 papers/s=0.2139 pages/s=1.6702
progress completed=758 failed=12 in_flight=7 remaining=748 papers/s=0.2136 pages/s=1.6679
progress completed=759 failed=12 in_flight=7 remaining=747 papers/s=0.2139 pages/s=1.6706
progress completed=760 failed=12 in_flight=7 remaining=746 papers/s=0.2137 pages/s=1.6694
progress completed=761 failed=12 in_flight=7 remaining=745 papers/s=0.2133 pages/s=1.6663
progress completed=762 failed=12 in_flight=7 remaining=744 papers/s=0.2135 pages/s=1.6679
progress completed=763 failed=12 in_flight=7 remaining=743 papers/s=0.2138 pages/s=1.6704
progress completed=764 failed=12 in_flight=7 remaining=742 papers/s=0.2141 pages/s=1.6731
progress completed=765 failed=12 in_flight=7 remaining=741 papers/s=0.2141 pages/s=1.6742
progress completed=766 failed=12 in_flight=7 remaining=740 papers/s=0.2137 pages/s=1.6701
progress completed=767 failed=12 in_flight=7 remaining=739 papers/s=0.2139 pages/s=1.6722
progress completed=768 failed=12 in_flight=7 remaining=738 papers/s=0.2142 pages/s=1.675
progress completed=769 failed=12 in_flight=7 remaining=737 papers/s=0.2143 pages/s=1.6758
progress completed=770 failed=12 in_flight=7 remaining=736 papers/s=0.2142 pages/s=1.6756
progress completed=771 failed=12 in_flight=7 remaining=735 papers/s=0.2136 pages/s=1.6705
progress completed=772 failed=12 in_flight=7 remaining=734 papers/s=0.2138 pages/s=1.6721
progress completed=773 failed=12 in_flight=7 remaining=733 papers/s=0.2141 pages/s=1.6745
progress completed=774 failed=12 in_flight=7 remaining=732 papers/s=0.2143 pages/s=1.6769
progress completed=775 failed=12 in_flight=7 remaining=731 papers/s=0.2144 pages/s=1.6773
progress completed=776 failed=12 in_flight=7 remaining=730 papers/s=0.2129 pages/s=1.6661
progress completed=777 failed=12 in_flight=7 remaining=729 papers/s=0.2131 pages/s=1.6677
progress completed=778 failed=12 in_flight=7 remaining=728 papers/s=0.2134 pages/s=1.6693
progress completed=779 failed=12 in_flight=7 remaining=727 papers/s=0.2137 pages/s=1.672
progress completed=780 failed=12 in_flight=7 remaining=726 papers/s=0.2136 pages/s=1.6721
progress completed=781 failed=12 in_flight=7 remaining=725 papers/s=0.2139 pages/s=1.6748
progress completed=782 failed=12 in_flight=7 remaining=724 papers/s=0.2133 pages/s=1.6706
progress completed=783 failed=12 in_flight=7 remaining=723 papers/s=0.2135 pages/s=1.6731
progress completed=784 failed=12 in_flight=7 remaining=722 papers/s=0.2133 pages/s=1.6715
progress completed=785 failed=12 in_flight=7 remaining=721 papers/s=0.2135 pages/s=1.6731
progress completed=786 failed=12 in_flight=7 remaining=720 papers/s=0.2138 pages/s=1.6752
progress completed=787 failed=12 in_flight=7 remaining=719 papers/s=0.2141 pages/s=1.6779
progress completed=788 failed=12 in_flight=7 remaining=718 papers/s=0.214 pages/s=1.6776
progress completed=789 failed=12 in_flight=7 remaining=717 papers/s=0.214 pages/s=1.6773
progress completed=790 failed=12 in_flight=7 remaining=716 papers/s=0.2143 pages/s=1.6792
progress completed=791 failed=12 in_flight=7 remaining=715 papers/s=0.2131 pages/s=1.6705
progress completed=792 failed=12 in_flight=7 remaining=714 papers/s=0.2134 pages/s=1.6721
progress completed=793 failed=12 in_flight=7 remaining=713 papers/s=0.2136 pages/s=1.6734
progress completed=794 failed=12 in_flight=7 remaining=712 papers/s=0.2139 pages/s=1.6749
progress completed=795 failed=12 in_flight=7 remaining=711 papers/s=0.2141 pages/s=1.6776
progress completed=796 failed=12 in_flight=7 remaining=710 papers/s=0.2144 pages/s=1.6802
progress completed=797 failed=12 in_flight=7 remaining=709 papers/s=0.2147 pages/s=1.6829
progress completed=798 failed=12 in_flight=7 remaining=708 papers/s=0.2143 pages/s=1.6805
progress completed=799 failed=12 in_flight=7 remaining=707 papers/s=0.2143 pages/s=1.6815
progress completed=800 failed=12 in_flight=7 remaining=706 papers/s=0.2126 pages/s=1.6683
progress completed=801 failed=12 in_flight=7 remaining=705 papers/s=0.2129 pages/s=1.6709
progress completed=802 failed=12 in_flight=7 remaining=704 papers/s=0.2131 pages/s=1.6733
progress completed=803 failed=12 in_flight=7 remaining=703 papers/s=0.2134 pages/s=1.6758
progress completed=804 failed=12 in_flight=7 remaining=702 papers/s=0.2136 pages/s=1.6781
progress completed=805 failed=12 in_flight=7 remaining=701 papers/s=0.2139 pages/s=1.6802
progress completed=806 failed=12 in_flight=7 remaining=700 papers/s=0.214 pages/s=1.681
progress completed=807 failed=12 in_flight=7 remaining=699 papers/s=0.2142 pages/s=1.6836
progress completed=808 failed=12 in_flight=7 remaining=698 papers/s=0.2133 pages/s=1.6767
progress completed=809 failed=12 in_flight=7 remaining=697 papers/s=0.2135 pages/s=1.678
progress completed=810 failed=12 in_flight=7 remaining=696 papers/s=0.2138 pages/s=1.6798
progress completed=811 failed=12 in_flight=7 remaining=695 papers/s=0.2137 pages/s=1.6784
progress completed=812 failed=12 in_flight=7 remaining=694 papers/s=0.2139 pages/s=1.6799
progress completed=813 failed=12 in_flight=7 remaining=693 papers/s=0.2142 pages/s=1.682
progress completed=814 failed=12 in_flight=7 remaining=692 papers/s=0.2145 pages/s=1.6843
progress completed=815 failed=12 in_flight=7 remaining=691 papers/s=0.2145 pages/s=1.6851
progress completed=816 failed=12 in_flight=7 remaining=690 papers/s=0.2142 pages/s=1.6822
progress completed=817 failed=12 in_flight=7 remaining=689 papers/s=0.214 pages/s=1.6808
progress completed=818 failed=12 in_flight=7 remaining=688 papers/s=0.2142 pages/s=1.6816
progress completed=819 failed=12 in_flight=7 remaining=687 papers/s=0.2144 pages/s=1.6838
progress completed=820 failed=12 in_flight=7 remaining=686 papers/s=0.2146 pages/s=1.6856
progress completed=821 failed=12 in_flight=7 remaining=685 papers/s=0.2145 pages/s=1.685
progress completed=822 failed=12 in_flight=7 remaining=684 papers/s=0.2135 pages/s=1.6763
progress completed=823 failed=12 in_flight=7 remaining=683 papers/s=0.2138 pages/s=1.6779
progress completed=824 failed=12 in_flight=7 remaining=682 papers/s=0.214 pages/s=1.6794
progress completed=825 failed=12 in_flight=7 remaining=681 papers/s=0.2143 pages/s=1.6812
progress completed=826 failed=12 in_flight=7 remaining=680 papers/s=0.2145 pages/s=1.683
progress completed=827 failed=12 in_flight=7 remaining=679 papers/s=0.2148 pages/s=1.6855
progress completed=828 failed=12 in_flight=7 remaining=678 papers/s=0.2149 pages/s=1.6866
progress completed=829 failed=12 in_flight=7 remaining=677 papers/s=0.2151 pages/s=1.6892
progress completed=830 failed=12 in_flight=7 remaining=676 papers/s=0.2151 pages/s=1.6887
progress completed=831 failed=12 in_flight=7 remaining=675 papers/s=0.2154 pages/s=1.69
progress completed=832 failed=12 in_flight=7 remaining=674 papers/s=0.2145 pages/s=1.6828
progress completed=833 failed=12 in_flight=7 remaining=673 papers/s=0.2148 pages/s=1.684
progress completed=834 failed=12 in_flight=7 remaining=672 papers/s=0.215 pages/s=1.6863
progress completed=835 failed=12 in_flight=7 remaining=671 papers/s=0.2153 pages/s=1.6878
progress completed=836 failed=12 in_flight=7 remaining=670 papers/s=0.2153 pages/s=1.687
progress completed=837 failed=12 in_flight=7 remaining=669 papers/s=0.2155 pages/s=1.6887
progress completed=838 failed=12 in_flight=7 remaining=668 papers/s=0.2156 pages/s=1.6886
progress completed=839 failed=12 in_flight=7 remaining=667 papers/s=0.2158 pages/s=1.6892
progress completed=840 failed=12 in_flight=7 remaining=666 papers/s=0.2156 pages/s=1.6886
progress completed=841 failed=12 in_flight=7 remaining=665 papers/s=0.2154 pages/s=1.6877
progress completed=842 failed=12 in_flight=7 remaining=664 papers/s=0.2151 pages/s=1.6843
progress completed=843 failed=12 in_flight=7 remaining=663 papers/s=0.2153 pages/s=1.6867
progress completed=844 failed=12 in_flight=7 remaining=662 papers/s=0.2155 pages/s=1.6879
progress completed=845 failed=12 in_flight=7 remaining=661 papers/s=0.2157 pages/s=1.689
progress completed=846 failed=12 in_flight=7 remaining=660 papers/s=0.2159 pages/s=1.6908
progress completed=847 failed=12 in_flight=7 remaining=659 papers/s=0.2161 pages/s=1.6919
progress completed=848 failed=12 in_flight=7 remaining=658 papers/s=0.2148 pages/s=1.6818
progress completed=849 failed=12 in_flight=7 remaining=657 papers/s=0.215 pages/s=1.6833
progress completed=850 failed=12 in_flight=7 remaining=656 papers/s=0.2153 pages/s=1.6858
progress completed=851 failed=12 in_flight=7 remaining=655 papers/s=0.2155 pages/s=1.687
progress completed=852 failed=12 in_flight=7 remaining=654 papers/s=0.2158 pages/s=1.6881
progress completed=853 failed=12 in_flight=7 remaining=653 papers/s=0.216 pages/s=1.6894
progress completed=854 failed=12 in_flight=7 remaining=652 papers/s=0.2163 pages/s=1.6919
progress completed=855 failed=12 in_flight=7 remaining=651 papers/s=0.2163 pages/s=1.6927
progress completed=856 failed=12 in_flight=7 remaining=650 papers/s=0.2148 pages/s=1.6806
progress completed=857 failed=12 in_flight=7 remaining=649 papers/s=0.2151 pages/s=1.6831
progress completed=858 failed=12 in_flight=7 remaining=648 papers/s=0.2153 pages/s=1.6845
progress completed=859 failed=12 in_flight=7 remaining=647 papers/s=0.2156 pages/s=1.6857
progress completed=860 failed=12 in_flight=7 remaining=646 papers/s=0.2157 pages/s=1.6873
progress completed=861 failed=12 in_flight=7 remaining=645 papers/s=0.2159 pages/s=1.6884
progress completed=862 failed=12 in_flight=7 remaining=644 papers/s=0.2162 pages/s=1.6899
progress completed=863 failed=12 in_flight=7 remaining=643 papers/s=0.2164 pages/s=1.6919
progress completed=864 failed=12 in_flight=7 remaining=642 papers/s=0.2159 pages/s=1.6873
progress completed=865 failed=12 in_flight=7 remaining=641 papers/s=0.2154 pages/s=1.6823
progress completed=866 failed=12 in_flight=7 remaining=640 papers/s=0.2156 pages/s=1.6835
progress completed=867 failed=12 in_flight=7 remaining=639 papers/s=0.2158 pages/s=1.6846
progress completed=868 failed=12 in_flight=7 remaining=638 papers/s=0.2161 pages/s=1.6871
progress completed=869 failed=12 in_flight=7 remaining=637 papers/s=0.2161 pages/s=1.6868
progress completed=870 failed=12 in_flight=7 remaining=636 papers/s=0.2163 pages/s=1.6884
progress completed=871 failed=12 in_flight=7 remaining=635 papers/s=0.2164 pages/s=1.69
progress completed=872 failed=12 in_flight=7 remaining=634 papers/s=0.2165 pages/s=1.6896
progress completed=873 failed=12 in_flight=7 remaining=633 papers/s=0.2164 pages/s=1.6891
progress completed=874 failed=12 in_flight=7 remaining=632 papers/s=0.2166 pages/s=1.6908
progress completed=875 failed=12 in_flight=7 remaining=631 papers/s=0.2165 pages/s=1.6902
progress completed=876 failed=12 in_flight=7 remaining=630 papers/s=0.2159 pages/s=1.6844
progress completed=877 failed=12 in_flight=7 remaining=629 papers/s=0.2161 pages/s=1.6861
progress completed=878 failed=12 in_flight=7 remaining=628 papers/s=0.2163 pages/s=1.6872
progress completed=879 failed=12 in_flight=7 remaining=627 papers/s=0.2165 pages/s=1.6878
progress completed=880 failed=12 in_flight=7 remaining=626 papers/s=0.2167 pages/s=1.6902
progress completed=881 failed=12 in_flight=7 remaining=625 papers/s=0.2168 pages/s=1.6903
progress completed=882 failed=12 in_flight=7 remaining=624 papers/s=0.2169 pages/s=1.6917
progress completed=883 failed=12 in_flight=7 remaining=623 papers/s=0.2172 pages/s=1.6941
progress completed=884 failed=12 in_flight=7 remaining=622 papers/s=0.2168 pages/s=1.6908
progress completed=885 failed=12 in_flight=7 remaining=621 papers/s=0.2156 pages/s=1.6804
progress completed=886 failed=12 in_flight=7 remaining=620 papers/s=0.2158 pages/s=1.6823
progress completed=887 failed=12 in_flight=7 remaining=619 papers/s=0.2161 pages/s=1.684
progress completed=888 failed=12 in_flight=7 remaining=618 papers/s=0.2163 pages/s=1.6857
progress completed=889 failed=12 in_flight=7 remaining=617 papers/s=0.2165 pages/s=1.688
progress completed=890 failed=12 in_flight=7 remaining=616 papers/s=0.2168 pages/s=1.6899
progress completed=891 failed=12 in_flight=7 remaining=615 papers/s=0.217 pages/s=1.6923
progress completed=892 failed=12 in_flight=7 remaining=614 papers/s=0.2173 pages/s=1.6945
progress completed=893 failed=12 in_flight=7 remaining=613 papers/s=0.2154 pages/s=1.6794
progress completed=894 failed=12 in_flight=7 remaining=612 papers/s=0.2156 pages/s=1.6817
progress completed=895 failed=12 in_flight=7 remaining=611 papers/s=0.2159 pages/s=1.6831
progress completed=896 failed=12 in_flight=7 remaining=610 papers/s=0.2161 pages/s=1.6844
progress completed=897 failed=12 in_flight=7 remaining=609 papers/s=0.2163 pages/s=1.6855
progress completed=898 failed=12 in_flight=7 remaining=608 papers/s=0.2166 pages/s=1.6869
progress completed=899 failed=12 in_flight=7 remaining=607 papers/s=0.2168 pages/s=1.6888
progress completed=900 failed=12 in_flight=7 remaining=606 papers/s=0.2168 pages/s=1.6894
progress completed=901 failed=12 in_flight=7 remaining=605 papers/s=0.2158 pages/s=1.6814
progress completed=902 failed=12 in_flight=7 remaining=604 papers/s=0.2161 pages/s=1.6825
progress completed=903 failed=12 in_flight=7 remaining=603 papers/s=0.2163 pages/s=1.6837
progress completed=904 failed=12 in_flight=7 remaining=602 papers/s=0.2165 pages/s=1.6849
progress completed=905 failed=12 in_flight=7 remaining=601 papers/s=0.2167 pages/s=1.6863
progress completed=906 failed=12 in_flight=7 remaining=600 papers/s=0.2168 pages/s=1.6859
progress completed=907 failed=12 in_flight=7 remaining=599 papers/s=0.215 pages/s=1.672
progress completed=908 failed=12 in_flight=7 remaining=598 papers/s=0.2152 pages/s=1.673
progress completed=909 failed=12 in_flight=7 remaining=597 papers/s=0.2155 pages/s=1.6744
progress completed=910 failed=12 in_flight=7 remaining=596 papers/s=0.2157 pages/s=1.6767
progress completed=911 failed=12 in_flight=7 remaining=595 papers/s=0.2159 pages/s=1.679
progress completed=912 failed=12 in_flight=7 remaining=594 papers/s=0.216 pages/s=1.6793
progress completed=913 failed=12 in_flight=7 remaining=593 papers/s=0.2162 pages/s=1.681
progress completed=914 failed=12 in_flight=7 remaining=592 papers/s=0.2165 pages/s=1.6833
progress completed=915 failed=12 in_flight=7 remaining=591 papers/s=0.2162 pages/s=1.6804
progress completed=916 failed=12 in_flight=7 remaining=590 papers/s=0.2163 pages/s=1.6817
progress completed=917 failed=12 in_flight=7 remaining=589 papers/s=0.2158 pages/s=1.6787
progress completed=918 failed=12 in_flight=7 remaining=588 papers/s=0.216 pages/s=1.6806
progress completed=919 failed=12 in_flight=7 remaining=587 papers/s=0.2162 pages/s=1.683
progress completed=920 failed=12 in_flight=7 remaining=586 papers/s=0.2161 pages/s=1.6829
progress completed=921 failed=12 in_flight=7 remaining=585 papers/s=0.2154 pages/s=1.6775
progress completed=922 failed=12 in_flight=7 remaining=584 papers/s=0.2156 pages/s=1.6791
progress completed=923 failed=12 in_flight=7 remaining=583 papers/s=0.2158 pages/s=1.6814
progress completed=924 failed=12 in_flight=7 remaining=582 papers/s=0.216 pages/s=1.682
progress completed=925 failed=12 in_flight=7 remaining=581 papers/s=0.2162 pages/s=1.6842
progress completed=926 failed=12 in_flight=7 remaining=580 papers/s=0.2164 pages/s=1.6864
progress completed=927 failed=12 in_flight=7 remaining=579 papers/s=0.2158 pages/s=1.6808
progress completed=928 failed=12 in_flight=7 remaining=578 papers/s=0.216 pages/s=1.6828
progress completed=929 failed=12 in_flight=7 remaining=577 papers/s=0.2157 pages/s=1.6801
progress completed=930 failed=12 in_flight=7 remaining=576 papers/s=0.2159 pages/s=1.6824
progress completed=931 failed=12 in_flight=7 remaining=575 papers/s=0.2161 pages/s=1.6846
progress completed=932 failed=12 in_flight=7 remaining=574 papers/s=0.216 pages/s=1.6843
progress completed=933 failed=12 in_flight=7 remaining=573 papers/s=0.2163 pages/s=1.6859
progress completed=934 failed=12 in_flight=7 remaining=572 papers/s=0.2163 pages/s=1.6859
progress completed=935 failed=12 in_flight=7 remaining=571 papers/s=0.2163 pages/s=1.6852
progress completed=936 failed=12 in_flight=7 remaining=570 papers/s=0.2165 pages/s=1.6863
progress completed=937 failed=12 in_flight=7 remaining=569 papers/s=0.2164 pages/s=1.6844
progress completed=938 failed=12 in_flight=7 remaining=568 papers/s=0.2162 pages/s=1.6837
progress completed=939 failed=12 in_flight=7 remaining=567 papers/s=0.2156 pages/s=1.6796
progress completed=940 failed=12 in_flight=7 remaining=566 papers/s=0.2158 pages/s=1.6805
progress completed=941 failed=12 in_flight=7 remaining=565 papers/s=0.216 pages/s=1.6823
progress completed=942 failed=12 in_flight=7 remaining=564 papers/s=0.2163 pages/s=1.6834
progress completed=943 failed=12 in_flight=7 remaining=563 papers/s=0.2165 pages/s=1.6852
progress completed=944 failed=12 in_flight=7 remaining=562 papers/s=0.216 pages/s=1.6823
progress completed=945 failed=12 in_flight=7 remaining=561 papers/s=0.2162 pages/s=1.6842
progress completed=946 failed=12 in_flight=7 remaining=560 papers/s=0.2164 pages/s=1.6861
progress completed=947 failed=12 in_flight=7 remaining=559 papers/s=0.2153 pages/s=1.677
progress completed=948 failed=12 in_flight=7 remaining=558 papers/s=0.2155 pages/s=1.6784
progress completed=949 failed=12 in_flight=7 remaining=557 papers/s=0.2157 pages/s=1.6794
progress completed=950 failed=12 in_flight=7 remaining=556 papers/s=0.2159 pages/s=1.6805
progress completed=951 failed=12 in_flight=7 remaining=555 papers/s=0.2161 pages/s=1.6819
progress completed=952 failed=12 in_flight=7 remaining=554 papers/s=0.2163 pages/s=1.684
progress completed=953 failed=12 in_flight=7 remaining=553 papers/s=0.2164 pages/s=1.6836
progress completed=954 failed=12 in_flight=7 remaining=552 papers/s=0.2166 pages/s=1.6854
progress completed=955 failed=12 in_flight=7 remaining=551 papers/s=0.2164 pages/s=1.6841
progress completed=956 failed=12 in_flight=7 remaining=550 papers/s=0.2158 pages/s=1.6788
progress completed=957 failed=12 in_flight=7 remaining=549 papers/s=0.216 pages/s=1.6799
progress completed=958 failed=12 in_flight=7 remaining=548 papers/s=0.2162 pages/s=1.681
progress completed=959 failed=12 in_flight=7 remaining=547 papers/s=0.2164 pages/s=1.6829
progress completed=960 failed=12 in_flight=7 remaining=546 papers/s=0.2167 pages/s=1.6842
progress completed=961 failed=12 in_flight=7 remaining=545 papers/s=0.2167 pages/s=1.6844
progress completed=962 failed=12 in_flight=7 remaining=544 papers/s=0.2168 pages/s=1.6856
progress completed=963 failed=12 in_flight=7 remaining=543 papers/s=0.2157 pages/s=1.6769
progress completed=964 failed=12 in_flight=7 remaining=542 papers/s=0.2159 pages/s=1.6782
progress completed=965 failed=12 in_flight=7 remaining=541 papers/s=0.2161 pages/s=1.6796
progress completed=966 failed=12 in_flight=7 remaining=540 papers/s=0.2162 pages/s=1.6795
progress completed=967 failed=12 in_flight=7 remaining=539 papers/s=0.2163 pages/s=1.6803
progress completed=968 failed=12 in_flight=7 remaining=538 papers/s=0.2165 pages/s=1.6823
progress completed=969 failed=12 in_flight=7 remaining=537 papers/s=0.216 pages/s=1.6789
progress completed=970 failed=12 in_flight=7 remaining=536 papers/s=0.2163 pages/s=1.6811
progress completed=971 failed=12 in_flight=7 remaining=535 papers/s=0.2161 pages/s=1.6793
progress completed=972 failed=12 in_flight=7 remaining=534 papers/s=0.2162 pages/s=1.6806
progress completed=973 failed=12 in_flight=7 remaining=533 papers/s=0.2162 pages/s=1.6812
progress completed=974 failed=12 in_flight=7 remaining=532 papers/s=0.215 pages/s=1.6712
progress completed=975 failed=12 in_flight=7 remaining=531 papers/s=0.2152 pages/s=1.6732
progress completed=976 failed=12 in_flight=7 remaining=530 papers/s=0.2154 pages/s=1.6754
progress completed=977 failed=12 in_flight=7 remaining=529 papers/s=0.2156 pages/s=1.6775
progress completed=978 failed=12 in_flight=7 remaining=528 papers/s=0.2158 pages/s=1.6789
progress completed=979 failed=12 in_flight=7 remaining=527 papers/s=0.216 pages/s=1.6811
progress completed=980 failed=12 in_flight=7 remaining=526 papers/s=0.2161 pages/s=1.682
progress completed=981 failed=12 in_flight=7 remaining=525 papers/s=0.216 pages/s=1.6813
progress completed=982 failed=12 in_flight=7 remaining=524 papers/s=0.2149 pages/s=1.6721
progress completed=983 failed=12 in_flight=7 remaining=523 papers/s=0.215 pages/s=1.6729
progress completed=984 failed=12 in_flight=7 remaining=522 papers/s=0.2153 pages/s=1.6744
progress completed=985 failed=12 in_flight=7 remaining=521 papers/s=0.2155 pages/s=1.6762
progress completed=986 failed=12 in_flight=7 remaining=520 papers/s=0.2156 pages/s=1.6781
progress completed=987 failed=12 in_flight=7 remaining=519 papers/s=0.2159 pages/s=1.6796
progress completed=988 failed=12 in_flight=7 remaining=518 papers/s=0.2159 pages/s=1.6797
progress completed=989 failed=12 in_flight=7 remaining=517 papers/s=0.2161 pages/s=1.6819
progress completed=990 failed=12 in_flight=7 remaining=516 papers/s=0.2161 pages/s=1.6816
progress completed=991 failed=12 in_flight=7 remaining=515 papers/s=0.2156 pages/s=1.6775
progress completed=992 failed=12 in_flight=7 remaining=514 papers/s=0.2154 pages/s=1.6754
progress completed=993 failed=12 in_flight=7 remaining=513 papers/s=0.2155 pages/s=1.6766
progress completed=994 failed=12 in_flight=7 remaining=512 papers/s=0.2151 pages/s=1.674
progress completed=995 failed=12 in_flight=7 remaining=511 papers/s=0.2154 pages/s=1.6761
progress completed=996 failed=12 in_flight=7 remaining=510 papers/s=0.2153 pages/s=1.6763
progress completed=997 failed=12 in_flight=7 remaining=509 papers/s=0.2156 pages/s=1.6784
progress completed=998 failed=12 in_flight=7 remaining=508 papers/s=0.2153 pages/s=1.6758
progress completed=999 failed=12 in_flight=7 remaining=507 papers/s=0.2154 pages/s=1.6773
failure paper_id=Engineering_2504.08043 error_type=mineru_failure attempts=3 message=Task 09c79683-010c-4499-83fe-19443520b5b1 failed: CUDA out of memory. Tried to allocate 2.31 GiB. GPU 0 has a total capacity of 39.67 GiB of which 811.06 MiB is free. Including non-PyTorch memory, this process has 16.77 GiB memory in use. Process 3386943 has 22.09 GiB memory in use. Of the allocated memory 10.26 GiB is allocated by PyTorch, and 5.69 GiB is reserved by PyTorch but unallocated. If reserved but unallocated memory is large try setting PYTORCH_CUDA_ALLOC_CONF=expandable_segments:True to avoid fragmentation.  See documentation for Memory Management  (https://docs.pytorch.org/docs/stable/notes/cuda.html#optimizing-memory-usage-with-pytorch-cuda-alloc-conf)
progress completed=999 failed=13 in_flight=7 remaining=506 papers/s=0.2149 pages/s=1.673
progress completed=1000 failed=13 in_flight=7 remaining=505 papers/s=0.2147 pages/s=1.6719
progress completed=1001 failed=13 in_flight=7 remaining=504 papers/s=0.2149 pages/s=1.674
progress completed=1002 failed=13 in_flight=7 remaining=503 papers/s=0.2146 pages/s=1.6724
progress completed=1003 failed=13 in_flight=7 remaining=502 papers/s=0.2148 pages/s=1.6736
progress completed=1004 failed=13 in_flight=7 remaining=501 papers/s=0.215 pages/s=1.6757
progress completed=1005 failed=13 in_flight=7 remaining=500 papers/s=0.2151 pages/s=1.6765
progress completed=1006 failed=13 in_flight=7 remaining=499 papers/s=0.2153 pages/s=1.6786
progress completed=1007 failed=13 in_flight=7 remaining=498 papers/s=0.215 pages/s=1.6758
progress completed=1008 failed=13 in_flight=7 remaining=497 papers/s=0.2152 pages/s=1.6773
progress completed=1009 failed=13 in_flight=7 remaining=496 papers/s=0.2139 pages/s=1.6677
progress completed=1010 failed=13 in_flight=7 remaining=495 papers/s=0.2142 pages/s=1.6687
progress completed=1011 failed=13 in_flight=7 remaining=494 papers/s=0.2144 pages/s=1.6708
progress completed=1012 failed=13 in_flight=7 remaining=493 papers/s=0.2146 pages/s=1.6728
progress completed=1013 failed=13 in_flight=7 remaining=492 papers/s=0.2148 pages/s=1.6749
progress completed=1014 failed=13 in_flight=7 remaining=491 papers/s=0.215 pages/s=1.677
progress completed=1015 failed=13 in_flight=7 remaining=490 papers/s=0.2151 pages/s=1.6782
progress completed=1016 failed=13 in_flight=7 remaining=489 papers/s=0.2132 pages/s=1.6641
progress completed=1017 failed=13 in_flight=7 remaining=488 papers/s=0.2134 pages/s=1.6661
progress completed=1018 failed=13 in_flight=7 remaining=487 papers/s=0.2136 pages/s=1.6682
progress completed=1019 failed=13 in_flight=7 remaining=486 papers/s=0.2138 pages/s=1.6703
progress completed=1020 failed=13 in_flight=7 remaining=485 papers/s=0.2134 pages/s=1.6671
progress completed=1021 failed=13 in_flight=7 remaining=484 papers/s=0.2135 pages/s=1.6679
progress completed=1022 failed=13 in_flight=7 remaining=483 papers/s=0.2132 pages/s=1.6659
progress completed=1023 failed=13 in_flight=7 remaining=482 papers/s=0.2123 pages/s=1.6579
progress completed=1024 failed=13 in_flight=7 remaining=481 papers/s=0.2124 pages/s=1.6582
progress completed=1025 failed=13 in_flight=7 remaining=480 papers/s=0.2126 pages/s=1.6602
progress completed=1026 failed=13 in_flight=7 remaining=479 papers/s=0.2128 pages/s=1.6622
progress completed=1027 failed=13 in_flight=7 remaining=478 papers/s=0.2123 pages/s=1.6589
progress completed=1028 failed=13 in_flight=7 remaining=477 papers/s=0.2125 pages/s=1.6609
failure paper_id=Engineering_2504.16814 error_type=mineru_failure attempts=3 message=Task ec544d61-42f9-4b5b-9cb8-6e4b64490e5a failed: CUDA out of memory. Tried to allocate 1.48 GiB. GPU 0 has a total capacity of 39.67 GiB of which 973.06 MiB is free. Including non-PyTorch memory, this process has 16.62 GiB memory in use. Process 3386943 has 22.09 GiB memory in use. Of the allocated memory 11.00 GiB is allocated by PyTorch, and 4.79 GiB is reserved by PyTorch but unallocated. If reserved but unallocated memory is large try setting PYTORCH_CUDA_ALLOC_CONF=expandable_segments:True to avoid fragmentation.  See documentation for Memory Management  (https://docs.pytorch.org/docs/stable/notes/cuda.html#optimizing-memory-usage-with-pytorch-cuda-alloc-conf)
progress completed=1028 failed=14 in_flight=7 remaining=476 papers/s=0.2123 pages/s=1.6593
progress completed=1029 failed=14 in_flight=7 remaining=475 papers/s=0.212 pages/s=1.6572
progress completed=1030 failed=14 in_flight=7 remaining=474 papers/s=0.2122 pages/s=1.6587
progress completed=1031 failed=14 in_flight=7 remaining=473 papers/s=0.212 pages/s=1.6566
progress completed=1032 failed=14 in_flight=7 remaining=472 papers/s=0.2106 pages/s=1.6461
progress completed=1033 failed=14 in_flight=7 remaining=471 papers/s=0.2107 pages/s=1.6467
progress completed=1034 failed=14 in_flight=7 remaining=470 papers/s=0.2109 pages/s=1.6488
progress completed=1035 failed=14 in_flight=7 remaining=469 papers/s=0.2111 pages/s=1.6508
progress completed=1036 failed=14 in_flight=7 remaining=468 papers/s=0.2113 pages/s=1.6524
progress completed=1037 failed=14 in_flight=7 remaining=467 papers/s=0.2115 pages/s=1.654
progress completed=1038 failed=14 in_flight=7 remaining=466 papers/s=0.2117 pages/s=1.656
progress completed=1039 failed=14 in_flight=7 remaining=465 papers/s=0.2105 pages/s=1.6458
progress completed=1040 failed=14 in_flight=7 remaining=464 papers/s=0.2106 pages/s=1.6466
progress completed=1041 failed=14 in_flight=7 remaining=463 papers/s=0.2108 pages/s=1.6478
progress completed=1042 failed=14 in_flight=7 remaining=462 papers/s=0.2101 pages/s=1.6423
progress completed=1043 failed=14 in_flight=7 remaining=461 papers/s=0.2103 pages/s=1.6436
progress completed=1044 failed=14 in_flight=7 remaining=460 papers/s=0.2105 pages/s=1.6452
progress completed=1045 failed=14 in_flight=7 remaining=459 papers/s=0.2107 pages/s=1.6472
progress completed=1046 failed=14 in_flight=7 remaining=458 papers/s=0.2094 pages/s=1.6364
progress completed=1047 failed=14 in_flight=7 remaining=457 papers/s=0.2095 pages/s=1.6372
progress completed=1048 failed=14 in_flight=7 remaining=456 papers/s=0.2097 pages/s=1.6381
progress completed=1049 failed=14 in_flight=7 remaining=455 papers/s=0.2099 pages/s=1.6393
progress completed=1050 failed=14 in_flight=7 remaining=454 papers/s=0.2101 pages/s=1.6402
progress completed=1051 failed=14 in_flight=7 remaining=453 papers/s=0.2103 pages/s=1.6415
progress completed=1052 failed=14 in_flight=7 remaining=452 papers/s=0.2105 pages/s=1.6435
progress completed=1053 failed=14 in_flight=7 remaining=451 papers/s=0.2096 pages/s=1.6369
progress completed=1054 failed=14 in_flight=7 remaining=450 papers/s=0.2098 pages/s=1.6388
progress completed=1055 failed=14 in_flight=7 remaining=449 papers/s=0.2096 pages/s=1.6367
progress completed=1056 failed=14 in_flight=7 remaining=448 papers/s=0.2098 pages/s=1.6387
progress completed=1057 failed=14 in_flight=7 remaining=447 papers/s=0.21 pages/s=1.6398
progress completed=1058 failed=14 in_flight=7 remaining=446 papers/s=0.2101 pages/s=1.6401
progress completed=1059 failed=14 in_flight=7 remaining=445 papers/s=0.2103 pages/s=1.6421
progress completed=1060 failed=14 in_flight=7 remaining=444 papers/s=0.2103 pages/s=1.6409
progress completed=1061 failed=14 in_flight=7 remaining=443 papers/s=0.2101 pages/s=1.6405
progress completed=1062 failed=14 in_flight=7 remaining=442 papers/s=0.2095 pages/s=1.6348
progress completed=1063 failed=14 in_flight=7 remaining=441 papers/s=0.2096 pages/s=1.6358
progress completed=1064 failed=14 in_flight=7 remaining=440 papers/s=0.2098 pages/s=1.6367
progress completed=1065 failed=14 in_flight=7 remaining=439 papers/s=0.21 pages/s=1.6387
progress completed=1066 failed=14 in_flight=7 remaining=438 papers/s=0.2102 pages/s=1.6406
progress completed=1067 failed=14 in_flight=7 remaining=437 papers/s=0.2103 pages/s=1.6409
progress completed=1068 failed=14 in_flight=7 remaining=436 papers/s=0.2105 pages/s=1.6425
progress completed=1069 failed=14 in_flight=7 remaining=435 papers/s=0.2102 pages/s=1.6394
progress completed=1070 failed=14 in_flight=7 remaining=434 papers/s=0.2104 pages/s=1.6403
progress completed=1071 failed=14 in_flight=7 remaining=433 papers/s=0.2099 pages/s=1.6362
progress completed=1072 failed=14 in_flight=7 remaining=432 papers/s=0.21 pages/s=1.6368
progress completed=1073 failed=14 in_flight=7 remaining=431 papers/s=0.2102 pages/s=1.6379
progress completed=1074 failed=14 in_flight=7 remaining=430 papers/s=0.2104 pages/s=1.6386
progress completed=1075 failed=14 in_flight=7 remaining=429 papers/s=0.2106 pages/s=1.6403
progress completed=1076 failed=14 in_flight=7 remaining=428 papers/s=0.2108 pages/s=1.6412
progress completed=1077 failed=14 in_flight=7 remaining=427 papers/s=0.2106 pages/s=1.6403
progress completed=1078 failed=14 in_flight=7 remaining=426 papers/s=0.2105 pages/s=1.639
progress completed=1079 failed=14 in_flight=7 remaining=425 papers/s=0.2098 pages/s=1.6329
progress completed=1080 failed=14 in_flight=7 remaining=424 papers/s=0.21 pages/s=1.6339
progress completed=1081 failed=14 in_flight=7 remaining=423 papers/s=0.2102 pages/s=1.6358
progress completed=1082 failed=14 in_flight=7 remaining=422 papers/s=0.2104 pages/s=1.6367
progress completed=1083 failed=14 in_flight=7 remaining=421 papers/s=0.2106 pages/s=1.6386
progress completed=1084 failed=14 in_flight=7 remaining=420 papers/s=0.2108 pages/s=1.6406
progress completed=1085 failed=14 in_flight=7 remaining=419 papers/s=0.211 pages/s=1.6425
progress completed=1086 failed=14 in_flight=7 remaining=418 papers/s=0.211 pages/s=1.6427
progress completed=1087 failed=14 in_flight=7 remaining=417 papers/s=0.2106 pages/s=1.6394
progress completed=1088 failed=14 in_flight=7 remaining=416 papers/s=0.2104 pages/s=1.6374
progress completed=1089 failed=14 in_flight=7 remaining=415 papers/s=0.2106 pages/s=1.6393
progress completed=1090 failed=14 in_flight=7 remaining=414 papers/s=0.2102 pages/s=1.6357
progress completed=1091 failed=14 in_flight=7 remaining=413 papers/s=0.2103 pages/s=1.6364
progress completed=1092 failed=14 in_flight=7 remaining=412 papers/s=0.2105 pages/s=1.638
progress completed=1093 failed=14 in_flight=7 remaining=411 papers/s=0.2106 pages/s=1.6396
progress completed=1094 failed=14 in_flight=7 remaining=410 papers/s=0.2108 pages/s=1.6415
progress completed=1095 failed=14 in_flight=7 remaining=409 papers/s=0.2107 pages/s=1.6412
progress completed=1096 failed=14 in_flight=7 remaining=408 papers/s=0.2104 pages/s=1.638
progress completed=1097 failed=14 in_flight=7 remaining=407 papers/s=0.2106 pages/s=1.6389
progress completed=1098 failed=14 in_flight=7 remaining=406 papers/s=0.2108 pages/s=1.64
progress completed=1099 failed=14 in_flight=7 remaining=405 papers/s=0.211 pages/s=1.6415
progress completed=1100 failed=14 in_flight=7 remaining=404 papers/s=0.2111 pages/s=1.643
progress completed=1101 failed=14 in_flight=7 remaining=403 papers/s=0.2111 pages/s=1.6424
progress completed=1102 failed=14 in_flight=7 remaining=402 papers/s=0.2102 pages/s=1.6352
progress completed=1103 failed=14 in_flight=7 remaining=401 papers/s=0.2104 pages/s=1.6362
progress completed=1104 failed=14 in_flight=7 remaining=400 papers/s=0.2106 pages/s=1.6371
progress completed=1105 failed=14 in_flight=7 remaining=399 papers/s=0.2108 pages/s=1.638
progress completed=1106 failed=14 in_flight=7 remaining=398 papers/s=0.2109 pages/s=1.6389
progress completed=1107 failed=14 in_flight=7 remaining=397 papers/s=0.2111 pages/s=1.6404
progress completed=1108 failed=14 in_flight=7 remaining=396 papers/s=0.2112 pages/s=1.6406
progress completed=1109 failed=14 in_flight=7 remaining=395 papers/s=0.2114 pages/s=1.6425
progress completed=1110 failed=14 in_flight=7 remaining=394 papers/s=0.2102 pages/s=1.6327
progress completed=1111 failed=14 in_flight=7 remaining=393 papers/s=0.2104 pages/s=1.6345
progress completed=1112 failed=14 in_flight=7 remaining=392 papers/s=0.2106 pages/s=1.6364
progress completed=1113 failed=14 in_flight=7 remaining=391 papers/s=0.2108 pages/s=1.6383
progress completed=1114 failed=14 in_flight=7 remaining=390 papers/s=0.2109 pages/s=1.64
progress completed=1115 failed=14 in_flight=7 remaining=389 papers/s=0.2111 pages/s=1.6418
progress completed=1116 failed=14 in_flight=7 remaining=388 papers/s=0.2112 pages/s=1.6421
progress completed=1117 failed=14 in_flight=7 remaining=387 papers/s=0.2113 pages/s=1.6431
progress completed=1118 failed=14 in_flight=7 remaining=386 papers/s=0.2111 pages/s=1.6411
progress completed=1119 failed=14 in_flight=7 remaining=385 papers/s=0.2108 pages/s=1.6392
progress completed=1120 failed=14 in_flight=7 remaining=384 papers/s=0.211 pages/s=1.6402
progress completed=1121 failed=14 in_flight=7 remaining=383 papers/s=0.2112 pages/s=1.6413
progress completed=1122 failed=14 in_flight=7 remaining=382 papers/s=0.2113 pages/s=1.6426
progress completed=1123 failed=14 in_flight=7 remaining=381 papers/s=0.2111 pages/s=1.6414
progress completed=1124 failed=14 in_flight=7 remaining=380 papers/s=0.2113 pages/s=1.6423
progress completed=1125 failed=14 in_flight=7 remaining=379 papers/s=0.2114 pages/s=1.6433
progress completed=1126 failed=14 in_flight=7 remaining=378 papers/s=0.2115 pages/s=1.6442
progress completed=1127 failed=14 in_flight=7 remaining=377 papers/s=0.2114 pages/s=1.6434
progress completed=1128 failed=14 in_flight=7 remaining=376 papers/s=0.2115 pages/s=1.6438
progress completed=1129 failed=14 in_flight=7 remaining=375 papers/s=0.2116 pages/s=1.6449
progress completed=1130 failed=14 in_flight=7 remaining=374 papers/s=0.2114 pages/s=1.643
progress completed=1131 failed=14 in_flight=7 remaining=373 papers/s=0.2109 pages/s=1.6383
progress completed=1132 failed=14 in_flight=7 remaining=372 papers/s=0.2111 pages/s=1.6394
progress completed=1133 failed=14 in_flight=7 remaining=371 papers/s=0.2113 pages/s=1.6403
progress completed=1134 failed=14 in_flight=7 remaining=370 papers/s=0.2114 pages/s=1.6421
progress completed=1135 failed=14 in_flight=7 remaining=369 papers/s=0.2116 pages/s=1.6439
progress completed=1136 failed=14 in_flight=7 remaining=368 papers/s=0.2118 pages/s=1.6457
progress completed=1137 failed=14 in_flight=7 remaining=367 papers/s=0.212 pages/s=1.6475
progress completed=1138 failed=14 in_flight=7 remaining=366 papers/s=0.211 pages/s=1.6398
progress completed=1139 failed=14 in_flight=7 remaining=365 papers/s=0.2112 pages/s=1.6407
progress completed=1140 failed=14 in_flight=7 remaining=364 papers/s=0.2114 pages/s=1.6425
progress completed=1141 failed=14 in_flight=7 remaining=363 papers/s=0.2116 pages/s=1.644
progress completed=1142 failed=14 in_flight=7 remaining=362 papers/s=0.2118 pages/s=1.6449
progress completed=1143 failed=14 in_flight=7 remaining=361 papers/s=0.212 pages/s=1.6467
progress completed=1144 failed=14 in_flight=7 remaining=360 papers/s=0.2119 pages/s=1.646
progress completed=1145 failed=14 in_flight=7 remaining=359 papers/s=0.212 pages/s=1.6474
progress completed=1146 failed=14 in_flight=7 remaining=358 papers/s=0.2115 pages/s=1.6431
progress completed=1147 failed=14 in_flight=7 remaining=357 papers/s=0.2117 pages/s=1.6449
progress completed=1148 failed=14 in_flight=7 remaining=356 papers/s=0.2119 pages/s=1.646
progress completed=1149 failed=14 in_flight=7 remaining=355 papers/s=0.212 pages/s=1.6478
progress completed=1150 failed=14 in_flight=7 remaining=354 papers/s=0.2119 pages/s=1.6465
progress completed=1151 failed=14 in_flight=7 remaining=353 papers/s=0.2118 pages/s=1.6461
progress completed=1152 failed=14 in_flight=7 remaining=352 papers/s=0.212 pages/s=1.6479
progress completed=1153 failed=14 in_flight=7 remaining=351 papers/s=0.2121 pages/s=1.6482
progress completed=1154 failed=14 in_flight=7 remaining=350 papers/s=0.2123 pages/s=1.65
progress completed=1155 failed=14 in_flight=7 remaining=349 papers/s=0.2122 pages/s=1.6493
progress completed=1156 failed=14 in_flight=7 remaining=348 papers/s=0.2122 pages/s=1.6489
progress completed=1157 failed=14 in_flight=7 remaining=347 papers/s=0.2119 pages/s=1.6471
progress completed=1158 failed=14 in_flight=7 remaining=346 papers/s=0.2121 pages/s=1.6482
progress completed=1159 failed=14 in_flight=7 remaining=345 papers/s=0.212 pages/s=1.6474
progress completed=1160 failed=14 in_flight=7 remaining=344 papers/s=0.2122 pages/s=1.6484
failure paper_id=Engineering_2507.16832 error_type=submission_failure attempts=3 message=Server error '503 Service Unavailable' for url 'http://127.0.0.1:38157/tasks'
For more information check: https://developer.mozilla.org/en-US/docs/Web/HTTP/Status/503
progress completed=1160 failed=15 in_flight=7 remaining=343 papers/s=0.2119 pages/s=1.6464
failure paper_id=Engineering_2507.16838 error_type=submission_failure attempts=3 message=Server error '503 Service Unavailable' for url 'http://127.0.0.1:38157/tasks'
For more information check: https://developer.mozilla.org/en-US/docs/Web/HTTP/Status/503
progress completed=1160 failed=16 in_flight=7 remaining=342 papers/s=0.2119 pages/s=1.6461
progress completed=1161 failed=16 in_flight=7 remaining=341 papers/s=0.2089 pages/s=1.6231
progress completed=1162 failed=16 in_flight=7 remaining=340 papers/s=0.2084 pages/s=1.6185
progress completed=1163 failed=16 in_flight=7 remaining=339 papers/s=0.2086 pages/s=1.6195
progress completed=1164 failed=16 in_flight=7 remaining=338 papers/s=0.2087 pages/s=1.6208
progress completed=1165 failed=16 in_flight=7 remaining=337 papers/s=0.2089 pages/s=1.6217
progress completed=1166 failed=16 in_flight=7 remaining=336 papers/s=0.209 pages/s=1.6235
progress completed=1167 failed=16 in_flight=7 remaining=335 papers/s=0.2091 pages/s=1.6245
progress completed=1168 failed=16 in_flight=7 remaining=334 papers/s=0.2093 pages/s=1.6262
progress completed=1169 failed=16 in_flight=7 remaining=333 papers/s=0.2093 pages/s=1.626
progress completed=1170 failed=16 in_flight=7 remaining=332 papers/s=0.2092 pages/s=1.6245
progress completed=1171 failed=16 in_flight=7 remaining=331 papers/s=0.2087 pages/s=1.6204
progress completed=1172 failed=16 in_flight=7 remaining=330 papers/s=0.2089 pages/s=1.6216
progress completed=1173 failed=16 in_flight=7 remaining=329 papers/s=0.209 pages/s=1.6225
progress completed=1174 failed=16 in_flight=7 remaining=328 papers/s=0.2092 pages/s=1.6235
progress completed=1175 failed=16 in_flight=7 remaining=327 papers/s=0.2094 pages/s=1.6253
progress completed=1176 failed=16 in_flight=7 remaining=326 papers/s=0.2096 pages/s=1.6262
progress completed=1177 failed=16 in_flight=7 remaining=325 papers/s=0.209 pages/s=1.6217
progress completed=1178 failed=16 in_flight=7 remaining=324 papers/s=0.2092 pages/s=1.6231
progress completed=1179 failed=16 in_flight=7 remaining=323 papers/s=0.209 pages/s=1.6214
progress completed=1180 failed=16 in_flight=7 remaining=322 papers/s=0.2092 pages/s=1.6223
progress completed=1181 failed=16 in_flight=7 remaining=321 papers/s=0.2094 pages/s=1.6241
progress completed=1182 failed=16 in_flight=7 remaining=320 papers/s=0.2096 pages/s=1.6258
progress completed=1183 failed=16 in_flight=7 remaining=319 papers/s=0.2095 pages/s=1.6246
progress completed=1184 failed=16 in_flight=7 remaining=318 papers/s=0.2096 pages/s=1.6264
progress completed=1185 failed=16 in_flight=7 remaining=317 papers/s=0.2088 pages/s=1.6202
progress completed=1186 failed=16 in_flight=7 remaining=316 papers/s=0.209 pages/s=1.621
progress completed=1187 failed=16 in_flight=7 remaining=315 papers/s=0.2091 pages/s=1.6219
progress completed=1188 failed=16 in_flight=7 remaining=314 papers/s=0.2092 pages/s=1.6229
progress completed=1189 failed=16 in_flight=7 remaining=313 papers/s=0.2094 pages/s=1.6239
progress completed=1190 failed=16 in_flight=7 remaining=312 papers/s=0.2095 pages/s=1.6254
progress completed=1191 failed=16 in_flight=7 remaining=311 papers/s=0.2097 pages/s=1.6267
progress completed=1192 failed=16 in_flight=7 remaining=310 papers/s=0.2097 pages/s=1.6265
progress completed=1193 failed=16 in_flight=7 remaining=309 papers/s=0.2095 pages/s=1.6247
progress completed=1194 failed=16 in_flight=7 remaining=308 papers/s=0.2093 pages/s=1.6231
progress completed=1195 failed=16 in_flight=7 remaining=307 papers/s=0.2091 pages/s=1.6213
progress completed=1196 failed=16 in_flight=7 remaining=306 papers/s=0.2093 pages/s=1.6225
progress completed=1197 failed=16 in_flight=7 remaining=305 papers/s=0.2095 pages/s=1.6239
progress completed=1198 failed=16 in_flight=7 remaining=304 papers/s=0.2097 pages/s=1.6256
progress completed=1199 failed=16 in_flight=7 remaining=303 papers/s=0.2097 pages/s=1.6264
progress completed=1200 failed=16 in_flight=7 remaining=302 papers/s=0.2099 pages/s=1.628
progress completed=1201 failed=16 in_flight=7 remaining=301 papers/s=0.2099 pages/s=1.6276
progress completed=1202 failed=16 in_flight=7 remaining=300 papers/s=0.2098 pages/s=1.6267
progress completed=1203 failed=16 in_flight=7 remaining=299 papers/s=0.21 pages/s=1.6279
progress completed=1204 failed=16 in_flight=7 remaining=298 papers/s=0.2099 pages/s=1.6266
progress completed=1205 failed=16 in_flight=7 remaining=297 papers/s=0.2101 pages/s=1.6274
progress completed=1206 failed=16 in_flight=7 remaining=296 papers/s=0.2089 pages/s=1.6184
progress completed=1207 failed=16 in_flight=7 remaining=295 papers/s=0.209 pages/s=1.6201
progress completed=1208 failed=16 in_flight=7 remaining=294 papers/s=0.2092 pages/s=1.6217
progress completed=1209 failed=16 in_flight=7 remaining=293 papers/s=0.2094 pages/s=1.6231
progress completed=1210 failed=16 in_flight=7 remaining=292 papers/s=0.2096 pages/s=1.6248
progress completed=1211 failed=16 in_flight=7 remaining=291 papers/s=0.2096 pages/s=1.6256
progress completed=1212 failed=16 in_flight=7 remaining=290 papers/s=0.2098 pages/s=1.627
progress completed=1213 failed=16 in_flight=7 remaining=289 papers/s=0.2099 pages/s=1.6287
progress completed=1214 failed=16 in_flight=7 remaining=288 papers/s=0.2094 pages/s=1.6248
progress completed=1215 failed=16 in_flight=7 remaining=287 papers/s=0.209 pages/s=1.6216
progress completed=1216 failed=16 in_flight=7 remaining=286 papers/s=0.2091 pages/s=1.6233
progress completed=1217 failed=16 in_flight=7 remaining=285 papers/s=0.2093 pages/s=1.625
progress completed=1218 failed=16 in_flight=7 remaining=284 papers/s=0.2095 pages/s=1.6263
progress completed=1219 failed=16 in_flight=7 remaining=283 papers/s=0.2095 pages/s=1.6266
progress completed=1220 failed=16 in_flight=7 remaining=282 papers/s=0.2097 pages/s=1.6283
progress completed=1221 failed=16 in_flight=7 remaining=281 papers/s=0.2099 pages/s=1.6299
progress completed=1222 failed=16 in_flight=7 remaining=280 papers/s=0.2099 pages/s=1.6302
progress completed=1223 failed=16 in_flight=7 remaining=279 papers/s=0.2099 pages/s=1.6294
progress completed=1224 failed=16 in_flight=7 remaining=278 papers/s=0.2093 pages/s=1.6255
progress completed=1225 failed=16 in_flight=7 remaining=277 papers/s=0.2095 pages/s=1.6272
progress completed=1226 failed=16 in_flight=7 remaining=276 papers/s=0.2097 pages/s=1.6287
progress completed=1227 failed=16 in_flight=7 remaining=275 papers/s=0.2098 pages/s=1.6302
progress completed=1228 failed=16 in_flight=7 remaining=274 papers/s=0.2099 pages/s=1.6305
progress completed=1229 failed=16 in_flight=7 remaining=273 papers/s=0.2098 pages/s=1.6299
progress completed=1230 failed=16 in_flight=7 remaining=272 papers/s=0.21 pages/s=1.6316
progress completed=1231 failed=16 in_flight=7 remaining=271 papers/s=0.2101 pages/s=1.6325
progress completed=1232 failed=16 in_flight=7 remaining=270 papers/s=0.2099 pages/s=1.631
progress completed=1233 failed=16 in_flight=7 remaining=269 papers/s=0.2093 pages/s=1.6262
progress completed=1234 failed=16 in_flight=7 remaining=268 papers/s=0.2095 pages/s=1.6279
progress completed=1235 failed=16 in_flight=7 remaining=267 papers/s=0.2096 pages/s=1.6296
progress completed=1236 failed=16 in_flight=7 remaining=266 papers/s=0.2097 pages/s=1.6301
progress completed=1237 failed=16 in_flight=7 remaining=265 papers/s=0.2099 pages/s=1.6311
progress completed=1238 failed=16 in_flight=7 remaining=264 papers/s=0.21 pages/s=1.6326
progress completed=1239 failed=16 in_flight=7 remaining=263 papers/s=0.2102 pages/s=1.6342
progress completed=1240 failed=16 in_flight=7 remaining=262 papers/s=0.2099 pages/s=1.6322
progress completed=1241 failed=16 in_flight=7 remaining=261 papers/s=0.21 pages/s=1.6323
progress completed=1242 failed=16 in_flight=7 remaining=260 papers/s=0.2096 pages/s=1.6287
progress completed=1243 failed=16 in_flight=7 remaining=259 papers/s=0.2097 pages/s=1.6295
progress completed=1244 failed=16 in_flight=7 remaining=258 papers/s=0.2099 pages/s=1.6312
progress completed=1245 failed=16 in_flight=7 remaining=257 papers/s=0.21 pages/s=1.6321
progress completed=1246 failed=16 in_flight=7 remaining=256 papers/s=0.2102 pages/s=1.6333
progress completed=1247 failed=16 in_flight=7 remaining=255 papers/s=0.2103 pages/s=1.6341
progress completed=1248 failed=16 in_flight=7 remaining=254 papers/s=0.2101 pages/s=1.6325
progress completed=1249 failed=16 in_flight=7 remaining=253 papers/s=0.21 pages/s=1.6312
progress completed=1250 failed=16 in_flight=7 remaining=252 papers/s=0.2096 pages/s=1.6273
progress completed=1251 failed=16 in_flight=7 remaining=251 papers/s=0.2097 pages/s=1.6288
progress completed=1252 failed=16 in_flight=7 remaining=250 papers/s=0.2099 pages/s=1.6304
progress completed=1253 failed=16 in_flight=7 remaining=249 papers/s=0.2099 pages/s=1.6305
progress completed=1254 failed=16 in_flight=7 remaining=248 papers/s=0.21 pages/s=1.6315
progress completed=1255 failed=16 in_flight=7 remaining=247 papers/s=0.2102 pages/s=1.6326
progress completed=1256 failed=16 in_flight=7 remaining=246 papers/s=0.2104 pages/s=1.6341
progress completed=1257 failed=16 in_flight=7 remaining=245 papers/s=0.2105 pages/s=1.6349
progress completed=1258 failed=16 in_flight=7 remaining=244 papers/s=0.2104 pages/s=1.6341
progress completed=1259 failed=16 in_flight=7 remaining=243 papers/s=0.2104 pages/s=1.6336
progress completed=1260 failed=16 in_flight=7 remaining=242 papers/s=0.2101 pages/s=1.6308
progress completed=1261 failed=16 in_flight=7 remaining=241 papers/s=0.2102 pages/s=1.6317
progress completed=1262 failed=16 in_flight=7 remaining=240 papers/s=0.2104 pages/s=1.6326
progress completed=1263 failed=16 in_flight=7 remaining=239 papers/s=0.2104 pages/s=1.6321
progress completed=1264 failed=16 in_flight=7 remaining=238 papers/s=0.2105 pages/s=1.6337
progress completed=1265 failed=16 in_flight=7 remaining=237 papers/s=0.2106 pages/s=1.6346
progress completed=1266 failed=16 in_flight=7 remaining=236 papers/s=0.2106 pages/s=1.6345
progress completed=1267 failed=16 in_flight=7 remaining=235 papers/s=0.2095 pages/s=1.6259
progress completed=1268 failed=16 in_flight=7 remaining=234 papers/s=0.2097 pages/s=1.6275
progress completed=1269 failed=16 in_flight=7 remaining=233 papers/s=0.2099 pages/s=1.6291
progress completed=1270 failed=16 in_flight=7 remaining=232 papers/s=0.21 pages/s=1.6307
progress completed=1271 failed=16 in_flight=7 remaining=231 papers/s=0.2102 pages/s=1.632
progress completed=1272 failed=16 in_flight=7 remaining=230 papers/s=0.2103 pages/s=1.6329
progress completed=1273 failed=16 in_flight=7 remaining=229 papers/s=0.2105 pages/s=1.6342
progress completed=1274 failed=16 in_flight=7 remaining=228 papers/s=0.2107 pages/s=1.6358
progress completed=1275 failed=16 in_flight=7 remaining=227 papers/s=0.2104 pages/s=1.6339
progress completed=1276 failed=16 in_flight=7 remaining=226 papers/s=0.2105 pages/s=1.6344
progress completed=1277 failed=16 in_flight=7 remaining=225 papers/s=0.2102 pages/s=1.6313
progress completed=1278 failed=16 in_flight=7 remaining=224 papers/s=0.2103 pages/s=1.6321
progress completed=1279 failed=16 in_flight=7 remaining=223 papers/s=0.2105 pages/s=1.6337
progress completed=1280 failed=16 in_flight=7 remaining=222 papers/s=0.2107 pages/s=1.6352
progress completed=1281 failed=16 in_flight=7 remaining=221 papers/s=0.2104 pages/s=1.633
progress completed=1282 failed=16 in_flight=7 remaining=220 papers/s=0.2106 pages/s=1.6343
progress completed=1283 failed=16 in_flight=7 remaining=219 papers/s=0.2107 pages/s=1.6357
progress completed=1284 failed=16 in_flight=7 remaining=218 papers/s=0.2108 pages/s=1.6362
progress completed=1285 failed=16 in_flight=7 remaining=217 papers/s=0.2106 pages/s=1.634
progress completed=1286 failed=16 in_flight=7 remaining=216 papers/s=0.2102 pages/s=1.6304
progress completed=1287 failed=16 in_flight=7 remaining=215 papers/s=0.2103 pages/s=1.6321
progress completed=1288 failed=16 in_flight=7 remaining=214 papers/s=0.2105 pages/s=1.6329
progress completed=1289 failed=16 in_flight=7 remaining=213 papers/s=0.2106 pages/s=1.6345
progress completed=1290 failed=16 in_flight=7 remaining=212 papers/s=0.2107 pages/s=1.6346
progress completed=1291 failed=16 in_flight=7 remaining=211 papers/s=0.2108 pages/s=1.6356
progress completed=1292 failed=16 in_flight=7 remaining=210 papers/s=0.211 pages/s=1.6372
progress completed=1293 failed=16 in_flight=7 remaining=209 papers/s=0.2103 pages/s=1.632
progress completed=1294 failed=16 in_flight=7 remaining=208 papers/s=0.2104 pages/s=1.6328
progress completed=1295 failed=16 in_flight=7 remaining=207 papers/s=0.2106 pages/s=1.6344
progress completed=1296 failed=16 in_flight=7 remaining=206 papers/s=0.2108 pages/s=1.6357
progress completed=1297 failed=16 in_flight=7 remaining=205 papers/s=0.2109 pages/s=1.6368
progress completed=1298 failed=16 in_flight=7 remaining=204 papers/s=0.211 pages/s=1.6375
progress completed=1299 failed=16 in_flight=7 remaining=203 papers/s=0.2111 pages/s=1.639
progress completed=1300 failed=16 in_flight=7 remaining=202 papers/s=0.2112 pages/s=1.6399
progress completed=1301 failed=16 in_flight=7 remaining=201 papers/s=0.2101 pages/s=1.6314
progress completed=1302 failed=16 in_flight=7 remaining=200 papers/s=0.2103 pages/s=1.6327
progress completed=1303 failed=16 in_flight=7 remaining=199 papers/s=0.2104 pages/s=1.634
progress completed=1304 failed=16 in_flight=7 remaining=198 papers/s=0.2105 pages/s=1.6349
progress completed=1305 failed=16 in_flight=7 remaining=197 papers/s=0.2107 pages/s=1.6359
progress completed=1306 failed=16 in_flight=7 remaining=196 papers/s=0.2108 pages/s=1.6374
progress completed=1307 failed=16 in_flight=7 remaining=195 papers/s=0.2106 pages/s=1.6359
progress completed=1308 failed=16 in_flight=7 remaining=194 papers/s=0.2093 pages/s=1.6255
progress completed=1309 failed=16 in_flight=7 remaining=193 papers/s=0.2094 pages/s=1.627
progress completed=1310 failed=16 in_flight=7 remaining=192 papers/s=0.2084 pages/s=1.6185
progress completed=1311 failed=16 in_flight=7 remaining=191 papers/s=0.2085 pages/s=1.6198
progress completed=1312 failed=16 in_flight=7 remaining=190 papers/s=0.2087 pages/s=1.6211
progress completed=1313 failed=16 in_flight=7 remaining=189 papers/s=0.2088 pages/s=1.622
progress completed=1314 failed=16 in_flight=7 remaining=188 papers/s=0.209 pages/s=1.6235
progress completed=1315 failed=16 in_flight=7 remaining=187 papers/s=0.2091 pages/s=1.6251
progress completed=1316 failed=16 in_flight=7 remaining=186 papers/s=0.2085 pages/s=1.6198
progress completed=1317 failed=16 in_flight=7 remaining=185 papers/s=0.2083 pages/s=1.6183
progress completed=1318 failed=16 in_flight=7 remaining=184 papers/s=0.2079 pages/s=1.6149
progress completed=1319 failed=16 in_flight=7 remaining=183 papers/s=0.208 pages/s=1.6157
progress completed=1320 failed=16 in_flight=7 remaining=182 papers/s=0.2082 pages/s=1.6167
progress completed=1321 failed=16 in_flight=7 remaining=181 papers/s=0.2083 pages/s=1.6175
progress completed=1322 failed=16 in_flight=7 remaining=180 papers/s=0.2084 pages/s=1.6181
progress completed=1323 failed=16 in_flight=7 remaining=179 papers/s=0.2085 pages/s=1.6196
failure paper_id=Engineering_2510.22472v1 error_type=mineru_failure attempts=3 message=Task be526af8-6330-4192-9ce7-b75523d60d43 failed: CUDA out of memory. Tried to allocate 330.00 MiB. GPU 0 has a total capacity of 39.67 GiB of which 171.06 MiB is free. Including non-PyTorch memory, this process has 18.43 GiB memory in use. Process 3429247 has 21.07 GiB memory in use. Of the allocated memory 12.91 GiB is allocated by PyTorch, and 4.73 GiB is reserved by PyTorch but unallocated. If reserved but unallocated memory is large try setting PYTORCH_CUDA_ALLOC_CONF=expandable_segments:True to avoid fragmentation.  See documentation for Memory Management  (https://docs.pytorch.org/docs/stable/notes/cuda.html#optimizing-memory-usage-with-pytorch-cuda-alloc-conf)
progress completed=1323 failed=17 in_flight=7 remaining=178 papers/s=0.2078 pages/s=1.6142
progress completed=1324 failed=17 in_flight=7 remaining=177 papers/s=0.2078 pages/s=1.6143
progress completed=1325 failed=17 in_flight=7 remaining=176 papers/s=0.2074 pages/s=1.6116
progress completed=1326 failed=17 in_flight=7 remaining=175 papers/s=0.2072 pages/s=1.6094
progress completed=1327 failed=17 in_flight=7 remaining=174 papers/s=0.2073 pages/s=1.6104
progress completed=1328 failed=17 in_flight=7 remaining=173 papers/s=0.2075 pages/s=1.6113
progress completed=1329 failed=17 in_flight=7 remaining=172 papers/s=0.2076 pages/s=1.6129
progress completed=1330 failed=17 in_flight=7 remaining=171 papers/s=0.2078 pages/s=1.6139
progress completed=1331 failed=17 in_flight=7 remaining=170 papers/s=0.2079 pages/s=1.6145
progress completed=1332 failed=17 in_flight=7 remaining=169 papers/s=0.2078 pages/s=1.6147
progress completed=1333 failed=17 in_flight=7 remaining=168 papers/s=0.2079 pages/s=1.6152
progress completed=1334 failed=17 in_flight=7 remaining=167 papers/s=0.2079 pages/s=1.6144
progress completed=1335 failed=17 in_flight=7 remaining=166 papers/s=0.207 pages/s=1.6079
progress completed=1336 failed=17 in_flight=7 remaining=165 papers/s=0.2071 pages/s=1.6087
progress completed=1337 failed=17 in_flight=7 remaining=164 papers/s=0.2073 pages/s=1.6098
progress completed=1338 failed=17 in_flight=7 remaining=163 papers/s=0.2074 pages/s=1.6113
progress completed=1339 failed=17 in_flight=7 remaining=162 papers/s=0.2076 pages/s=1.6128
progress completed=1340 failed=17 in_flight=7 remaining=161 papers/s=0.2077 pages/s=1.6144
progress completed=1341 failed=17 in_flight=7 remaining=160 papers/s=0.2079 pages/s=1.6158
progress completed=1342 failed=17 in_flight=7 remaining=159 papers/s=0.2079 pages/s=1.6155
progress completed=1343 failed=17 in_flight=7 remaining=158 papers/s=0.2066 pages/s=1.6052
progress completed=1344 failed=17 in_flight=7 remaining=157 papers/s=0.2067 pages/s=1.6066
progress completed=1345 failed=17 in_flight=7 remaining=156 papers/s=0.2069 pages/s=1.6081
progress completed=1346 failed=17 in_flight=7 remaining=155 papers/s=0.207 pages/s=1.6096
progress completed=1347 failed=17 in_flight=7 remaining=154 papers/s=0.2071 pages/s=1.61
progress completed=1348 failed=17 in_flight=7 remaining=153 papers/s=0.2073 pages/s=1.6107
progress completed=1349 failed=17 in_flight=7 remaining=152 papers/s=0.2074 pages/s=1.6121
progress completed=1350 failed=17 in_flight=7 remaining=151 papers/s=0.2075 pages/s=1.6133
progress completed=1351 failed=17 in_flight=7 remaining=150 papers/s=0.2067 pages/s=1.6065
progress completed=1352 failed=17 in_flight=7 remaining=149 papers/s=0.2069 pages/s=1.608
progress completed=1353 failed=17 in_flight=7 remaining=148 papers/s=0.207 pages/s=1.6087
progress completed=1354 failed=17 in_flight=7 remaining=147 papers/s=0.2072 pages/s=1.6102
progress completed=1355 failed=17 in_flight=7 remaining=146 papers/s=0.2072 pages/s=1.6102
progress completed=1356 failed=17 in_flight=7 remaining=145 papers/s=0.2074 pages/s=1.6114
progress completed=1357 failed=17 in_flight=7 remaining=144 papers/s=0.2075 pages/s=1.6129
progress completed=1358 failed=17 in_flight=7 remaining=143 papers/s=0.2067 pages/s=1.6062
progress completed=1359 failed=17 in_flight=7 remaining=142 papers/s=0.2068 pages/s=1.607
progress completed=1360 failed=17 in_flight=7 remaining=141 papers/s=0.207 pages/s=1.6079
progress completed=1361 failed=17 in_flight=7 remaining=140 papers/s=0.2071 pages/s=1.6094
progress completed=1362 failed=17 in_flight=7 remaining=139 papers/s=0.2073 pages/s=1.6109
progress completed=1363 failed=17 in_flight=7 remaining=138 papers/s=0.2074 pages/s=1.6121
progress completed=1364 failed=17 in_flight=7 remaining=137 papers/s=0.2074 pages/s=1.612
progress completed=1365 failed=17 in_flight=7 remaining=136 papers/s=0.2076 pages/s=1.6134
progress completed=1366 failed=17 in_flight=7 remaining=135 papers/s=0.2071 pages/s=1.6098
progress completed=1367 failed=17 in_flight=7 remaining=134 papers/s=0.2066 pages/s=1.6049
progress completed=1368 failed=17 in_flight=7 remaining=133 papers/s=0.2067 pages/s=1.6058
progress completed=1369 failed=17 in_flight=7 remaining=132 papers/s=0.2069 pages/s=1.6065
progress completed=1370 failed=17 in_flight=7 remaining=131 papers/s=0.207 pages/s=1.6073
progress completed=1371 failed=17 in_flight=7 remaining=130 papers/s=0.2072 pages/s=1.608
progress completed=1372 failed=17 in_flight=7 remaining=129 papers/s=0.2073 pages/s=1.6095
progress completed=1373 failed=17 in_flight=7 remaining=128 papers/s=0.2074 pages/s=1.6109
progress completed=1374 failed=17 in_flight=7 remaining=127 papers/s=0.2076 pages/s=1.6124
progress completed=1375 failed=17 in_flight=7 remaining=126 papers/s=0.2072 pages/s=1.61
progress completed=1376 failed=17 in_flight=7 remaining=125 papers/s=0.2072 pages/s=1.6097
progress completed=1377 failed=17 in_flight=7 remaining=124 papers/s=0.2073 pages/s=1.6103
progress completed=1378 failed=17 in_flight=7 remaining=123 papers/s=0.207 pages/s=1.6078
progress completed=1379 failed=17 in_flight=7 remaining=122 papers/s=0.2071 pages/s=1.6092
progress completed=1380 failed=17 in_flight=7 remaining=121 papers/s=0.2073 pages/s=1.6107
progress completed=1381 failed=17 in_flight=7 remaining=120 papers/s=0.2073 pages/s=1.6112
progress completed=1382 failed=17 in_flight=7 remaining=119 papers/s=0.2075 pages/s=1.6126
progress completed=1383 failed=17 in_flight=7 remaining=118 papers/s=0.2064 pages/s=1.6041
progress completed=1384 failed=17 in_flight=7 remaining=117 papers/s=0.2065 pages/s=1.6056
progress completed=1385 failed=17 in_flight=7 remaining=116 papers/s=0.2066 pages/s=1.6071
progress completed=1386 failed=17 in_flight=7 remaining=115 papers/s=0.2068 pages/s=1.6085
progress completed=1387 failed=17 in_flight=7 remaining=114 papers/s=0.2069 pages/s=1.61
progress completed=1388 failed=17 in_flight=7 remaining=113 papers/s=0.2071 pages/s=1.6112
progress completed=1389 failed=17 in_flight=7 remaining=112 papers/s=0.2071 pages/s=1.6118
progress completed=1390 failed=17 in_flight=7 remaining=111 papers/s=0.2072 pages/s=1.613
progress completed=1391 failed=17 in_flight=7 remaining=110 papers/s=0.2071 pages/s=1.6118
progress completed=1392 failed=17 in_flight=7 remaining=109 papers/s=0.2069 pages/s=1.6105
progress completed=1393 failed=17 in_flight=7 remaining=108 papers/s=0.207 pages/s=1.6116
progress completed=1394 failed=17 in_flight=7 remaining=107 papers/s=0.2069 pages/s=1.6104
progress completed=1395 failed=17 in_flight=7 remaining=106 papers/s=0.2071 pages/s=1.6115
progress completed=1396 failed=17 in_flight=7 remaining=105 papers/s=0.2072 pages/s=1.6125
progress completed=1397 failed=17 in_flight=7 remaining=104 papers/s=0.2073 pages/s=1.614
progress completed=1398 failed=17 in_flight=7 remaining=103 papers/s=0.2073 pages/s=1.6138
progress completed=1399 failed=17 in_flight=7 remaining=102 papers/s=0.2072 pages/s=1.6123
progress completed=1400 failed=17 in_flight=7 remaining=101 papers/s=0.2068 pages/s=1.6094
progress completed=1401 failed=17 in_flight=7 remaining=100 papers/s=0.2069 pages/s=1.6104
progress completed=1402 failed=17 in_flight=7 remaining=99 papers/s=0.2071 pages/s=1.6116
progress completed=1403 failed=17 in_flight=7 remaining=98 papers/s=0.2072 pages/s=1.6126
progress completed=1404 failed=17 in_flight=7 remaining=97 papers/s=0.2072 pages/s=1.6123
progress completed=1405 failed=17 in_flight=7 remaining=96 papers/s=0.2074 pages/s=1.6136
progress completed=1406 failed=17 in_flight=7 remaining=95 papers/s=0.2074 pages/s=1.6144
progress completed=1407 failed=17 in_flight=7 remaining=94 papers/s=0.2074 pages/s=1.6143
progress completed=1408 failed=17 in_flight=7 remaining=93 papers/s=0.207 pages/s=1.6109
progress completed=1409 failed=17 in_flight=7 remaining=92 papers/s=0.2071 pages/s=1.6116
progress completed=1410 failed=17 in_flight=7 remaining=91 papers/s=0.2073 pages/s=1.6124
progress completed=1411 failed=17 in_flight=7 remaining=90 papers/s=0.2074 pages/s=1.6131
progress completed=1412 failed=17 in_flight=7 remaining=89 papers/s=0.2075 pages/s=1.6134
progress completed=1413 failed=17 in_flight=7 remaining=88 papers/s=0.2076 pages/s=1.6147
progress completed=1414 failed=17 in_flight=7 remaining=87 papers/s=0.2078 pages/s=1.6156
progress completed=1415 failed=17 in_flight=7 remaining=86 papers/s=0.2075 pages/s=1.6131
progress completed=1416 failed=17 in_flight=7 remaining=85 papers/s=0.207 pages/s=1.6087
progress completed=1417 failed=17 in_flight=7 remaining=84 papers/s=0.2071 pages/s=1.6095
progress completed=1418 failed=17 in_flight=7 remaining=83 papers/s=0.2072 pages/s=1.6105
progress completed=1419 failed=17 in_flight=7 remaining=82 papers/s=0.2074 pages/s=1.612
progress completed=1420 failed=17 in_flight=7 remaining=81 papers/s=0.2074 pages/s=1.6118
progress completed=1421 failed=17 in_flight=7 remaining=80 papers/s=0.2076 pages/s=1.6133
progress completed=1422 failed=17 in_flight=7 remaining=79 papers/s=0.2077 pages/s=1.6141
progress completed=1423 failed=17 in_flight=7 remaining=78 papers/s=0.2075 pages/s=1.6125
progress completed=1424 failed=17 in_flight=7 remaining=77 papers/s=0.2071 pages/s=1.6093
progress completed=1425 failed=17 in_flight=7 remaining=76 papers/s=0.2073 pages/s=1.6108
progress completed=1426 failed=17 in_flight=7 remaining=75 papers/s=0.2074 pages/s=1.6116
progress completed=1427 failed=17 in_flight=7 remaining=74 papers/s=0.2076 pages/s=1.6127
progress completed=1428 failed=17 in_flight=7 remaining=73 papers/s=0.2075 pages/s=1.612
progress completed=1429 failed=17 in_flight=7 remaining=72 papers/s=0.2076 pages/s=1.6134
progress completed=1430 failed=17 in_flight=7 remaining=71 papers/s=0.2078 pages/s=1.6148
progress completed=1431 failed=17 in_flight=7 remaining=70 papers/s=0.2078 pages/s=1.6153
progress completed=1432 failed=17 in_flight=7 remaining=69 papers/s=0.2078 pages/s=1.6155
progress completed=1433 failed=17 in_flight=7 remaining=68 papers/s=0.2077 pages/s=1.6154
progress completed=1434 failed=17 in_flight=7 remaining=67 papers/s=0.2073 pages/s=1.6113
progress completed=1435 failed=17 in_flight=7 remaining=66 papers/s=0.2074 pages/s=1.6123
progress completed=1436 failed=17 in_flight=7 remaining=65 papers/s=0.2076 pages/s=1.6137
progress completed=1437 failed=17 in_flight=7 remaining=64 papers/s=0.2077 pages/s=1.6151
progress completed=1438 failed=17 in_flight=7 remaining=63 papers/s=0.2077 pages/s=1.6146
progress completed=1439 failed=17 in_flight=7 remaining=62 papers/s=0.2078 pages/s=1.616
progress completed=1440 failed=17 in_flight=7 remaining=61 papers/s=0.2079 pages/s=1.6172
progress completed=1441 failed=17 in_flight=7 remaining=60 papers/s=0.208 pages/s=1.6176
progress completed=1442 failed=17 in_flight=7 remaining=59 papers/s=0.208 pages/s=1.617
progress completed=1443 failed=17 in_flight=7 remaining=58 papers/s=0.2079 pages/s=1.6169
progress completed=1444 failed=17 in_flight=7 remaining=57 papers/s=0.2075 pages/s=1.6135
progress completed=1445 failed=17 in_flight=7 remaining=56 papers/s=0.2076 pages/s=1.6146
progress completed=1446 failed=17 in_flight=7 remaining=55 papers/s=0.2078 pages/s=1.6159
progress completed=1447 failed=17 in_flight=7 remaining=54 papers/s=0.2079 pages/s=1.6172
progress completed=1448 failed=17 in_flight=7 remaining=53 papers/s=0.208 pages/s=1.6182
progress completed=1449 failed=17 in_flight=7 remaining=52 papers/s=0.2081 pages/s=1.6189
progress completed=1450 failed=17 in_flight=7 remaining=51 papers/s=0.2082 pages/s=1.6203
progress completed=1451 failed=17 in_flight=7 remaining=50 papers/s=0.2082 pages/s=1.6205
progress completed=1452 failed=17 in_flight=7 remaining=49 papers/s=0.2081 pages/s=1.6194
progress completed=1453 failed=17 in_flight=7 remaining=48 papers/s=0.2074 pages/s=1.6134
progress completed=1454 failed=17 in_flight=7 remaining=47 papers/s=0.2075 pages/s=1.6147
progress completed=1455 failed=17 in_flight=7 remaining=46 papers/s=0.2076 pages/s=1.6158
progress completed=1456 failed=17 in_flight=7 remaining=45 papers/s=0.2078 pages/s=1.6166
progress completed=1457 failed=17 in_flight=7 remaining=44 papers/s=0.2079 pages/s=1.6178
progress completed=1458 failed=17 in_flight=7 remaining=43 papers/s=0.208 pages/s=1.619
progress completed=1459 failed=17 in_flight=7 remaining=42 papers/s=0.2081 pages/s=1.6202
progress completed=1460 failed=17 in_flight=7 remaining=41 papers/s=0.2082 pages/s=1.6215
progress completed=1461 failed=17 in_flight=7 remaining=40 papers/s=0.2079 pages/s=1.6183
progress completed=1462 failed=17 in_flight=7 remaining=39 papers/s=0.2076 pages/s=1.616
progress completed=1463 failed=17 in_flight=7 remaining=38 papers/s=0.2077 pages/s=1.6165
progress completed=1464 failed=17 in_flight=7 remaining=37 papers/s=0.2079 pages/s=1.6171
progress completed=1465 failed=17 in_flight=7 remaining=36 papers/s=0.208 pages/s=1.6185
progress completed=1466 failed=17 in_flight=7 remaining=35 papers/s=0.2081 pages/s=1.6194
progress completed=1467 failed=17 in_flight=7 remaining=34 papers/s=0.2083 pages/s=1.6202
progress completed=1468 failed=17 in_flight=7 remaining=33 papers/s=0.2083 pages/s=1.6208
progress completed=1469 failed=17 in_flight=7 remaining=32 papers/s=0.2083 pages/s=1.62
progress completed=1470 failed=17 in_flight=7 remaining=31 papers/s=0.2077 pages/s=1.6157
progress completed=1471 failed=17 in_flight=7 remaining=30 papers/s=0.2079 pages/s=1.6171
progress completed=1472 failed=17 in_flight=7 remaining=29 papers/s=0.208 pages/s=1.6185
progress completed=1473 failed=17 in_flight=7 remaining=28 papers/s=0.208 pages/s=1.6186
progress completed=1474 failed=17 in_flight=7 remaining=27 papers/s=0.2081 pages/s=1.6195
progress completed=1475 failed=17 in_flight=7 remaining=26 papers/s=0.2082 pages/s=1.6205
progress completed=1476 failed=17 in_flight=7 remaining=25 papers/s=0.2082 pages/s=1.621
progress completed=1477 failed=17 in_flight=7 remaining=24 papers/s=0.2084 pages/s=1.6218
progress completed=1478 failed=17 in_flight=7 remaining=23 papers/s=0.2077 pages/s=1.6157
progress completed=1479 failed=17 in_flight=7 remaining=22 papers/s=0.2078 pages/s=1.6164
progress completed=1480 failed=17 in_flight=7 remaining=21 papers/s=0.2079 pages/s=1.6172
progress completed=1481 failed=17 in_flight=7 remaining=20 papers/s=0.2081 pages/s=1.618
progress completed=1482 failed=17 in_flight=7 remaining=19 papers/s=0.2082 pages/s=1.6188
progress completed=1483 failed=17 in_flight=7 remaining=18 papers/s=0.2083 pages/s=1.6196
progress completed=1484 failed=17 in_flight=7 remaining=17 papers/s=0.2084 pages/s=1.6207
progress completed=1485 failed=17 in_flight=7 remaining=16 papers/s=0.2084 pages/s=1.621
progress completed=1486 failed=17 in_flight=7 remaining=15 papers/s=0.2078 pages/s=1.6159
progress completed=1487 failed=17 in_flight=7 remaining=14 papers/s=0.2079 pages/s=1.617
progress completed=1488 failed=17 in_flight=7 remaining=13 papers/s=0.2081 pages/s=1.618
progress completed=1489 failed=17 in_flight=7 remaining=12 papers/s=0.2082 pages/s=1.6188
progress completed=1490 failed=17 in_flight=7 remaining=11 papers/s=0.2083 pages/s=1.6196
progress completed=1491 failed=17 in_flight=7 remaining=10 papers/s=0.2085 pages/s=1.621
progress completed=1492 failed=17 in_flight=7 remaining=9 papers/s=0.2086 pages/s=1.6222
progress completed=1493 failed=17 in_flight=7 remaining=8 papers/s=0.2086 pages/s=1.6225
progress completed=1494 failed=17 in_flight=7 remaining=7 papers/s=0.2077 pages/s=1.6153
progress completed=1495 failed=17 in_flight=6 remaining=6 papers/s=0.2079 pages/s=1.6163
progress completed=1496 failed=17 in_flight=5 remaining=5 papers/s=0.208 pages/s=1.6172
progress completed=1497 failed=17 in_flight=4 remaining=4 papers/s=0.2082 pages/s=1.6186
progress completed=1498 failed=17 in_flight=3 remaining=3 papers/s=0.2083 pages/s=1.62
progress completed=1499 failed=17 in_flight=2 remaining=2 papers/s=0.2084 pages/s=1.6208
progress completed=1500 failed=17 in_flight=1 remaining=1 papers/s=0.2086 pages/s=1.6222
progress completed=1501 failed=17 in_flight=0 remaining=0 papers/s=0.2087 pages/s=1.6228
{
  "output": "/scratch-shared/sfris1/processed/Engineering",
  "stats": {
    "already_complete": 792,
    "completed": 1501,
    "elapsed_seconds": 7193.32,
    "failed": 17,
    "figures": 0,
    "in_flight": 0,
    "pages": 11673,
    "pages_per_second": 1.6228,
    "papers_per_second": 0.2087,
    "remaining": 0,
    "submitted": 1518,
    "total": 2310
  }
}
