[2026-09-29T05:25:29Z] Starting caller: env PYTHONPATH=/gpfs/home5/sfris1/multimodal-tip-of-tongue-for-scientific-papers/src .venv-mineru/bin/python -m extraction --input-dir /scratch-shared/sfris1/pdf_datasets --split-index /scratch-shared/sfris1/data/splits/pdf_dataset_split.json --split train+test --output-dir /scratch-shared/sfris1/processed --api-url http://127.0.0.1:48293 --max-in-flight 8 --domains ACL
{
  "mineru_health": {
    "completed_tasks": 0,
    "failed_tasks": 0,
    "max_concurrent_requests": 8,
    "processing_tasks": 0,
    "processing_window_size": 64,
    "protocol_version": 2,
    "queued_tasks": 0,
    "servers": [
      {
        "base_url": "http://127.0.0.1:52891",
        "completed_tasks": 0,
        "failed_tasks": 0,
        "gpu": "0",
        "healthy": true,
        "last_checked_at": "2026-09-29T05:25:43.022920+00:00",
        "last_error": null,
        "max_concurrent_requests": 8,
        "processing_tasks": 0,
        "processing_window_size": 64,
        "queued_tasks": 0,
        "server_id": "local-gpu-0",
        "source": "local"
      }
    ],
    "status": "healthy",
    "version": "3.4.0"
  }
}
progress completed=1 failed=0 in_flight=7 remaining=2309 papers/s=0.0096 pages/s=0.096
progress completed=2 failed=0 in_flight=7 remaining=2308 papers/s=0.0192 pages/s=0.1918
progress completed=3 failed=0 in_flight=7 remaining=2307 papers/s=0.0287 pages/s=0.2871
progress completed=4 failed=0 in_flight=7 remaining=2306 papers/s=0.0383 pages/s=0.3826
progress completed=5 failed=0 in_flight=7 remaining=2305 papers/s=0.0478 pages/s=0.4781
progress completed=6 failed=0 in_flight=7 remaining=2304 papers/s=0.0573 pages/s=0.5727
progress completed=7 failed=0 in_flight=7 remaining=2303 papers/s=0.0637 pages/s=0.6373
progress completed=8 failed=0 in_flight=7 remaining=2302 papers/s=0.0728 pages/s=0.7276
progress completed=9 failed=0 in_flight=7 remaining=2301 papers/s=0.0712 pages/s=0.68
progress completed=10 failed=0 in_flight=7 remaining=2300 papers/s=0.0739 pages/s=0.7099
progress completed=11 failed=0 in_flight=7 remaining=2299 papers/s=0.0793 pages/s=0.7643
progress completed=12 failed=0 in_flight=7 remaining=2298 papers/s=0.0863 pages/s=0.8269
progress completed=13 failed=0 in_flight=7 remaining=2297 papers/s=0.0926 pages/s=0.89
progress completed=14 failed=0 in_flight=7 remaining=2296 papers/s=0.0995 pages/s=0.9525
progress completed=15 failed=0 in_flight=7 remaining=2295 papers/s=0.1063 pages/s=1.0206
progress completed=16 failed=0 in_flight=7 remaining=2294 papers/s=0.1126 pages/s=1.0843
progress completed=17 failed=0 in_flight=7 remaining=2293 papers/s=0.0974 pages/s=0.9336
progress completed=18 failed=0 in_flight=7 remaining=2292 papers/s=0.1031 pages/s=0.9906
progress completed=19 failed=0 in_flight=7 remaining=2291 papers/s=0.1087 pages/s=1.0466
progress completed=20 failed=0 in_flight=7 remaining=2290 papers/s=0.1142 pages/s=1.1016
progress completed=21 failed=0 in_flight=7 remaining=2289 papers/s=0.1198 pages/s=1.1582
progress completed=22 failed=0 in_flight=7 remaining=2288 papers/s=0.125 pages/s=1.2101
progress completed=23 failed=0 in_flight=7 remaining=2287 papers/s=0.1257 pages/s=1.2184
progress completed=24 failed=0 in_flight=7 remaining=2286 papers/s=0.1303 pages/s=1.2653
progress completed=25 failed=0 in_flight=7 remaining=2285 papers/s=0.1255 pages/s=1.2196
progress completed=26 failed=0 in_flight=7 remaining=2284 papers/s=0.1272 pages/s=1.2329
progress completed=27 failed=0 in_flight=7 remaining=2283 papers/s=0.132 pages/s=1.2618
progress completed=28 failed=0 in_flight=7 remaining=2282 papers/s=0.1367 pages/s=1.3087
progress completed=29 failed=0 in_flight=7 remaining=2281 papers/s=0.135 pages/s=1.2943
progress completed=30 failed=0 in_flight=7 remaining=2280 papers/s=0.1396 pages/s=1.3404
progress completed=31 failed=0 in_flight=7 remaining=2279 papers/s=0.1436 pages/s=1.3801
progress completed=32 failed=0 in_flight=7 remaining=2278 papers/s=0.1466 pages/s=1.4108
progress completed=33 failed=0 in_flight=7 remaining=2277 papers/s=0.133 pages/s=1.2815
progress completed=34 failed=0 in_flight=7 remaining=2276 papers/s=0.137 pages/s=1.3215
progress completed=35 failed=0 in_flight=7 remaining=2275 papers/s=0.141 pages/s=1.3615
progress completed=36 failed=0 in_flight=7 remaining=2274 papers/s=0.145 pages/s=1.4013
progress completed=37 failed=0 in_flight=7 remaining=2273 papers/s=0.1469 pages/s=1.4217
progress completed=38 failed=0 in_flight=7 remaining=2272 papers/s=0.1509 pages/s=1.4609
progress completed=39 failed=0 in_flight=7 remaining=2271 papers/s=0.1548 pages/s=1.5003
progress completed=40 failed=0 in_flight=7 remaining=2270 papers/s=0.1587 pages/s=1.5396
progress completed=41 failed=0 in_flight=7 remaining=2269 papers/s=0.1454 pages/s=1.4111
progress completed=42 failed=0 in_flight=7 remaining=2268 papers/s=0.1489 pages/s=1.4322
progress completed=43 failed=0 in_flight=7 remaining=2267 papers/s=0.1524 pages/s=1.46
progress completed=44 failed=0 in_flight=7 remaining=2266 papers/s=0.1559 pages/s=1.4951
progress completed=45 failed=0 in_flight=7 remaining=2265 papers/s=0.1594 pages/s=1.5303
progress completed=46 failed=0 in_flight=7 remaining=2264 papers/s=0.1629 pages/s=1.5654
progress completed=47 failed=0 in_flight=7 remaining=2263 papers/s=0.165 pages/s=1.5865
progress completed=48 failed=0 in_flight=7 remaining=2262 papers/s=0.1684 pages/s=1.6209
progress completed=49 failed=0 in_flight=7 remaining=2261 papers/s=0.1548 pages/s=1.4916
progress completed=50 failed=0 in_flight=7 remaining=2260 papers/s=0.158 pages/s=1.5227
progress completed=51 failed=0 in_flight=7 remaining=2259 papers/s=0.16 pages/s=1.5438
progress completed=52 failed=0 in_flight=7 remaining=2258 papers/s=0.1631 pages/s=1.5747
progress completed=53 failed=0 in_flight=7 remaining=2257 papers/s=0.1662 pages/s=1.6058
progress completed=54 failed=0 in_flight=7 remaining=2256 papers/s=0.1693 pages/s=1.637
progress completed=55 failed=0 in_flight=7 remaining=2255 papers/s=0.1725 pages/s=1.6681
progress completed=56 failed=0 in_flight=7 remaining=2254 papers/s=0.1712 pages/s=1.6565
progress completed=57 failed=0 in_flight=7 remaining=2253 papers/s=0.1709 pages/s=1.6549
progress completed=58 failed=0 in_flight=7 remaining=2252 papers/s=0.1624 pages/s=1.5735
progress completed=59 failed=0 in_flight=7 remaining=2251 papers/s=0.1651 pages/s=1.601
progress completed=60 failed=0 in_flight=7 remaining=2250 papers/s=0.1679 pages/s=1.6288
progress completed=61 failed=0 in_flight=7 remaining=2249 papers/s=0.1706 pages/s=1.656
progress completed=62 failed=0 in_flight=7 remaining=2248 papers/s=0.1734 pages/s=1.6838
progress completed=63 failed=0 in_flight=7 remaining=2247 papers/s=0.1724 pages/s=1.6751
progress completed=64 failed=0 in_flight=7 remaining=2246 papers/s=0.1752 pages/s=1.7023
progress completed=65 failed=0 in_flight=7 remaining=2245 papers/s=0.1766 pages/s=1.7176
progress completed=66 failed=0 in_flight=7 remaining=2244 papers/s=0.1694 pages/s=1.6483
progress completed=67 failed=0 in_flight=7 remaining=2243 papers/s=0.172 pages/s=1.6735
progress completed=68 failed=0 in_flight=7 remaining=2242 papers/s=0.1745 pages/s=1.699
progress completed=69 failed=0 in_flight=7 remaining=2241 papers/s=0.1771 pages/s=1.7245
progress completed=70 failed=0 in_flight=7 remaining=2240 papers/s=0.174 pages/s=1.6953
progress completed=71 failed=0 in_flight=7 remaining=2239 papers/s=0.1765 pages/s=1.7199
progress completed=72 failed=0 in_flight=7 remaining=2238 papers/s=0.1789 pages/s=1.744
progress completed=73 failed=0 in_flight=7 remaining=2237 papers/s=0.1798 pages/s=1.7541
progress completed=74 failed=0 in_flight=7 remaining=2236 papers/s=0.1772 pages/s=1.7289
progress completed=75 failed=0 in_flight=7 remaining=2235 papers/s=0.1729 pages/s=1.6877
progress completed=76 failed=0 in_flight=7 remaining=2234 papers/s=0.1751 pages/s=1.7096
progress completed=77 failed=0 in_flight=7 remaining=2233 papers/s=0.1774 pages/s=1.7321
progress completed=78 failed=0 in_flight=7 remaining=2232 papers/s=0.1765 pages/s=1.7241
progress completed=79 failed=0 in_flight=7 remaining=2231 papers/s=0.1785 pages/s=1.744
progress completed=80 failed=0 in_flight=7 remaining=2230 papers/s=0.1803 pages/s=1.7622
progress completed=81 failed=0 in_flight=7 remaining=2229 papers/s=0.1814 pages/s=1.7742
progress completed=82 failed=0 in_flight=7 remaining=2228 papers/s=0.1766 pages/s=1.7275
progress completed=83 failed=0 in_flight=7 remaining=2227 papers/s=0.1788 pages/s=1.7488
progress completed=84 failed=0 in_flight=7 remaining=2226 papers/s=0.1803 pages/s=1.7639
progress completed=85 failed=0 in_flight=7 remaining=2225 papers/s=0.1823 pages/s=1.7843
progress completed=86 failed=0 in_flight=7 remaining=2224 papers/s=0.1844 pages/s=1.8051
progress completed=87 failed=0 in_flight=7 remaining=2223 papers/s=0.1831 pages/s=1.7928
progress completed=88 failed=0 in_flight=7 remaining=2222 papers/s=0.1827 pages/s=1.7894
progress completed=89 failed=0 in_flight=7 remaining=2221 papers/s=0.1847 pages/s=1.8099
progress completed=90 failed=0 in_flight=7 remaining=2220 papers/s=0.1771 pages/s=1.7357
progress completed=91 failed=0 in_flight=7 remaining=2219 papers/s=0.179 pages/s=1.7551
progress completed=92 failed=0 in_flight=7 remaining=2218 papers/s=0.181 pages/s=1.7745
progress completed=93 failed=0 in_flight=7 remaining=2217 papers/s=0.1829 pages/s=1.7939
progress completed=94 failed=0 in_flight=7 remaining=2216 papers/s=0.1823 pages/s=1.7884
progress completed=95 failed=0 in_flight=7 remaining=2215 papers/s=0.1843 pages/s=1.8076
progress completed=96 failed=0 in_flight=7 remaining=2214 papers/s=0.1862 pages/s=1.8268
progress completed=97 failed=0 in_flight=7 remaining=2213 papers/s=0.1864 pages/s=1.8295
progress completed=98 failed=0 in_flight=7 remaining=2212 papers/s=0.1794 pages/s=1.7607
progress completed=99 failed=0 in_flight=7 remaining=2211 papers/s=0.1812 pages/s=1.7786
progress completed=100 failed=0 in_flight=7 remaining=2210 papers/s=0.1829 pages/s=1.7961
progress completed=101 failed=0 in_flight=7 remaining=2209 papers/s=0.1847 pages/s=1.8141
progress completed=102 failed=0 in_flight=7 remaining=2208 papers/s=0.185 pages/s=1.8174
progress completed=103 failed=0 in_flight=7 remaining=2207 papers/s=0.1868 pages/s=1.8352
progress completed=104 failed=0 in_flight=7 remaining=2206 papers/s=0.1886 pages/s=1.8532
progress completed=105 failed=0 in_flight=7 remaining=2205 papers/s=0.1878 pages/s=1.8462
progress completed=106 failed=0 in_flight=7 remaining=2204 papers/s=0.1806 pages/s=1.7756
progress completed=107 failed=0 in_flight=7 remaining=2203 papers/s=0.1823 pages/s=1.7924
progress completed=108 failed=0 in_flight=7 remaining=2202 papers/s=0.1839 pages/s=1.8088
progress completed=109 failed=0 in_flight=7 remaining=2201 papers/s=0.1856 pages/s=1.8256
progress completed=110 failed=0 in_flight=7 remaining=2200 papers/s=0.1864 pages/s=1.8336
progress completed=111 failed=0 in_flight=7 remaining=2199 papers/s=0.1881 pages/s=1.8502
progress completed=112 failed=0 in_flight=7 remaining=2198 papers/s=0.1897 pages/s=1.8669
progress completed=113 failed=0 in_flight=7 remaining=2197 papers/s=0.1892 pages/s=1.862
progress completed=114 failed=0 in_flight=7 remaining=2196 papers/s=0.1882 pages/s=1.8525
progress completed=115 failed=0 in_flight=7 remaining=2195 papers/s=0.1843 pages/s=1.8137
progress completed=116 failed=0 in_flight=7 remaining=2194 papers/s=0.1858 pages/s=1.8294
progress completed=117 failed=0 in_flight=7 remaining=2193 papers/s=0.1874 pages/s=1.8452
progress completed=118 failed=0 in_flight=7 remaining=2192 papers/s=0.189 pages/s=1.861
progress completed=119 failed=0 in_flight=7 remaining=2191 papers/s=0.1905 pages/s=1.8766
progress completed=120 failed=0 in_flight=7 remaining=2190 papers/s=0.1909 pages/s=1.8801
progress completed=121 failed=0 in_flight=7 remaining=2189 papers/s=0.1916 pages/s=1.8872
progress completed=122 failed=0 in_flight=7 remaining=2188 papers/s=0.1897 pages/s=1.8688
progress completed=123 failed=0 in_flight=7 remaining=2187 papers/s=0.1875 pages/s=1.8476
progress completed=124 failed=0 in_flight=7 remaining=2186 papers/s=0.189 pages/s=1.8625
progress completed=125 failed=0 in_flight=7 remaining=2185 papers/s=0.1905 pages/s=1.8772
progress completed=126 failed=0 in_flight=7 remaining=2184 papers/s=0.192 pages/s=1.8922
progress completed=127 failed=0 in_flight=7 remaining=2183 papers/s=0.193 pages/s=1.9026
progress completed=128 failed=0 in_flight=7 remaining=2182 papers/s=0.1912 pages/s=1.8856
progress completed=129 failed=0 in_flight=7 remaining=2181 papers/s=0.1927 pages/s=1.9003
progress completed=130 failed=0 in_flight=7 remaining=2180 papers/s=0.1857 pages/s=1.8309
progress completed=131 failed=0 in_flight=7 remaining=2179 papers/s=0.187 pages/s=1.8446
progress completed=132 failed=0 in_flight=7 remaining=2178 papers/s=0.1884 pages/s=1.8588
progress completed=133 failed=0 in_flight=7 remaining=2177 papers/s=0.1896 pages/s=1.8703
progress completed=134 failed=0 in_flight=7 remaining=2176 papers/s=0.191 pages/s=1.8845
progress completed=135 failed=0 in_flight=7 remaining=2175 papers/s=0.1923 pages/s=1.8978
progress completed=136 failed=0 in_flight=7 remaining=2174 papers/s=0.1937 pages/s=1.9118
progress completed=137 failed=0 in_flight=7 remaining=2173 papers/s=0.1948 pages/s=1.9221
progress completed=138 failed=0 in_flight=7 remaining=2172 papers/s=0.1866 pages/s=1.8358
progress completed=139 failed=0 in_flight=7 remaining=2171 papers/s=0.1879 pages/s=1.8492
progress completed=140 failed=0 in_flight=7 remaining=2170 papers/s=0.1892 pages/s=1.8622
progress completed=141 failed=0 in_flight=7 remaining=2169 papers/s=0.1903 pages/s=1.8729
progress completed=142 failed=0 in_flight=7 remaining=2168 papers/s=0.1916 pages/s=1.8863
progress completed=143 failed=0 in_flight=7 remaining=2167 papers/s=0.1929 pages/s=1.8996
progress completed=144 failed=0 in_flight=7 remaining=2166 papers/s=0.1942 pages/s=1.9124
progress completed=145 failed=0 in_flight=7 remaining=2165 papers/s=0.1955 pages/s=1.9257
progress completed=146 failed=0 in_flight=7 remaining=2164 papers/s=0.1889 pages/s=1.8571
progress completed=147 failed=0 in_flight=7 remaining=2163 papers/s=0.1901 pages/s=1.8686
progress completed=148 failed=0 in_flight=7 remaining=2162 papers/s=0.1909 pages/s=1.8765
progress completed=149 failed=0 in_flight=7 remaining=2161 papers/s=0.192 pages/s=1.8882
progress completed=150 failed=0 in_flight=7 remaining=2160 papers/s=0.1933 pages/s=1.8996
progress completed=151 failed=0 in_flight=7 remaining=2159 papers/s=0.1941 pages/s=1.9072
progress completed=152 failed=0 in_flight=7 remaining=2158 papers/s=0.1953 pages/s=1.9198
progress completed=153 failed=0 in_flight=7 remaining=2157 papers/s=0.1957 pages/s=1.9238
progress completed=154 failed=0 in_flight=7 remaining=2156 papers/s=0.1949 pages/s=1.916
progress completed=155 failed=0 in_flight=7 remaining=2155 papers/s=0.1898 pages/s=1.8663
progress completed=156 failed=0 in_flight=7 remaining=2154 papers/s=0.191 pages/s=1.8784
progress completed=157 failed=0 in_flight=7 remaining=2153 papers/s=0.1922 pages/s=1.8905
progress completed=158 failed=0 in_flight=7 remaining=2152 papers/s=0.1934 pages/s=1.9024
progress completed=159 failed=0 in_flight=7 remaining=2151 papers/s=0.1946 pages/s=1.9143
progress completed=160 failed=0 in_flight=7 remaining=2150 papers/s=0.1957 pages/s=1.9253
progress completed=161 failed=0 in_flight=7 remaining=2149 papers/s=0.1958 pages/s=1.926
progress completed=162 failed=0 in_flight=7 remaining=2148 papers/s=0.197 pages/s=1.938
progress completed=163 failed=0 in_flight=7 remaining=2147 papers/s=0.1914 pages/s=1.8836
progress completed=164 failed=0 in_flight=7 remaining=2146 papers/s=0.1926 pages/s=1.8951
progress completed=165 failed=0 in_flight=7 remaining=2145 papers/s=0.1937 pages/s=1.9068
progress completed=166 failed=0 in_flight=7 remaining=2144 papers/s=0.1948 pages/s=1.9179
progress completed=167 failed=0 in_flight=7 remaining=2143 papers/s=0.196 pages/s=1.9294
progress completed=168 failed=0 in_flight=7 remaining=2142 papers/s=0.1972 pages/s=1.941
progress completed=169 failed=0 in_flight=7 remaining=2141 papers/s=0.1964 pages/s=1.9342
progress completed=170 failed=0 in_flight=7 remaining=2140 papers/s=0.197 pages/s=1.9403
progress completed=171 failed=0 in_flight=7 remaining=2139 papers/s=0.1917 pages/s=1.8875
progress completed=172 failed=0 in_flight=7 remaining=2138 papers/s=0.1927 pages/s=1.8983
progress completed=173 failed=0 in_flight=7 remaining=2137 papers/s=0.1938 pages/s=1.9093
progress completed=174 failed=0 in_flight=7 remaining=2136 papers/s=0.1946 pages/s=1.9173
progress completed=175 failed=0 in_flight=7 remaining=2135 papers/s=0.1955 pages/s=1.926
progress completed=176 failed=0 in_flight=7 remaining=2134 papers/s=0.1964 pages/s=1.9349
progress completed=177 failed=0 in_flight=7 remaining=2133 papers/s=0.1975 pages/s=1.946
progress completed=178 failed=0 in_flight=7 remaining=2132 papers/s=0.1986 pages/s=1.957
progress completed=179 failed=0 in_flight=7 remaining=2131 papers/s=0.1965 pages/s=1.9369
progress completed=180 failed=0 in_flight=7 remaining=2130 papers/s=0.1931 pages/s=1.9031
progress completed=181 failed=0 in_flight=7 remaining=2129 papers/s=0.1942 pages/s=1.9137
progress completed=182 failed=0 in_flight=7 remaining=2128 papers/s=0.1952 pages/s=1.9242
progress completed=183 failed=0 in_flight=7 remaining=2127 papers/s=0.1963 pages/s=1.9347
progress completed=184 failed=0 in_flight=7 remaining=2126 papers/s=0.1973 pages/s=1.9451
progress completed=185 failed=0 in_flight=7 remaining=2125 papers/s=0.1966 pages/s=1.9387
progress completed=186 failed=0 in_flight=7 remaining=2124 papers/s=0.1977 pages/s=1.9492
progress completed=187 failed=0 in_flight=7 remaining=2123 papers/s=0.1983 pages/s=1.9555
progress completed=188 failed=0 in_flight=7 remaining=2122 papers/s=0.1944 pages/s=1.9171
progress completed=189 failed=0 in_flight=7 remaining=2121 papers/s=0.1954 pages/s=1.9273
progress completed=190 failed=0 in_flight=7 remaining=2120 papers/s=0.1964 pages/s=1.9372
progress completed=191 failed=0 in_flight=7 remaining=2119 papers/s=0.1974 pages/s=1.9473
progress completed=192 failed=0 in_flight=7 remaining=2118 papers/s=0.1984 pages/s=1.9566
progress completed=193 failed=0 in_flight=7 remaining=2117 papers/s=0.1975 pages/s=1.9473
progress completed=194 failed=0 in_flight=7 remaining=2116 papers/s=0.1985 pages/s=1.9573
progress completed=195 failed=0 in_flight=7 remaining=2115 papers/s=0.1989 pages/s=1.9618
progress completed=196 failed=0 in_flight=7 remaining=2114 papers/s=0.1953 pages/s=1.9257
progress completed=197 failed=0 in_flight=7 remaining=2113 papers/s=0.1962 pages/s=1.9352
progress completed=198 failed=0 in_flight=7 remaining=2112 papers/s=0.1972 pages/s=1.945
progress completed=199 failed=0 in_flight=7 remaining=2111 papers/s=0.1973 pages/s=1.9462
progress completed=200 failed=0 in_flight=7 remaining=2110 papers/s=0.1983 pages/s=1.956
progress completed=201 failed=0 in_flight=7 remaining=2109 papers/s=0.1993 pages/s=1.9658
progress completed=202 failed=0 in_flight=7 remaining=2108 papers/s=0.1987 pages/s=1.9604
progress completed=203 failed=0 in_flight=7 remaining=2107 papers/s=0.1994 pages/s=1.967
progress completed=204 failed=0 in_flight=7 remaining=2106 papers/s=0.1963 pages/s=1.9365
progress completed=205 failed=0 in_flight=7 remaining=2105 papers/s=0.1972 pages/s=1.946
progress completed=206 failed=0 in_flight=7 remaining=2104 papers/s=0.1981 pages/s=1.9553
progress completed=207 failed=0 in_flight=7 remaining=2103 papers/s=0.1991 pages/s=1.9648
progress completed=208 failed=0 in_flight=7 remaining=2102 papers/s=0.1978 pages/s=1.9523
progress completed=209 failed=0 in_flight=7 remaining=2101 papers/s=0.1984 pages/s=1.9587
progress completed=210 failed=0 in_flight=7 remaining=2100 papers/s=0.1993 pages/s=1.9679
progress completed=211 failed=0 in_flight=7 remaining=2099 papers/s=0.2003 pages/s=1.9772
progress completed=212 failed=0 in_flight=7 remaining=2098 papers/s=0.1969 pages/s=1.9434
progress completed=213 failed=0 in_flight=7 remaining=2097 papers/s=0.1975 pages/s=1.9504
progress completed=214 failed=0 in_flight=7 remaining=2096 papers/s=0.1984 pages/s=1.9595
progress completed=215 failed=0 in_flight=7 remaining=2095 papers/s=0.1994 pages/s=1.9686
progress completed=216 failed=0 in_flight=7 remaining=2094 papers/s=0.2003 pages/s=1.9775
progress completed=217 failed=0 in_flight=7 remaining=2093 papers/s=0.2012 pages/s=1.9867
progress completed=218 failed=0 in_flight=7 remaining=2092 papers/s=0.2001 pages/s=1.9763
progress completed=219 failed=0 in_flight=7 remaining=2091 papers/s=0.201 pages/s=1.9853
progress completed=220 failed=0 in_flight=7 remaining=2090 papers/s=0.1968 pages/s=1.943
progress completed=221 failed=0 in_flight=7 remaining=2089 papers/s=0.1977 pages/s=1.9518
progress completed=222 failed=0 in_flight=7 remaining=2088 papers/s=0.1986 pages/s=1.9607
progress completed=223 failed=0 in_flight=7 remaining=2087 papers/s=0.1995 pages/s=1.9695
progress completed=224 failed=0 in_flight=7 remaining=2086 papers/s=0.2003 pages/s=1.9783
progress completed=225 failed=0 in_flight=7 remaining=2085 papers/s=0.2007 pages/s=1.9816
progress completed=226 failed=0 in_flight=7 remaining=2084 papers/s=0.2015 pages/s=1.9903
progress completed=227 failed=0 in_flight=7 remaining=2083 papers/s=0.2024 pages/s=1.9989
progress completed=228 failed=0 in_flight=7 remaining=2082 papers/s=0.1971 pages/s=1.9469
progress completed=229 failed=0 in_flight=7 remaining=2081 papers/s=0.1979 pages/s=1.9553
progress completed=230 failed=0 in_flight=7 remaining=2080 papers/s=0.1988 pages/s=1.9638
progress completed=231 failed=0 in_flight=7 remaining=2079 papers/s=0.1996 pages/s=1.9721
progress completed=232 failed=0 in_flight=7 remaining=2078 papers/s=0.2005 pages/s=1.9806
progress completed=233 failed=0 in_flight=7 remaining=2077 papers/s=0.2007 pages/s=1.983
progress completed=234 failed=0 in_flight=7 remaining=2076 papers/s=0.2016 pages/s=1.9915
progress completed=235 failed=0 in_flight=7 remaining=2075 papers/s=0.2024 pages/s=1.9997
progress completed=236 failed=0 in_flight=7 remaining=2074 papers/s=0.1983 pages/s=1.9599
progress completed=237 failed=0 in_flight=7 remaining=2073 papers/s=0.1992 pages/s=1.968
progress completed=238 failed=0 in_flight=7 remaining=2072 papers/s=0.2 pages/s=1.9762
progress completed=239 failed=0 in_flight=7 remaining=2071 papers/s=0.2008 pages/s=1.9845
progress completed=240 failed=0 in_flight=7 remaining=2070 papers/s=0.2014 pages/s=1.9904
progress completed=241 failed=0 in_flight=7 remaining=2069 papers/s=0.2007 pages/s=1.9838
progress completed=242 failed=0 in_flight=7 remaining=2068 papers/s=0.2015 pages/s=1.992
progress completed=243 failed=0 in_flight=7 remaining=2067 papers/s=0.202 pages/s=1.9965
progress completed=244 failed=0 in_flight=7 remaining=2066 papers/s=0.1994 pages/s=1.9714
progress completed=245 failed=0 in_flight=7 remaining=2065 papers/s=0.2 pages/s=1.9768
progress completed=246 failed=0 in_flight=7 remaining=2064 papers/s=0.2008 pages/s=1.9849
progress completed=247 failed=0 in_flight=7 remaining=2063 papers/s=0.2016 pages/s=1.9929
progress completed=248 failed=0 in_flight=7 remaining=2062 papers/s=0.2007 pages/s=1.984
progress completed=249 failed=0 in_flight=7 remaining=2061 papers/s=0.2015 pages/s=1.9919
progress completed=250 failed=0 in_flight=7 remaining=2060 papers/s=0.2018 pages/s=1.995
progress completed=251 failed=0 in_flight=7 remaining=2059 papers/s=0.2025 pages/s=2.0028
progress completed=252 failed=0 in_flight=7 remaining=2058 papers/s=0.2025 pages/s=2.0001
progress completed=253 failed=0 in_flight=7 remaining=2057 papers/s=0.1989 pages/s=1.9644
progress completed=254 failed=0 in_flight=7 remaining=2056 papers/s=0.1997 pages/s=1.9691
progress completed=255 failed=0 in_flight=7 remaining=2055 papers/s=0.2004 pages/s=1.9768
progress completed=256 failed=0 in_flight=7 remaining=2054 papers/s=0.2012 pages/s=1.9844
progress completed=257 failed=0 in_flight=7 remaining=2053 papers/s=0.202 pages/s=1.992
progress completed=258 failed=0 in_flight=7 remaining=2052 papers/s=0.2023 pages/s=1.9955
progress completed=259 failed=0 in_flight=7 remaining=2051 papers/s=0.203 pages/s=2.0031
progress completed=260 failed=0 in_flight=7 remaining=2050 papers/s=0.2038 pages/s=2.0107
progress completed=261 failed=0 in_flight=7 remaining=2049 papers/s=0.202 pages/s=1.9928
progress completed=262 failed=0 in_flight=7 remaining=2048 papers/s=0.202 pages/s=1.991
progress completed=263 failed=0 in_flight=7 remaining=2047 papers/s=0.2027 pages/s=1.9985
progress completed=264 failed=0 in_flight=7 remaining=2046 papers/s=0.2014 pages/s=1.9856
progress completed=265 failed=0 in_flight=7 remaining=2045 papers/s=0.2021 pages/s=1.9931
progress completed=266 failed=0 in_flight=7 remaining=2044 papers/s=0.2029 pages/s=2.0005
progress completed=267 failed=0 in_flight=7 remaining=2043 papers/s=0.2036 pages/s=2.0081
progress completed=268 failed=0 in_flight=7 remaining=2042 papers/s=0.2038 pages/s=2.0098
progress completed=269 failed=0 in_flight=7 remaining=2041 papers/s=0.2024 pages/s=1.9963
progress completed=270 failed=0 in_flight=7 remaining=2040 papers/s=0.2026 pages/s=1.9982
progress completed=271 failed=0 in_flight=7 remaining=2039 papers/s=0.2033 pages/s=2.0056
progress completed=272 failed=0 in_flight=7 remaining=2038 papers/s=0.2018 pages/s=1.9901
progress completed=273 failed=0 in_flight=7 remaining=2037 papers/s=0.2025 pages/s=1.9974
progress completed=274 failed=0 in_flight=7 remaining=2036 papers/s=0.2029 pages/s=2.0015
progress completed=275 failed=0 in_flight=7 remaining=2035 papers/s=0.2036 pages/s=2.0087
progress completed=276 failed=0 in_flight=7 remaining=2034 papers/s=0.2043 pages/s=2.016
progress completed=277 failed=0 in_flight=7 remaining=2033 papers/s=0.2005 pages/s=1.9786
progress completed=278 failed=0 in_flight=7 remaining=2032 papers/s=0.2012 pages/s=1.9855
progress completed=279 failed=0 in_flight=7 remaining=2031 papers/s=0.2019 pages/s=1.9927
progress completed=280 failed=0 in_flight=7 remaining=2030 papers/s=0.2025 pages/s=1.9984
progress completed=281 failed=0 in_flight=7 remaining=2029 papers/s=0.203 pages/s=2.0028
progress completed=282 failed=0 in_flight=7 remaining=2028 papers/s=0.2036 pages/s=2.0097
progress completed=283 failed=0 in_flight=7 remaining=2027 papers/s=0.2043 pages/s=2.0168
progress completed=284 failed=0 in_flight=7 remaining=2026 papers/s=0.2041 pages/s=2.0143
progress completed=285 failed=0 in_flight=7 remaining=2025 papers/s=0.2037 pages/s=2.0108
progress completed=286 failed=0 in_flight=7 remaining=2024 papers/s=0.2023 pages/s=1.9971
progress completed=287 failed=0 in_flight=7 remaining=2023 papers/s=0.203 pages/s=2.0041
progress completed=288 failed=0 in_flight=7 remaining=2022 papers/s=0.2033 pages/s=2.0067
progress completed=289 failed=0 in_flight=7 remaining=2021 papers/s=0.2039 pages/s=2.0133
progress completed=290 failed=0 in_flight=7 remaining=2020 papers/s=0.2046 pages/s=2.0202
progress completed=291 failed=0 in_flight=7 remaining=2019 papers/s=0.204 pages/s=2.0138
progress completed=292 failed=0 in_flight=7 remaining=2018 papers/s=0.2047 pages/s=2.0208
progress completed=293 failed=0 in_flight=7 remaining=2017 papers/s=0.2041 pages/s=2.0131
progress completed=294 failed=0 in_flight=7 remaining=2016 papers/s=0.2028 pages/s=2.0005
progress completed=295 failed=0 in_flight=7 remaining=2015 papers/s=0.2035 pages/s=2.0073
progress completed=296 failed=0 in_flight=7 remaining=2014 papers/s=0.2042 pages/s=2.0141
progress completed=297 failed=0 in_flight=7 remaining=2013 papers/s=0.2048 pages/s=2.0207
progress completed=298 failed=0 in_flight=7 remaining=2012 papers/s=0.205 pages/s=2.0223
progress completed=299 failed=0 in_flight=7 remaining=2011 papers/s=0.2043 pages/s=2.0157
progress completed=300 failed=0 in_flight=7 remaining=2010 papers/s=0.205 pages/s=2.0225
progress completed=301 failed=0 in_flight=7 remaining=2009 papers/s=0.2021 pages/s=1.9937
progress completed=302 failed=0 in_flight=7 remaining=2008 papers/s=0.2027 pages/s=2.0003
progress completed=303 failed=0 in_flight=7 remaining=2007 papers/s=0.2034 pages/s=2.0069
progress completed=304 failed=0 in_flight=7 remaining=2006 papers/s=0.204 pages/s=2.0136
progress completed=305 failed=0 in_flight=7 remaining=2005 papers/s=0.2047 pages/s=2.0202
progress completed=306 failed=0 in_flight=7 remaining=2004 papers/s=0.2054 pages/s=2.0268
progress completed=307 failed=0 in_flight=7 remaining=2003 papers/s=0.2052 pages/s=2.0254
progress completed=308 failed=0 in_flight=7 remaining=2002 papers/s=0.2054 pages/s=2.0275
progress completed=309 failed=0 in_flight=7 remaining=2001 papers/s=0.2046 pages/s=2.0195
progress completed=310 failed=0 in_flight=7 remaining=2000 papers/s=0.2023 pages/s=1.9972
progress completed=311 failed=0 in_flight=7 remaining=1999 papers/s=0.203 pages/s=2.0037
progress completed=312 failed=0 in_flight=7 remaining=1998 papers/s=0.2036 pages/s=2.0098
progress completed=313 failed=0 in_flight=7 remaining=1997 papers/s=0.2039 pages/s=2.0131
progress completed=314 failed=0 in_flight=7 remaining=1996 papers/s=0.2046 pages/s=2.0195
progress completed=315 failed=0 in_flight=7 remaining=1995 papers/s=0.2052 pages/s=2.0259
progress completed=316 failed=0 in_flight=7 remaining=1994 papers/s=0.2058 pages/s=2.0324
progress completed=317 failed=0 in_flight=7 remaining=1993 papers/s=0.2049 pages/s=2.0236
progress completed=318 failed=0 in_flight=7 remaining=1992 papers/s=0.2045 pages/s=2.019
progress completed=319 failed=0 in_flight=7 remaining=1991 papers/s=0.2028 pages/s=2.0027
progress completed=320 failed=0 in_flight=7 remaining=1990 papers/s=0.2034 pages/s=2.0088
progress completed=321 failed=0 in_flight=7 remaining=1989 papers/s=0.204 pages/s=2.015
progress completed=322 failed=0 in_flight=7 remaining=1988 papers/s=0.2046 pages/s=2.0203
progress completed=323 failed=0 in_flight=7 remaining=1987 papers/s=0.2052 pages/s=2.0266
progress completed=324 failed=0 in_flight=7 remaining=1986 papers/s=0.2057 pages/s=2.032
progress completed=325 failed=0 in_flight=7 remaining=1985 papers/s=0.2062 pages/s=2.0363
progress completed=326 failed=0 in_flight=7 remaining=1984 papers/s=0.2049 pages/s=2.0239
progress completed=327 failed=0 in_flight=7 remaining=1983 papers/s=0.2021 pages/s=1.9966
progress completed=328 failed=0 in_flight=7 remaining=1982 papers/s=0.2027 pages/s=2.0021
progress completed=329 failed=0 in_flight=7 remaining=1981 papers/s=0.2034 pages/s=2.0082
progress completed=330 failed=0 in_flight=7 remaining=1980 papers/s=0.2036 pages/s=2.0105
progress completed=331 failed=0 in_flight=7 remaining=1979 papers/s=0.2042 pages/s=2.0165
progress completed=332 failed=0 in_flight=7 remaining=1978 papers/s=0.2049 pages/s=2.0226
progress completed=333 failed=0 in_flight=7 remaining=1977 papers/s=0.2053 pages/s=2.0275
progress completed=334 failed=0 in_flight=7 remaining=1976 papers/s=0.2052 pages/s=2.026
progress completed=335 failed=0 in_flight=7 remaining=1975 papers/s=0.2026 pages/s=1.9996
progress completed=336 failed=0 in_flight=7 remaining=1974 papers/s=0.2032 pages/s=2.0056
progress completed=337 failed=0 in_flight=7 remaining=1973 papers/s=0.2038 pages/s=2.0116
progress completed=338 failed=0 in_flight=7 remaining=1972 papers/s=0.2044 pages/s=2.0175
progress completed=339 failed=0 in_flight=7 remaining=1971 papers/s=0.2045 pages/s=2.0189
progress completed=340 failed=0 in_flight=7 remaining=1970 papers/s=0.2051 pages/s=2.0249
progress completed=341 failed=0 in_flight=7 remaining=1969 papers/s=0.2057 pages/s=2.0308
progress completed=342 failed=0 in_flight=7 remaining=1968 papers/s=0.2055 pages/s=2.0287
progress completed=343 failed=0 in_flight=7 remaining=1967 papers/s=0.2025 pages/s=1.9998
progress completed=344 failed=0 in_flight=7 remaining=1966 papers/s=0.2031 pages/s=2.0056
progress completed=345 failed=0 in_flight=7 remaining=1965 papers/s=0.2037 pages/s=2.0115
progress completed=346 failed=0 in_flight=7 remaining=1964 papers/s=0.2043 pages/s=2.0173
progress completed=347 failed=0 in_flight=7 remaining=1963 papers/s=0.2043 pages/s=2.0178
progress completed=348 failed=0 in_flight=7 remaining=1962 papers/s=0.2049 pages/s=2.0236
progress completed=349 failed=0 in_flight=7 remaining=1961 papers/s=0.2055 pages/s=2.0294
progress completed=350 failed=0 in_flight=7 remaining=1960 papers/s=0.2054 pages/s=2.0289
progress completed=351 failed=0 in_flight=7 remaining=1959 papers/s=0.2041 pages/s=2.015
progress completed=352 failed=0 in_flight=7 remaining=1958 papers/s=0.2047 pages/s=2.0206
progress completed=353 failed=0 in_flight=7 remaining=1957 papers/s=0.2029 pages/s=2.0035
progress completed=354 failed=0 in_flight=7 remaining=1956 papers/s=0.2035 pages/s=2.0092
progress completed=355 failed=0 in_flight=7 remaining=1955 papers/s=0.2041 pages/s=2.0148
progress completed=356 failed=0 in_flight=7 remaining=1954 papers/s=0.2043 pages/s=2.0175
progress completed=357 failed=0 in_flight=7 remaining=1953 papers/s=0.2049 pages/s=2.0229
progress completed=358 failed=0 in_flight=7 remaining=1952 papers/s=0.2054 pages/s=2.0284
progress completed=359 failed=0 in_flight=7 remaining=1951 papers/s=0.2049 pages/s=2.0228
progress completed=360 failed=0 in_flight=7 remaining=1950 papers/s=0.2028 pages/s=2.003
progress completed=361 failed=0 in_flight=7 remaining=1949 papers/s=0.2034 pages/s=2.0085
progress completed=362 failed=0 in_flight=7 remaining=1948 papers/s=0.2039 pages/s=2.014
progress completed=363 failed=0 in_flight=7 remaining=1947 papers/s=0.2045 pages/s=2.0196
progress completed=364 failed=0 in_flight=7 remaining=1946 papers/s=0.2051 pages/s=2.0252
progress completed=365 failed=0 in_flight=7 remaining=1945 papers/s=0.2052 pages/s=2.027
progress completed=366 failed=0 in_flight=7 remaining=1944 papers/s=0.2058 pages/s=2.0324
progress completed=367 failed=0 in_flight=7 remaining=1943 papers/s=0.203 pages/s=2.0051
progress completed=368 failed=0 in_flight=7 remaining=1942 papers/s=0.2035 pages/s=2.0106
progress completed=369 failed=0 in_flight=7 remaining=1941 papers/s=0.2041 pages/s=2.0161
progress completed=370 failed=0 in_flight=7 remaining=1940 papers/s=0.2044 pages/s=2.0193
progress completed=371 failed=0 in_flight=7 remaining=1939 papers/s=0.205 pages/s=2.0246
progress completed=372 failed=0 in_flight=7 remaining=1938 papers/s=0.2055 pages/s=2.0295
progress completed=373 failed=0 in_flight=7 remaining=1937 papers/s=0.206 pages/s=2.0349
progress completed=374 failed=0 in_flight=7 remaining=1936 papers/s=0.2056 pages/s=2.0311
progress completed=375 failed=0 in_flight=7 remaining=1935 papers/s=0.2032 pages/s=2.0075
progress completed=376 failed=0 in_flight=7 remaining=1934 papers/s=0.2038 pages/s=2.0112
progress completed=377 failed=0 in_flight=7 remaining=1933 papers/s=0.2043 pages/s=2.0166
progress completed=378 failed=0 in_flight=7 remaining=1932 papers/s=0.2048 pages/s=2.0219
progress completed=379 failed=0 in_flight=7 remaining=1931 papers/s=0.2054 pages/s=2.0273
progress completed=380 failed=0 in_flight=7 remaining=1930 papers/s=0.205 pages/s=2.024
progress completed=381 failed=0 in_flight=7 remaining=1929 papers/s=0.2056 pages/s=2.0293
progress completed=382 failed=0 in_flight=7 remaining=1928 papers/s=0.2058 pages/s=2.0312
progress completed=383 failed=0 in_flight=7 remaining=1927 papers/s=0.2055 pages/s=2.0287
progress completed=384 failed=0 in_flight=7 remaining=1926 papers/s=0.2048 pages/s=2.0221
progress completed=385 failed=0 in_flight=7 remaining=1925 papers/s=0.2039 pages/s=2.0135
progress completed=386 failed=0 in_flight=7 remaining=1924 papers/s=0.2044 pages/s=2.0183
progress completed=387 failed=0 in_flight=7 remaining=1923 papers/s=0.2049 pages/s=2.0234
progress completed=388 failed=0 in_flight=7 remaining=1922 papers/s=0.2054 pages/s=2.0284
progress completed=389 failed=0 in_flight=7 remaining=1921 papers/s=0.2058 pages/s=2.0322
progress completed=390 failed=0 in_flight=7 remaining=1920 papers/s=0.2057 pages/s=2.031
progress completed=391 failed=0 in_flight=7 remaining=1919 papers/s=0.2057 pages/s=2.0317
progress completed=392 failed=0 in_flight=7 remaining=1918 papers/s=0.2061 pages/s=2.0353
progress completed=393 failed=0 in_flight=7 remaining=1917 papers/s=0.2055 pages/s=2.0298
progress completed=394 failed=0 in_flight=7 remaining=1916 papers/s=0.2038 pages/s=2.013
progress completed=395 failed=0 in_flight=7 remaining=1915 papers/s=0.2043 pages/s=2.0179
progress completed=396 failed=0 in_flight=7 remaining=1914 papers/s=0.2048 pages/s=2.0215
progress completed=397 failed=0 in_flight=7 remaining=1913 papers/s=0.2053 pages/s=2.0266
progress completed=398 failed=0 in_flight=7 remaining=1912 papers/s=0.2056 pages/s=2.0293
progress completed=399 failed=0 in_flight=7 remaining=1911 papers/s=0.2061 pages/s=2.0343
progress completed=400 failed=0 in_flight=7 remaining=1910 papers/s=0.2066 pages/s=2.0393
progress completed=401 failed=0 in_flight=7 remaining=1909 papers/s=0.206 pages/s=2.0337
progress completed=402 failed=0 in_flight=7 remaining=1908 papers/s=0.2057 pages/s=2.03
progress completed=403 failed=0 in_flight=7 remaining=1907 papers/s=0.204 pages/s=2.0134
progress completed=404 failed=0 in_flight=7 remaining=1906 papers/s=0.2045 pages/s=2.0184
progress completed=405 failed=0 in_flight=7 remaining=1905 papers/s=0.205 pages/s=2.0233
progress completed=406 failed=0 in_flight=7 remaining=1904 papers/s=0.2055 pages/s=2.0283
progress completed=407 failed=0 in_flight=7 remaining=1903 papers/s=0.206 pages/s=2.0332
progress completed=408 failed=0 in_flight=7 remaining=1902 papers/s=0.206 pages/s=2.0339
progress completed=409 failed=0 in_flight=7 remaining=1901 papers/s=0.206 pages/s=2.0334
progress completed=410 failed=0 in_flight=7 remaining=1900 papers/s=0.2055 pages/s=2.0293
progress completed=411 failed=0 in_flight=7 remaining=1899 papers/s=0.2039 pages/s=2.0134
progress completed=412 failed=0 in_flight=7 remaining=1898 papers/s=0.2044 pages/s=2.0183
progress completed=413 failed=0 in_flight=7 remaining=1897 papers/s=0.2049 pages/s=2.0232
progress completed=414 failed=0 in_flight=7 remaining=1896 papers/s=0.2051 pages/s=2.0253
progress completed=415 failed=0 in_flight=7 remaining=1895 papers/s=0.2056 pages/s=2.0302
progress completed=416 failed=0 in_flight=7 remaining=1894 papers/s=0.2061 pages/s=2.0351
progress completed=417 failed=0 in_flight=7 remaining=1893 papers/s=0.2066 pages/s=2.0394
progress completed=418 failed=0 in_flight=7 remaining=1892 papers/s=0.2044 pages/s=2.0165
progress completed=419 failed=0 in_flight=7 remaining=1891 papers/s=0.2049 pages/s=2.0213
progress completed=420 failed=0 in_flight=7 remaining=1890 papers/s=0.2053 pages/s=2.0246
progress completed=421 failed=0 in_flight=7 remaining=1889 papers/s=0.2057 pages/s=2.0283
progress completed=422 failed=0 in_flight=7 remaining=1888 papers/s=0.2057 pages/s=2.0284
progress completed=423 failed=0 in_flight=7 remaining=1887 papers/s=0.2062 pages/s=2.0331
progress completed=424 failed=0 in_flight=7 remaining=1886 papers/s=0.2061 pages/s=2.0327
progress completed=425 failed=0 in_flight=7 remaining=1885 papers/s=0.2064 pages/s=2.0355
progress completed=426 failed=0 in_flight=7 remaining=1884 papers/s=0.2054 pages/s=2.0255
progress completed=427 failed=0 in_flight=7 remaining=1883 papers/s=0.2059 pages/s=2.0302
progress completed=428 failed=0 in_flight=7 remaining=1882 papers/s=0.2061 pages/s=2.0325
progress completed=429 failed=0 in_flight=7 remaining=1881 papers/s=0.2066 pages/s=2.0372
progress completed=430 failed=0 in_flight=7 remaining=1880 papers/s=0.2061 pages/s=2.033
progress completed=431 failed=0 in_flight=7 remaining=1879 papers/s=0.2045 pages/s=2.0172
progress completed=432 failed=0 in_flight=7 remaining=1878 papers/s=0.205 pages/s=2.0219
progress completed=433 failed=0 in_flight=7 remaining=1877 papers/s=0.2055 pages/s=2.0266
progress completed=434 failed=0 in_flight=7 remaining=1876 papers/s=0.2059 pages/s=2.0313
progress completed=435 failed=0 in_flight=7 remaining=1875 papers/s=0.2059 pages/s=2.0312
progress completed=436 failed=0 in_flight=7 remaining=1874 papers/s=0.2064 pages/s=2.0359
progress completed=437 failed=0 in_flight=7 remaining=1873 papers/s=0.2068 pages/s=2.0406
progress completed=438 failed=0 in_flight=7 remaining=1872 papers/s=0.2068 pages/s=2.0402
progress completed=439 failed=0 in_flight=7 remaining=1871 papers/s=0.2067 pages/s=2.0391
progress completed=440 failed=0 in_flight=7 remaining=1870 papers/s=0.2053 pages/s=2.0256
progress completed=441 failed=0 in_flight=7 remaining=1869 papers/s=0.2058 pages/s=2.0302
progress completed=442 failed=0 in_flight=7 remaining=1868 papers/s=0.2062 pages/s=2.0343
progress completed=443 failed=0 in_flight=7 remaining=1867 papers/s=0.2065 pages/s=2.0369
progress completed=444 failed=0 in_flight=7 remaining=1866 papers/s=0.2069 pages/s=2.0414
progress completed=445 failed=0 in_flight=7 remaining=1865 papers/s=0.2074 pages/s=2.046
progress completed=446 failed=0 in_flight=7 remaining=1864 papers/s=0.2069 pages/s=2.0409
progress completed=447 failed=0 in_flight=7 remaining=1863 papers/s=0.2062 pages/s=2.0341
progress completed=448 failed=0 in_flight=7 remaining=1862 papers/s=0.2066 pages/s=2.0386
progress completed=449 failed=0 in_flight=7 remaining=1861 papers/s=0.2071 pages/s=2.0432
progress completed=450 failed=0 in_flight=7 remaining=1860 papers/s=0.2075 pages/s=2.0476
progress completed=451 failed=0 in_flight=7 remaining=1859 papers/s=0.2068 pages/s=2.0391
progress completed=452 failed=0 in_flight=7 remaining=1858 papers/s=0.2073 pages/s=2.0437
progress completed=453 failed=0 in_flight=7 remaining=1857 papers/s=0.2077 pages/s=2.0482
progress completed=454 failed=0 in_flight=7 remaining=1856 papers/s=0.2066 pages/s=2.0372
progress completed=455 failed=0 in_flight=7 remaining=1855 papers/s=0.207 pages/s=2.0417
progress completed=456 failed=0 in_flight=7 remaining=1854 papers/s=0.207 pages/s=2.0414
progress completed=457 failed=0 in_flight=7 remaining=1853 papers/s=0.2075 pages/s=2.0455
progress completed=458 failed=0 in_flight=7 remaining=1852 papers/s=0.2069 pages/s=2.0397
progress completed=459 failed=0 in_flight=7 remaining=1851 papers/s=0.2072 pages/s=2.0428
progress completed=460 failed=0 in_flight=7 remaining=1850 papers/s=0.2076 pages/s=2.0467
progress completed=461 failed=0 in_flight=7 remaining=1849 papers/s=0.208 pages/s=2.0511
progress completed=462 failed=0 in_flight=7 remaining=1848 papers/s=0.2074 pages/s=2.0448
progress completed=463 failed=0 in_flight=7 remaining=1847 papers/s=0.2058 pages/s=2.0295
progress completed=464 failed=0 in_flight=7 remaining=1846 papers/s=0.2063 pages/s=2.0339
progress completed=465 failed=0 in_flight=7 remaining=1845 papers/s=0.2067 pages/s=2.0382
progress completed=466 failed=0 in_flight=7 remaining=1844 papers/s=0.2071 pages/s=2.0425
progress completed=467 failed=0 in_flight=7 remaining=1843 papers/s=0.2076 pages/s=2.0468
progress completed=468 failed=0 in_flight=7 remaining=1842 papers/s=0.2077 pages/s=2.0485
progress completed=469 failed=0 in_flight=7 remaining=1841 papers/s=0.2082 pages/s=2.0528
progress completed=470 failed=0 in_flight=7 remaining=1840 papers/s=0.2071 pages/s=2.0424
progress completed=471 failed=0 in_flight=7 remaining=1839 papers/s=0.2073 pages/s=2.0439
progress completed=472 failed=0 in_flight=7 remaining=1838 papers/s=0.2062 pages/s=2.0334
progress completed=473 failed=0 in_flight=7 remaining=1837 papers/s=0.2066 pages/s=2.0376
progress completed=474 failed=0 in_flight=7 remaining=1836 papers/s=0.207 pages/s=2.0419
progress completed=475 failed=0 in_flight=7 remaining=1835 papers/s=0.2073 pages/s=2.0449
progress completed=476 failed=0 in_flight=7 remaining=1834 papers/s=0.2077 pages/s=2.0491
progress completed=477 failed=0 in_flight=7 remaining=1833 papers/s=0.2082 pages/s=2.0533
progress completed=478 failed=0 in_flight=7 remaining=1832 papers/s=0.2077 pages/s=2.0489
progress completed=479 failed=0 in_flight=7 remaining=1831 papers/s=0.206 pages/s=2.0319
progress completed=480 failed=0 in_flight=7 remaining=1830 papers/s=0.2064 pages/s=2.0361
progress completed=481 failed=0 in_flight=7 remaining=1829 papers/s=0.2068 pages/s=2.0404
progress completed=482 failed=0 in_flight=7 remaining=1828 papers/s=0.207 pages/s=2.0418
progress completed=483 failed=0 in_flight=7 remaining=1827 papers/s=0.2074 pages/s=2.046
progress completed=484 failed=0 in_flight=7 remaining=1826 papers/s=0.2078 pages/s=2.0503
progress completed=485 failed=0 in_flight=7 remaining=1825 papers/s=0.2082 pages/s=2.0545
progress completed=486 failed=0 in_flight=7 remaining=1824 papers/s=0.2081 pages/s=2.053
progress completed=487 failed=0 in_flight=7 remaining=1823 papers/s=0.2065 pages/s=2.0373
progress completed=488 failed=0 in_flight=7 remaining=1822 papers/s=0.2069 pages/s=2.0415
progress completed=489 failed=0 in_flight=7 remaining=1821 papers/s=0.2074 pages/s=2.0457
progress completed=490 failed=0 in_flight=7 remaining=1820 papers/s=0.2078 pages/s=2.0498
progress completed=491 failed=0 in_flight=7 remaining=1819 papers/s=0.2074 pages/s=2.0465
progress completed=492 failed=0 in_flight=7 remaining=1818 papers/s=0.2079 pages/s=2.0506
progress completed=493 failed=0 in_flight=7 remaining=1817 papers/s=0.2079 pages/s=2.051
progress completed=494 failed=0 in_flight=7 remaining=1816 papers/s=0.2081 pages/s=2.0534
progress completed=495 failed=0 in_flight=7 remaining=1815 papers/s=0.2078 pages/s=2.0507
progress completed=496 failed=0 in_flight=7 remaining=1814 papers/s=0.2071 pages/s=2.0434
progress completed=497 failed=0 in_flight=7 remaining=1813 papers/s=0.2075 pages/s=2.0474
progress completed=498 failed=0 in_flight=7 remaining=1812 papers/s=0.2076 pages/s=2.0489
progress completed=499 failed=0 in_flight=7 remaining=1811 papers/s=0.2072 pages/s=2.0443
progress completed=500 failed=0 in_flight=7 remaining=1810 papers/s=0.2075 pages/s=2.0479
progress completed=501 failed=0 in_flight=7 remaining=1809 papers/s=0.2079 pages/s=2.0513
progress completed=502 failed=0 in_flight=7 remaining=1808 papers/s=0.2083 pages/s=2.0553
progress completed=503 failed=0 in_flight=7 remaining=1807 papers/s=0.2084 pages/s=2.057
progress completed=504 failed=0 in_flight=7 remaining=1806 papers/s=0.208 pages/s=2.0524
progress completed=505 failed=0 in_flight=7 remaining=1805 papers/s=0.2082 pages/s=2.0545
progress completed=506 failed=0 in_flight=7 remaining=1804 papers/s=0.207 pages/s=2.0426
progress completed=507 failed=0 in_flight=7 remaining=1803 papers/s=0.2074 pages/s=2.0467
progress completed=508 failed=0 in_flight=7 remaining=1802 papers/s=0.2078 pages/s=2.0505
progress completed=509 failed=0 in_flight=7 remaining=1801 papers/s=0.2082 pages/s=2.0546
progress completed=510 failed=0 in_flight=7 remaining=1800 papers/s=0.2086 pages/s=2.0586
progress completed=511 failed=0 in_flight=7 remaining=1799 papers/s=0.2086 pages/s=2.0586
progress completed=512 failed=0 in_flight=7 remaining=1798 papers/s=0.2082 pages/s=2.0547
progress completed=513 failed=0 in_flight=7 remaining=1797 papers/s=0.2085 pages/s=2.0586
progress completed=514 failed=0 in_flight=7 remaining=1796 papers/s=0.2078 pages/s=2.0518
progress completed=515 failed=0 in_flight=7 remaining=1795 papers/s=0.2082 pages/s=2.0557
progress completed=516 failed=0 in_flight=7 remaining=1794 papers/s=0.2086 pages/s=2.0597
progress completed=517 failed=0 in_flight=7 remaining=1793 papers/s=0.2077 pages/s=2.0501
progress completed=518 failed=0 in_flight=7 remaining=1792 papers/s=0.2081 pages/s=2.0541
progress completed=519 failed=0 in_flight=7 remaining=1791 papers/s=0.2084 pages/s=2.0571
progress completed=520 failed=0 in_flight=7 remaining=1790 papers/s=0.2087 pages/s=2.061
progress completed=521 failed=0 in_flight=7 remaining=1789 papers/s=0.2091 pages/s=2.0649
progress completed=522 failed=0 in_flight=7 remaining=1788 papers/s=0.2086 pages/s=2.0601
progress completed=523 failed=0 in_flight=7 remaining=1787 papers/s=0.2073 pages/s=2.0468
progress completed=524 failed=0 in_flight=7 remaining=1786 papers/s=0.2077 pages/s=2.0507
progress completed=525 failed=0 in_flight=7 remaining=1785 papers/s=0.2081 pages/s=2.0545
progress completed=526 failed=0 in_flight=7 remaining=1784 papers/s=0.2085 pages/s=2.0584
progress completed=527 failed=0 in_flight=7 remaining=1783 papers/s=0.2089 pages/s=2.0623
progress completed=528 failed=0 in_flight=7 remaining=1782 papers/s=0.2089 pages/s=2.0625
progress completed=529 failed=0 in_flight=7 remaining=1781 papers/s=0.2092 pages/s=2.0664
progress completed=530 failed=0 in_flight=7 remaining=1780 papers/s=0.2087 pages/s=2.0615
progress completed=531 failed=0 in_flight=7 remaining=1779 papers/s=0.209 pages/s=2.064
progress completed=532 failed=0 in_flight=7 remaining=1778 papers/s=0.2081 pages/s=2.0554
progress completed=533 failed=0 in_flight=7 remaining=1777 papers/s=0.2081 pages/s=2.0548
progress completed=534 failed=0 in_flight=7 remaining=1776 papers/s=0.2084 pages/s=2.0587
progress completed=535 failed=0 in_flight=7 remaining=1775 papers/s=0.2088 pages/s=2.0625
progress completed=536 failed=0 in_flight=7 remaining=1774 papers/s=0.209 pages/s=2.0641
progress completed=537 failed=0 in_flight=7 remaining=1773 papers/s=0.2094 pages/s=2.0679
progress completed=538 failed=0 in_flight=7 remaining=1772 papers/s=0.2092 pages/s=2.066
progress completed=539 failed=0 in_flight=7 remaining=1771 papers/s=0.2092 pages/s=2.0661
progress completed=540 failed=0 in_flight=7 remaining=1770 papers/s=0.2076 pages/s=2.051
progress completed=541 failed=0 in_flight=7 remaining=1769 papers/s=0.208 pages/s=2.0547
progress completed=542 failed=0 in_flight=7 remaining=1768 papers/s=0.2084 pages/s=2.0585
progress completed=543 failed=0 in_flight=7 remaining=1767 papers/s=0.2088 pages/s=2.0623
progress completed=544 failed=0 in_flight=7 remaining=1766 papers/s=0.2091 pages/s=2.066
progress completed=545 failed=0 in_flight=7 remaining=1765 papers/s=0.2095 pages/s=2.0698
progress completed=546 failed=0 in_flight=7 remaining=1764 papers/s=0.2095 pages/s=2.07
progress completed=547 failed=0 in_flight=7 remaining=1763 papers/s=0.2093 pages/s=2.0673
progress completed=548 failed=0 in_flight=7 remaining=1762 papers/s=0.2093 pages/s=2.0673
progress completed=549 failed=0 in_flight=7 remaining=1761 papers/s=0.2078 pages/s=2.0532
progress completed=550 failed=0 in_flight=7 remaining=1760 papers/s=0.2082 pages/s=2.057
progress completed=551 failed=0 in_flight=7 remaining=1759 papers/s=0.2086 pages/s=2.0607
progress completed=552 failed=0 in_flight=7 remaining=1758 papers/s=0.2089 pages/s=2.0645
progress completed=553 failed=0 in_flight=7 remaining=1757 papers/s=0.2093 pages/s=2.0682
progress completed=554 failed=0 in_flight=7 remaining=1756 papers/s=0.2097 pages/s=2.0719
progress completed=555 failed=0 in_flight=7 remaining=1755 papers/s=0.2097 pages/s=2.0718
progress completed=556 failed=0 in_flight=7 remaining=1754 papers/s=0.2094 pages/s=2.0695
progress completed=557 failed=0 in_flight=7 remaining=1753 papers/s=0.2076 pages/s=2.0511
progress completed=558 failed=0 in_flight=7 remaining=1752 papers/s=0.2079 pages/s=2.0547
progress completed=559 failed=0 in_flight=7 remaining=1751 papers/s=0.2083 pages/s=2.0584
progress completed=560 failed=0 in_flight=7 remaining=1750 papers/s=0.2087 pages/s=2.062
progress completed=561 failed=0 in_flight=7 remaining=1749 papers/s=0.209 pages/s=2.0656
progress completed=562 failed=0 in_flight=7 remaining=1748 papers/s=0.2092 pages/s=2.0676
progress completed=563 failed=0 in_flight=7 remaining=1747 papers/s=0.2096 pages/s=2.0712
progress completed=564 failed=0 in_flight=7 remaining=1746 papers/s=0.2098 pages/s=2.0738
progress completed=565 failed=0 in_flight=7 remaining=1745 papers/s=0.208 pages/s=2.0554
progress completed=566 failed=0 in_flight=7 remaining=1744 papers/s=0.2083 pages/s=2.059
progress completed=567 failed=0 in_flight=7 remaining=1743 papers/s=0.2087 pages/s=2.0627
progress completed=568 failed=0 in_flight=7 remaining=1742 papers/s=0.209 pages/s=2.0662
progress completed=569 failed=0 in_flight=7 remaining=1741 papers/s=0.2094 pages/s=2.0698
progress completed=570 failed=0 in_flight=7 remaining=1740 papers/s=0.2091 pages/s=2.0668
progress completed=571 failed=0 in_flight=7 remaining=1739 papers/s=0.2093 pages/s=2.069
progress completed=572 failed=0 in_flight=7 remaining=1738 papers/s=0.2095 pages/s=2.0708
progress completed=573 failed=0 in_flight=7 remaining=1737 papers/s=0.2081 pages/s=2.0574
progress completed=574 failed=0 in_flight=7 remaining=1736 papers/s=0.2085 pages/s=2.0609
progress completed=575 failed=0 in_flight=7 remaining=1735 papers/s=0.2088 pages/s=2.0645
progress completed=576 failed=0 in_flight=7 remaining=1734 papers/s=0.2092 pages/s=2.068
progress completed=577 failed=0 in_flight=7 remaining=1733 papers/s=0.2096 pages/s=2.0715
progress completed=578 failed=0 in_flight=7 remaining=1732 papers/s=0.2094 pages/s=2.0698
progress completed=579 failed=0 in_flight=7 remaining=1731 papers/s=0.2096 pages/s=2.0719
progress completed=580 failed=0 in_flight=7 remaining=1730 papers/s=0.2097 pages/s=2.0736
progress completed=581 failed=0 in_flight=7 remaining=1729 papers/s=0.2096 pages/s=2.0719
progress completed=582 failed=0 in_flight=7 remaining=1728 papers/s=0.2084 pages/s=2.06
progress completed=583 failed=0 in_flight=7 remaining=1727 papers/s=0.2087 pages/s=2.0635
progress completed=584 failed=0 in_flight=7 remaining=1726 papers/s=0.209 pages/s=2.0661
progress completed=585 failed=0 in_flight=7 remaining=1725 papers/s=0.2091 pages/s=2.0675
progress completed=586 failed=0 in_flight=7 remaining=1724 papers/s=0.2095 pages/s=2.071
progress completed=587 failed=0 in_flight=7 remaining=1723 papers/s=0.2097 pages/s=2.0734
progress completed=588 failed=0 in_flight=7 remaining=1722 papers/s=0.21 pages/s=2.0761
progress completed=589 failed=0 in_flight=7 remaining=1721 papers/s=0.2097 pages/s=2.0732
progress completed=590 failed=0 in_flight=7 remaining=1720 papers/s=0.2096 pages/s=2.0729
progress completed=591 failed=0 in_flight=7 remaining=1719 papers/s=0.2095 pages/s=2.0712
progress completed=592 failed=0 in_flight=7 remaining=1718 papers/s=0.2085 pages/s=2.062
progress completed=593 failed=0 in_flight=7 remaining=1717 papers/s=0.2089 pages/s=2.0655
progress completed=594 failed=0 in_flight=7 remaining=1716 papers/s=0.209 pages/s=2.0671
progress completed=595 failed=0 in_flight=7 remaining=1715 papers/s=0.2088 pages/s=2.0647
progress completed=596 failed=0 in_flight=7 remaining=1714 papers/s=0.2091 pages/s=2.0682
progress completed=597 failed=0 in_flight=7 remaining=1713 papers/s=0.2095 pages/s=2.0716
progress completed=598 failed=0 in_flight=7 remaining=1712 papers/s=0.2096 pages/s=2.0732
progress completed=599 failed=0 in_flight=7 remaining=1711 papers/s=0.21 pages/s=2.0765
progress completed=600 failed=0 in_flight=7 remaining=1710 papers/s=0.2092 pages/s=2.0689
progress completed=601 failed=0 in_flight=7 remaining=1709 papers/s=0.2088 pages/s=2.0649
progress completed=602 failed=0 in_flight=7 remaining=1708 papers/s=0.2091 pages/s=2.0683
progress completed=603 failed=0 in_flight=7 remaining=1707 papers/s=0.2095 pages/s=2.0718
progress completed=604 failed=0 in_flight=7 remaining=1706 papers/s=0.2098 pages/s=2.0748
progress completed=605 failed=0 in_flight=7 remaining=1705 papers/s=0.2097 pages/s=2.0741
progress completed=606 failed=0 in_flight=7 remaining=1704 papers/s=0.21 pages/s=2.0766
progress completed=607 failed=0 in_flight=7 remaining=1703 papers/s=0.2098 pages/s=2.0749
progress completed=608 failed=0 in_flight=7 remaining=1702 papers/s=0.2086 pages/s=2.0626
progress completed=609 failed=0 in_flight=7 remaining=1701 papers/s=0.2089 pages/s=2.066
progress completed=610 failed=0 in_flight=7 remaining=1700 papers/s=0.2093 pages/s=2.0694
progress completed=611 failed=0 in_flight=7 remaining=1699 papers/s=0.2096 pages/s=2.0728
progress completed=612 failed=0 in_flight=7 remaining=1698 papers/s=0.2096 pages/s=2.073
progress completed=613 failed=0 in_flight=7 remaining=1697 papers/s=0.21 pages/s=2.0763
progress completed=614 failed=0 in_flight=7 remaining=1696 papers/s=0.2096 pages/s=2.073
progress completed=615 failed=0 in_flight=7 remaining=1695 papers/s=0.2099 pages/s=2.0755
progress completed=616 failed=0 in_flight=7 remaining=1694 papers/s=0.2089 pages/s=2.0654
progress completed=617 failed=0 in_flight=7 remaining=1693 papers/s=0.2092 pages/s=2.0687
progress completed=618 failed=0 in_flight=7 remaining=1692 papers/s=0.2096 pages/s=2.072
progress completed=619 failed=0 in_flight=7 remaining=1691 papers/s=0.2099 pages/s=2.0753
progress completed=620 failed=0 in_flight=7 remaining=1690 papers/s=0.2094 pages/s=2.0701
progress completed=621 failed=0 in_flight=7 remaining=1689 papers/s=0.2097 pages/s=2.073
progress completed=622 failed=0 in_flight=7 remaining=1688 papers/s=0.2099 pages/s=2.0751
progress completed=623 failed=0 in_flight=7 remaining=1687 papers/s=0.2102 pages/s=2.0784
progress completed=624 failed=0 in_flight=7 remaining=1686 papers/s=0.2089 pages/s=2.0653
progress completed=625 failed=0 in_flight=7 remaining=1685 papers/s=0.2092 pages/s=2.0686
progress completed=626 failed=0 in_flight=7 remaining=1684 papers/s=0.2094 pages/s=2.0707
progress completed=627 failed=0 in_flight=7 remaining=1683 papers/s=0.2097 pages/s=2.0738
progress completed=628 failed=0 in_flight=7 remaining=1682 papers/s=0.2101 pages/s=2.0771
progress completed=629 failed=0 in_flight=7 remaining=1681 papers/s=0.2102 pages/s=2.0786
progress completed=630 failed=0 in_flight=7 remaining=1680 papers/s=0.21 pages/s=2.0767
progress completed=631 failed=0 in_flight=7 remaining=1679 papers/s=0.2103 pages/s=2.08
progress completed=632 failed=0 in_flight=7 remaining=1678 papers/s=0.2087 pages/s=2.0635
progress completed=633 failed=0 in_flight=7 remaining=1677 papers/s=0.209 pages/s=2.0667
progress completed=634 failed=0 in_flight=7 remaining=1676 papers/s=0.2083 pages/s=2.0597
progress completed=635 failed=0 in_flight=7 remaining=1675 papers/s=0.2086 pages/s=2.063
progress completed=636 failed=0 in_flight=7 remaining=1674 papers/s=0.2089 pages/s=2.0662
progress completed=637 failed=0 in_flight=7 remaining=1673 papers/s=0.2091 pages/s=2.0678
progress completed=638 failed=0 in_flight=7 remaining=1672 papers/s=0.2094 pages/s=2.0705
progress completed=639 failed=0 in_flight=7 remaining=1671 papers/s=0.2097 pages/s=2.0736
progress completed=640 failed=0 in_flight=7 remaining=1670 papers/s=0.2093 pages/s=2.0699
progress completed=641 failed=0 in_flight=7 remaining=1669 papers/s=0.2096 pages/s=2.073
progress completed=642 failed=0 in_flight=7 remaining=1668 papers/s=0.2087 pages/s=2.0638
progress completed=643 failed=0 in_flight=7 remaining=1667 papers/s=0.2083 pages/s=2.0603
progress completed=644 failed=0 in_flight=7 remaining=1666 papers/s=0.2086 pages/s=2.0635
progress completed=645 failed=0 in_flight=7 remaining=1665 papers/s=0.2089 pages/s=2.0667
progress completed=646 failed=0 in_flight=7 remaining=1664 papers/s=0.2092 pages/s=2.0698
progress completed=647 failed=0 in_flight=7 remaining=1663 papers/s=0.2096 pages/s=2.073
progress completed=648 failed=0 in_flight=7 remaining=1662 papers/s=0.2099 pages/s=2.0762
progress completed=649 failed=0 in_flight=7 remaining=1661 papers/s=0.2098 pages/s=2.0755
progress completed=650 failed=0 in_flight=7 remaining=1660 papers/s=0.208 pages/s=2.0579
progress completed=651 failed=0 in_flight=7 remaining=1659 papers/s=0.2083 pages/s=2.061
progress completed=652 failed=0 in_flight=7 remaining=1658 papers/s=0.2086 pages/s=2.064
progress completed=653 failed=0 in_flight=7 remaining=1657 papers/s=0.2089 pages/s=2.0667
progress completed=654 failed=0 in_flight=7 remaining=1656 papers/s=0.2092 pages/s=2.0699
progress completed=655 failed=0 in_flight=7 remaining=1655 papers/s=0.2094 pages/s=2.0719
progress completed=656 failed=0 in_flight=7 remaining=1654 papers/s=0.2094 pages/s=2.0719
progress completed=657 failed=0 in_flight=7 remaining=1653 papers/s=0.2097 pages/s=2.0743
progress completed=658 failed=0 in_flight=7 remaining=1652 papers/s=0.2081 pages/s=2.0588
progress completed=659 failed=0 in_flight=7 remaining=1651 papers/s=0.2084 pages/s=2.0619
progress completed=660 failed=0 in_flight=7 remaining=1650 papers/s=0.2087 pages/s=2.0651
progress completed=661 failed=0 in_flight=7 remaining=1649 papers/s=0.2089 pages/s=2.0659
progress completed=662 failed=0 in_flight=7 remaining=1648 papers/s=0.209 pages/s=2.0673
progress completed=663 failed=0 in_flight=7 remaining=1647 papers/s=0.2092 pages/s=2.0689
progress completed=664 failed=0 in_flight=7 remaining=1646 papers/s=0.2095 pages/s=2.0719
progress completed=665 failed=0 in_flight=7 remaining=1645 papers/s=0.2096 pages/s=2.0728
progress completed=666 failed=0 in_flight=7 remaining=1644 papers/s=0.2088 pages/s=2.0649
progress completed=667 failed=0 in_flight=7 remaining=1643 papers/s=0.2081 pages/s=2.0581
progress completed=668 failed=0 in_flight=7 remaining=1642 papers/s=0.2084 pages/s=2.0612
progress completed=669 failed=0 in_flight=7 remaining=1641 papers/s=0.2087 pages/s=2.0642
progress completed=670 failed=0 in_flight=7 remaining=1640 papers/s=0.209 pages/s=2.0673
progress completed=671 failed=0 in_flight=7 remaining=1639 papers/s=0.2091 pages/s=2.0681
progress completed=672 failed=0 in_flight=7 remaining=1638 papers/s=0.2094 pages/s=2.0711
progress completed=673 failed=0 in_flight=7 remaining=1637 papers/s=0.2097 pages/s=2.0741
progress completed=674 failed=0 in_flight=7 remaining=1636 papers/s=0.2093 pages/s=2.0705
progress completed=675 failed=0 in_flight=7 remaining=1635 papers/s=0.208 pages/s=2.0578
progress completed=676 failed=0 in_flight=7 remaining=1634 papers/s=0.2083 pages/s=2.0608
progress completed=677 failed=0 in_flight=7 remaining=1633 papers/s=0.2086 pages/s=2.0638
progress completed=678 failed=0 in_flight=7 remaining=1632 papers/s=0.2089 pages/s=2.0669
progress completed=679 failed=0 in_flight=7 remaining=1631 papers/s=0.209 pages/s=2.068
progress completed=680 failed=0 in_flight=7 remaining=1630 papers/s=0.2093 pages/s=2.071
progress completed=681 failed=0 in_flight=7 remaining=1629 papers/s=0.2096 pages/s=2.074
progress completed=682 failed=0 in_flight=7 remaining=1628 papers/s=0.2089 pages/s=2.0667
progress completed=683 failed=0 in_flight=7 remaining=1627 papers/s=0.2078 pages/s=2.0562
progress completed=684 failed=0 in_flight=7 remaining=1626 papers/s=0.2081 pages/s=2.0591
progress completed=685 failed=0 in_flight=7 remaining=1625 papers/s=0.2084 pages/s=2.0621
progress completed=686 failed=0 in_flight=7 remaining=1624 papers/s=0.2087 pages/s=2.0651
progress completed=687 failed=0 in_flight=7 remaining=1623 papers/s=0.209 pages/s=2.068
progress completed=688 failed=0 in_flight=7 remaining=1622 papers/s=0.2093 pages/s=2.071
progress completed=689 failed=0 in_flight=7 remaining=1621 papers/s=0.2089 pages/s=2.0666
progress completed=690 failed=0 in_flight=7 remaining=1620 papers/s=0.2091 pages/s=2.0686
progress completed=691 failed=0 in_flight=7 remaining=1619 papers/s=0.2078 pages/s=2.0565
progress completed=692 failed=0 in_flight=7 remaining=1618 papers/s=0.2081 pages/s=2.0595
progress completed=693 failed=0 in_flight=7 remaining=1617 papers/s=0.2084 pages/s=2.0624
progress completed=694 failed=0 in_flight=7 remaining=1616 papers/s=0.2087 pages/s=2.0654
progress completed=695 failed=0 in_flight=7 remaining=1615 papers/s=0.209 pages/s=2.0683
progress completed=696 failed=0 in_flight=7 remaining=1614 papers/s=0.2088 pages/s=2.0658
progress completed=697 failed=0 in_flight=7 remaining=1613 papers/s=0.209 pages/s=2.0682
progress completed=698 failed=0 in_flight=7 remaining=1612 papers/s=0.2093 pages/s=2.0706
progress completed=699 failed=0 in_flight=7 remaining=1611 papers/s=0.2087 pages/s=2.0654
progress completed=700 failed=0 in_flight=7 remaining=1610 papers/s=0.2077 pages/s=2.0546
progress completed=701 failed=0 in_flight=7 remaining=1609 papers/s=0.2079 pages/s=2.0575
progress completed=702 failed=0 in_flight=7 remaining=1608 papers/s=0.2082 pages/s=2.0605
progress completed=703 failed=0 in_flight=7 remaining=1607 papers/s=0.2085 pages/s=2.0633
progress completed=704 failed=0 in_flight=7 remaining=1606 papers/s=0.2088 pages/s=2.0662
progress completed=705 failed=0 in_flight=7 remaining=1605 papers/s=0.2091 pages/s=2.0687
progress completed=706 failed=0 in_flight=7 remaining=1604 papers/s=0.2091 pages/s=2.069
progress completed=707 failed=0 in_flight=7 remaining=1603 papers/s=0.2089 pages/s=2.0675
progress completed=708 failed=0 in_flight=7 remaining=1602 papers/s=0.2082 pages/s=2.0598
progress completed=709 failed=0 in_flight=7 remaining=1601 papers/s=0.2084 pages/s=2.0627
progress completed=710 failed=0 in_flight=7 remaining=1600 papers/s=0.2087 pages/s=2.065
progress completed=711 failed=0 in_flight=7 remaining=1599 papers/s=0.2088 pages/s=2.066
progress completed=712 failed=0 in_flight=7 remaining=1598 papers/s=0.2091 pages/s=2.0689
progress completed=713 failed=0 in_flight=7 remaining=1597 papers/s=0.2086 pages/s=2.0639
progress completed=714 failed=0 in_flight=7 remaining=1596 papers/s=0.2089 pages/s=2.0668
progress completed=715 failed=0 in_flight=7 remaining=1595 papers/s=0.2091 pages/s=2.0688
progress completed=716 failed=0 in_flight=7 remaining=1594 papers/s=0.2075 pages/s=2.0531
progress completed=717 failed=0 in_flight=7 remaining=1593 papers/s=0.2078 pages/s=2.056
progress completed=718 failed=0 in_flight=7 remaining=1592 papers/s=0.2081 pages/s=2.0588
progress completed=719 failed=0 in_flight=7 remaining=1591 papers/s=0.2084 pages/s=2.0617
progress completed=720 failed=0 in_flight=7 remaining=1590 papers/s=0.2087 pages/s=2.0645
progress completed=721 failed=0 in_flight=7 remaining=1589 papers/s=0.2089 pages/s=2.0665
progress completed=722 failed=0 in_flight=7 remaining=1588 papers/s=0.2092 pages/s=2.0693
progress completed=723 failed=0 in_flight=7 remaining=1587 papers/s=0.2095 pages/s=2.0721
progress completed=724 failed=0 in_flight=7 remaining=1586 papers/s=0.2077 pages/s=2.0543
progress completed=725 failed=0 in_flight=7 remaining=1585 papers/s=0.208 pages/s=2.0571
progress completed=726 failed=0 in_flight=7 remaining=1584 papers/s=0.2083 pages/s=2.06
progress completed=727 failed=0 in_flight=7 remaining=1583 papers/s=0.2085 pages/s=2.0628
progress completed=728 failed=0 in_flight=7 remaining=1582 papers/s=0.2088 pages/s=2.0656
progress completed=729 failed=0 in_flight=7 remaining=1581 papers/s=0.2091 pages/s=2.0685
progress completed=730 failed=0 in_flight=7 remaining=1580 papers/s=0.2094 pages/s=2.0713
progress completed=731 failed=0 in_flight=7 remaining=1579 papers/s=0.2091 pages/s=2.0689
progress completed=732 failed=0 in_flight=7 remaining=1578 papers/s=0.2076 pages/s=2.0532
progress completed=733 failed=0 in_flight=7 remaining=1577 papers/s=0.2078 pages/s=2.0559
progress completed=734 failed=0 in_flight=7 remaining=1576 papers/s=0.2081 pages/s=2.0587
progress completed=735 failed=0 in_flight=7 remaining=1575 papers/s=0.2084 pages/s=2.0615
progress completed=736 failed=0 in_flight=7 remaining=1574 papers/s=0.2084 pages/s=2.0618
progress completed=737 failed=0 in_flight=7 remaining=1573 papers/s=0.2087 pages/s=2.0646
progress completed=738 failed=0 in_flight=7 remaining=1572 papers/s=0.209 pages/s=2.0673
progress completed=739 failed=0 in_flight=7 remaining=1571 papers/s=0.2091 pages/s=2.0688
progress completed=740 failed=0 in_flight=7 remaining=1570 papers/s=0.2076 pages/s=2.054
progress completed=741 failed=0 in_flight=7 remaining=1569 papers/s=0.2079 pages/s=2.056
progress completed=742 failed=0 in_flight=7 remaining=1568 papers/s=0.2082 pages/s=2.0587
progress completed=743 failed=0 in_flight=7 remaining=1567 papers/s=0.2085 pages/s=2.0615
progress completed=744 failed=0 in_flight=7 remaining=1566 papers/s=0.2088 pages/s=2.0642
progress completed=745 failed=0 in_flight=7 remaining=1565 papers/s=0.209 pages/s=2.067
progress completed=746 failed=0 in_flight=7 remaining=1564 papers/s=0.2091 pages/s=2.0674
progress completed=747 failed=0 in_flight=7 remaining=1563 papers/s=0.2093 pages/s=2.0701
progress completed=748 failed=0 in_flight=7 remaining=1562 papers/s=0.2088 pages/s=2.0648
progress completed=749 failed=0 in_flight=7 remaining=1561 papers/s=0.2081 pages/s=2.0578
progress completed=750 failed=0 in_flight=7 remaining=1560 papers/s=0.2084 pages/s=2.0605
progress completed=751 failed=0 in_flight=7 remaining=1559 papers/s=0.2082 pages/s=2.0592
progress completed=752 failed=0 in_flight=7 remaining=1558 papers/s=0.2085 pages/s=2.0619
progress completed=753 failed=0 in_flight=7 remaining=1557 papers/s=0.2088 pages/s=2.0646
progress completed=754 failed=0 in_flight=7 remaining=1556 papers/s=0.209 pages/s=2.0673
progress completed=755 failed=0 in_flight=7 remaining=1555 papers/s=0.2093 pages/s=2.07
progress completed=756 failed=0 in_flight=7 remaining=1554 papers/s=0.2094 pages/s=2.0705
progress completed=757 failed=0 in_flight=7 remaining=1553 papers/s=0.2091 pages/s=2.0677
progress completed=758 failed=0 in_flight=7 remaining=1552 papers/s=0.2081 pages/s=2.0579
progress completed=759 failed=0 in_flight=7 remaining=1551 papers/s=0.2083 pages/s=2.0605
progress completed=760 failed=0 in_flight=7 remaining=1550 papers/s=0.2086 pages/s=2.0632
progress completed=761 failed=0 in_flight=7 remaining=1549 papers/s=0.2089 pages/s=2.0659
progress completed=762 failed=0 in_flight=7 remaining=1548 papers/s=0.2091 pages/s=2.0682
progress completed=763 failed=0 in_flight=7 remaining=1547 papers/s=0.2094 pages/s=2.0709
progress completed=764 failed=0 in_flight=7 remaining=1546 papers/s=0.2094 pages/s=2.0712
progress completed=765 failed=0 in_flight=7 remaining=1545 papers/s=0.2092 pages/s=2.069
progress completed=766 failed=0 in_flight=7 remaining=1544 papers/s=0.2085 pages/s=2.0628
progress completed=767 failed=0 in_flight=7 remaining=1543 papers/s=0.2088 pages/s=2.0655
progress completed=768 failed=0 in_flight=7 remaining=1542 papers/s=0.2089 pages/s=2.0666
progress completed=769 failed=0 in_flight=7 remaining=1541 papers/s=0.2092 pages/s=2.0692
progress completed=770 failed=0 in_flight=7 remaining=1540 papers/s=0.2094 pages/s=2.0719
progress completed=771 failed=0 in_flight=7 remaining=1539 papers/s=0.2091 pages/s=2.0682
progress completed=772 failed=0 in_flight=7 remaining=1538 papers/s=0.2093 pages/s=2.0709
progress completed=773 failed=0 in_flight=7 remaining=1537 papers/s=0.2095 pages/s=2.0721
progress completed=774 failed=0 in_flight=7 remaining=1536 papers/s=0.2083 pages/s=2.0608
progress completed=775 failed=0 in_flight=7 remaining=1535 papers/s=0.2086 pages/s=2.0634
progress completed=776 failed=0 in_flight=7 remaining=1534 papers/s=0.2088 pages/s=2.066
progress completed=777 failed=0 in_flight=7 remaining=1533 papers/s=0.2091 pages/s=2.0686
progress completed=778 failed=0 in_flight=7 remaining=1532 papers/s=0.2091 pages/s=2.0691
progress completed=779 failed=0 in_flight=7 remaining=1531 papers/s=0.2094 pages/s=2.0717
progress completed=780 failed=0 in_flight=7 remaining=1530 papers/s=0.2097 pages/s=2.0744
progress completed=781 failed=0 in_flight=7 remaining=1529 papers/s=0.2096 pages/s=2.0738
progress completed=782 failed=0 in_flight=7 remaining=1528 papers/s=0.2091 pages/s=2.0687
progress completed=783 failed=0 in_flight=7 remaining=1527 papers/s=0.2092 pages/s=2.0698
progress completed=784 failed=0 in_flight=7 remaining=1526 papers/s=0.2095 pages/s=2.0725
progress completed=785 failed=0 in_flight=7 remaining=1525 papers/s=0.2097 pages/s=2.0751
progress completed=786 failed=0 in_flight=7 remaining=1524 papers/s=0.2092 pages/s=2.0695
progress completed=787 failed=0 in_flight=7 remaining=1523 papers/s=0.2094 pages/s=2.072
progress completed=788 failed=0 in_flight=7 remaining=1522 papers/s=0.2096 pages/s=2.0741
progress completed=789 failed=0 in_flight=7 remaining=1521 papers/s=0.2099 pages/s=2.0767
progress completed=790 failed=0 in_flight=7 remaining=1520 papers/s=0.2096 pages/s=2.0741
progress completed=791 failed=0 in_flight=7 remaining=1519 papers/s=0.2099 pages/s=2.0767
progress completed=792 failed=0 in_flight=7 remaining=1518 papers/s=0.2097 pages/s=2.0751
progress completed=793 failed=0 in_flight=7 remaining=1517 papers/s=0.209 pages/s=2.0673
progress completed=794 failed=0 in_flight=7 remaining=1516 papers/s=0.2093 pages/s=2.0699
progress completed=795 failed=0 in_flight=7 remaining=1515 papers/s=0.2095 pages/s=2.0725
progress completed=796 failed=0 in_flight=7 remaining=1514 papers/s=0.2098 pages/s=2.0751
progress completed=797 failed=0 in_flight=7 remaining=1513 papers/s=0.2097 pages/s=2.0741
progress completed=798 failed=0 in_flight=7 remaining=1512 papers/s=0.2099 pages/s=2.0767
progress completed=799 failed=0 in_flight=7 remaining=1511 papers/s=0.2101 pages/s=2.0786
progress completed=800 failed=0 in_flight=7 remaining=1510 papers/s=0.21 pages/s=2.0775
progress completed=801 failed=0 in_flight=7 remaining=1509 papers/s=0.2097 pages/s=2.0742
progress completed=802 failed=0 in_flight=7 remaining=1508 papers/s=0.2095 pages/s=2.0724
progress completed=803 failed=0 in_flight=7 remaining=1507 papers/s=0.2091 pages/s=2.0689
progress completed=804 failed=0 in_flight=7 remaining=1506 papers/s=0.2094 pages/s=2.0715
progress completed=805 failed=0 in_flight=7 remaining=1505 papers/s=0.2095 pages/s=2.0729
progress completed=806 failed=0 in_flight=7 remaining=1504 papers/s=0.2098 pages/s=2.0755
progress completed=807 failed=0 in_flight=7 remaining=1503 papers/s=0.21 pages/s=2.078
progress completed=808 failed=0 in_flight=7 remaining=1502 papers/s=0.2103 pages/s=2.0806
progress completed=809 failed=0 in_flight=7 remaining=1501 papers/s=0.2101 pages/s=2.0788
progress completed=810 failed=0 in_flight=7 remaining=1500 papers/s=0.2099 pages/s=2.0765
progress completed=811 failed=0 in_flight=7 remaining=1499 papers/s=0.2092 pages/s=2.0688
progress completed=812 failed=0 in_flight=7 remaining=1498 papers/s=0.2094 pages/s=2.0714
progress completed=813 failed=0 in_flight=7 remaining=1497 papers/s=0.2097 pages/s=2.0739
progress completed=814 failed=0 in_flight=7 remaining=1496 papers/s=0.2099 pages/s=2.0757
progress completed=815 failed=0 in_flight=7 remaining=1495 papers/s=0.2101 pages/s=2.0782
progress completed=816 failed=0 in_flight=7 remaining=1494 papers/s=0.2104 pages/s=2.0807
progress completed=817 failed=0 in_flight=7 remaining=1493 papers/s=0.2106 pages/s=2.0832
progress completed=818 failed=0 in_flight=7 remaining=1492 papers/s=0.2102 pages/s=2.0792
progress completed=819 failed=0 in_flight=7 remaining=1491 papers/s=0.2093 pages/s=2.0702
progress completed=820 failed=0 in_flight=7 remaining=1490 papers/s=0.2095 pages/s=2.0727
progress completed=821 failed=0 in_flight=7 remaining=1489 papers/s=0.2098 pages/s=2.0753
progress completed=822 failed=0 in_flight=7 remaining=1488 papers/s=0.21 pages/s=2.0778
progress completed=823 failed=0 in_flight=7 remaining=1487 papers/s=0.2103 pages/s=2.0803
progress completed=824 failed=0 in_flight=7 remaining=1486 papers/s=0.2103 pages/s=2.0801
progress completed=825 failed=0 in_flight=7 remaining=1485 papers/s=0.2106 pages/s=2.0824
progress completed=826 failed=0 in_flight=7 remaining=1484 papers/s=0.2105 pages/s=2.0819
progress completed=827 failed=0 in_flight=7 remaining=1483 papers/s=0.2095 pages/s=2.0716
progress completed=828 failed=0 in_flight=7 remaining=1482 papers/s=0.2097 pages/s=2.0736
progress completed=829 failed=0 in_flight=7 remaining=1481 papers/s=0.21 pages/s=2.076
progress completed=830 failed=0 in_flight=7 remaining=1480 papers/s=0.2102 pages/s=2.0785
progress completed=831 failed=0 in_flight=7 remaining=1479 papers/s=0.2101 pages/s=2.0774
progress completed=832 failed=0 in_flight=7 remaining=1478 papers/s=0.2103 pages/s=2.0799
progress completed=833 failed=0 in_flight=7 remaining=1477 papers/s=0.2106 pages/s=2.0824
progress completed=834 failed=0 in_flight=7 remaining=1476 papers/s=0.2107 pages/s=2.0834
progress completed=835 failed=0 in_flight=7 remaining=1475 papers/s=0.2095 pages/s=2.0713
progress completed=836 failed=0 in_flight=7 remaining=1474 papers/s=0.2097 pages/s=2.0738
progress completed=837 failed=0 in_flight=7 remaining=1473 papers/s=0.21 pages/s=2.0757
progress completed=838 failed=0 in_flight=7 remaining=1472 papers/s=0.2102 pages/s=2.0782
progress completed=839 failed=0 in_flight=7 remaining=1471 papers/s=0.2105 pages/s=2.0807
progress completed=840 failed=0 in_flight=7 remaining=1470 papers/s=0.2107 pages/s=2.0832
progress completed=841 failed=0 in_flight=7 remaining=1469 papers/s=0.2106 pages/s=2.0823
progress completed=842 failed=0 in_flight=7 remaining=1468 papers/s=0.2108 pages/s=2.0839
progress completed=843 failed=0 in_flight=7 remaining=1467 papers/s=0.2103 pages/s=2.0793
progress completed=844 failed=0 in_flight=7 remaining=1466 papers/s=0.2096 pages/s=2.0723
progress completed=845 failed=0 in_flight=7 remaining=1465 papers/s=0.2098 pages/s=2.0743
progress completed=846 failed=0 in_flight=7 remaining=1464 papers/s=0.2101 pages/s=2.0767
progress completed=847 failed=0 in_flight=7 remaining=1463 papers/s=0.2103 pages/s=2.0791
progress completed=848 failed=0 in_flight=7 remaining=1462 papers/s=0.2106 pages/s=2.0816
progress completed=849 failed=0 in_flight=7 remaining=1461 papers/s=0.2108 pages/s=2.084
progress completed=850 failed=0 in_flight=7 remaining=1460 papers/s=0.2108 pages/s=2.0836
progress completed=851 failed=0 in_flight=7 remaining=1459 papers/s=0.2108 pages/s=2.0838
progress completed=852 failed=0 in_flight=7 remaining=1458 papers/s=0.2106 pages/s=2.0817
progress completed=853 failed=0 in_flight=7 remaining=1457 papers/s=0.2096 pages/s=2.0724
progress completed=854 failed=0 in_flight=7 remaining=1456 papers/s=0.2098 pages/s=2.0736
progress completed=855 failed=0 in_flight=7 remaining=1455 papers/s=0.2101 pages/s=2.076
progress completed=856 failed=0 in_flight=7 remaining=1454 papers/s=0.2103 pages/s=2.0781
progress completed=857 failed=0 in_flight=7 remaining=1453 papers/s=0.2105 pages/s=2.0804
progress completed=858 failed=0 in_flight=7 remaining=1452 papers/s=0.2105 pages/s=2.0799
progress completed=859 failed=0 in_flight=7 remaining=1451 papers/s=0.2107 pages/s=2.0824
progress completed=860 failed=0 in_flight=7 remaining=1450 papers/s=0.211 pages/s=2.084
progress completed=861 failed=0 in_flight=7 remaining=1449 papers/s=0.2101 pages/s=2.0754
progress completed=862 failed=0 in_flight=7 remaining=1448 papers/s=0.2103 pages/s=2.0778
progress completed=863 failed=0 in_flight=7 remaining=1447 papers/s=0.2106 pages/s=2.0801
progress completed=864 failed=0 in_flight=7 remaining=1446 papers/s=0.2108 pages/s=2.0825
progress completed=865 failed=0 in_flight=7 remaining=1445 papers/s=0.2107 pages/s=2.0821
progress completed=866 failed=0 in_flight=7 remaining=1444 papers/s=0.2106 pages/s=2.081
progress completed=867 failed=0 in_flight=7 remaining=1443 papers/s=0.2108 pages/s=2.0824
progress completed=868 failed=0 in_flight=7 remaining=1442 papers/s=0.211 pages/s=2.0848
progress completed=869 failed=0 in_flight=7 remaining=1441 papers/s=0.2108 pages/s=2.0824
progress completed=870 failed=0 in_flight=7 remaining=1440 papers/s=0.2101 pages/s=2.0761
progress completed=871 failed=0 in_flight=7 remaining=1439 papers/s=0.2103 pages/s=2.0783
progress completed=872 failed=0 in_flight=7 remaining=1438 papers/s=0.2106 pages/s=2.0807
progress completed=873 failed=0 in_flight=7 remaining=1437 papers/s=0.2108 pages/s=2.0831
progress completed=874 failed=0 in_flight=7 remaining=1436 papers/s=0.2107 pages/s=2.0822
progress completed=875 failed=0 in_flight=7 remaining=1435 papers/s=0.211 pages/s=2.0845
progress completed=876 failed=0 in_flight=7 remaining=1434 papers/s=0.2111 pages/s=2.0859
progress completed=877 failed=0 in_flight=7 remaining=1433 papers/s=0.2101 pages/s=2.0764
progress completed=878 failed=0 in_flight=7 remaining=1432 papers/s=0.2104 pages/s=2.0788
progress completed=879 failed=0 in_flight=7 remaining=1431 papers/s=0.2106 pages/s=2.0811
progress completed=880 failed=0 in_flight=7 remaining=1430 papers/s=0.2108 pages/s=2.0835
progress completed=881 failed=0 in_flight=7 remaining=1429 papers/s=0.2111 pages/s=2.0858
progress completed=882 failed=0 in_flight=7 remaining=1428 papers/s=0.2109 pages/s=2.0845
progress completed=883 failed=0 in_flight=7 remaining=1427 papers/s=0.211 pages/s=2.0852
progress completed=884 failed=0 in_flight=7 remaining=1426 papers/s=0.2112 pages/s=2.0875
progress completed=885 failed=0 in_flight=7 remaining=1425 papers/s=0.21 pages/s=2.0758
progress completed=886 failed=0 in_flight=7 remaining=1424 papers/s=0.2103 pages/s=2.0781
progress completed=887 failed=0 in_flight=7 remaining=1423 papers/s=0.2105 pages/s=2.0805
progress completed=888 failed=0 in_flight=7 remaining=1422 papers/s=0.2107 pages/s=2.0828
progress completed=889 failed=0 in_flight=7 remaining=1421 papers/s=0.211 pages/s=2.0851
progress completed=890 failed=0 in_flight=7 remaining=1420 papers/s=0.211 pages/s=2.0852
progress completed=891 failed=0 in_flight=7 remaining=1419 papers/s=0.2112 pages/s=2.0875
progress completed=892 failed=0 in_flight=7 remaining=1418 papers/s=0.2111 pages/s=2.0861
progress completed=893 failed=0 in_flight=7 remaining=1417 papers/s=0.2099 pages/s=2.075
progress completed=894 failed=0 in_flight=7 remaining=1416 papers/s=0.2102 pages/s=2.0773
progress completed=895 failed=0 in_flight=7 remaining=1415 papers/s=0.2104 pages/s=2.0796
progress completed=896 failed=0 in_flight=7 remaining=1414 papers/s=0.2106 pages/s=2.082
progress completed=897 failed=0 in_flight=7 remaining=1413 papers/s=0.2109 pages/s=2.0843
progress completed=898 failed=0 in_flight=7 remaining=1412 papers/s=0.2107 pages/s=2.083
progress completed=899 failed=0 in_flight=7 remaining=1411 papers/s=0.211 pages/s=2.0852
progress completed=900 failed=0 in_flight=7 remaining=1410 papers/s=0.2112 pages/s=2.0875
progress completed=901 failed=0 in_flight=7 remaining=1409 papers/s=0.2107 pages/s=2.0825
progress completed=902 failed=0 in_flight=7 remaining=1408 papers/s=0.2109 pages/s=2.0848
progress completed=903 failed=0 in_flight=7 remaining=1407 papers/s=0.2104 pages/s=2.0802
progress completed=904 failed=0 in_flight=7 remaining=1406 papers/s=0.2107 pages/s=2.0818
progress completed=905 failed=0 in_flight=7 remaining=1405 papers/s=0.2109 pages/s=2.0841
progress completed=906 failed=0 in_flight=7 remaining=1404 papers/s=0.2111 pages/s=2.0863
progress completed=907 failed=0 in_flight=7 remaining=1403 papers/s=0.2113 pages/s=2.0886
progress completed=908 failed=0 in_flight=7 remaining=1402 papers/s=0.2114 pages/s=2.089
progress completed=909 failed=0 in_flight=7 remaining=1401 papers/s=0.2112 pages/s=2.0873
progress completed=910 failed=0 in_flight=7 remaining=1400 papers/s=0.2103 pages/s=2.0782
progress completed=911 failed=0 in_flight=7 remaining=1399 papers/s=0.2105 pages/s=2.0805
progress completed=912 failed=0 in_flight=7 remaining=1398 papers/s=0.2107 pages/s=2.0827
progress completed=913 failed=0 in_flight=7 remaining=1397 papers/s=0.211 pages/s=2.085
progress completed=914 failed=0 in_flight=7 remaining=1396 papers/s=0.2112 pages/s=2.0873
progress completed=915 failed=0 in_flight=7 remaining=1395 papers/s=0.2112 pages/s=2.0871
progress completed=916 failed=0 in_flight=7 remaining=1394 papers/s=0.2114 pages/s=2.0893
progress completed=917 failed=0 in_flight=7 remaining=1393 papers/s=0.2113 pages/s=2.0884
progress completed=918 failed=0 in_flight=7 remaining=1392 papers/s=0.2112 pages/s=2.0875
progress completed=919 failed=0 in_flight=7 remaining=1391 papers/s=0.2105 pages/s=2.0802
progress completed=920 failed=0 in_flight=7 remaining=1390 papers/s=0.2108 pages/s=2.0824
progress completed=921 failed=0 in_flight=7 remaining=1389 papers/s=0.211 pages/s=2.0847
progress completed=922 failed=0 in_flight=7 remaining=1388 papers/s=0.2111 pages/s=2.0858
progress completed=923 failed=0 in_flight=7 remaining=1387 papers/s=0.2113 pages/s=2.088
progress completed=924 failed=0 in_flight=7 remaining=1386 papers/s=0.2115 pages/s=2.0903
progress completed=925 failed=0 in_flight=7 remaining=1385 papers/s=0.2114 pages/s=2.0891
progress completed=926 failed=0 in_flight=7 remaining=1384 papers/s=0.2113 pages/s=2.088
progress completed=927 failed=0 in_flight=7 remaining=1383 papers/s=0.2113 pages/s=2.0875
progress completed=928 failed=0 in_flight=7 remaining=1382 papers/s=0.2113 pages/s=2.0875
progress completed=929 failed=0 in_flight=7 remaining=1381 papers/s=0.2115 pages/s=2.0897
progress completed=930 failed=0 in_flight=7 remaining=1380 papers/s=0.2112 pages/s=2.0863
progress completed=931 failed=0 in_flight=7 remaining=1379 papers/s=0.2114 pages/s=2.0885
progress completed=932 failed=0 in_flight=7 remaining=1378 papers/s=0.2116 pages/s=2.0907
progress completed=933 failed=0 in_flight=7 remaining=1377 papers/s=0.2114 pages/s=2.0882
progress completed=934 failed=0 in_flight=7 remaining=1376 papers/s=0.2115 pages/s=2.0896
progress completed=935 failed=0 in_flight=7 remaining=1375 papers/s=0.2117 pages/s=2.0917
progress completed=936 failed=0 in_flight=7 remaining=1374 papers/s=0.2116 pages/s=2.09
progress completed=937 failed=0 in_flight=7 remaining=1373 papers/s=0.2117 pages/s=2.0914
progress completed=938 failed=0 in_flight=7 remaining=1372 papers/s=0.2112 pages/s=2.0862
progress completed=939 failed=0 in_flight=7 remaining=1371 papers/s=0.2114 pages/s=2.0884
failure paper_id=ACL_2024.naacl-long.145 error_type=submission_failure attempts=3 message=Server error '503 Service Unavailable' for url 'http://127.0.0.1:48293/tasks'
For more information check: https://developer.mozilla.org/en-US/docs/Web/HTTP/Status/503
progress completed=939 failed=1 in_flight=7 remaining=1370 papers/s=0.2108 pages/s=2.0825
progress completed=940 failed=1 in_flight=7 remaining=1369 papers/s=0.2071 pages/s=2.0457
progress completed=941 failed=1 in_flight=7 remaining=1368 papers/s=0.2073 pages/s=2.0478
progress completed=942 failed=1 in_flight=7 remaining=1367 papers/s=0.2074 pages/s=2.0488
progress completed=943 failed=1 in_flight=7 remaining=1366 papers/s=0.2076 pages/s=2.051
progress completed=944 failed=1 in_flight=7 remaining=1365 papers/s=0.2078 pages/s=2.0531
progress completed=945 failed=1 in_flight=7 remaining=1364 papers/s=0.208 pages/s=2.0553
progress completed=946 failed=1 in_flight=7 remaining=1363 papers/s=0.2078 pages/s=2.0529
progress completed=947 failed=1 in_flight=7 remaining=1362 papers/s=0.2079 pages/s=2.0544
progress completed=948 failed=1 in_flight=7 remaining=1361 papers/s=0.2072 pages/s=2.0468
progress completed=949 failed=1 in_flight=7 remaining=1360 papers/s=0.2074 pages/s=2.049
progress completed=950 failed=1 in_flight=7 remaining=1359 papers/s=0.2076 pages/s=2.0512
progress completed=951 failed=1 in_flight=7 remaining=1358 papers/s=0.2078 pages/s=2.0533
progress completed=952 failed=1 in_flight=7 remaining=1357 papers/s=0.208 pages/s=2.0554
progress completed=953 failed=1 in_flight=7 remaining=1356 papers/s=0.2078 pages/s=2.0535
progress completed=954 failed=1 in_flight=7 remaining=1355 papers/s=0.208 pages/s=2.0553
progress completed=955 failed=1 in_flight=7 remaining=1354 papers/s=0.2082 pages/s=2.0569
progress completed=956 failed=1 in_flight=7 remaining=1353 papers/s=0.207 pages/s=2.0459
progress completed=957 failed=1 in_flight=7 remaining=1352 papers/s=0.2072 pages/s=2.048
progress completed=958 failed=1 in_flight=7 remaining=1351 papers/s=0.2075 pages/s=2.0501
progress completed=959 failed=1 in_flight=7 remaining=1350 papers/s=0.2077 pages/s=2.0522
progress completed=960 failed=1 in_flight=7 remaining=1349 papers/s=0.2077 pages/s=2.053
progress completed=961 failed=1 in_flight=7 remaining=1348 papers/s=0.2079 pages/s=2.0545
progress completed=962 failed=1 in_flight=7 remaining=1347 papers/s=0.208 pages/s=2.0552
progress completed=963 failed=1 in_flight=7 remaining=1346 papers/s=0.208 pages/s=2.056
progress completed=964 failed=1 in_flight=7 remaining=1345 papers/s=0.2078 pages/s=2.0534
progress completed=965 failed=1 in_flight=7 remaining=1344 papers/s=0.2072 pages/s=2.0479
progress completed=966 failed=1 in_flight=7 remaining=1343 papers/s=0.2074 pages/s=2.05
progress completed=967 failed=1 in_flight=7 remaining=1342 papers/s=0.2076 pages/s=2.0521
progress completed=968 failed=1 in_flight=7 remaining=1341 papers/s=0.2079 pages/s=2.0543
progress completed=969 failed=1 in_flight=7 remaining=1340 papers/s=0.2081 pages/s=2.0564
progress completed=970 failed=1 in_flight=7 remaining=1339 papers/s=0.2083 pages/s=2.0585
progress completed=971 failed=1 in_flight=7 remaining=1338 papers/s=0.2083 pages/s=2.059
progress completed=972 failed=1 in_flight=7 remaining=1337 papers/s=0.2081 pages/s=2.0564
progress completed=973 failed=1 in_flight=7 remaining=1336 papers/s=0.2076 pages/s=2.0516
progress completed=974 failed=1 in_flight=7 remaining=1335 papers/s=0.2078 pages/s=2.0538
progress completed=975 failed=1 in_flight=7 remaining=1334 papers/s=0.208 pages/s=2.0559
progress completed=976 failed=1 in_flight=7 remaining=1333 papers/s=0.2082 pages/s=2.058
progress completed=977 failed=1 in_flight=7 remaining=1332 papers/s=0.2079 pages/s=2.0554
progress completed=978 failed=1 in_flight=7 remaining=1331 papers/s=0.2081 pages/s=2.0574
progress completed=979 failed=1 in_flight=7 remaining=1330 papers/s=0.2083 pages/s=2.0587
progress completed=980 failed=1 in_flight=7 remaining=1329 papers/s=0.2077 pages/s=2.0529
progress completed=981 failed=1 in_flight=7 remaining=1328 papers/s=0.2079 pages/s=2.055
progress completed=982 failed=1 in_flight=7 remaining=1327 papers/s=0.2081 pages/s=2.0571
progress completed=983 failed=1 in_flight=7 remaining=1326 papers/s=0.2078 pages/s=2.0544
progress completed=984 failed=1 in_flight=7 remaining=1325 papers/s=0.208 pages/s=2.0564
progress completed=985 failed=1 in_flight=7 remaining=1324 papers/s=0.2082 pages/s=2.0585
progress completed=986 failed=1 in_flight=7 remaining=1323 papers/s=0.2083 pages/s=2.0588
progress completed=987 failed=1 in_flight=7 remaining=1322 papers/s=0.2082 pages/s=2.058
progress completed=988 failed=1 in_flight=7 remaining=1321 papers/s=0.2082 pages/s=2.0584
progress completed=989 failed=1 in_flight=7 remaining=1320 papers/s=0.2079 pages/s=2.0549
progress completed=990 failed=1 in_flight=7 remaining=1319 papers/s=0.2081 pages/s=2.057
progress completed=991 failed=1 in_flight=7 remaining=1318 papers/s=0.2083 pages/s=2.0591
progress completed=992 failed=1 in_flight=7 remaining=1317 papers/s=0.2083 pages/s=2.0593
progress completed=993 failed=1 in_flight=7 remaining=1316 papers/s=0.2079 pages/s=2.0553
progress completed=994 failed=1 in_flight=7 remaining=1315 papers/s=0.2081 pages/s=2.0574
progress completed=995 failed=1 in_flight=7 remaining=1314 papers/s=0.2083 pages/s=2.0594
progress completed=996 failed=1 in_flight=7 remaining=1313 papers/s=0.2084 pages/s=2.0602
progress completed=997 failed=1 in_flight=7 remaining=1312 papers/s=0.2081 pages/s=2.0574
progress completed=998 failed=1 in_flight=7 remaining=1311 papers/s=0.2082 pages/s=2.0587
progress completed=999 failed=1 in_flight=7 remaining=1310 papers/s=0.208 pages/s=2.0568
progress completed=1000 failed=1 in_flight=7 remaining=1309 papers/s=0.2082 pages/s=2.0588
progress completed=1001 failed=1 in_flight=7 remaining=1308 papers/s=0.2081 pages/s=2.0578
progress completed=1002 failed=1 in_flight=7 remaining=1307 papers/s=0.2082 pages/s=2.0589
progress completed=1003 failed=1 in_flight=7 remaining=1306 papers/s=0.2077 pages/s=2.0535
progress completed=1004 failed=1 in_flight=7 remaining=1305 papers/s=0.2079 pages/s=2.0556
progress completed=1005 failed=1 in_flight=7 remaining=1304 papers/s=0.2081 pages/s=2.0576
progress completed=1006 failed=1 in_flight=7 remaining=1303 papers/s=0.2077 pages/s=2.0541
progress completed=1007 failed=1 in_flight=7 remaining=1302 papers/s=0.2079 pages/s=2.0559
progress completed=1008 failed=1 in_flight=7 remaining=1301 papers/s=0.2081 pages/s=2.0573
progress completed=1009 failed=1 in_flight=7 remaining=1300 papers/s=0.2083 pages/s=2.0593
progress completed=1010 failed=1 in_flight=7 remaining=1299 papers/s=0.2085 pages/s=2.0613
progress completed=1011 failed=1 in_flight=7 remaining=1298 papers/s=0.2079 pages/s=2.0553
progress completed=1012 failed=1 in_flight=7 remaining=1297 papers/s=0.2081 pages/s=2.0574
progress completed=1013 failed=1 in_flight=7 remaining=1296 papers/s=0.2083 pages/s=2.0594
progress completed=1014 failed=1 in_flight=7 remaining=1295 papers/s=0.2083 pages/s=2.0594
progress completed=1015 failed=1 in_flight=7 remaining=1294 papers/s=0.2079 pages/s=2.0563
progress completed=1016 failed=1 in_flight=7 remaining=1293 papers/s=0.2082 pages/s=2.0584
progress completed=1017 failed=1 in_flight=7 remaining=1292 papers/s=0.2084 pages/s=2.0604
progress completed=1018 failed=1 in_flight=7 remaining=1291 papers/s=0.2084 pages/s=2.0613
progress completed=1019 failed=1 in_flight=7 remaining=1290 papers/s=0.2076 pages/s=2.053
progress completed=1020 failed=1 in_flight=7 remaining=1289 papers/s=0.2078 pages/s=2.055
progress completed=1021 failed=1 in_flight=7 remaining=1288 papers/s=0.2078 pages/s=2.0549
progress completed=1022 failed=1 in_flight=7 remaining=1287 papers/s=0.208 pages/s=2.0569
progress completed=1023 failed=1 in_flight=7 remaining=1286 papers/s=0.2082 pages/s=2.0589
progress completed=1024 failed=1 in_flight=7 remaining=1285 papers/s=0.2084 pages/s=2.0609
progress completed=1025 failed=1 in_flight=7 remaining=1284 papers/s=0.2083 pages/s=2.06
progress completed=1026 failed=1 in_flight=7 remaining=1283 papers/s=0.2085 pages/s=2.0619
progress completed=1027 failed=1 in_flight=7 remaining=1282 papers/s=0.2084 pages/s=2.0611
progress completed=1028 failed=1 in_flight=7 remaining=1281 papers/s=0.2077 pages/s=2.0546
progress completed=1029 failed=1 in_flight=7 remaining=1280 papers/s=0.2079 pages/s=2.0566
progress completed=1030 failed=1 in_flight=7 remaining=1279 papers/s=0.2081 pages/s=2.0586
progress completed=1031 failed=1 in_flight=7 remaining=1278 papers/s=0.2083 pages/s=2.0606
progress completed=1032 failed=1 in_flight=7 remaining=1277 papers/s=0.208 pages/s=2.0574
progress completed=1033 failed=1 in_flight=7 remaining=1276 papers/s=0.2082 pages/s=2.0594
progress completed=1034 failed=1 in_flight=7 remaining=1275 papers/s=0.2084 pages/s=2.0613
progress completed=1035 failed=1 in_flight=7 remaining=1274 papers/s=0.2085 pages/s=2.0622
progress completed=1036 failed=1 in_flight=7 remaining=1273 papers/s=0.2075 pages/s=2.0519
progress completed=1037 failed=1 in_flight=7 remaining=1272 papers/s=0.2077 pages/s=2.0539
progress completed=1038 failed=1 in_flight=7 remaining=1271 papers/s=0.2078 pages/s=2.0558
progress completed=1039 failed=1 in_flight=7 remaining=1270 papers/s=0.208 pages/s=2.0578
progress completed=1040 failed=1 in_flight=7 remaining=1269 papers/s=0.2082 pages/s=2.0598
progress completed=1041 failed=1 in_flight=7 remaining=1268 papers/s=0.2083 pages/s=2.0607
progress completed=1042 failed=1 in_flight=7 remaining=1267 papers/s=0.2085 pages/s=2.0626
progress completed=1043 failed=1 in_flight=7 remaining=1266 papers/s=0.2087 pages/s=2.0646
progress completed=1044 failed=1 in_flight=7 remaining=1265 papers/s=0.2076 pages/s=2.0532
progress completed=1045 failed=1 in_flight=7 remaining=1264 papers/s=0.2078 pages/s=2.0552
progress completed=1046 failed=1 in_flight=7 remaining=1263 papers/s=0.208 pages/s=2.0571
progress completed=1047 failed=1 in_flight=7 remaining=1262 papers/s=0.2081 pages/s=2.059
progress completed=1048 failed=1 in_flight=7 remaining=1261 papers/s=0.2082 pages/s=2.06
progress completed=1049 failed=1 in_flight=7 remaining=1260 papers/s=0.2084 pages/s=2.0619
progress completed=1050 failed=1 in_flight=7 remaining=1259 papers/s=0.2084 pages/s=2.0617
progress completed=1051 failed=1 in_flight=7 remaining=1258 papers/s=0.2086 pages/s=2.0632
progress completed=1052 failed=1 in_flight=7 remaining=1257 papers/s=0.2075 pages/s=2.0525
progress completed=1053 failed=1 in_flight=7 remaining=1256 papers/s=0.2077 pages/s=2.0545
progress completed=1054 failed=1 in_flight=7 remaining=1255 papers/s=0.2079 pages/s=2.0564
progress completed=1055 failed=1 in_flight=7 remaining=1254 papers/s=0.2081 pages/s=2.0584
progress completed=1056 failed=1 in_flight=7 remaining=1253 papers/s=0.2082 pages/s=2.0595
progress completed=1057 failed=1 in_flight=7 remaining=1252 papers/s=0.2084 pages/s=2.0614
progress completed=1058 failed=1 in_flight=7 remaining=1251 papers/s=0.2086 pages/s=2.0633
progress completed=1059 failed=1 in_flight=7 remaining=1250 papers/s=0.2088 pages/s=2.0653
progress completed=1060 failed=1 in_flight=7 remaining=1249 papers/s=0.2078 pages/s=2.0557
progress completed=1061 failed=1 in_flight=7 remaining=1248 papers/s=0.208 pages/s=2.0576
progress completed=1062 failed=1 in_flight=7 remaining=1247 papers/s=0.2082 pages/s=2.0595
progress completed=1063 failed=1 in_flight=7 remaining=1246 papers/s=0.2081 pages/s=2.0587
progress completed=1064 failed=1 in_flight=7 remaining=1245 papers/s=0.2081 pages/s=2.0593
progress completed=1065 failed=1 in_flight=7 remaining=1244 papers/s=0.2083 pages/s=2.061
progress completed=1066 failed=1 in_flight=7 remaining=1243 papers/s=0.2085 pages/s=2.0626
progress completed=1067 failed=1 in_flight=7 remaining=1242 papers/s=0.2086 pages/s=2.0638
progress completed=1068 failed=1 in_flight=7 remaining=1241 papers/s=0.2077 pages/s=2.0547
progress completed=1069 failed=1 in_flight=7 remaining=1240 papers/s=0.2079 pages/s=2.0566
progress completed=1070 failed=1 in_flight=7 remaining=1239 papers/s=0.208 pages/s=2.0584
progress completed=1071 failed=1 in_flight=7 remaining=1238 papers/s=0.2082 pages/s=2.0603
progress completed=1072 failed=1 in_flight=7 remaining=1237 papers/s=0.2082 pages/s=2.0605
progress completed=1073 failed=1 in_flight=7 remaining=1236 papers/s=0.2084 pages/s=2.0624
progress completed=1074 failed=1 in_flight=7 remaining=1235 papers/s=0.2086 pages/s=2.0644
progress completed=1075 failed=1 in_flight=7 remaining=1234 papers/s=0.2086 pages/s=2.0641
progress completed=1076 failed=1 in_flight=7 remaining=1233 papers/s=0.2076 pages/s=2.0538
progress completed=1077 failed=1 in_flight=7 remaining=1232 papers/s=0.2077 pages/s=2.0557
progress completed=1078 failed=1 in_flight=7 remaining=1231 papers/s=0.2079 pages/s=2.0576
progress completed=1079 failed=1 in_flight=7 remaining=1230 papers/s=0.2081 pages/s=2.0595
progress completed=1080 failed=1 in_flight=7 remaining=1229 papers/s=0.2082 pages/s=2.0604
progress completed=1081 failed=1 in_flight=7 remaining=1228 papers/s=0.2084 pages/s=2.0622
progress completed=1082 failed=1 in_flight=7 remaining=1227 papers/s=0.2086 pages/s=2.0641
progress completed=1083 failed=1 in_flight=7 remaining=1226 papers/s=0.2088 pages/s=2.066
progress completed=1084 failed=1 in_flight=7 remaining=1225 papers/s=0.2079 pages/s=2.0575
progress completed=1085 failed=1 in_flight=7 remaining=1224 papers/s=0.2081 pages/s=2.0594
progress completed=1086 failed=1 in_flight=7 remaining=1223 papers/s=0.2083 pages/s=2.0613
progress completed=1087 failed=1 in_flight=7 remaining=1222 papers/s=0.2085 pages/s=2.0632
progress completed=1088 failed=1 in_flight=7 remaining=1221 papers/s=0.2082 pages/s=2.0607
progress completed=1089 failed=1 in_flight=7 remaining=1220 papers/s=0.2084 pages/s=2.0622
progress completed=1090 failed=1 in_flight=7 remaining=1219 papers/s=0.2085 pages/s=2.0633
progress completed=1091 failed=1 in_flight=7 remaining=1218 papers/s=0.2087 pages/s=2.0651
progress completed=1092 failed=1 in_flight=7 remaining=1217 papers/s=0.2083 pages/s=2.0616
progress completed=1093 failed=1 in_flight=7 remaining=1216 papers/s=0.2084 pages/s=2.0621
progress completed=1094 failed=1 in_flight=7 remaining=1215 papers/s=0.208 pages/s=2.0582
progress completed=1095 failed=1 in_flight=7 remaining=1214 papers/s=0.2081 pages/s=2.0598
progress completed=1096 failed=1 in_flight=7 remaining=1213 papers/s=0.2083 pages/s=2.0615
progress completed=1097 failed=1 in_flight=7 remaining=1212 papers/s=0.2084 pages/s=2.0629
progress completed=1098 failed=1 in_flight=7 remaining=1211 papers/s=0.2086 pages/s=2.0647
progress completed=1099 failed=1 in_flight=7 remaining=1210 papers/s=0.2088 pages/s=2.0666
progress completed=1100 failed=1 in_flight=7 remaining=1209 papers/s=0.2083 pages/s=2.0617
progress completed=1101 failed=1 in_flight=7 remaining=1208 papers/s=0.2085 pages/s=2.0635
progress completed=1102 failed=1 in_flight=7 remaining=1207 papers/s=0.2081 pages/s=2.0594
progress completed=1103 failed=1 in_flight=7 remaining=1206 papers/s=0.2083 pages/s=2.0613
progress completed=1104 failed=1 in_flight=7 remaining=1205 papers/s=0.2084 pages/s=2.0631
progress completed=1105 failed=1 in_flight=7 remaining=1204 papers/s=0.2086 pages/s=2.065
progress completed=1106 failed=1 in_flight=7 remaining=1203 papers/s=0.2084 pages/s=2.0627
progress completed=1107 failed=1 in_flight=7 remaining=1202 papers/s=0.2084 pages/s=2.0629
progress completed=1108 failed=1 in_flight=7 remaining=1201 papers/s=0.2079 pages/s=2.0581
progress completed=1109 failed=1 in_flight=7 remaining=1200 papers/s=0.2081 pages/s=2.0599
progress completed=1110 failed=1 in_flight=7 remaining=1199 papers/s=0.2083 pages/s=2.0618
progress completed=1111 failed=1 in_flight=7 remaining=1198 papers/s=0.2085 pages/s=2.0636
progress completed=1112 failed=1 in_flight=7 remaining=1197 papers/s=0.2085 pages/s=2.0636
progress completed=1113 failed=1 in_flight=7 remaining=1196 papers/s=0.2083 pages/s=2.062
progress completed=1114 failed=1 in_flight=7 remaining=1195 papers/s=0.2084 pages/s=2.0633
progress completed=1115 failed=1 in_flight=7 remaining=1194 papers/s=0.2085 pages/s=2.0635
progress completed=1116 failed=1 in_flight=7 remaining=1193 papers/s=0.2084 pages/s=2.0626
progress completed=1117 failed=1 in_flight=7 remaining=1192 papers/s=0.208 pages/s=2.0587
progress completed=1118 failed=1 in_flight=7 remaining=1191 papers/s=0.2082 pages/s=2.0605
progress completed=1119 failed=1 in_flight=7 remaining=1190 papers/s=0.2083 pages/s=2.0623
progress completed=1120 failed=1 in_flight=7 remaining=1189 papers/s=0.2084 pages/s=2.0629
progress completed=1121 failed=1 in_flight=7 remaining=1188 papers/s=0.2086 pages/s=2.0648
progress completed=1122 failed=1 in_flight=7 remaining=1187 papers/s=0.2084 pages/s=2.0633
progress completed=1123 failed=1 in_flight=7 remaining=1186 papers/s=0.2086 pages/s=2.0646
progress completed=1124 failed=1 in_flight=7 remaining=1185 papers/s=0.2081 pages/s=2.0598
progress completed=1125 failed=1 in_flight=7 remaining=1184 papers/s=0.2083 pages/s=2.0616
progress completed=1126 failed=1 in_flight=7 remaining=1183 papers/s=0.2084 pages/s=2.0634
progress completed=1127 failed=1 in_flight=7 remaining=1182 papers/s=0.2085 pages/s=2.0639
progress completed=1128 failed=1 in_flight=7 remaining=1181 papers/s=0.2087 pages/s=2.0657
