Job 27335343 processes the full train+test split from /scratch-shared/sfris1/pdf_datasets.
MinerU server and caller concurrency: 8
MinerU server log: scripts/extraction/slurm/27335343.server.log
MinerU caller log: scripts/extraction/slurm/27335343.caller.log
Temporary path: /tmp/sfris1/mineru_27335343
[2026-09-29T05:25:29Z] Starting caller: env PYTHONPATH=/gpfs/home5/sfris1/multimodal-tip-of-tongue-for-scientific-papers/src .venv-mineru/bin/python -m extraction --input-dir /scratch-shared/sfris1/pdf_datasets --split-index /scratch-shared/sfris1/data/splits/pdf_dataset_split.json --split train+test --output-dir /scratch-shared/sfris1/processed --api-url http://127.0.0.1:45281 --max-in-flight 8 --domains Engineering
{
  "mineru_health": {
    "completed_tasks": 0,
    "failed_tasks": 0,
    "max_concurrent_requests": 8,
    "processing_tasks": 0,
    "processing_window_size": 64,
    "protocol_version": 2,
    "queued_tasks": 0,
    "servers": [
      {
        "base_url": "http://127.0.0.1:46931",
        "completed_tasks": 0,
        "failed_tasks": 0,
        "gpu": "0",
        "healthy": true,
        "last_checked_at": "2026-09-29T05:25:39.066880+00:00",
        "last_error": null,
        "max_concurrent_requests": 8,
        "processing_tasks": 0,
        "processing_window_size": 64,
        "queued_tasks": 0,
        "server_id": "local-gpu-0",
        "source": "local"
      }
    ],
    "status": "healthy",
    "version": "3.4.0"
  }
}
progress completed=1 failed=0 in_flight=7 remaining=2309 papers/s=0.0099 pages/s=0.0592
progress completed=2 failed=0 in_flight=7 remaining=2308 papers/s=0.0197 pages/s=0.1578
progress completed=3 failed=0 in_flight=7 remaining=2307 papers/s=0.0296 pages/s=0.2562
progress completed=4 failed=0 in_flight=7 remaining=2306 papers/s=0.0394 pages/s=0.3346
progress completed=5 failed=0 in_flight=7 remaining=2305 papers/s=0.0491 pages/s=0.3833
progress completed=6 failed=0 in_flight=7 remaining=2304 papers/s=0.0589 pages/s=0.4812
progress completed=7 failed=0 in_flight=7 remaining=2303 papers/s=0.0687 pages/s=0.569
progress completed=8 failed=0 in_flight=7 remaining=2302 papers/s=0.0775 pages/s=0.6587
progress completed=9 failed=0 in_flight=7 remaining=2301 papers/s=0.0683 pages/s=0.5921
progress completed=10 failed=0 in_flight=7 remaining=2300 papers/s=0.0759 pages/s=0.6299
progress completed=11 failed=0 in_flight=7 remaining=2299 papers/s=0.0754 pages/s=0.6029
progress completed=12 failed=0 in_flight=7 remaining=2298 papers/s=0.0822 pages/s=0.6505
progress completed=13 failed=0 in_flight=7 remaining=2297 papers/s=0.0889 pages/s=0.6979
progress completed=14 failed=0 in_flight=7 remaining=2296 papers/s=0.0957 pages/s=0.7657
progress completed=15 failed=0 in_flight=7 remaining=2295 papers/s=0.1025 pages/s=0.8338
progress completed=16 failed=0 in_flight=7 remaining=2294 papers/s=0.1068 pages/s=0.8811
progress completed=17 failed=0 in_flight=7 remaining=2293 papers/s=0.1055 pages/s=0.8688
progress completed=18 failed=0 in_flight=7 remaining=2292 papers/s=0.1117 pages/s=0.8996
progress completed=19 failed=0 in_flight=7 remaining=2291 papers/s=0.1143 pages/s=0.9328
progress completed=20 failed=0 in_flight=7 remaining=2290 papers/s=0.1189 pages/s=0.9513
progress completed=21 failed=0 in_flight=7 remaining=2289 papers/s=0.1224 pages/s=0.9792
progress completed=22 failed=0 in_flight=7 remaining=2288 papers/s=0.1265 pages/s=1.0065
progress completed=23 failed=0 in_flight=7 remaining=2287 papers/s=0.1322 pages/s=1.0635
progress completed=24 failed=0 in_flight=7 remaining=2286 papers/s=0.1313 pages/s=1.0398
progress completed=25 failed=0 in_flight=7 remaining=2285 papers/s=0.1236 pages/s=0.9737
progress completed=26 failed=0 in_flight=7 remaining=2284 papers/s=0.1285 pages/s=1.0129
progress completed=27 failed=0 in_flight=7 remaining=2283 papers/s=0.1333 pages/s=1.052
progress completed=28 failed=0 in_flight=7 remaining=2282 papers/s=0.1382 pages/s=1.1009
progress completed=29 failed=0 in_flight=7 remaining=2281 papers/s=0.1431 pages/s=1.1497
progress completed=30 failed=0 in_flight=7 remaining=2280 papers/s=0.146 pages/s=1.1579
progress completed=31 failed=0 in_flight=7 remaining=2279 papers/s=0.1507 pages/s=1.1858
progress completed=32 failed=0 in_flight=7 remaining=2278 papers/s=0.1469 pages/s=1.1615
progress completed=33 failed=0 in_flight=7 remaining=2277 papers/s=0.1461 pages/s=1.1598
progress completed=34 failed=0 in_flight=7 remaining=2276 papers/s=0.1462 pages/s=1.165
progress completed=35 failed=0 in_flight=7 remaining=2275 papers/s=0.1504 pages/s=1.2077
progress completed=36 failed=0 in_flight=7 remaining=2274 papers/s=0.1536 pages/s=1.2417
progress completed=37 failed=0 in_flight=7 remaining=2273 papers/s=0.1505 pages/s=1.2042
progress completed=38 failed=0 in_flight=7 remaining=2272 papers/s=0.1546 pages/s=1.2242
progress completed=39 failed=0 in_flight=7 remaining=2271 papers/s=0.1584 pages/s=1.2634
progress completed=40 failed=0 in_flight=7 remaining=2270 papers/s=0.1618 pages/s=1.2981
progress completed=41 failed=0 in_flight=7 remaining=2269 papers/s=0.164 pages/s=1.3241
progress completed=42 failed=0 in_flight=7 remaining=2268 papers/s=0.1624 pages/s=1.3188
progress completed=43 failed=0 in_flight=7 remaining=2267 papers/s=0.1654 pages/s=1.3503
progress completed=44 failed=0 in_flight=7 remaining=2266 papers/s=0.1692 pages/s=1.3843
progress completed=45 failed=0 in_flight=7 remaining=2265 papers/s=0.169 pages/s=1.382
progress completed=46 failed=0 in_flight=7 remaining=2264 papers/s=0.1593 pages/s=1.2914
progress completed=47 failed=0 in_flight=7 remaining=2263 papers/s=0.1627 pages/s=1.3119
progress completed=48 failed=0 in_flight=7 remaining=2262 papers/s=0.1661 pages/s=1.3323
progress completed=49 failed=0 in_flight=7 remaining=2261 papers/s=0.1695 pages/s=1.3632
progress completed=50 failed=0 in_flight=7 remaining=2260 papers/s=0.173 pages/s=1.3906
progress completed=51 failed=0 in_flight=7 remaining=2259 papers/s=0.1764 pages/s=1.4249
progress completed=52 failed=0 in_flight=7 remaining=2258 papers/s=0.1765 pages/s=1.4153
progress completed=53 failed=0 in_flight=7 remaining=2257 papers/s=0.1798 pages/s=1.4485
progress completed=54 failed=0 in_flight=7 remaining=2256 papers/s=0.1777 pages/s=1.4377
progress completed=55 failed=0 in_flight=7 remaining=2255 papers/s=0.1799 pages/s=1.4557
progress completed=56 failed=0 in_flight=7 remaining=2254 papers/s=0.1749 pages/s=1.4057
progress completed=57 failed=0 in_flight=7 remaining=2253 papers/s=0.178 pages/s=1.4362
progress completed=58 failed=0 in_flight=7 remaining=2252 papers/s=0.1796 pages/s=1.4551
progress completed=59 failed=0 in_flight=7 remaining=2251 papers/s=0.1823 pages/s=1.4827
progress completed=60 failed=0 in_flight=7 remaining=2250 papers/s=0.1845 pages/s=1.5006
progress completed=61 failed=0 in_flight=7 remaining=2249 papers/s=0.1875 pages/s=1.5188
progress completed=62 failed=0 in_flight=7 remaining=2248 papers/s=0.1884 pages/s=1.5284
progress completed=63 failed=0 in_flight=7 remaining=2247 papers/s=0.184 pages/s=1.4982
progress completed=64 failed=0 in_flight=7 remaining=2246 papers/s=0.1833 pages/s=1.4975
progress completed=65 failed=0 in_flight=7 remaining=2245 papers/s=0.1752 pages/s=1.4368
progress completed=66 failed=0 in_flight=7 remaining=2244 papers/s=0.1779 pages/s=1.4635
progress completed=67 failed=0 in_flight=7 remaining=2243 papers/s=0.1805 pages/s=1.4794
progress completed=68 failed=0 in_flight=7 remaining=2242 papers/s=0.1832 pages/s=1.506
progress completed=69 failed=0 in_flight=7 remaining=2241 papers/s=0.184 pages/s=1.5123
progress completed=70 failed=0 in_flight=7 remaining=2240 papers/s=0.1865 pages/s=1.5374
progress completed=71 failed=0 in_flight=7 remaining=2239 papers/s=0.1891 pages/s=1.5637
progress completed=72 failed=0 in_flight=7 remaining=2238 papers/s=0.1809 pages/s=1.4902
progress completed=73 failed=0 in_flight=7 remaining=2237 papers/s=0.1832 pages/s=1.5134
progress completed=74 failed=0 in_flight=7 remaining=2236 papers/s=0.1856 pages/s=1.5302
progress completed=75 failed=0 in_flight=7 remaining=2235 papers/s=0.1869 pages/s=1.5328
progress completed=76 failed=0 in_flight=7 remaining=2234 papers/s=0.1894 pages/s=1.5476
progress completed=77 failed=0 in_flight=7 remaining=2233 papers/s=0.1918 pages/s=1.5721
progress completed=78 failed=0 in_flight=7 remaining=2232 papers/s=0.1895 pages/s=1.5454
progress completed=79 failed=0 in_flight=7 remaining=2231 papers/s=0.1919 pages/s=1.5692
progress completed=80 failed=0 in_flight=7 remaining=2230 papers/s=0.1943 pages/s=1.5934
progress completed=81 failed=0 in_flight=7 remaining=2229 papers/s=0.1941 pages/s=1.5959
progress completed=82 failed=0 in_flight=7 remaining=2228 papers/s=0.1916 pages/s=1.5703
progress completed=83 failed=0 in_flight=7 remaining=2227 papers/s=0.1875 pages/s=1.5364
progress completed=84 failed=0 in_flight=7 remaining=2226 papers/s=0.1897 pages/s=1.5473
progress completed=85 failed=0 in_flight=7 remaining=2225 papers/s=0.192 pages/s=1.5651
progress completed=86 failed=0 in_flight=7 remaining=2224 papers/s=0.1942 pages/s=1.5781
progress completed=87 failed=0 in_flight=7 remaining=2223 papers/s=0.1964 pages/s=1.6002
progress completed=88 failed=0 in_flight=7 remaining=2222 papers/s=0.1964 pages/s=1.5954
progress completed=89 failed=0 in_flight=7 remaining=2221 papers/s=0.1943 pages/s=1.5827
progress completed=90 failed=0 in_flight=7 remaining=2220 papers/s=0.196 pages/s=1.6006
progress completed=91 failed=0 in_flight=7 remaining=2219 papers/s=0.1952 pages/s=1.5983
progress completed=92 failed=0 in_flight=7 remaining=2218 papers/s=0.1912 pages/s=1.5591
progress completed=93 failed=0 in_flight=7 remaining=2217 papers/s=0.1933 pages/s=1.5753
progress completed=94 failed=0 in_flight=7 remaining=2216 papers/s=0.1953 pages/s=1.5918
progress completed=95 failed=0 in_flight=7 remaining=2215 papers/s=0.1973 pages/s=1.6118
progress completed=96 failed=0 in_flight=7 remaining=2214 papers/s=0.1984 pages/s=1.6145
progress completed=97 failed=0 in_flight=7 remaining=2213 papers/s=0.2005 pages/s=1.6305
progress completed=98 failed=0 in_flight=7 remaining=2212 papers/s=0.1997 pages/s=1.6281
progress completed=99 failed=0 in_flight=7 remaining=2211 papers/s=0.2013 pages/s=1.6344
progress completed=100 failed=0 in_flight=7 remaining=2210 papers/s=0.1981 pages/s=1.6066
progress completed=101 failed=0 in_flight=7 remaining=2209 papers/s=0.2001 pages/s=1.6202
progress completed=102 failed=0 in_flight=7 remaining=2208 papers/s=0.202 pages/s=1.6379
progress completed=103 failed=0 in_flight=7 remaining=2207 papers/s=0.204 pages/s=1.6574
progress completed=104 failed=0 in_flight=7 remaining=2206 papers/s=0.204 pages/s=1.6519
progress completed=105 failed=0 in_flight=7 remaining=2205 papers/s=0.2058 pages/s=1.6697
progress completed=106 failed=0 in_flight=7 remaining=2204 papers/s=0.2044 pages/s=1.6564
progress completed=107 failed=0 in_flight=7 remaining=2203 papers/s=0.205 pages/s=1.6652
progress completed=108 failed=0 in_flight=7 remaining=2202 papers/s=0.2064 pages/s=1.6739
progress completed=109 failed=0 in_flight=7 remaining=2201 papers/s=0.2003 pages/s=1.6281
progress completed=110 failed=0 in_flight=7 remaining=2200 papers/s=0.2021 pages/s=1.6463
progress completed=111 failed=0 in_flight=7 remaining=2199 papers/s=0.2039 pages/s=1.6607
progress completed=112 failed=0 in_flight=7 remaining=2198 papers/s=0.2057 pages/s=1.6789
progress completed=113 failed=0 in_flight=7 remaining=2197 papers/s=0.2076 pages/s=1.688
progress completed=114 failed=0 in_flight=7 remaining=2196 papers/s=0.2094 pages/s=1.7061
progress completed=115 failed=0 in_flight=7 remaining=2195 papers/s=0.2112 pages/s=1.7169
progress completed=116 failed=0 in_flight=7 remaining=2194 papers/s=0.213 pages/s=1.735
progress completed=117 failed=0 in_flight=7 remaining=2193 papers/s=0.2086 pages/s=1.694
progress completed=118 failed=0 in_flight=7 remaining=2192 papers/s=0.2073 pages/s=1.6866
progress completed=119 failed=0 in_flight=7 remaining=2191 papers/s=0.209 pages/s=1.6968
progress completed=120 failed=0 in_flight=7 remaining=2190 papers/s=0.2101 pages/s=1.7072
progress completed=121 failed=0 in_flight=7 remaining=2189 papers/s=0.2067 pages/s=1.6824
progress completed=122 failed=0 in_flight=7 remaining=2188 papers/s=0.2083 pages/s=1.6988
progress completed=123 failed=0 in_flight=7 remaining=2187 papers/s=0.2086 pages/s=1.6962
progress completed=124 failed=0 in_flight=7 remaining=2186 papers/s=0.2101 pages/s=1.7076
progress completed=125 failed=0 in_flight=7 remaining=2185 papers/s=0.2111 pages/s=1.7192
progress completed=126 failed=0 in_flight=7 remaining=2184 papers/s=0.203 pages/s=1.6563
progress completed=127 failed=0 in_flight=7 remaining=2183 papers/s=0.2046 pages/s=1.672
progress completed=128 failed=0 in_flight=7 remaining=2182 papers/s=0.2062 pages/s=1.6848
progress completed=129 failed=0 in_flight=7 remaining=2181 papers/s=0.2078 pages/s=1.6975
progress completed=130 failed=0 in_flight=7 remaining=2180 papers/s=0.2093 pages/s=1.7102
progress completed=131 failed=0 in_flight=7 remaining=2179 papers/s=0.2091 pages/s=1.703
progress completed=132 failed=0 in_flight=7 remaining=2178 papers/s=0.2094 pages/s=1.7002
progress completed=133 failed=0 in_flight=7 remaining=2177 papers/s=0.2109 pages/s=1.7156
progress completed=134 failed=0 in_flight=7 remaining=2176 papers/s=0.2077 pages/s=1.6849
progress completed=135 failed=0 in_flight=7 remaining=2175 papers/s=0.2092 pages/s=1.6923
progress completed=136 failed=0 in_flight=7 remaining=2174 papers/s=0.2107 pages/s=1.7043
progress completed=137 failed=0 in_flight=7 remaining=2173 papers/s=0.2103 pages/s=1.6994
progress completed=138 failed=0 in_flight=7 remaining=2172 papers/s=0.2083 pages/s=1.6856
progress completed=139 failed=0 in_flight=7 remaining=2171 papers/s=0.2097 pages/s=1.7002
progress completed=140 failed=0 in_flight=7 remaining=2170 papers/s=0.2103 pages/s=1.7046
progress completed=141 failed=0 in_flight=7 remaining=2169 papers/s=0.2117 pages/s=1.7192
progress completed=142 failed=0 in_flight=7 remaining=2168 papers/s=0.209 pages/s=1.6939
progress completed=143 failed=0 in_flight=7 remaining=2167 papers/s=0.2102 pages/s=1.6996
progress completed=144 failed=0 in_flight=7 remaining=2166 papers/s=0.211 pages/s=1.7029
progress completed=145 failed=0 in_flight=7 remaining=2165 papers/s=0.2079 pages/s=1.6731
progress completed=146 failed=0 in_flight=7 remaining=2164 papers/s=0.2093 pages/s=1.6871
progress completed=147 failed=0 in_flight=7 remaining=2163 papers/s=0.2104 pages/s=1.6989
progress completed=148 failed=0 in_flight=7 remaining=2162 papers/s=0.2117 pages/s=1.7124
progress completed=149 failed=0 in_flight=7 remaining=2161 papers/s=0.2116 pages/s=1.7068
progress completed=150 failed=0 in_flight=7 remaining=2160 papers/s=0.2125 pages/s=1.7116
progress completed=151 failed=0 in_flight=7 remaining=2159 papers/s=0.2135 pages/s=1.7149
progress completed=152 failed=0 in_flight=7 remaining=2158 papers/s=0.2143 pages/s=1.7203
progress completed=153 failed=0 in_flight=7 remaining=2157 papers/s=0.2092 pages/s=1.6767
progress completed=154 failed=0 in_flight=7 remaining=2156 papers/s=0.2106 pages/s=1.6833
progress completed=155 failed=0 in_flight=7 remaining=2155 papers/s=0.2119 pages/s=1.6968
progress completed=156 failed=0 in_flight=7 remaining=2154 papers/s=0.2133 pages/s=1.7049
progress completed=157 failed=0 in_flight=7 remaining=2153 papers/s=0.2146 pages/s=1.7171
progress completed=158 failed=0 in_flight=7 remaining=2152 papers/s=0.2155 pages/s=1.7225
progress completed=159 failed=0 in_flight=7 remaining=2151 papers/s=0.2168 pages/s=1.736
progress completed=160 failed=0 in_flight=7 remaining=2150 papers/s=0.2179 pages/s=1.7469
progress completed=161 failed=0 in_flight=7 remaining=2149 papers/s=0.2171 pages/s=1.7384
progress completed=162 failed=0 in_flight=7 remaining=2148 papers/s=0.2122 pages/s=1.7017
progress completed=163 failed=0 in_flight=7 remaining=2147 papers/s=0.2131 pages/s=1.7064
progress completed=164 failed=0 in_flight=7 remaining=2146 papers/s=0.2144 pages/s=1.7168
progress completed=165 failed=0 in_flight=7 remaining=2145 papers/s=0.2157 pages/s=1.7297
progress completed=166 failed=0 in_flight=7 remaining=2144 papers/s=0.2152 pages/s=1.7212
progress completed=167 failed=0 in_flight=7 remaining=2143 papers/s=0.2164 pages/s=1.734
progress completed=168 failed=0 in_flight=7 remaining=2142 papers/s=0.2177 pages/s=1.7466
progress completed=169 failed=0 in_flight=7 remaining=2141 papers/s=0.2189 pages/s=1.7568
progress completed=170 failed=0 in_flight=7 remaining=2140 papers/s=0.213 pages/s=1.7076
progress completed=171 failed=0 in_flight=7 remaining=2139 papers/s=0.2142 pages/s=1.7137
progress completed=172 failed=0 in_flight=7 remaining=2138 papers/s=0.2152 pages/s=1.7244
progress completed=173 failed=0 in_flight=7 remaining=2137 papers/s=0.2163 pages/s=1.7358
progress completed=174 failed=0 in_flight=7 remaining=2136 papers/s=0.2174 pages/s=1.7465
progress completed=175 failed=0 in_flight=7 remaining=2135 papers/s=0.2186 pages/s=1.7564
progress completed=176 failed=0 in_flight=7 remaining=2134 papers/s=0.2199 pages/s=1.7688
progress completed=177 failed=0 in_flight=7 remaining=2133 papers/s=0.2211 pages/s=1.7762
progress completed=178 failed=0 in_flight=7 remaining=2132 papers/s=0.2157 pages/s=1.7293
progress completed=179 failed=0 in_flight=7 remaining=2131 papers/s=0.2169 pages/s=1.7401
progress completed=180 failed=0 in_flight=7 remaining=2130 papers/s=0.2181 pages/s=1.746
progress completed=181 failed=0 in_flight=7 remaining=2129 papers/s=0.2165 pages/s=1.7298
progress completed=182 failed=0 in_flight=7 remaining=2128 papers/s=0.2151 pages/s=1.7205
progress completed=183 failed=0 in_flight=7 remaining=2127 papers/s=0.2162 pages/s=1.732
progress completed=184 failed=0 in_flight=7 remaining=2126 papers/s=0.2168 pages/s=1.7387
progress completed=185 failed=0 in_flight=7 remaining=2125 papers/s=0.2179 pages/s=1.7503
progress completed=186 failed=0 in_flight=7 remaining=2124 papers/s=0.2154 pages/s=1.7281
progress completed=187 failed=0 in_flight=7 remaining=2123 papers/s=0.2119 pages/s=1.6965
progress completed=188 failed=0 in_flight=7 remaining=2122 papers/s=0.2128 pages/s=1.7024
progress completed=189 failed=0 in_flight=7 remaining=2121 papers/s=0.2139 pages/s=1.7135
progress completed=190 failed=0 in_flight=7 remaining=2120 papers/s=0.215 pages/s=1.7223
progress completed=191 failed=0 in_flight=7 remaining=2119 papers/s=0.2161 pages/s=1.7333
progress completed=192 failed=0 in_flight=7 remaining=2118 papers/s=0.2172 pages/s=1.7444
progress completed=193 failed=0 in_flight=7 remaining=2117 papers/s=0.2183 pages/s=1.7556
progress completed=194 failed=0 in_flight=7 remaining=2116 papers/s=0.2156 pages/s=1.7346
progress completed=195 failed=0 in_flight=7 remaining=2115 papers/s=0.2163 pages/s=1.7372
progress completed=196 failed=0 in_flight=7 remaining=2114 papers/s=0.2174 pages/s=1.7482
progress completed=197 failed=0 in_flight=7 remaining=2113 papers/s=0.2185 pages/s=1.7547
progress completed=198 failed=0 in_flight=7 remaining=2112 papers/s=0.2155 pages/s=1.7327
progress completed=199 failed=0 in_flight=7 remaining=2111 papers/s=0.2165 pages/s=1.7411
progress completed=200 failed=0 in_flight=7 remaining=2110 papers/s=0.2176 pages/s=1.7516
progress completed=201 failed=0 in_flight=7 remaining=2109 papers/s=0.2181 pages/s=1.7579
progress completed=202 failed=0 in_flight=7 remaining=2108 papers/s=0.2113 pages/s=1.7006
progress completed=203 failed=0 in_flight=7 remaining=2107 papers/s=0.2123 pages/s=1.7057
progress completed=204 failed=0 in_flight=7 remaining=2106 papers/s=0.2133 pages/s=1.7109
progress completed=205 failed=0 in_flight=7 remaining=2105 papers/s=0.2144 pages/s=1.717
progress completed=206 failed=0 in_flight=7 remaining=2104 papers/s=0.2154 pages/s=1.7273
progress completed=207 failed=0 in_flight=7 remaining=2103 papers/s=0.2164 pages/s=1.7355
progress completed=208 failed=0 in_flight=7 remaining=2102 papers/s=0.2174 pages/s=1.7458
progress completed=209 failed=0 in_flight=7 remaining=2101 papers/s=0.2173 pages/s=1.7471
progress completed=210 failed=0 in_flight=7 remaining=2100 papers/s=0.2166 pages/s=1.7377
progress completed=211 failed=0 in_flight=7 remaining=2099 papers/s=0.2127 pages/s=1.7047
progress completed=212 failed=0 in_flight=7 remaining=2098 papers/s=0.2136 pages/s=1.7085
progress completed=213 failed=0 in_flight=7 remaining=2097 papers/s=0.2145 pages/s=1.7133
progress completed=214 failed=0 in_flight=7 remaining=2096 papers/s=0.2152 pages/s=1.7166
progress completed=215 failed=0 in_flight=7 remaining=2095 papers/s=0.2162 pages/s=1.7253
progress completed=216 failed=0 in_flight=7 remaining=2094 papers/s=0.2171 pages/s=1.7352
progress completed=217 failed=0 in_flight=7 remaining=2093 papers/s=0.218 pages/s=1.7438
progress completed=218 failed=0 in_flight=7 remaining=2092 papers/s=0.2167 pages/s=1.7356
progress completed=219 failed=0 in_flight=7 remaining=2091 papers/s=0.2154 pages/s=1.7221
progress completed=220 failed=0 in_flight=7 remaining=2090 papers/s=0.2164 pages/s=1.7279
progress completed=221 failed=0 in_flight=7 remaining=2089 papers/s=0.2173 pages/s=1.7377
progress completed=222 failed=0 in_flight=7 remaining=2088 papers/s=0.2183 pages/s=1.7424
progress completed=223 failed=0 in_flight=7 remaining=2087 papers/s=0.2192 pages/s=1.7487
progress completed=224 failed=0 in_flight=7 remaining=2086 papers/s=0.2199 pages/s=1.7545
progress completed=225 failed=0 in_flight=7 remaining=2085 papers/s=0.2179 pages/s=1.7392
progress completed=226 failed=0 in_flight=7 remaining=2084 papers/s=0.2161 pages/s=1.7234
progress completed=227 failed=0 in_flight=7 remaining=2083 papers/s=0.2171 pages/s=1.7289
progress completed=228 failed=0 in_flight=7 remaining=2082 papers/s=0.2161 pages/s=1.7214
progress completed=229 failed=0 in_flight=7 remaining=2081 papers/s=0.217 pages/s=1.73
progress completed=230 failed=0 in_flight=7 remaining=2080 papers/s=0.2175 pages/s=1.7365
progress completed=231 failed=0 in_flight=7 remaining=2079 papers/s=0.2185 pages/s=1.7457
progress completed=232 failed=0 in_flight=7 remaining=2078 papers/s=0.2171 pages/s=1.7368
progress completed=233 failed=0 in_flight=7 remaining=2077 papers/s=0.2175 pages/s=1.7375
progress completed=234 failed=0 in_flight=7 remaining=2076 papers/s=0.2163 pages/s=1.7288
progress completed=235 failed=0 in_flight=7 remaining=2075 papers/s=0.2172 pages/s=1.7379
progress completed=236 failed=0 in_flight=7 remaining=2074 papers/s=0.2181 pages/s=1.7463
progress completed=237 failed=0 in_flight=7 remaining=2073 papers/s=0.2181 pages/s=1.7487
progress completed=238 failed=0 in_flight=7 remaining=2072 papers/s=0.2188 pages/s=1.7513
progress completed=239 failed=0 in_flight=7 remaining=2071 papers/s=0.2176 pages/s=1.7392
progress completed=240 failed=0 in_flight=7 remaining=2070 papers/s=0.2182 pages/s=1.7439
progress completed=241 failed=0 in_flight=7 remaining=2069 papers/s=0.216 pages/s=1.7264
progress completed=242 failed=0 in_flight=7 remaining=2068 papers/s=0.2167 pages/s=1.7333
progress completed=243 failed=0 in_flight=7 remaining=2067 papers/s=0.2175 pages/s=1.742
progress completed=244 failed=0 in_flight=7 remaining=2066 papers/s=0.2184 pages/s=1.7481
progress completed=245 failed=0 in_flight=7 remaining=2065 papers/s=0.2191 pages/s=1.7558
progress completed=246 failed=0 in_flight=7 remaining=2064 papers/s=0.2196 pages/s=1.7616
progress completed=247 failed=0 in_flight=7 remaining=2063 papers/s=0.2186 pages/s=1.7505
progress completed=248 failed=0 in_flight=7 remaining=2062 papers/s=0.2195 pages/s=1.7567
progress completed=249 failed=0 in_flight=7 remaining=2061 papers/s=0.2175 pages/s=1.7385
progress completed=250 failed=0 in_flight=7 remaining=2060 papers/s=0.2183 pages/s=1.7465
progress completed=251 failed=0 in_flight=7 remaining=2059 papers/s=0.2191 pages/s=1.7505
progress completed=252 failed=0 in_flight=7 remaining=2058 papers/s=0.22 pages/s=1.7547
progress completed=253 failed=0 in_flight=7 remaining=2057 papers/s=0.2207 pages/s=1.7624
progress completed=254 failed=0 in_flight=7 remaining=2056 papers/s=0.2211 pages/s=1.7671
progress completed=255 failed=0 in_flight=7 remaining=2055 papers/s=0.2208 pages/s=1.7655
progress completed=256 failed=0 in_flight=7 remaining=2054 papers/s=0.2202 pages/s=1.7583
progress completed=257 failed=0 in_flight=7 remaining=2053 papers/s=0.2179 pages/s=1.7375
progress completed=258 failed=0 in_flight=7 remaining=2052 papers/s=0.2187 pages/s=1.7439
progress completed=259 failed=0 in_flight=7 remaining=2051 papers/s=0.2188 pages/s=1.7465
progress completed=260 failed=0 in_flight=7 remaining=2050 papers/s=0.2197 pages/s=1.7515
progress completed=261 failed=0 in_flight=7 remaining=2049 papers/s=0.2205 pages/s=1.7565
progress completed=262 failed=0 in_flight=7 remaining=2048 papers/s=0.2213 pages/s=1.7605
progress completed=263 failed=0 in_flight=7 remaining=2047 papers/s=0.2222 pages/s=1.7689
progress completed=264 failed=0 in_flight=7 remaining=2046 papers/s=0.2191 pages/s=1.7417
progress completed=265 failed=0 in_flight=7 remaining=2045 papers/s=0.2187 pages/s=1.7409
progress completed=266 failed=0 in_flight=7 remaining=2044 papers/s=0.2169 pages/s=1.7281
progress completed=267 failed=0 in_flight=7 remaining=2043 papers/s=0.2177 pages/s=1.7318
progress completed=268 failed=0 in_flight=7 remaining=2042 papers/s=0.2183 pages/s=1.7379
progress completed=269 failed=0 in_flight=7 remaining=2041 papers/s=0.219 pages/s=1.7457
progress completed=270 failed=0 in_flight=7 remaining=2040 papers/s=0.2198 pages/s=1.7519
progress completed=271 failed=0 in_flight=7 remaining=2039 papers/s=0.2206 pages/s=1.7599
progress completed=272 failed=0 in_flight=7 remaining=2038 papers/s=0.216 pages/s=1.7246
progress completed=273 failed=0 in_flight=7 remaining=2037 papers/s=0.2168 pages/s=1.7285
progress completed=274 failed=0 in_flight=7 remaining=2036 papers/s=0.2175 pages/s=1.7347
progress completed=275 failed=0 in_flight=7 remaining=2035 papers/s=0.2183 pages/s=1.7425
progress completed=276 failed=0 in_flight=7 remaining=2034 papers/s=0.2191 pages/s=1.7504
progress completed=277 failed=0 in_flight=7 remaining=2033 papers/s=0.2189 pages/s=1.7473
progress completed=278 failed=0 in_flight=7 remaining=2032 papers/s=0.2194 pages/s=1.7527
progress completed=279 failed=0 in_flight=7 remaining=2031 papers/s=0.2202 pages/s=1.7604
progress completed=280 failed=0 in_flight=7 remaining=2030 papers/s=0.2193 pages/s=1.7522
progress completed=281 failed=0 in_flight=7 remaining=2029 papers/s=0.2156 pages/s=1.7231
progress completed=282 failed=0 in_flight=7 remaining=2028 papers/s=0.2163 pages/s=1.7271
progress completed=283 failed=0 in_flight=7 remaining=2027 papers/s=0.217 pages/s=1.7343
progress completed=284 failed=0 in_flight=7 remaining=2026 papers/s=0.2177 pages/s=1.7419
progress completed=285 failed=0 in_flight=7 remaining=2025 papers/s=0.2184 pages/s=1.7481
progress completed=286 failed=0 in_flight=7 remaining=2024 papers/s=0.2191 pages/s=1.751
progress completed=287 failed=0 in_flight=7 remaining=2023 papers/s=0.2197 pages/s=1.7545
progress completed=288 failed=0 in_flight=7 remaining=2022 papers/s=0.2204 pages/s=1.762
progress completed=289 failed=0 in_flight=7 remaining=2021 papers/s=0.2176 pages/s=1.741
progress completed=290 failed=0 in_flight=7 remaining=2020 papers/s=0.2184 pages/s=1.7484
progress completed=291 failed=0 in_flight=7 remaining=2019 papers/s=0.2191 pages/s=1.7559
progress completed=292 failed=0 in_flight=7 remaining=2018 papers/s=0.2198 pages/s=1.761
progress completed=293 failed=0 in_flight=7 remaining=2017 papers/s=0.2196 pages/s=1.758
progress completed=294 failed=0 in_flight=7 remaining=2016 papers/s=0.2203 pages/s=1.7646
progress completed=295 failed=0 in_flight=7 remaining=2015 papers/s=0.2203 pages/s=1.7632
progress completed=296 failed=0 in_flight=7 remaining=2014 papers/s=0.221 pages/s=1.7691
progress completed=297 failed=0 in_flight=7 remaining=2013 papers/s=0.2201 pages/s=1.7597
progress completed=298 failed=0 in_flight=7 remaining=2012 papers/s=0.2205 pages/s=1.7647
progress completed=299 failed=0 in_flight=7 remaining=2011 papers/s=0.2197 pages/s=1.7574
progress completed=300 failed=0 in_flight=7 remaining=2010 papers/s=0.2179 pages/s=1.7425
progress completed=301 failed=0 in_flight=7 remaining=2009 papers/s=0.2186 pages/s=1.746
progress completed=302 failed=0 in_flight=7 remaining=2008 papers/s=0.2193 pages/s=1.7532
progress completed=303 failed=0 in_flight=7 remaining=2007 papers/s=0.2198 pages/s=1.7556
progress completed=304 failed=0 in_flight=7 remaining=2006 papers/s=0.2205 pages/s=1.7597
progress completed=305 failed=0 in_flight=7 remaining=2005 papers/s=0.2212 pages/s=1.7664
progress completed=306 failed=0 in_flight=7 remaining=2004 papers/s=0.2217 pages/s=1.7725
progress completed=307 failed=0 in_flight=7 remaining=2003 papers/s=0.2212 pages/s=1.7697
progress completed=308 failed=0 in_flight=7 remaining=2002 papers/s=0.2211 pages/s=1.7665
progress completed=309 failed=0 in_flight=7 remaining=2001 papers/s=0.2218 pages/s=1.7735
progress completed=310 failed=0 in_flight=7 remaining=2000 papers/s=0.2206 pages/s=1.7653
progress completed=311 failed=0 in_flight=7 remaining=1999 papers/s=0.2211 pages/s=1.7692
progress completed=312 failed=0 in_flight=7 remaining=1998 papers/s=0.2218 pages/s=1.7762
progress completed=313 failed=0 in_flight=7 remaining=1997 papers/s=0.2225 pages/s=1.7803
progress completed=314 failed=0 in_flight=7 remaining=1996 papers/s=0.2232 pages/s=1.7874
progress completed=315 failed=0 in_flight=7 remaining=1995 papers/s=0.2225 pages/s=1.7839
progress completed=316 failed=0 in_flight=7 remaining=1994 papers/s=0.2225 pages/s=1.7813
progress completed=317 failed=0 in_flight=7 remaining=1993 papers/s=0.2224 pages/s=1.7823
progress completed=318 failed=0 in_flight=7 remaining=1992 papers/s=0.2224 pages/s=1.7813
progress completed=319 failed=0 in_flight=7 remaining=1991 papers/s=0.2209 pages/s=1.7708
progress completed=320 failed=0 in_flight=7 remaining=1990 papers/s=0.2216 pages/s=1.7749
progress completed=321 failed=0 in_flight=7 remaining=1989 papers/s=0.2198 pages/s=1.7622
progress completed=322 failed=0 in_flight=7 remaining=1988 papers/s=0.2205 pages/s=1.7689
progress completed=323 failed=0 in_flight=7 remaining=1987 papers/s=0.2212 pages/s=1.7757
progress completed=324 failed=0 in_flight=7 remaining=1986 papers/s=0.2219 pages/s=1.7824
progress completed=325 failed=0 in_flight=7 remaining=1985 papers/s=0.2225 pages/s=1.7891
progress completed=326 failed=0 in_flight=7 remaining=1984 papers/s=0.2216 pages/s=1.7801
progress completed=327 failed=0 in_flight=7 remaining=1983 papers/s=0.2222 pages/s=1.7848
progress completed=328 failed=0 in_flight=7 remaining=1982 papers/s=0.2187 pages/s=1.7542
progress completed=329 failed=0 in_flight=7 remaining=1981 papers/s=0.2193 pages/s=1.7608
progress completed=330 failed=0 in_flight=7 remaining=1980 papers/s=0.22 pages/s=1.766
progress completed=331 failed=0 in_flight=7 remaining=1979 papers/s=0.2207 pages/s=1.7706
progress completed=332 failed=0 in_flight=7 remaining=1978 papers/s=0.2213 pages/s=1.7772
progress completed=333 failed=0 in_flight=7 remaining=1977 papers/s=0.222 pages/s=1.7837
progress completed=334 failed=0 in_flight=7 remaining=1976 papers/s=0.2221 pages/s=1.7863
progress completed=335 failed=0 in_flight=7 remaining=1975 papers/s=0.2225 pages/s=1.7903
progress completed=336 failed=0 in_flight=7 remaining=1974 papers/s=0.2184 pages/s=1.7568
progress completed=337 failed=0 in_flight=7 remaining=1973 papers/s=0.219 pages/s=1.7632
progress completed=338 failed=0 in_flight=7 remaining=1972 papers/s=0.2196 pages/s=1.7662
progress completed=339 failed=0 in_flight=7 remaining=1971 papers/s=0.2203 pages/s=1.7712
progress completed=340 failed=0 in_flight=7 remaining=1970 papers/s=0.2209 pages/s=1.775
progress completed=341 failed=0 in_flight=7 remaining=1969 papers/s=0.2215 pages/s=1.7789
progress completed=342 failed=0 in_flight=7 remaining=1968 papers/s=0.2222 pages/s=1.7853
progress completed=343 failed=0 in_flight=7 remaining=1967 papers/s=0.2214 pages/s=1.7799
progress completed=344 failed=0 in_flight=7 remaining=1966 papers/s=0.218 pages/s=1.7539
progress completed=345 failed=0 in_flight=7 remaining=1965 papers/s=0.2186 pages/s=1.7569
progress completed=346 failed=0 in_flight=7 remaining=1964 papers/s=0.2192 pages/s=1.7631
progress completed=347 failed=0 in_flight=7 remaining=1963 papers/s=0.2198 pages/s=1.7669
progress completed=348 failed=0 in_flight=7 remaining=1962 papers/s=0.2204 pages/s=1.7706
progress completed=349 failed=0 in_flight=7 remaining=1961 papers/s=0.2211 pages/s=1.7768
progress completed=350 failed=0 in_flight=7 remaining=1960 papers/s=0.2211 pages/s=1.7768
progress completed=351 failed=0 in_flight=7 remaining=1959 papers/s=0.2213 pages/s=1.7801
progress completed=352 failed=0 in_flight=7 remaining=1958 papers/s=0.2215 pages/s=1.7796
progress completed=353 failed=0 in_flight=7 remaining=1957 papers/s=0.2205 pages/s=1.771
progress completed=354 failed=0 in_flight=7 remaining=1956 papers/s=0.2176 pages/s=1.7453
progress completed=355 failed=0 in_flight=7 remaining=1955 papers/s=0.2182 pages/s=1.7489
progress completed=356 failed=0 in_flight=7 remaining=1954 papers/s=0.2188 pages/s=1.7538
progress completed=357 failed=0 in_flight=7 remaining=1953 papers/s=0.2194 pages/s=1.7598
progress completed=358 failed=0 in_flight=7 remaining=1952 papers/s=0.22 pages/s=1.764
progress completed=359 failed=0 in_flight=7 remaining=1951 papers/s=0.2203 pages/s=1.7658
progress completed=360 failed=0 in_flight=7 remaining=1950 papers/s=0.2209 pages/s=1.7706
progress completed=361 failed=0 in_flight=7 remaining=1949 papers/s=0.2212 pages/s=1.7744
progress completed=362 failed=0 in_flight=7 remaining=1948 papers/s=0.2181 pages/s=1.7475
progress completed=363 failed=0 in_flight=7 remaining=1947 papers/s=0.2187 pages/s=1.7504
progress completed=364 failed=0 in_flight=7 remaining=1946 papers/s=0.2192 pages/s=1.7564
progress completed=365 failed=0 in_flight=7 remaining=1945 papers/s=0.2198 pages/s=1.7618
progress completed=366 failed=0 in_flight=7 remaining=1944 papers/s=0.2202 pages/s=1.7629
progress completed=367 failed=0 in_flight=7 remaining=1943 papers/s=0.2208 pages/s=1.7659
progress completed=368 failed=0 in_flight=7 remaining=1942 papers/s=0.2214 pages/s=1.7688
progress completed=369 failed=0 in_flight=7 remaining=1941 papers/s=0.222 pages/s=1.7745
progress completed=370 failed=0 in_flight=7 remaining=1940 papers/s=0.2206 pages/s=1.7616
progress completed=371 failed=0 in_flight=7 remaining=1939 papers/s=0.2212 pages/s=1.7645
progress completed=372 failed=0 in_flight=7 remaining=1938 papers/s=0.2199 pages/s=1.7526
progress completed=373 failed=0 in_flight=7 remaining=1937 papers/s=0.2205 pages/s=1.756
progress completed=374 failed=0 in_flight=7 remaining=1936 papers/s=0.221 pages/s=1.7617
progress completed=375 failed=0 in_flight=7 remaining=1935 papers/s=0.2214 pages/s=1.7626
progress completed=376 failed=0 in_flight=7 remaining=1934 papers/s=0.2219 pages/s=1.7679
progress completed=377 failed=0 in_flight=7 remaining=1933 papers/s=0.2197 pages/s=1.7489
progress completed=378 failed=0 in_flight=7 remaining=1932 papers/s=0.2203 pages/s=1.7529
progress completed=379 failed=0 in_flight=7 remaining=1931 papers/s=0.2209 pages/s=1.757
progress completed=380 failed=0 in_flight=7 remaining=1930 papers/s=0.2214 pages/s=1.7605
progress completed=381 failed=0 in_flight=7 remaining=1929 papers/s=0.222 pages/s=1.7651
progress completed=382 failed=0 in_flight=7 remaining=1928 papers/s=0.2226 pages/s=1.7697
progress completed=383 failed=0 in_flight=7 remaining=1927 papers/s=0.2228 pages/s=1.7695
progress completed=384 failed=0 in_flight=7 remaining=1926 papers/s=0.2234 pages/s=1.7741
progress completed=385 failed=0 in_flight=7 remaining=1925 papers/s=0.2226 pages/s=1.767
progress completed=386 failed=0 in_flight=7 remaining=1924 papers/s=0.2232 pages/s=1.7727
progress completed=387 failed=0 in_flight=7 remaining=1923 papers/s=0.2232 pages/s=1.7717
progress completed=388 failed=0 in_flight=7 remaining=1922 papers/s=0.2231 pages/s=1.7723
progress completed=389 failed=0 in_flight=7 remaining=1921 papers/s=0.2237 pages/s=1.7757
progress completed=390 failed=0 in_flight=7 remaining=1920 papers/s=0.2242 pages/s=1.7784
progress completed=391 failed=0 in_flight=7 remaining=1919 papers/s=0.2248 pages/s=1.7814
progress completed=392 failed=0 in_flight=7 remaining=1918 papers/s=0.2239 pages/s=1.7734
progress completed=393 failed=0 in_flight=7 remaining=1917 papers/s=0.2244 pages/s=1.7789
progress completed=394 failed=0 in_flight=7 remaining=1916 papers/s=0.2232 pages/s=1.7677
progress completed=395 failed=0 in_flight=7 remaining=1915 papers/s=0.2238 pages/s=1.7704
progress completed=396 failed=0 in_flight=7 remaining=1914 papers/s=0.2243 pages/s=1.7757
progress completed=397 failed=0 in_flight=7 remaining=1913 papers/s=0.2248 pages/s=1.7791
progress completed=398 failed=0 in_flight=7 remaining=1912 papers/s=0.2249 pages/s=1.7813
progress completed=399 failed=0 in_flight=7 remaining=1911 papers/s=0.2249 pages/s=1.7825
progress completed=400 failed=0 in_flight=7 remaining=1910 papers/s=0.2246 pages/s=1.7779
progress completed=401 failed=0 in_flight=7 remaining=1909 papers/s=0.2251 pages/s=1.7812
progress completed=402 failed=0 in_flight=7 remaining=1908 papers/s=0.2238 pages/s=1.7689
progress completed=403 failed=0 in_flight=7 remaining=1907 papers/s=0.2243 pages/s=1.7719
progress completed=404 failed=0 in_flight=7 remaining=1906 papers/s=0.2244 pages/s=1.7718
progress completed=405 failed=0 in_flight=7 remaining=1905 papers/s=0.2243 pages/s=1.7708
progress completed=406 failed=0 in_flight=7 remaining=1904 papers/s=0.2249 pages/s=1.7735
progress completed=407 failed=0 in_flight=7 remaining=1903 papers/s=0.2254 pages/s=1.7788
progress completed=408 failed=0 in_flight=7 remaining=1902 papers/s=0.2259 pages/s=1.7842
progress completed=409 failed=0 in_flight=7 remaining=1901 papers/s=0.2257 pages/s=1.7833
progress completed=410 failed=0 in_flight=7 remaining=1900 papers/s=0.2255 pages/s=1.7833
progress completed=411 failed=0 in_flight=7 remaining=1899 papers/s=0.2254 pages/s=1.7815
progress completed=412 failed=0 in_flight=7 remaining=1898 papers/s=0.2253 pages/s=1.7787
progress completed=413 failed=0 in_flight=7 remaining=1897 papers/s=0.2258 pages/s=1.7819
progress completed=414 failed=0 in_flight=7 remaining=1896 papers/s=0.2258 pages/s=1.7805
progress completed=415 failed=0 in_flight=7 remaining=1895 papers/s=0.2244 pages/s=1.7694
progress completed=416 failed=0 in_flight=7 remaining=1894 papers/s=0.2249 pages/s=1.7746
progress completed=417 failed=0 in_flight=7 remaining=1893 papers/s=0.2255 pages/s=1.7788
progress completed=418 failed=0 in_flight=7 remaining=1892 papers/s=0.2259 pages/s=1.7837
progress completed=419 failed=0 in_flight=7 remaining=1891 papers/s=0.2264 pages/s=1.7884
progress completed=420 failed=0 in_flight=7 remaining=1890 papers/s=0.2267 pages/s=1.7907
progress completed=421 failed=0 in_flight=7 remaining=1889 papers/s=0.2265 pages/s=1.7874
progress completed=422 failed=0 in_flight=7 remaining=1888 papers/s=0.2264 pages/s=1.7862
progress completed=423 failed=0 in_flight=7 remaining=1887 papers/s=0.2244 pages/s=1.7695
progress completed=424 failed=0 in_flight=7 remaining=1886 papers/s=0.225 pages/s=1.7747
progress completed=425 failed=0 in_flight=7 remaining=1885 papers/s=0.2255 pages/s=1.7784
progress completed=426 failed=0 in_flight=7 remaining=1884 papers/s=0.226 pages/s=1.7836
progress completed=427 failed=0 in_flight=7 remaining=1883 papers/s=0.2264 pages/s=1.7854
progress completed=428 failed=0 in_flight=7 remaining=1882 papers/s=0.2268 pages/s=1.7872
progress completed=429 failed=0 in_flight=7 remaining=1881 papers/s=0.2271 pages/s=1.7908
progress completed=430 failed=0 in_flight=7 remaining=1880 papers/s=0.2268 pages/s=1.7898
progress completed=431 failed=0 in_flight=7 remaining=1879 papers/s=0.2248 pages/s=1.7729
progress completed=432 failed=0 in_flight=7 remaining=1878 papers/s=0.2253 pages/s=1.777
progress completed=433 failed=0 in_flight=7 remaining=1877 papers/s=0.2258 pages/s=1.7797
progress completed=434 failed=0 in_flight=7 remaining=1876 papers/s=0.2262 pages/s=1.7838
progress completed=435 failed=0 in_flight=7 remaining=1875 papers/s=0.2267 pages/s=1.7874
progress completed=436 failed=0 in_flight=7 remaining=1874 papers/s=0.2272 pages/s=1.7904
progress completed=437 failed=0 in_flight=7 remaining=1873 papers/s=0.2273 pages/s=1.7921
progress completed=438 failed=0 in_flight=7 remaining=1872 papers/s=0.2278 pages/s=1.7972
progress completed=439 failed=0 in_flight=7 remaining=1871 papers/s=0.227 pages/s=1.7899
progress completed=440 failed=0 in_flight=7 remaining=1870 papers/s=0.2242 pages/s=1.7674
progress completed=441 failed=0 in_flight=7 remaining=1869 papers/s=0.2247 pages/s=1.7724
progress completed=442 failed=0 in_flight=7 remaining=1868 papers/s=0.2252 pages/s=1.7773
progress completed=443 failed=0 in_flight=7 remaining=1867 papers/s=0.2257 pages/s=1.7813
progress completed=444 failed=0 in_flight=7 remaining=1866 papers/s=0.2262 pages/s=1.7863
progress completed=445 failed=0 in_flight=7 remaining=1865 papers/s=0.2267 pages/s=1.7913
progress completed=446 failed=0 in_flight=7 remaining=1864 papers/s=0.2267 pages/s=1.7914
progress completed=447 failed=0 in_flight=7 remaining=1863 papers/s=0.2272 pages/s=1.7964
progress completed=448 failed=0 in_flight=7 remaining=1862 papers/s=0.2271 pages/s=1.7965
progress completed=449 failed=0 in_flight=7 remaining=1861 papers/s=0.2265 pages/s=1.7921
progress completed=450 failed=0 in_flight=7 remaining=1860 papers/s=0.2265 pages/s=1.793
progress completed=451 failed=0 in_flight=7 remaining=1859 papers/s=0.2242 pages/s=1.7756
progress completed=452 failed=0 in_flight=7 remaining=1858 papers/s=0.2247 pages/s=1.778
progress completed=453 failed=0 in_flight=7 remaining=1857 papers/s=0.2252 pages/s=1.7829
progress completed=454 failed=0 in_flight=7 remaining=1856 papers/s=0.2253 pages/s=1.7846
progress completed=455 failed=0 in_flight=7 remaining=1855 papers/s=0.2258 pages/s=1.7893
progress completed=456 failed=0 in_flight=7 remaining=1854 papers/s=0.2263 pages/s=1.7937
progress completed=457 failed=0 in_flight=7 remaining=1853 papers/s=0.2261 pages/s=1.7935
progress completed=458 failed=0 in_flight=7 remaining=1852 papers/s=0.2264 pages/s=1.7972
progress completed=459 failed=0 in_flight=7 remaining=1851 papers/s=0.226 pages/s=1.7924
progress completed=460 failed=0 in_flight=7 remaining=1850 papers/s=0.2243 pages/s=1.7771
progress completed=461 failed=0 in_flight=7 remaining=1849 papers/s=0.2247 pages/s=1.7795
progress completed=462 failed=0 in_flight=7 remaining=1848 papers/s=0.2251 pages/s=1.7836
progress completed=463 failed=0 in_flight=7 remaining=1847 papers/s=0.2256 pages/s=1.7884
progress completed=464 failed=0 in_flight=7 remaining=1846 papers/s=0.2261 pages/s=1.793
progress completed=465 failed=0 in_flight=7 remaining=1845 papers/s=0.2263 pages/s=1.7957
progress completed=466 failed=0 in_flight=7 remaining=1844 papers/s=0.2253 pages/s=1.7865
progress completed=467 failed=0 in_flight=7 remaining=1843 papers/s=0.2256 pages/s=1.7877
progress completed=468 failed=0 in_flight=7 remaining=1842 papers/s=0.2257 pages/s=1.7864
progress completed=469 failed=0 in_flight=7 remaining=1841 papers/s=0.225 pages/s=1.782
progress completed=470 failed=0 in_flight=7 remaining=1840 papers/s=0.2254 pages/s=1.7848
progress completed=471 failed=0 in_flight=7 remaining=1839 papers/s=0.2254 pages/s=1.7856
progress completed=472 failed=0 in_flight=7 remaining=1838 papers/s=0.2246 pages/s=1.7793
progress completed=473 failed=0 in_flight=7 remaining=1837 papers/s=0.225 pages/s=1.7821
progress completed=474 failed=0 in_flight=7 remaining=1836 papers/s=0.2255 pages/s=1.7868
progress completed=475 failed=0 in_flight=7 remaining=1835 papers/s=0.2257 pages/s=1.7893
progress completed=476 failed=0 in_flight=7 remaining=1834 papers/s=0.2261 pages/s=1.7939
progress completed=477 failed=0 in_flight=7 remaining=1833 papers/s=0.2259 pages/s=1.7914
progress completed=478 failed=0 in_flight=7 remaining=1832 papers/s=0.2262 pages/s=1.7933
progress completed=479 failed=0 in_flight=7 remaining=1831 papers/s=0.226 pages/s=1.7907
progress completed=480 failed=0 in_flight=7 remaining=1830 papers/s=0.226 pages/s=1.7914
progress completed=481 failed=0 in_flight=7 remaining=1829 papers/s=0.2256 pages/s=1.7868
progress completed=482 failed=0 in_flight=7 remaining=1828 papers/s=0.2259 pages/s=1.7906
progress completed=483 failed=0 in_flight=7 remaining=1827 papers/s=0.2264 pages/s=1.7952
progress completed=484 failed=0 in_flight=7 remaining=1826 papers/s=0.2269 pages/s=1.7984
progress completed=485 failed=0 in_flight=7 remaining=1825 papers/s=0.2273 pages/s=1.803
progress completed=486 failed=0 in_flight=7 remaining=1824 papers/s=0.2267 pages/s=1.7979
progress completed=487 failed=0 in_flight=7 remaining=1823 papers/s=0.2245 pages/s=1.779
progress completed=488 failed=0 in_flight=7 remaining=1822 papers/s=0.2249 pages/s=1.7836
progress completed=489 failed=0 in_flight=7 remaining=1821 papers/s=0.2254 pages/s=1.7858
progress completed=490 failed=0 in_flight=7 remaining=1820 papers/s=0.2258 pages/s=1.789
progress completed=491 failed=0 in_flight=7 remaining=1819 papers/s=0.2263 pages/s=1.7935
progress completed=492 failed=0 in_flight=7 remaining=1818 papers/s=0.2263 pages/s=1.7928
progress completed=493 failed=0 in_flight=7 remaining=1817 papers/s=0.2268 pages/s=1.7972
progress completed=494 failed=0 in_flight=7 remaining=1816 papers/s=0.224 pages/s=1.7744
progress completed=495 failed=0 in_flight=7 remaining=1815 papers/s=0.224 pages/s=1.7734
progress completed=496 failed=0 in_flight=7 remaining=1814 papers/s=0.2241 pages/s=1.7732
progress completed=497 failed=0 in_flight=7 remaining=1813 papers/s=0.2233 pages/s=1.7676
progress completed=498 failed=0 in_flight=7 remaining=1812 papers/s=0.2237 pages/s=1.7712
progress completed=499 failed=0 in_flight=7 remaining=1811 papers/s=0.2241 pages/s=1.7749
progress completed=500 failed=0 in_flight=7 remaining=1810 papers/s=0.2236 pages/s=1.7723
progress completed=501 failed=0 in_flight=7 remaining=1809 papers/s=0.223 pages/s=1.7666
progress completed=502 failed=0 in_flight=7 remaining=1808 papers/s=0.2226 pages/s=1.7625
progress completed=503 failed=0 in_flight=7 remaining=1807 papers/s=0.2231 pages/s=1.7651
progress completed=504 failed=0 in_flight=7 remaining=1806 papers/s=0.2232 pages/s=1.7669
progress completed=505 failed=0 in_flight=7 remaining=1805 papers/s=0.2235 pages/s=1.7704
progress completed=506 failed=0 in_flight=7 remaining=1804 papers/s=0.2233 pages/s=1.7697
failure paper_id=Engineering_2202.13254 error_type=mineru_failure attempts=3 message=Task 703cdc11-c9bb-4f74-8db0-59c81823530f failed: CUDA out of memory. Tried to allocate 158.00 MiB. GPU 0 has a total capacity of 39.67 GiB of which 113.06 MiB is free. Including non-PyTorch memory, this process has 17.60 GiB memory in use. Process 3637001 has 21.95 GiB memory in use. Of the allocated memory 14.08 GiB is allocated by PyTorch, and 2.70 GiB is reserved by PyTorch but unallocated. If reserved but unallocated memory is large try setting PYTORCH_CUDA_ALLOC_CONF=expandable_segments:True to avoid fragmentation.  See documentation for Memory Management  (https://docs.pytorch.org/docs/stable/notes/cuda.html#optimizing-memory-usage-with-pytorch-cuda-alloc-conf)
progress completed=506 failed=1 in_flight=7 remaining=1803 papers/s=0.2203 pages/s=1.7455
failure paper_id=Engineering_2203.05956 error_type=mineru_failure attempts=3 message=Task 05494178-7265-499d-9ede-b93204d36f24 failed: CUDA out of memory. Tried to allocate 158.00 MiB. GPU 0 has a total capacity of 39.67 GiB of which 113.06 MiB is free. Including non-PyTorch memory, this process has 17.60 GiB memory in use. Process 3637001 has 21.95 GiB memory in use. Of the allocated memory 13.97 GiB is allocated by PyTorch, and 2.81 GiB is reserved by PyTorch but unallocated. If reserved but unallocated memory is large try setting PYTORCH_CUDA_ALLOC_CONF=expandable_segments:True to avoid fragmentation.  See documentation for Memory Management  (https://docs.pytorch.org/docs/stable/notes/cuda.html#optimizing-memory-usage-with-pytorch-cuda-alloc-conf)
progress completed=506 failed=2 in_flight=7 remaining=1802 papers/s=0.2196 pages/s=1.7401
failure paper_id=Engineering_2203.08184 error_type=mineru_failure attempts=3 message=Task c473a75c-c56b-4671-9687-85503eb1fdbb failed: CUDA out of memory. Tried to allocate 158.00 MiB. GPU 0 has a total capacity of 39.67 GiB of which 113.06 MiB is free. Including non-PyTorch memory, this process has 17.60 GiB memory in use. Process 3637001 has 21.95 GiB memory in use. Of the allocated memory 14.04 GiB is allocated by PyTorch, and 2.74 GiB is reserved by PyTorch but unallocated. If reserved but unallocated memory is large try setting PYTORCH_CUDA_ALLOC_CONF=expandable_segments:True to avoid fragmentation.  See documentation for Memory Management  (https://docs.pytorch.org/docs/stable/notes/cuda.html#optimizing-memory-usage-with-pytorch-cuda-alloc-conf)
progress completed=506 failed=3 in_flight=7 remaining=1801 papers/s=0.2196 pages/s=1.7401
failure paper_id=Engineering_2203.12067 error_type=mineru_failure attempts=3 message=Task 87895d3e-934d-4a04-8159-0fdf4bd639ff failed: CUDA out of memory. Tried to allocate 196.00 MiB. GPU 0 has a total capacity of 39.67 GiB of which 113.06 MiB is free. Including non-PyTorch memory, this process has 17.60 GiB memory in use. Process 3637001 has 21.95 GiB memory in use. Of the allocated memory 14.38 GiB is allocated by PyTorch, and 2.40 GiB is reserved by PyTorch but unallocated. If reserved but unallocated memory is large try setting PYTORCH_CUDA_ALLOC_CONF=expandable_segments:True to avoid fragmentation.  See documentation for Memory Management  (https://docs.pytorch.org/docs/stable/notes/cuda.html#optimizing-memory-usage-with-pytorch-cuda-alloc-conf)
progress completed=506 failed=4 in_flight=7 remaining=1800 papers/s=0.2193 pages/s=1.7378
failure paper_id=Engineering_2203.09724 error_type=mineru_failure attempts=3 message=Task 1f189274-abfe-415d-82e5-88e67986bff8 failed: CUDA out of memory. Tried to allocate 158.00 MiB. GPU 0 has a total capacity of 39.67 GiB of which 113.06 MiB is free. Including non-PyTorch memory, this process has 17.60 GiB memory in use. Process 3637001 has 21.95 GiB memory in use. Of the allocated memory 15.55 GiB is allocated by PyTorch, and 1.23 GiB is reserved by PyTorch but unallocated. If reserved but unallocated memory is large try setting PYTORCH_CUDA_ALLOC_CONF=expandable_segments:True to avoid fragmentation.  See documentation for Memory Management  (https://docs.pytorch.org/docs/stable/notes/cuda.html#optimizing-memory-usage-with-pytorch-cuda-alloc-conf)
progress completed=506 failed=5 in_flight=7 remaining=1799 papers/s=0.2177 pages/s=1.725
failure paper_id=Engineering_2203.09208 error_type=mineru_failure attempts=3 message=Task 0e724461-af64-48be-9b65-6bd8f3815316 failed: CUDA out of memory. Tried to allocate 158.00 MiB. GPU 0 has a total capacity of 39.67 GiB of which 113.06 MiB is free. Including non-PyTorch memory, this process has 17.60 GiB memory in use. Process 3637001 has 21.95 GiB memory in use. Of the allocated memory 16.21 GiB is allocated by PyTorch, and 581.62 MiB is reserved by PyTorch but unallocated. If reserved but unallocated memory is large try setting PYTORCH_CUDA_ALLOC_CONF=expandable_segments:True to avoid fragmentation.  See documentation for Memory Management  (https://docs.pytorch.org/docs/stable/notes/cuda.html#optimizing-memory-usage-with-pytorch-cuda-alloc-conf)
progress completed=506 failed=6 in_flight=7 remaining=1798 papers/s=0.217 pages/s=1.7198
failure paper_id=Engineering_2203.13032 error_type=mineru_failure attempts=3 message=Task 6d99c0e4-9efe-45c4-b7e4-2f0facb576ea failed: CUDA out of memory. Tried to allocate 118.00 MiB. GPU 0 has a total capacity of 39.67 GiB of which 113.06 MiB is free. Including non-PyTorch memory, this process has 17.60 GiB memory in use. Process 3637001 has 21.95 GiB memory in use. Of the allocated memory 16.14 GiB is allocated by PyTorch, and 659.75 MiB is reserved by PyTorch but unallocated. If reserved but unallocated memory is large try setting PYTORCH_CUDA_ALLOC_CONF=expandable_segments:True to avoid fragmentation.  See documentation for Memory Management  (https://docs.pytorch.org/docs/stable/notes/cuda.html#optimizing-memory-usage-with-pytorch-cuda-alloc-conf)
progress completed=506 failed=7 in_flight=7 remaining=1797 papers/s=0.217 pages/s=1.7197
failure paper_id=Engineering_2203.08282 error_type=mineru_failure attempts=3 message=Task a42f2d1f-e62a-4fd7-85cf-4789b85eb1f6 failed: CUDA out of memory. Tried to allocate 158.00 MiB. GPU 0 has a total capacity of 39.67 GiB of which 53.06 MiB is free. Including non-PyTorch memory, this process has 17.66 GiB memory in use. Process 3637001 has 21.95 GiB memory in use. Of the allocated memory 16.29 GiB is allocated by PyTorch, and 563.50 MiB is reserved by PyTorch but unallocated. If reserved but unallocated memory is large try setting PYTORCH_CUDA_ALLOC_CONF=expandable_segments:True to avoid fragmentation.  See documentation for Memory Management  (https://docs.pytorch.org/docs/stable/notes/cuda.html#optimizing-memory-usage-with-pytorch-cuda-alloc-conf)
progress completed=506 failed=8 in_flight=7 remaining=1796 papers/s=0.2167 pages/s=1.7174
failure paper_id=Engineering_2203.13148 error_type=mineru_failure attempts=3 message=Task 33edd443-c652-4777-bfda-89bf3e79d6c1 failed: CUDA out of memory. Tried to allocate 98.00 MiB. GPU 0 has a total capacity of 39.67 GiB of which 53.06 MiB is free. Including non-PyTorch memory, this process has 17.66 GiB memory in use. Process 3637001 has 21.95 GiB memory in use. Of the allocated memory 16.34 GiB is allocated by PyTorch, and 514.67 MiB is reserved by PyTorch but unallocated. If reserved but unallocated memory is large try setting PYTORCH_CUDA_ALLOC_CONF=expandable_segments:True to avoid fragmentation.  See documentation for Memory Management  (https://docs.pytorch.org/docs/stable/notes/cuda.html#optimizing-memory-usage-with-pytorch-cuda-alloc-conf)
progress completed=506 failed=9 in_flight=7 remaining=1795 papers/s=0.2164 pages/s=1.7149
failure paper_id=Engineering_2203.11777 error_type=mineru_failure attempts=3 message=Task b8364291-241c-46b6-9a6c-90994679f9a5 failed: CUDA out of memory. Tried to allocate 60.00 MiB. GPU 0 has a total capacity of 39.67 GiB of which 13.06 MiB is free. Including non-PyTorch memory, this process has 17.70 GiB memory in use. Process 3637001 has 21.95 GiB memory in use. Of the allocated memory 16.50 GiB is allocated by PyTorch, and 387.47 MiB is reserved by PyTorch but unallocated. If reserved but unallocated memory is large try setting PYTORCH_CUDA_ALLOC_CONF=expandable_segments:True to avoid fragmentation.  See documentation for Memory Management  (https://docs.pytorch.org/docs/stable/notes/cuda.html#optimizing-memory-usage-with-pytorch-cuda-alloc-conf)
progress completed=506 failed=10 in_flight=7 remaining=1794 papers/s=0.2156 pages/s=1.7084
failure paper_id=Engineering_2203.14593 error_type=mineru_failure attempts=3 message=Task d61a2cf1-681f-4e0c-bae0-b6e2d19a31da failed: CUDA out of memory. Tried to allocate 44.00 MiB. GPU 0 has a total capacity of 39.67 GiB of which 13.06 MiB is free. Including non-PyTorch memory, this process has 17.70 GiB memory in use. Process 3637001 has 21.95 GiB memory in use. Of the allocated memory 16.50 GiB is allocated by PyTorch, and 387.47 MiB is reserved by PyTorch but unallocated. If reserved but unallocated memory is large try setting PYTORCH_CUDA_ALLOC_CONF=expandable_segments:True to avoid fragmentation.  See documentation for Memory Management  (https://docs.pytorch.org/docs/stable/notes/cuda.html#optimizing-memory-usage-with-pytorch-cuda-alloc-conf)
progress completed=506 failed=11 in_flight=7 remaining=1793 papers/s=0.2149 pages/s=1.7028
failure paper_id=Engineering_2203.14835 error_type=mineru_failure attempts=3 message=Task 02248715-664b-4d3b-b307-695b07c1d66f failed: CUDA out of memory. Tried to allocate 38.00 MiB. GPU 0 has a total capacity of 39.67 GiB of which 13.06 MiB is free. Including non-PyTorch memory, this process has 17.70 GiB memory in use. Process 3637001 has 21.95 GiB memory in use. Of the allocated memory 16.50 GiB is allocated by PyTorch, and 387.47 MiB is reserved by PyTorch but unallocated. If reserved but unallocated memory is large try setting PYTORCH_CUDA_ALLOC_CONF=expandable_segments:True to avoid fragmentation.  See documentation for Memory Management  (https://docs.pytorch.org/docs/stable/notes/cuda.html#optimizing-memory-usage-with-pytorch-cuda-alloc-conf)
progress completed=506 failed=12 in_flight=7 remaining=1792 papers/s=0.2146 pages/s=1.7003
failure paper_id=Engineering_2203.14044 error_type=mineru_failure attempts=3 message=Task 4fc54011-3e8f-4c44-a1bf-0f17fef3fd22 failed: CUDA out of memory. Tried to allocate 60.00 MiB. GPU 0 has a total capacity of 39.67 GiB of which 13.06 MiB is free. Including non-PyTorch memory, this process has 17.70 GiB memory in use. Process 3637001 has 21.95 GiB memory in use. Of the allocated memory 16.50 GiB is allocated by PyTorch, and 387.47 MiB is reserved by PyTorch but unallocated. If reserved but unallocated memory is large try setting PYTORCH_CUDA_ALLOC_CONF=expandable_segments:True to avoid fragmentation.  See documentation for Memory Management  (https://docs.pytorch.org/docs/stable/notes/cuda.html#optimizing-memory-usage-with-pytorch-cuda-alloc-conf)
progress completed=506 failed=13 in_flight=7 remaining=1791 papers/s=0.2145 pages/s=1.7003
failure paper_id=Engineering_2203.14621 error_type=mineru_failure attempts=3 message=Task d9c28b3f-579c-427f-92aa-76738a0cccfd failed: CUDA out of memory. Tried to allocate 20.00 MiB. GPU 0 has a total capacity of 39.67 GiB of which 13.06 MiB is free. Including non-PyTorch memory, this process has 17.70 GiB memory in use. Process 3637001 has 21.95 GiB memory in use. Of the allocated memory 16.51 GiB is allocated by PyTorch, and 376.89 MiB is reserved by PyTorch but unallocated. If reserved but unallocated memory is large try setting PYTORCH_CUDA_ALLOC_CONF=expandable_segments:True to avoid fragmentation.  See documentation for Memory Management  (https://docs.pytorch.org/docs/stable/notes/cuda.html#optimizing-memory-usage-with-pytorch-cuda-alloc-conf)
progress completed=506 failed=14 in_flight=7 remaining=1790 papers/s=0.2143 pages/s=1.6982
failure paper_id=Engineering_2203.13963 error_type=mineru_failure attempts=3 message=Task ba1090c4-8168-4eca-956b-a307ce821de8 failed: CUDA out of memory. Tried to allocate 60.00 MiB. GPU 0 has a total capacity of 39.67 GiB of which 13.06 MiB is free. Including non-PyTorch memory, this process has 17.70 GiB memory in use. Process 3637001 has 21.95 GiB memory in use. Of the allocated memory 16.50 GiB is allocated by PyTorch, and 387.47 MiB is reserved by PyTorch but unallocated. If reserved but unallocated memory is large try setting PYTORCH_CUDA_ALLOC_CONF=expandable_segments:True to avoid fragmentation.  See documentation for Memory Management  (https://docs.pytorch.org/docs/stable/notes/cuda.html#optimizing-memory-usage-with-pytorch-cuda-alloc-conf)
progress completed=506 failed=15 in_flight=7 remaining=1789 papers/s=0.2141 pages/s=1.6964
progress completed=507 failed=15 in_flight=7 remaining=1788 papers/s=0.2129 pages/s=1.6881
progress completed=508 failed=15 in_flight=7 remaining=1787 papers/s=0.2121 pages/s=1.6805
progress completed=509 failed=15 in_flight=7 remaining=1786 papers/s=0.2125 pages/s=1.6825
progress completed=510 failed=15 in_flight=7 remaining=1785 papers/s=0.2129 pages/s=1.6846
progress completed=511 failed=15 in_flight=7 remaining=1784 papers/s=0.2133 pages/s=1.6875
progress completed=512 failed=15 in_flight=7 remaining=1783 papers/s=0.2134 pages/s=1.6882
progress completed=513 failed=15 in_flight=7 remaining=1782 papers/s=0.2137 pages/s=1.6893
progress completed=514 failed=15 in_flight=7 remaining=1781 papers/s=0.214 pages/s=1.6926
progress completed=515 failed=15 in_flight=7 remaining=1780 papers/s=0.2114 pages/s=1.673
progress completed=516 failed=15 in_flight=7 remaining=1779 papers/s=0.2118 pages/s=1.675
progress completed=517 failed=15 in_flight=7 remaining=1778 papers/s=0.2122 pages/s=1.6791
progress completed=518 failed=15 in_flight=7 remaining=1777 papers/s=0.2126 pages/s=1.6811
progress completed=519 failed=15 in_flight=7 remaining=1776 papers/s=0.213 pages/s=1.6836
progress completed=520 failed=15 in_flight=7 remaining=1775 papers/s=0.2134 pages/s=1.6874
progress completed=521 failed=15 in_flight=7 remaining=1774 papers/s=0.2134 pages/s=1.6885
progress completed=522 failed=15 in_flight=7 remaining=1773 papers/s=0.2138 pages/s=1.6917
progress completed=523 failed=15 in_flight=7 remaining=1772 papers/s=0.2118 pages/s=1.6762
progress completed=524 failed=15 in_flight=7 remaining=1771 papers/s=0.211 pages/s=1.6691
progress completed=525 failed=15 in_flight=7 remaining=1770 papers/s=0.2114 pages/s=1.673
progress completed=526 failed=15 in_flight=7 remaining=1769 papers/s=0.2118 pages/s=1.6769
progress completed=527 failed=15 in_flight=7 remaining=1768 papers/s=0.2122 pages/s=1.6793
progress completed=528 failed=15 in_flight=7 remaining=1767 papers/s=0.2122 pages/s=1.6791
progress completed=529 failed=15 in_flight=7 remaining=1766 papers/s=0.2125 pages/s=1.6831
progress completed=530 failed=15 in_flight=7 remaining=1765 papers/s=0.2129 pages/s=1.6868
progress completed=531 failed=15 in_flight=7 remaining=1764 papers/s=0.2132 pages/s=1.6893
progress completed=532 failed=15 in_flight=7 remaining=1763 papers/s=0.2125 pages/s=1.6832
progress completed=533 failed=15 in_flight=7 remaining=1762 papers/s=0.2129 pages/s=1.6871
progress completed=534 failed=15 in_flight=7 remaining=1761 papers/s=0.2133 pages/s=1.6891
progress completed=535 failed=15 in_flight=7 remaining=1760 papers/s=0.2124 pages/s=1.6812
progress completed=536 failed=15 in_flight=7 remaining=1759 papers/s=0.2128 pages/s=1.6831
progress completed=537 failed=15 in_flight=7 remaining=1758 papers/s=0.2132 pages/s=1.6867
progress completed=538 failed=15 in_flight=7 remaining=1757 papers/s=0.2136 pages/s=1.6906
progress completed=539 failed=15 in_flight=7 remaining=1756 papers/s=0.2118 pages/s=1.6768
progress completed=540 failed=15 in_flight=7 remaining=1755 papers/s=0.2122 pages/s=1.6787
progress completed=541 failed=15 in_flight=7 remaining=1754 papers/s=0.2126 pages/s=1.6807
progress completed=542 failed=15 in_flight=7 remaining=1753 papers/s=0.213 pages/s=1.683
progress completed=543 failed=15 in_flight=7 remaining=1752 papers/s=0.2129 pages/s=1.682
progress completed=544 failed=15 in_flight=7 remaining=1751 papers/s=0.2133 pages/s=1.6851
progress completed=545 failed=15 in_flight=7 remaining=1750 papers/s=0.2129 pages/s=1.6807
progress completed=546 failed=15 in_flight=7 remaining=1749 papers/s=0.2133 pages/s=1.6844
progress completed=547 failed=15 in_flight=7 remaining=1748 papers/s=0.2135 pages/s=1.6866
progress completed=548 failed=15 in_flight=7 remaining=1747 papers/s=0.2137 pages/s=1.6875
progress completed=549 failed=15 in_flight=7 remaining=1746 papers/s=0.213 pages/s=1.6814
progress completed=550 failed=15 in_flight=7 remaining=1745 papers/s=0.2134 pages/s=1.6845
progress completed=551 failed=15 in_flight=7 remaining=1744 papers/s=0.2128 pages/s=1.6787
progress completed=552 failed=15 in_flight=7 remaining=1743 papers/s=0.2132 pages/s=1.6817
progress completed=553 failed=15 in_flight=7 remaining=1742 papers/s=0.2135 pages/s=1.6844
progress completed=554 failed=15 in_flight=7 remaining=1741 papers/s=0.2139 pages/s=1.687
progress completed=555 failed=15 in_flight=7 remaining=1740 papers/s=0.2143 pages/s=1.6909
progress completed=556 failed=15 in_flight=7 remaining=1739 papers/s=0.2147 pages/s=1.6935
progress completed=557 failed=15 in_flight=7 remaining=1738 papers/s=0.2145 pages/s=1.6925
progress completed=558 failed=15 in_flight=7 remaining=1737 papers/s=0.2124 pages/s=1.6759
progress completed=559 failed=15 in_flight=7 remaining=1736 papers/s=0.2128 pages/s=1.6789
progress completed=560 failed=15 in_flight=7 remaining=1735 papers/s=0.2132 pages/s=1.6827
progress completed=561 failed=15 in_flight=7 remaining=1734 papers/s=0.2136 pages/s=1.6845
progress completed=562 failed=15 in_flight=7 remaining=1733 papers/s=0.2139 pages/s=1.6883
progress completed=563 failed=15 in_flight=7 remaining=1732 papers/s=0.2142 pages/s=1.6898
progress completed=564 failed=15 in_flight=7 remaining=1731 papers/s=0.2146 pages/s=1.6916
progress completed=565 failed=15 in_flight=7 remaining=1730 papers/s=0.215 pages/s=1.6953
progress completed=566 failed=15 in_flight=7 remaining=1729 papers/s=0.2127 pages/s=1.6774
progress completed=567 failed=15 in_flight=7 remaining=1728 papers/s=0.213 pages/s=1.6792
progress completed=568 failed=15 in_flight=7 remaining=1727 papers/s=0.2134 pages/s=1.6829
progress completed=569 failed=15 in_flight=7 remaining=1726 papers/s=0.2138 pages/s=1.6862
progress completed=570 failed=15 in_flight=7 remaining=1725 papers/s=0.2139 pages/s=1.6882
progress completed=571 failed=15 in_flight=7 remaining=1724 papers/s=0.2143 pages/s=1.6919
progress completed=572 failed=15 in_flight=7 remaining=1723 papers/s=0.2147 pages/s=1.6955
progress completed=573 failed=15 in_flight=7 remaining=1722 papers/s=0.2128 pages/s=1.6797
progress completed=574 failed=15 in_flight=7 remaining=1721 papers/s=0.2131 pages/s=1.6813
progress completed=575 failed=15 in_flight=7 remaining=1720 papers/s=0.2135 pages/s=1.685
progress completed=576 failed=15 in_flight=7 remaining=1719 papers/s=0.2139 pages/s=1.6871
progress completed=577 failed=15 in_flight=7 remaining=1718 papers/s=0.2142 pages/s=1.6891
progress completed=578 failed=15 in_flight=7 remaining=1717 papers/s=0.2145 pages/s=1.6917
progress completed=579 failed=15 in_flight=7 remaining=1716 papers/s=0.2149 pages/s=1.6938
progress completed=580 failed=15 in_flight=7 remaining=1715 papers/s=0.215 pages/s=1.6955
progress completed=581 failed=15 in_flight=7 remaining=1714 papers/s=0.2145 pages/s=1.6921
progress completed=582 failed=15 in_flight=7 remaining=1713 papers/s=0.2146 pages/s=1.6922
progress completed=583 failed=15 in_flight=7 remaining=1712 papers/s=0.2146 pages/s=1.6926
progress completed=584 failed=15 in_flight=7 remaining=1711 papers/s=0.2144 pages/s=1.6904
progress completed=585 failed=15 in_flight=7 remaining=1710 papers/s=0.2148 pages/s=1.6933
progress completed=586 failed=15 in_flight=7 remaining=1709 papers/s=0.215 pages/s=1.6959
progress completed=587 failed=15 in_flight=7 remaining=1708 papers/s=0.2154 pages/s=1.6995
progress completed=588 failed=15 in_flight=7 remaining=1707 papers/s=0.2153 pages/s=1.6989
progress completed=589 failed=15 in_flight=7 remaining=1706 papers/s=0.2151 pages/s=1.6965
progress completed=590 failed=15 in_flight=7 remaining=1705 papers/s=0.2153 pages/s=1.6984
progress completed=591 failed=15 in_flight=7 remaining=1704 papers/s=0.2157 pages/s=1.702
progress completed=592 failed=15 in_flight=7 remaining=1703 papers/s=0.2155 pages/s=1.7018
progress completed=593 failed=15 in_flight=7 remaining=1702 papers/s=0.2158 pages/s=1.7026
progress completed=594 failed=15 in_flight=7 remaining=1701 papers/s=0.2148 pages/s=1.6954
progress completed=595 failed=15 in_flight=7 remaining=1700 papers/s=0.2151 pages/s=1.6985
progress completed=596 failed=15 in_flight=7 remaining=1699 papers/s=0.2153 pages/s=1.7014
progress completed=597 failed=15 in_flight=7 remaining=1698 papers/s=0.2157 pages/s=1.7046
progress completed=598 failed=15 in_flight=7 remaining=1697 papers/s=0.216 pages/s=1.7078
progress completed=599 failed=15 in_flight=7 remaining=1696 papers/s=0.2164 pages/s=1.7106
progress completed=600 failed=15 in_flight=7 remaining=1695 papers/s=0.2143 pages/s=1.6926
progress completed=601 failed=15 in_flight=7 remaining=1694 papers/s=0.2146 pages/s=1.695
progress completed=602 failed=15 in_flight=7 remaining=1693 papers/s=0.215 pages/s=1.6968
progress completed=603 failed=15 in_flight=7 remaining=1692 papers/s=0.2153 pages/s=1.6992
progress completed=604 failed=15 in_flight=7 remaining=1691 papers/s=0.2157 pages/s=1.7027
progress completed=605 failed=15 in_flight=7 remaining=1690 papers/s=0.216 pages/s=1.7055
progress completed=606 failed=15 in_flight=7 remaining=1689 papers/s=0.216 pages/s=1.705
progress completed=607 failed=15 in_flight=7 remaining=1688 papers/s=0.2161 pages/s=1.7065
progress completed=608 failed=15 in_flight=7 remaining=1687 papers/s=0.2154 pages/s=1.7019
progress completed=609 failed=15 in_flight=7 remaining=1686 papers/s=0.2157 pages/s=1.7044
progress completed=610 failed=15 in_flight=7 remaining=1685 papers/s=0.2159 pages/s=1.707
progress completed=611 failed=15 in_flight=7 remaining=1684 papers/s=0.2161 pages/s=1.7079
progress completed=612 failed=15 in_flight=7 remaining=1683 papers/s=0.2163 pages/s=1.7099
progress completed=613 failed=15 in_flight=7 remaining=1682 papers/s=0.2161 pages/s=1.7067
progress completed=614 failed=15 in_flight=7 remaining=1681 papers/s=0.2164 pages/s=1.7102
progress completed=615 failed=15 in_flight=7 remaining=1680 papers/s=0.2162 pages/s=1.7089
progress completed=616 failed=15 in_flight=7 remaining=1679 papers/s=0.2154 pages/s=1.7029
progress completed=617 failed=15 in_flight=7 remaining=1678 papers/s=0.2158 pages/s=1.7047
progress completed=618 failed=15 in_flight=7 remaining=1677 papers/s=0.2161 pages/s=1.7081
progress completed=619 failed=15 in_flight=7 remaining=1676 papers/s=0.2165 pages/s=1.7116
progress completed=620 failed=15 in_flight=7 remaining=1675 papers/s=0.2168 pages/s=1.715
progress completed=621 failed=15 in_flight=7 remaining=1674 papers/s=0.2168 pages/s=1.7156
progress completed=622 failed=15 in_flight=7 remaining=1673 papers/s=0.2169 pages/s=1.7164
progress completed=623 failed=15 in_flight=7 remaining=1672 papers/s=0.2158 pages/s=1.7087
progress completed=624 failed=15 in_flight=7 remaining=1671 papers/s=0.2161 pages/s=1.7121
progress completed=625 failed=15 in_flight=7 remaining=1670 papers/s=0.2165 pages/s=1.7156
progress completed=626 failed=15 in_flight=7 remaining=1669 papers/s=0.2162 pages/s=1.7121
progress completed=627 failed=15 in_flight=7 remaining=1668 papers/s=0.2165 pages/s=1.7151
progress completed=628 failed=15 in_flight=7 remaining=1667 papers/s=0.2162 pages/s=1.7129
progress completed=629 failed=15 in_flight=7 remaining=1666 papers/s=0.2165 pages/s=1.7158
progress completed=630 failed=15 in_flight=7 remaining=1665 papers/s=0.2168 pages/s=1.7187
progress completed=631 failed=15 in_flight=7 remaining=1664 papers/s=0.2166 pages/s=1.7183
progress completed=632 failed=15 in_flight=7 remaining=1663 papers/s=0.2166 pages/s=1.717
progress completed=633 failed=15 in_flight=7 remaining=1662 papers/s=0.2168 pages/s=1.7178
progress completed=634 failed=15 in_flight=7 remaining=1661 papers/s=0.2158 pages/s=1.7108
progress completed=635 failed=15 in_flight=7 remaining=1660 papers/s=0.2162 pages/s=1.7141
progress completed=636 failed=15 in_flight=7 remaining=1659 papers/s=0.2165 pages/s=1.7175
progress completed=637 failed=15 in_flight=7 remaining=1658 papers/s=0.2167 pages/s=1.7193
progress completed=638 failed=15 in_flight=7 remaining=1657 papers/s=0.217 pages/s=1.7224
progress completed=639 failed=15 in_flight=7 remaining=1656 papers/s=0.2155 pages/s=1.7113
progress completed=640 failed=15 in_flight=7 remaining=1655 papers/s=0.2157 pages/s=1.7139
progress completed=641 failed=15 in_flight=7 remaining=1654 papers/s=0.216 pages/s=1.7172
progress completed=642 failed=15 in_flight=7 remaining=1653 papers/s=0.2164 pages/s=1.7202
progress completed=643 failed=15 in_flight=7 remaining=1652 papers/s=0.2167 pages/s=1.7236
progress completed=644 failed=15 in_flight=7 remaining=1651 papers/s=0.217 pages/s=1.7255
progress completed=645 failed=15 in_flight=7 remaining=1650 papers/s=0.2174 pages/s=1.7289
progress completed=646 failed=15 in_flight=7 remaining=1649 papers/s=0.2172 pages/s=1.7282
progress completed=647 failed=15 in_flight=7 remaining=1648 papers/s=0.217 pages/s=1.7254
progress completed=648 failed=15 in_flight=7 remaining=1647 papers/s=0.2155 pages/s=1.7132
progress completed=649 failed=15 in_flight=7 remaining=1646 papers/s=0.2159 pages/s=1.7159
progress completed=650 failed=15 in_flight=7 remaining=1645 papers/s=0.2162 pages/s=1.7181
progress completed=651 failed=15 in_flight=7 remaining=1644 papers/s=0.2165 pages/s=1.72
progress completed=652 failed=15 in_flight=7 remaining=1643 papers/s=0.2166 pages/s=1.7219
progress completed=653 failed=15 in_flight=7 remaining=1642 papers/s=0.217 pages/s=1.725
progress completed=654 failed=15 in_flight=7 remaining=1641 papers/s=0.2173 pages/s=1.7283
progress completed=655 failed=15 in_flight=7 remaining=1640 papers/s=0.2173 pages/s=1.7276
progress completed=656 failed=15 in_flight=7 remaining=1639 papers/s=0.2154 pages/s=1.713
progress completed=657 failed=15 in_flight=7 remaining=1638 papers/s=0.2157 pages/s=1.7146
progress completed=658 failed=15 in_flight=7 remaining=1637 papers/s=0.216 pages/s=1.7165
progress completed=659 failed=15 in_flight=7 remaining=1636 papers/s=0.2164 pages/s=1.7188
progress completed=660 failed=15 in_flight=7 remaining=1635 papers/s=0.2167 pages/s=1.721
progress completed=661 failed=15 in_flight=7 remaining=1634 papers/s=0.217 pages/s=1.7243
progress completed=662 failed=15 in_flight=7 remaining=1633 papers/s=0.2173 pages/s=1.7275
progress completed=663 failed=15 in_flight=7 remaining=1632 papers/s=0.2174 pages/s=1.7286
progress completed=664 failed=15 in_flight=7 remaining=1631 papers/s=0.2168 pages/s=1.724
progress completed=665 failed=15 in_flight=7 remaining=1630 papers/s=0.2154 pages/s=1.7135
progress completed=666 failed=15 in_flight=7 remaining=1629 papers/s=0.2157 pages/s=1.7164
progress completed=667 failed=15 in_flight=7 remaining=1628 papers/s=0.216 pages/s=1.7196
progress completed=668 failed=15 in_flight=7 remaining=1627 papers/s=0.2164 pages/s=1.7228
progress completed=669 failed=15 in_flight=7 remaining=1626 papers/s=0.2165 pages/s=1.7238
progress completed=670 failed=15 in_flight=7 remaining=1625 papers/s=0.2168 pages/s=1.7253
progress completed=671 failed=15 in_flight=7 remaining=1624 papers/s=0.2171 pages/s=1.7282
progress completed=672 failed=15 in_flight=7 remaining=1623 papers/s=0.2174 pages/s=1.7296
progress completed=673 failed=15 in_flight=7 remaining=1622 papers/s=0.2171 pages/s=1.7267
progress completed=674 failed=15 in_flight=7 remaining=1621 papers/s=0.2162 pages/s=1.7187
progress completed=675 failed=15 in_flight=7 remaining=1620 papers/s=0.2165 pages/s=1.7199
progress completed=676 failed=15 in_flight=7 remaining=1619 papers/s=0.2168 pages/s=1.7219
progress completed=677 failed=15 in_flight=7 remaining=1618 papers/s=0.2171 pages/s=1.7241
progress completed=678 failed=15 in_flight=7 remaining=1617 papers/s=0.2174 pages/s=1.7272
progress completed=679 failed=15 in_flight=7 remaining=1616 papers/s=0.2177 pages/s=1.7288
progress completed=680 failed=15 in_flight=7 remaining=1615 papers/s=0.2179 pages/s=1.7293
progress completed=681 failed=15 in_flight=7 remaining=1614 papers/s=0.2161 pages/s=1.7143
progress completed=682 failed=15 in_flight=7 remaining=1613 papers/s=0.2164 pages/s=1.7175
progress completed=683 failed=15 in_flight=7 remaining=1612 papers/s=0.2167 pages/s=1.7196
progress completed=684 failed=15 in_flight=7 remaining=1611 papers/s=0.217 pages/s=1.7228
progress completed=685 failed=15 in_flight=7 remaining=1610 papers/s=0.2173 pages/s=1.725
progress completed=686 failed=15 in_flight=7 remaining=1609 papers/s=0.2176 pages/s=1.7281
progress completed=687 failed=15 in_flight=7 remaining=1608 papers/s=0.218 pages/s=1.7303
progress completed=688 failed=15 in_flight=7 remaining=1607 papers/s=0.2183 pages/s=1.7331
progress completed=689 failed=15 in_flight=7 remaining=1606 papers/s=0.2167 pages/s=1.7211
progress completed=690 failed=15 in_flight=7 remaining=1605 papers/s=0.217 pages/s=1.7242
progress completed=691 failed=15 in_flight=7 remaining=1604 papers/s=0.2173 pages/s=1.7255
progress completed=692 failed=15 in_flight=7 remaining=1603 papers/s=0.2175 pages/s=1.7269
progress completed=693 failed=15 in_flight=7 remaining=1602 papers/s=0.2178 pages/s=1.7292
progress completed=694 failed=15 in_flight=7 remaining=1601 papers/s=0.2181 pages/s=1.7312
progress completed=695 failed=15 in_flight=7 remaining=1600 papers/s=0.2184 pages/s=1.7343
progress completed=696 failed=15 in_flight=7 remaining=1599 papers/s=0.2181 pages/s=1.7312
progress completed=697 failed=15 in_flight=7 remaining=1598 papers/s=0.2175 pages/s=1.7254
progress completed=698 failed=15 in_flight=7 remaining=1597 papers/s=0.2178 pages/s=1.7269
progress completed=699 failed=15 in_flight=7 remaining=1596 papers/s=0.2181 pages/s=1.73
progress completed=700 failed=15 in_flight=7 remaining=1595 papers/s=0.2182 pages/s=1.7307
progress completed=701 failed=15 in_flight=7 remaining=1594 papers/s=0.2184 pages/s=1.7325
progress completed=702 failed=15 in_flight=7 remaining=1593 papers/s=0.2187 pages/s=1.734
progress completed=703 failed=15 in_flight=7 remaining=1592 papers/s=0.2189 pages/s=1.7366
progress completed=704 failed=15 in_flight=7 remaining=1591 papers/s=0.2189 pages/s=1.7357
progress completed=705 failed=15 in_flight=7 remaining=1590 papers/s=0.2175 pages/s=1.7256
progress completed=706 failed=15 in_flight=7 remaining=1589 papers/s=0.2179 pages/s=1.7274
progress completed=707 failed=15 in_flight=7 remaining=1588 papers/s=0.2182 pages/s=1.7289
progress completed=708 failed=15 in_flight=7 remaining=1587 papers/s=0.2185 pages/s=1.7319
progress completed=709 failed=15 in_flight=7 remaining=1586 papers/s=0.2188 pages/s=1.7343
progress completed=710 failed=15 in_flight=7 remaining=1585 papers/s=0.2189 pages/s=1.7349
progress completed=711 failed=15 in_flight=7 remaining=1584 papers/s=0.2192 pages/s=1.7363
progress completed=712 failed=15 in_flight=7 remaining=1583 papers/s=0.2191 pages/s=1.7366
progress completed=713 failed=15 in_flight=7 remaining=1582 papers/s=0.2178 pages/s=1.7255
progress completed=714 failed=15 in_flight=7 remaining=1581 papers/s=0.2181 pages/s=1.727
progress completed=715 failed=15 in_flight=7 remaining=1580 papers/s=0.2184 pages/s=1.7288
progress completed=716 failed=15 in_flight=7 remaining=1579 papers/s=0.2187 pages/s=1.7302
progress completed=717 failed=15 in_flight=7 remaining=1578 papers/s=0.219 pages/s=1.7318
progress completed=718 failed=15 in_flight=7 remaining=1577 papers/s=0.2193 pages/s=1.7335
progress completed=719 failed=15 in_flight=7 remaining=1576 papers/s=0.2196 pages/s=1.735
progress completed=720 failed=15 in_flight=7 remaining=1575 papers/s=0.2199 pages/s=1.7371
progress completed=721 failed=15 in_flight=7 remaining=1574 papers/s=0.2197 pages/s=1.7341
progress completed=722 failed=15 in_flight=7 remaining=1573 papers/s=0.2187 pages/s=1.7258
progress completed=723 failed=15 in_flight=7 remaining=1572 papers/s=0.219 pages/s=1.7273
progress completed=724 failed=15 in_flight=7 remaining=1571 papers/s=0.2193 pages/s=1.7288
progress completed=725 failed=15 in_flight=7 remaining=1570 papers/s=0.2196 pages/s=1.7303
progress completed=726 failed=15 in_flight=7 remaining=1569 papers/s=0.2199 pages/s=1.7327
progress completed=727 failed=15 in_flight=7 remaining=1568 papers/s=0.2202 pages/s=1.7342
progress completed=728 failed=15 in_flight=7 remaining=1567 papers/s=0.2205 pages/s=1.7368
progress completed=729 failed=15 in_flight=7 remaining=1566 papers/s=0.2199 pages/s=1.7315
progress completed=730 failed=15 in_flight=7 remaining=1565 papers/s=0.2191 pages/s=1.7237
progress completed=731 failed=15 in_flight=7 remaining=1564 papers/s=0.2194 pages/s=1.7252
progress completed=732 failed=15 in_flight=7 remaining=1563 papers/s=0.2197 pages/s=1.7275
progress completed=733 failed=15 in_flight=7 remaining=1562 papers/s=0.2199 pages/s=1.7298
progress completed=734 failed=15 in_flight=7 remaining=1561 papers/s=0.2202 pages/s=1.7313
progress completed=735 failed=15 in_flight=7 remaining=1560 papers/s=0.2205 pages/s=1.733
progress completed=736 failed=15 in_flight=7 remaining=1559 papers/s=0.2206 pages/s=1.7337
progress completed=737 failed=15 in_flight=7 remaining=1558 papers/s=0.2205 pages/s=1.7323
progress completed=738 failed=15 in_flight=7 remaining=1557 papers/s=0.2195 pages/s=1.7231
progress completed=739 failed=15 in_flight=7 remaining=1556 papers/s=0.2198 pages/s=1.7257
progress completed=740 failed=15 in_flight=7 remaining=1555 papers/s=0.2201 pages/s=1.7272
progress completed=741 failed=15 in_flight=7 remaining=1554 papers/s=0.2204 pages/s=1.7302
progress completed=742 failed=15 in_flight=7 remaining=1553 papers/s=0.2206 pages/s=1.7325
progress completed=743 failed=15 in_flight=7 remaining=1552 papers/s=0.2208 pages/s=1.7328
progress completed=744 failed=15 in_flight=7 remaining=1551 papers/s=0.221 pages/s=1.7351
progress completed=745 failed=15 in_flight=7 remaining=1550 papers/s=0.2207 pages/s=1.7315
progress completed=746 failed=15 in_flight=7 remaining=1549 papers/s=0.2199 pages/s=1.7245
progress completed=747 failed=15 in_flight=7 remaining=1548 papers/s=0.2202 pages/s=1.7259
progress completed=748 failed=15 in_flight=7 remaining=1547 papers/s=0.2205 pages/s=1.7279
progress completed=749 failed=15 in_flight=7 remaining=1546 papers/s=0.2207 pages/s=1.7299
progress completed=750 failed=15 in_flight=7 remaining=1545 papers/s=0.221 pages/s=1.7328
progress completed=751 failed=15 in_flight=7 remaining=1544 papers/s=0.2211 pages/s=1.7341
progress completed=752 failed=15 in_flight=7 remaining=1543 papers/s=0.2198 pages/s=1.7225
progress completed=753 failed=15 in_flight=7 remaining=1542 papers/s=0.2201 pages/s=1.7242
progress completed=754 failed=15 in_flight=7 remaining=1541 papers/s=0.2203 pages/s=1.727
progress completed=755 failed=15 in_flight=7 remaining=1540 papers/s=0.2205 pages/s=1.7273
progress completed=756 failed=15 in_flight=7 remaining=1539 papers/s=0.2206 pages/s=1.7286
progress completed=757 failed=15 in_flight=7 remaining=1538 papers/s=0.2209 pages/s=1.7309
progress completed=758 failed=15 in_flight=7 remaining=1537 papers/s=0.2208 pages/s=1.7313
progress completed=759 failed=15 in_flight=7 remaining=1536 papers/s=0.2209 pages/s=1.7329
progress completed=760 failed=15 in_flight=7 remaining=1535 papers/s=0.2205 pages/s=1.7303
progress completed=761 failed=15 in_flight=7 remaining=1534 papers/s=0.2197 pages/s=1.723
progress completed=762 failed=15 in_flight=7 remaining=1533 papers/s=0.2199 pages/s=1.7245
progress completed=763 failed=15 in_flight=7 remaining=1532 papers/s=0.2202 pages/s=1.7272
progress completed=764 failed=15 in_flight=7 remaining=1531 papers/s=0.2201 pages/s=1.7267
progress completed=765 failed=15 in_flight=7 remaining=1530 papers/s=0.2202 pages/s=1.7285
progress completed=766 failed=15 in_flight=7 remaining=1529 papers/s=0.2205 pages/s=1.7312
progress completed=767 failed=15 in_flight=7 remaining=1528 papers/s=0.2204 pages/s=1.7313
progress completed=768 failed=15 in_flight=7 remaining=1527 papers/s=0.2195 pages/s=1.7234
progress completed=769 failed=15 in_flight=7 remaining=1526 papers/s=0.2198 pages/s=1.7262
progress completed=770 failed=15 in_flight=7 remaining=1525 papers/s=0.2201 pages/s=1.7276
progress completed=771 failed=15 in_flight=7 remaining=1524 papers/s=0.2196 pages/s=1.7227
progress completed=772 failed=15 in_flight=7 remaining=1523 papers/s=0.2198 pages/s=1.7249
progress completed=773 failed=15 in_flight=7 remaining=1522 papers/s=0.22 pages/s=1.7268
progress completed=774 failed=15 in_flight=7 remaining=1521 papers/s=0.2199 pages/s=1.7263
progress completed=775 failed=15 in_flight=7 remaining=1520 papers/s=0.2199 pages/s=1.7257
progress completed=776 failed=15 in_flight=7 remaining=1519 papers/s=0.2192 pages/s=1.7189
progress completed=777 failed=15 in_flight=7 remaining=1518 papers/s=0.2194 pages/s=1.7202
progress completed=778 failed=15 in_flight=7 remaining=1517 papers/s=0.2197 pages/s=1.7227
progress completed=779 failed=15 in_flight=7 remaining=1516 papers/s=0.22 pages/s=1.7241
progress completed=780 failed=15 in_flight=7 remaining=1515 papers/s=0.2203 pages/s=1.7269
progress completed=781 failed=15 in_flight=7 remaining=1514 papers/s=0.22 pages/s=1.7256
progress completed=782 failed=15 in_flight=7 remaining=1513 papers/s=0.2188 pages/s=1.7155
progress completed=783 failed=15 in_flight=7 remaining=1512 papers/s=0.2191 pages/s=1.7174
progress completed=784 failed=15 in_flight=7 remaining=1511 papers/s=0.2194 pages/s=1.7201
progress completed=785 failed=15 in_flight=7 remaining=1510 papers/s=0.2196 pages/s=1.7223
progress completed=786 failed=15 in_flight=7 remaining=1509 papers/s=0.2199 pages/s=1.7251
progress completed=787 failed=15 in_flight=7 remaining=1508 papers/s=0.2202 pages/s=1.7272
progress completed=788 failed=15 in_flight=7 remaining=1507 papers/s=0.2203 pages/s=1.7285
progress completed=789 failed=15 in_flight=7 remaining=1506 papers/s=0.2205 pages/s=1.7311
progress completed=790 failed=15 in_flight=7 remaining=1505 papers/s=0.2192 pages/s=1.7209
progress completed=791 failed=15 in_flight=7 remaining=1504 papers/s=0.2195 pages/s=1.7222
progress completed=792 failed=15 in_flight=7 remaining=1503 papers/s=0.2198 pages/s=1.7236
progress completed=793 failed=15 in_flight=7 remaining=1502 papers/s=0.2201 pages/s=1.725
progress completed=794 failed=15 in_flight=7 remaining=1501 papers/s=0.2203 pages/s=1.7266
progress completed=795 failed=15 in_flight=7 remaining=1500 papers/s=0.2206 pages/s=1.729
progress completed=796 failed=15 in_flight=7 remaining=1499 papers/s=0.2209 pages/s=1.7315
progress completed=797 failed=15 in_flight=7 remaining=1498 papers/s=0.2206 pages/s=1.7297
progress completed=798 failed=15 in_flight=7 remaining=1497 papers/s=0.2186 pages/s=1.7142
progress completed=799 failed=15 in_flight=7 remaining=1496 papers/s=0.2189 pages/s=1.7155
progress completed=800 failed=15 in_flight=7 remaining=1495 papers/s=0.2192 pages/s=1.7183
progress completed=801 failed=15 in_flight=7 remaining=1494 papers/s=0.2194 pages/s=1.7209
progress completed=802 failed=15 in_flight=7 remaining=1493 papers/s=0.2197 pages/s=1.7236
progress completed=803 failed=15 in_flight=7 remaining=1492 papers/s=0.22 pages/s=1.726
progress completed=804 failed=15 in_flight=7 remaining=1491 papers/s=0.2198 pages/s=1.7245
progress completed=805 failed=15 in_flight=7 remaining=1490 papers/s=0.2196 pages/s=1.7234
progress completed=806 failed=15 in_flight=7 remaining=1489 papers/s=0.2183 pages/s=1.7128
progress completed=807 failed=15 in_flight=7 remaining=1488 papers/s=0.2186 pages/s=1.7149
progress completed=808 failed=15 in_flight=7 remaining=1487 papers/s=0.2189 pages/s=1.7176
progress completed=809 failed=15 in_flight=7 remaining=1486 papers/s=0.2191 pages/s=1.7197
progress completed=810 failed=15 in_flight=7 remaining=1485 papers/s=0.2194 pages/s=1.7224
progress completed=811 failed=15 in_flight=7 remaining=1484 papers/s=0.2195 pages/s=1.7235
progress completed=812 failed=15 in_flight=7 remaining=1483 papers/s=0.2197 pages/s=1.7256
progress completed=813 failed=15 in_flight=7 remaining=1482 papers/s=0.22 pages/s=1.7281
progress completed=814 failed=15 in_flight=7 remaining=1481 papers/s=0.2197 pages/s=1.725
progress completed=815 failed=15 in_flight=7 remaining=1480 papers/s=0.2195 pages/s=1.7231
progress completed=816 failed=15 in_flight=7 remaining=1479 papers/s=0.219 pages/s=1.7194
progress completed=817 failed=15 in_flight=7 remaining=1478 papers/s=0.2193 pages/s=1.7216
progress completed=818 failed=15 in_flight=7 remaining=1477 papers/s=0.2195 pages/s=1.7241
progress completed=819 failed=15 in_flight=7 remaining=1476 papers/s=0.2195 pages/s=1.7246
progress completed=820 failed=15 in_flight=7 remaining=1475 papers/s=0.2191 pages/s=1.7203
progress completed=821 failed=15 in_flight=7 remaining=1474 papers/s=0.2193 pages/s=1.7228
progress completed=822 failed=15 in_flight=7 remaining=1473 papers/s=0.2196 pages/s=1.7254
progress completed=823 failed=15 in_flight=7 remaining=1472 papers/s=0.2197 pages/s=1.7258
progress completed=824 failed=15 in_flight=7 remaining=1471 papers/s=0.2183 pages/s=1.7138
progress completed=825 failed=15 in_flight=7 remaining=1470 papers/s=0.2183 pages/s=1.713
progress completed=826 failed=15 in_flight=7 remaining=1469 papers/s=0.2185 pages/s=1.7143
progress completed=827 failed=15 in_flight=7 remaining=1468 papers/s=0.2188 pages/s=1.7156
progress completed=828 failed=15 in_flight=7 remaining=1467 papers/s=0.219 pages/s=1.7182
progress completed=829 failed=15 in_flight=7 remaining=1466 papers/s=0.2193 pages/s=1.7208
progress completed=830 failed=15 in_flight=7 remaining=1465 papers/s=0.2196 pages/s=1.7231
progress completed=831 failed=15 in_flight=7 remaining=1464 papers/s=0.2198 pages/s=1.7243
progress completed=832 failed=15 in_flight=7 remaining=1463 papers/s=0.2191 pages/s=1.7184
progress completed=833 failed=15 in_flight=7 remaining=1462 papers/s=0.2193 pages/s=1.7195
progress completed=834 failed=15 in_flight=7 remaining=1461 papers/s=0.2183 pages/s=1.7117
progress completed=835 failed=15 in_flight=7 remaining=1460 papers/s=0.2185 pages/s=1.7138
progress completed=836 failed=15 in_flight=7 remaining=1459 papers/s=0.2188 pages/s=1.7164
progress completed=837 failed=15 in_flight=7 remaining=1458 papers/s=0.2188 pages/s=1.7173
progress completed=838 failed=15 in_flight=7 remaining=1457 papers/s=0.219 pages/s=1.7187
progress completed=839 failed=15 in_flight=7 remaining=1456 papers/s=0.2192 pages/s=1.7213
progress completed=840 failed=15 in_flight=7 remaining=1455 papers/s=0.2191 pages/s=1.72
progress completed=841 failed=15 in_flight=7 remaining=1454 papers/s=0.2193 pages/s=1.7219
progress completed=842 failed=15 in_flight=7 remaining=1453 papers/s=0.2189 pages/s=1.7185
progress completed=843 failed=15 in_flight=7 remaining=1452 papers/s=0.2187 pages/s=1.7158
progress completed=844 failed=15 in_flight=7 remaining=1451 papers/s=0.2189 pages/s=1.7174
progress completed=845 failed=15 in_flight=7 remaining=1450 papers/s=0.2186 pages/s=1.7146
progress completed=846 failed=15 in_flight=7 remaining=1449 papers/s=0.2186 pages/s=1.7148
progress completed=847 failed=15 in_flight=7 remaining=1448 papers/s=0.2189 pages/s=1.7173
progress completed=848 failed=15 in_flight=7 remaining=1447 papers/s=0.2191 pages/s=1.7198
progress completed=849 failed=15 in_flight=7 remaining=1446 papers/s=0.2194 pages/s=1.7214
progress completed=850 failed=15 in_flight=7 remaining=1445 papers/s=0.219 pages/s=1.7181
progress completed=851 failed=15 in_flight=7 remaining=1444 papers/s=0.2186 pages/s=1.7138
progress completed=852 failed=15 in_flight=7 remaining=1443 papers/s=0.218 pages/s=1.7098
progress completed=853 failed=15 in_flight=7 remaining=1442 papers/s=0.2182 pages/s=1.7119
progress completed=854 failed=15 in_flight=7 remaining=1441 papers/s=0.2185 pages/s=1.7144
progress completed=855 failed=15 in_flight=7 remaining=1440 papers/s=0.2187 pages/s=1.7167
progress completed=856 failed=15 in_flight=7 remaining=1439 papers/s=0.2188 pages/s=1.7182
progress completed=857 failed=15 in_flight=7 remaining=1438 papers/s=0.2191 pages/s=1.7208
progress completed=858 failed=15 in_flight=7 remaining=1437 papers/s=0.2171 pages/s=1.7044
progress completed=859 failed=15 in_flight=7 remaining=1436 papers/s=0.2173 pages/s=1.7056
progress completed=860 failed=15 in_flight=7 remaining=1435 papers/s=0.2176 pages/s=1.7081
progress completed=861 failed=15 in_flight=7 remaining=1434 papers/s=0.2178 pages/s=1.7096
progress completed=862 failed=15 in_flight=7 remaining=1433 papers/s=0.218 pages/s=1.712
progress completed=863 failed=15 in_flight=7 remaining=1432 papers/s=0.2183 pages/s=1.7145
progress completed=864 failed=15 in_flight=7 remaining=1431 papers/s=0.2185 pages/s=1.717
progress completed=865 failed=15 in_flight=7 remaining=1430 papers/s=0.2185 pages/s=1.7171
progress completed=866 failed=15 in_flight=7 remaining=1429 papers/s=0.2169 pages/s=1.705
progress completed=867 failed=15 in_flight=7 remaining=1428 papers/s=0.2171 pages/s=1.7075
progress completed=868 failed=15 in_flight=7 remaining=1427 papers/s=0.2174 pages/s=1.7089
progress completed=869 failed=15 in_flight=7 remaining=1426 papers/s=0.2176 pages/s=1.7114
progress completed=870 failed=15 in_flight=7 remaining=1425 papers/s=0.2178 pages/s=1.713
progress completed=871 failed=15 in_flight=7 remaining=1424 papers/s=0.2178 pages/s=1.713
progress completed=872 failed=15 in_flight=7 remaining=1423 papers/s=0.2181 pages/s=1.715
progress completed=873 failed=15 in_flight=7 remaining=1422 papers/s=0.2169 pages/s=1.705
progress completed=874 failed=15 in_flight=7 remaining=1421 papers/s=0.2171 pages/s=1.7072
progress completed=875 failed=15 in_flight=7 remaining=1420 papers/s=0.2155 pages/s=1.6944
progress completed=876 failed=15 in_flight=7 remaining=1419 papers/s=0.2157 pages/s=1.6968
progress completed=877 failed=15 in_flight=7 remaining=1418 papers/s=0.216 pages/s=1.6985
progress completed=878 failed=15 in_flight=7 remaining=1417 papers/s=0.2162 pages/s=1.7002
progress completed=879 failed=15 in_flight=7 remaining=1416 papers/s=0.2165 pages/s=1.7026
progress completed=880 failed=15 in_flight=7 remaining=1415 papers/s=0.2164 pages/s=1.7029
progress completed=881 failed=15 in_flight=7 remaining=1414 papers/s=0.2167 pages/s=1.7054
progress completed=882 failed=15 in_flight=7 remaining=1413 papers/s=0.2154 pages/s=1.6949
progress completed=883 failed=15 in_flight=7 remaining=1412 papers/s=0.2154 pages/s=1.6951
progress completed=884 failed=15 in_flight=7 remaining=1411 papers/s=0.2152 pages/s=1.6941
failure paper_id=Engineering_2304.01815 error_type=mineru_failure attempts=3 message=Task ad1285cd-a0d3-4b2d-b509-6aa5e3833333 failed: CUDA out of memory. Tried to allocate 1.48 GiB. GPU 0 has a total capacity of 39.67 GiB of which 591.06 MiB is free. Including non-PyTorch memory, this process has 17.13 GiB memory in use. Process 3637001 has 21.95 GiB memory in use. Of the allocated memory 13.05 GiB is allocated by PyTorch, and 3.25 GiB is reserved by PyTorch but unallocated. If reserved but unallocated memory is large try setting PYTORCH_CUDA_ALLOC_CONF=expandable_segments:True to avoid fragmentation.  See documentation for Memory Management  (https://docs.pytorch.org/docs/stable/notes/cuda.html#optimizing-memory-usage-with-pytorch-cuda-alloc-conf)
progress completed=884 failed=16 in_flight=7 remaining=1410 papers/s=0.2149 pages/s=1.6913
progress completed=885 failed=16 in_flight=7 remaining=1409 papers/s=0.2144 pages/s=1.688
failure paper_id=Engineering_2304.05105 error_type=mineru_failure attempts=3 message=Task f46d75e5-a1e4-4004-9d70-2535c563ddf6 failed: CUDA out of memory. Tried to allocate 1.48 GiB. GPU 0 has a total capacity of 39.67 GiB of which 557.06 MiB is free. Including non-PyTorch memory, this process has 17.16 GiB memory in use. Process 3637001 has 21.95 GiB memory in use. Of the allocated memory 13.57 GiB is allocated by PyTorch, and 2.77 GiB is reserved by PyTorch but unallocated. If reserved but unallocated memory is large try setting PYTORCH_CUDA_ALLOC_CONF=expandable_segments:True to avoid fragmentation.  See documentation for Memory Management  (https://docs.pytorch.org/docs/stable/notes/cuda.html#optimizing-memory-usage-with-pytorch-cuda-alloc-conf)
progress completed=885 failed=17 in_flight=7 remaining=1408 papers/s=0.2137 pages/s=1.6826
progress completed=886 failed=17 in_flight=7 remaining=1407 papers/s=0.2131 pages/s=1.6781
progress completed=887 failed=17 in_flight=7 remaining=1406 papers/s=0.2134 pages/s=1.6802
progress completed=888 failed=17 in_flight=7 remaining=1405 papers/s=0.2136 pages/s=1.6813
progress completed=889 failed=17 in_flight=7 remaining=1404 papers/s=0.2138 pages/s=1.6837
progress completed=890 failed=17 in_flight=7 remaining=1403 papers/s=0.2138 pages/s=1.6838
progress completed=891 failed=17 in_flight=7 remaining=1402 papers/s=0.214 pages/s=1.685
progress completed=892 failed=17 in_flight=7 remaining=1401 papers/s=0.2128 pages/s=1.6756
progress completed=893 failed=17 in_flight=7 remaining=1400 papers/s=0.213 pages/s=1.6771
progress completed=894 failed=17 in_flight=7 remaining=1399 papers/s=0.2133 pages/s=1.6795
progress completed=895 failed=17 in_flight=7 remaining=1398 papers/s=0.2135 pages/s=1.6816
progress completed=896 failed=17 in_flight=7 remaining=1397 papers/s=0.2137 pages/s=1.6833
progress completed=897 failed=17 in_flight=7 remaining=1396 papers/s=0.2138 pages/s=1.6847
progress completed=898 failed=17 in_flight=7 remaining=1395 papers/s=0.214 pages/s=1.687
progress completed=899 failed=17 in_flight=7 remaining=1394 papers/s=0.2141 pages/s=1.6868
progress completed=900 failed=17 in_flight=7 remaining=1393 papers/s=0.2129 pages/s=1.6774
progress completed=901 failed=17 in_flight=7 remaining=1392 papers/s=0.2131 pages/s=1.6797
progress completed=902 failed=17 in_flight=7 remaining=1391 papers/s=0.2133 pages/s=1.6809
progress completed=903 failed=17 in_flight=7 remaining=1390 papers/s=0.2136 pages/s=1.6832
progress completed=904 failed=17 in_flight=7 remaining=1389 papers/s=0.2137 pages/s=1.6846
progress completed=905 failed=17 in_flight=7 remaining=1388 papers/s=0.214 pages/s=1.686
progress completed=906 failed=17 in_flight=7 remaining=1387 papers/s=0.2142 pages/s=1.6882
progress completed=907 failed=17 in_flight=7 remaining=1386 papers/s=0.2144 pages/s=1.6903
progress completed=908 failed=17 in_flight=7 remaining=1385 papers/s=0.2143 pages/s=1.6891
progress completed=909 failed=17 in_flight=7 remaining=1384 papers/s=0.2144 pages/s=1.6904
progress completed=910 failed=17 in_flight=7 remaining=1383 papers/s=0.2134 pages/s=1.682
progress completed=911 failed=17 in_flight=7 remaining=1382 papers/s=0.2136 pages/s=1.6833
progress completed=912 failed=17 in_flight=7 remaining=1381 papers/s=0.2138 pages/s=1.6856
progress completed=913 failed=17 in_flight=7 remaining=1380 papers/s=0.2141 pages/s=1.6879
progress completed=914 failed=17 in_flight=7 remaining=1379 papers/s=0.2142 pages/s=1.6887
progress completed=915 failed=17 in_flight=7 remaining=1378 papers/s=0.2145 pages/s=1.6907
progress completed=916 failed=17 in_flight=7 remaining=1377 papers/s=0.2147 pages/s=1.6927
progress completed=917 failed=17 in_flight=7 remaining=1376 papers/s=0.2146 pages/s=1.6912
progress completed=918 failed=17 in_flight=7 remaining=1375 papers/s=0.214 pages/s=1.6865
progress completed=919 failed=17 in_flight=7 remaining=1374 papers/s=0.2142 pages/s=1.6879
progress completed=920 failed=17 in_flight=7 remaining=1373 papers/s=0.2136 pages/s=1.6825
progress completed=921 failed=17 in_flight=7 remaining=1372 papers/s=0.2138 pages/s=1.6836
progress completed=922 failed=17 in_flight=7 remaining=1371 papers/s=0.2141 pages/s=1.6859
progress completed=923 failed=17 in_flight=7 remaining=1370 papers/s=0.2143 pages/s=1.6881
progress completed=924 failed=17 in_flight=7 remaining=1369 papers/s=0.2145 pages/s=1.6903
progress completed=925 failed=17 in_flight=7 remaining=1368 papers/s=0.2146 pages/s=1.6915
progress completed=926 failed=17 in_flight=7 remaining=1367 papers/s=0.2141 pages/s=1.6866
progress completed=927 failed=17 in_flight=7 remaining=1366 papers/s=0.2133 pages/s=1.68
progress completed=928 failed=17 in_flight=7 remaining=1365 papers/s=0.2135 pages/s=1.6822
progress completed=929 failed=17 in_flight=7 remaining=1364 papers/s=0.2137 pages/s=1.6844
progress completed=930 failed=17 in_flight=7 remaining=1363 papers/s=0.214 pages/s=1.6867
progress completed=931 failed=17 in_flight=7 remaining=1362 papers/s=0.2142 pages/s=1.6882
progress completed=932 failed=17 in_flight=7 remaining=1361 papers/s=0.2144 pages/s=1.69
progress completed=933 failed=17 in_flight=7 remaining=1360 papers/s=0.2145 pages/s=1.6908
progress completed=934 failed=17 in_flight=7 remaining=1359 papers/s=0.2143 pages/s=1.689
progress completed=935 failed=17 in_flight=7 remaining=1358 papers/s=0.214 pages/s=1.6859
progress completed=936 failed=17 in_flight=7 remaining=1357 papers/s=0.2142 pages/s=1.6871
progress completed=937 failed=17 in_flight=7 remaining=1356 papers/s=0.2145 pages/s=1.6889
progress completed=938 failed=17 in_flight=7 remaining=1355 papers/s=0.2147 pages/s=1.69
progress completed=939 failed=17 in_flight=7 remaining=1354 papers/s=0.2149 pages/s=1.6911
progress completed=940 failed=17 in_flight=7 remaining=1353 papers/s=0.2151 pages/s=1.6925
progress completed=941 failed=17 in_flight=7 remaining=1352 papers/s=0.2154 pages/s=1.6938
progress completed=942 failed=17 in_flight=7 remaining=1351 papers/s=0.2152 pages/s=1.6919
progress completed=943 failed=17 in_flight=7 remaining=1350 papers/s=0.2147 pages/s=1.6875
progress completed=944 failed=17 in_flight=7 remaining=1349 papers/s=0.2148 pages/s=1.6884
progress completed=945 failed=17 in_flight=7 remaining=1348 papers/s=0.2147 pages/s=1.6867
progress completed=946 failed=17 in_flight=7 remaining=1347 papers/s=0.2149 pages/s=1.6881
progress completed=947 failed=17 in_flight=7 remaining=1346 papers/s=0.2151 pages/s=1.6892
progress completed=948 failed=17 in_flight=7 remaining=1345 papers/s=0.2153 pages/s=1.6899
progress completed=949 failed=17 in_flight=7 remaining=1344 papers/s=0.2155 pages/s=1.6919
progress completed=950 failed=17 in_flight=7 remaining=1343 papers/s=0.2157 pages/s=1.6932
progress completed=951 failed=17 in_flight=7 remaining=1342 papers/s=0.2156 pages/s=1.6916
progress completed=952 failed=17 in_flight=7 remaining=1341 papers/s=0.2108 pages/s=1.6537
progress completed=953 failed=17 in_flight=7 remaining=1340 papers/s=0.211 pages/s=1.6559
progress completed=954 failed=17 in_flight=7 remaining=1339 papers/s=0.2112 pages/s=1.6581
progress completed=955 failed=17 in_flight=7 remaining=1338 papers/s=0.2114 pages/s=1.6594
progress completed=956 failed=17 in_flight=7 remaining=1337 papers/s=0.2116 pages/s=1.6607
progress completed=957 failed=17 in_flight=7 remaining=1336 papers/s=0.2118 pages/s=1.6622
progress completed=958 failed=17 in_flight=7 remaining=1335 papers/s=0.2121 pages/s=1.6642
progress completed=959 failed=17 in_flight=7 remaining=1334 papers/s=0.212 pages/s=1.6643
progress completed=960 failed=17 in_flight=7 remaining=1333 papers/s=0.212 pages/s=1.6633
progress completed=961 failed=17 in_flight=7 remaining=1332 papers/s=0.2119 pages/s=1.6623
progress completed=962 failed=17 in_flight=7 remaining=1331 papers/s=0.2113 pages/s=1.6582
progress completed=963 failed=17 in_flight=7 remaining=1330 papers/s=0.2115 pages/s=1.6593
progress completed=964 failed=17 in_flight=7 remaining=1329 papers/s=0.2117 pages/s=1.6615
progress completed=965 failed=17 in_flight=7 remaining=1328 papers/s=0.212 pages/s=1.6634
progress completed=966 failed=17 in_flight=7 remaining=1327 papers/s=0.2121 pages/s=1.6639
progress completed=967 failed=17 in_flight=7 remaining=1326 papers/s=0.2123 pages/s=1.6654
progress completed=968 failed=17 in_flight=7 remaining=1325 papers/s=0.2125 pages/s=1.6671
progress completed=969 failed=17 in_flight=7 remaining=1324 papers/s=0.2122 pages/s=1.665
progress completed=970 failed=17 in_flight=7 remaining=1323 papers/s=0.2119 pages/s=1.6619
progress completed=971 failed=17 in_flight=7 remaining=1322 papers/s=0.2121 pages/s=1.6636
progress completed=972 failed=17 in_flight=7 remaining=1321 papers/s=0.2123 pages/s=1.664
progress completed=973 failed=17 in_flight=7 remaining=1320 papers/s=0.2125 pages/s=1.6658
progress completed=974 failed=17 in_flight=7 remaining=1319 papers/s=0.2127 pages/s=1.6671
progress completed=975 failed=17 in_flight=7 remaining=1318 papers/s=0.2126 pages/s=1.6664
progress completed=976 failed=17 in_flight=7 remaining=1317 papers/s=0.2127 pages/s=1.6682
progress completed=977 failed=17 in_flight=7 remaining=1316 papers/s=0.2122 pages/s=1.6637
progress completed=978 failed=17 in_flight=7 remaining=1315 papers/s=0.2124 pages/s=1.6649
progress completed=979 failed=17 in_flight=7 remaining=1314 papers/s=0.2123 pages/s=1.6639
progress completed=980 failed=17 in_flight=7 remaining=1313 papers/s=0.2121 pages/s=1.6625
progress completed=981 failed=17 in_flight=7 remaining=1312 papers/s=0.2123 pages/s=1.6642
progress completed=982 failed=17 in_flight=7 remaining=1311 papers/s=0.2126 pages/s=1.6652
progress completed=983 failed=17 in_flight=7 remaining=1310 papers/s=0.2128 pages/s=1.6674
progress completed=984 failed=17 in_flight=7 remaining=1309 papers/s=0.2128 pages/s=1.6682
progress completed=985 failed=17 in_flight=7 remaining=1308 papers/s=0.2121 pages/s=1.663
progress completed=986 failed=17 in_flight=7 remaining=1307 papers/s=0.2123 pages/s=1.665
progress completed=987 failed=17 in_flight=7 remaining=1306 papers/s=0.2125 pages/s=1.6667
progress completed=988 failed=17 in_flight=7 remaining=1305 papers/s=0.2127 pages/s=1.6683
progress completed=989 failed=17 in_flight=7 remaining=1304 papers/s=0.2129 pages/s=1.6702
progress completed=990 failed=17 in_flight=7 remaining=1303 papers/s=0.213 pages/s=1.6703
progress completed=991 failed=17 in_flight=7 remaining=1302 papers/s=0.2132 pages/s=1.6718
progress completed=992 failed=17 in_flight=7 remaining=1301 papers/s=0.2131 pages/s=1.6719
progress completed=993 failed=17 in_flight=7 remaining=1300 papers/s=0.213 pages/s=1.6699
progress completed=994 failed=17 in_flight=7 remaining=1299 papers/s=0.2127 pages/s=1.667
progress completed=995 failed=17 in_flight=7 remaining=1298 papers/s=0.2129 pages/s=1.668
progress completed=996 failed=17 in_flight=7 remaining=1297 papers/s=0.2131 pages/s=1.669
progress completed=997 failed=17 in_flight=7 remaining=1296 papers/s=0.2132 pages/s=1.67
progress completed=998 failed=17 in_flight=7 remaining=1295 papers/s=0.2134 pages/s=1.6715
progress completed=999 failed=17 in_flight=7 remaining=1294 papers/s=0.2136 pages/s=1.6732
progress completed=1000 failed=17 in_flight=7 remaining=1293 papers/s=0.2134 pages/s=1.6722
progress completed=1001 failed=17 in_flight=7 remaining=1292 papers/s=0.2135 pages/s=1.6736
progress completed=1002 failed=17 in_flight=7 remaining=1291 papers/s=0.2136 pages/s=1.6733
progress completed=1003 failed=17 in_flight=7 remaining=1290 papers/s=0.2138 pages/s=1.6754
progress completed=1004 failed=17 in_flight=7 remaining=1289 papers/s=0.2129 pages/s=1.6687
progress completed=1005 failed=17 in_flight=7 remaining=1288 papers/s=0.2131 pages/s=1.6708
progress completed=1006 failed=17 in_flight=7 remaining=1287 papers/s=0.2133 pages/s=1.672
progress completed=1007 failed=17 in_flight=7 remaining=1286 papers/s=0.2136 pages/s=1.6741
progress completed=1008 failed=17 in_flight=7 remaining=1285 papers/s=0.2136 pages/s=1.674
progress completed=1009 failed=17 in_flight=7 remaining=1284 papers/s=0.2138 pages/s=1.6753
progress completed=1010 failed=17 in_flight=7 remaining=1283 papers/s=0.214 pages/s=1.6769
progress completed=1011 failed=17 in_flight=7 remaining=1282 papers/s=0.2141 pages/s=1.6773
progress completed=1012 failed=17 in_flight=7 remaining=1281 papers/s=0.2139 pages/s=1.6761
progress completed=1013 failed=17 in_flight=7 remaining=1280 papers/s=0.2136 pages/s=1.6746
progress completed=1014 failed=17 in_flight=7 remaining=1279 papers/s=0.2135 pages/s=1.6731
progress completed=1015 failed=17 in_flight=7 remaining=1278 papers/s=0.2137 pages/s=1.6752
progress completed=1016 failed=17 in_flight=7 remaining=1277 papers/s=0.2138 pages/s=1.6759
progress completed=1017 failed=17 in_flight=7 remaining=1276 papers/s=0.214 pages/s=1.678
progress completed=1018 failed=17 in_flight=7 remaining=1275 papers/s=0.2138 pages/s=1.6767
progress completed=1019 failed=17 in_flight=7 remaining=1274 papers/s=0.214 pages/s=1.6788
progress completed=1020 failed=17 in_flight=7 remaining=1273 papers/s=0.2142 pages/s=1.6809
progress completed=1021 failed=17 in_flight=7 remaining=1272 papers/s=0.2141 pages/s=1.6803
progress completed=1022 failed=17 in_flight=7 remaining=1271 papers/s=0.2137 pages/s=1.6764
progress completed=1023 failed=17 in_flight=7 remaining=1270 papers/s=0.2139 pages/s=1.678
progress completed=1024 failed=17 in_flight=7 remaining=1269 papers/s=0.2141 pages/s=1.6795
progress completed=1025 failed=17 in_flight=7 remaining=1268 papers/s=0.2143 pages/s=1.6807
progress completed=1026 failed=17 in_flight=7 remaining=1267 papers/s=0.2145 pages/s=1.6824
progress completed=1027 failed=17 in_flight=7 remaining=1266 papers/s=0.2145 pages/s=1.682
progress completed=1028 failed=17 in_flight=7 remaining=1265 papers/s=0.2145 pages/s=1.6819
progress completed=1029 failed=17 in_flight=7 remaining=1264 papers/s=0.2144 pages/s=1.6805
progress completed=1030 failed=17 in_flight=7 remaining=1263 papers/s=0.2144 pages/s=1.6812
progress completed=1031 failed=17 in_flight=7 remaining=1262 papers/s=0.2139 pages/s=1.6771
progress completed=1032 failed=17 in_flight=7 remaining=1261 papers/s=0.2141 pages/s=1.6792
progress completed=1033 failed=17 in_flight=7 remaining=1260 papers/s=0.2143 pages/s=1.681
progress completed=1034 failed=17 in_flight=7 remaining=1259 papers/s=0.2145 pages/s=1.683
progress completed=1035 failed=17 in_flight=7 remaining=1258 papers/s=0.2142 pages/s=1.681
progress completed=1036 failed=17 in_flight=7 remaining=1257 papers/s=0.2144 pages/s=1.683
progress completed=1037 failed=17 in_flight=7 remaining=1256 papers/s=0.2144 pages/s=1.6829
progress completed=1038 failed=17 in_flight=7 remaining=1255 papers/s=0.2146 pages/s=1.6842
progress completed=1039 failed=17 in_flight=7 remaining=1254 papers/s=0.2148 pages/s=1.6854
progress completed=1040 failed=17 in_flight=7 remaining=1253 papers/s=0.2146 pages/s=1.6837
progress completed=1041 failed=17 in_flight=7 remaining=1252 papers/s=0.2148 pages/s=1.6857
progress completed=1042 failed=17 in_flight=7 remaining=1251 papers/s=0.215 pages/s=1.6877
progress completed=1043 failed=17 in_flight=7 remaining=1250 papers/s=0.2146 pages/s=1.6847
progress completed=1044 failed=17 in_flight=7 remaining=1249 papers/s=0.2148 pages/s=1.6857
progress completed=1045 failed=17 in_flight=7 remaining=1248 papers/s=0.215 pages/s=1.6866
progress completed=1046 failed=17 in_flight=7 remaining=1247 papers/s=0.2152 pages/s=1.6886
progress completed=1047 failed=17 in_flight=7 remaining=1246 papers/s=0.2152 pages/s=1.6875
progress completed=1048 failed=17 in_flight=7 remaining=1245 papers/s=0.2153 pages/s=1.6883
progress completed=1049 failed=17 in_flight=7 remaining=1244 papers/s=0.215 pages/s=1.6859
progress completed=1050 failed=17 in_flight=7 remaining=1243 papers/s=0.2145 pages/s=1.6817
progress completed=1051 failed=17 in_flight=7 remaining=1242 papers/s=0.2147 pages/s=1.6827
progress completed=1052 failed=17 in_flight=7 remaining=1241 papers/s=0.2149 pages/s=1.6837
progress completed=1053 failed=17 in_flight=7 remaining=1240 papers/s=0.2151 pages/s=1.6847
progress completed=1054 failed=17 in_flight=7 remaining=1239 papers/s=0.2153 pages/s=1.6861
progress completed=1055 failed=17 in_flight=7 remaining=1238 papers/s=0.2155 pages/s=1.6881
progress completed=1056 failed=17 in_flight=7 remaining=1237 papers/s=0.2153 pages/s=1.6859
progress completed=1057 failed=17 in_flight=7 remaining=1236 papers/s=0.2154 pages/s=1.687
progress completed=1058 failed=17 in_flight=7 remaining=1235 papers/s=0.2154 pages/s=1.6865
progress completed=1059 failed=17 in_flight=7 remaining=1234 papers/s=0.2151 pages/s=1.6838
progress completed=1060 failed=17 in_flight=7 remaining=1233 papers/s=0.2153 pages/s=1.685
progress completed=1061 failed=17 in_flight=7 remaining=1232 papers/s=0.2155 pages/s=1.6864
progress completed=1062 failed=17 in_flight=7 remaining=1231 papers/s=0.2156 pages/s=1.6877
progress completed=1063 failed=17 in_flight=7 remaining=1230 papers/s=0.2157 pages/s=1.689
progress completed=1064 failed=17 in_flight=7 remaining=1229 papers/s=0.2155 pages/s=1.6878
progress completed=1065 failed=17 in_flight=7 remaining=1228 papers/s=0.2157 pages/s=1.6889
progress completed=1066 failed=17 in_flight=7 remaining=1227 papers/s=0.2159 pages/s=1.6899
progress completed=1067 failed=17 in_flight=7 remaining=1226 papers/s=0.2146 pages/s=1.6805
progress completed=1068 failed=17 in_flight=7 remaining=1225 papers/s=0.2148 pages/s=1.6821
progress completed=1069 failed=17 in_flight=7 remaining=1224 papers/s=0.215 pages/s=1.6841
progress completed=1070 failed=17 in_flight=7 remaining=1223 papers/s=0.2152 pages/s=1.6861
progress completed=1071 failed=17 in_flight=7 remaining=1222 papers/s=0.2154 pages/s=1.6875
progress completed=1072 failed=17 in_flight=7 remaining=1221 papers/s=0.2156 pages/s=1.6893
progress completed=1073 failed=17 in_flight=7 remaining=1220 papers/s=0.2157 pages/s=1.6904
progress completed=1074 failed=17 in_flight=7 remaining=1219 papers/s=0.2159 pages/s=1.6924
progress completed=1075 failed=17 in_flight=7 remaining=1218 papers/s=0.2147 pages/s=1.6821
progress completed=1076 failed=17 in_flight=7 remaining=1217 papers/s=0.2149 pages/s=1.6841
progress completed=1077 failed=17 in_flight=7 remaining=1216 papers/s=0.215 pages/s=1.6856
progress completed=1078 failed=17 in_flight=7 remaining=1215 papers/s=0.2152 pages/s=1.6868
progress completed=1079 failed=17 in_flight=7 remaining=1214 papers/s=0.2154 pages/s=1.6881
progress completed=1080 failed=17 in_flight=7 remaining=1213 papers/s=0.2155 pages/s=1.6897
progress completed=1081 failed=17 in_flight=7 remaining=1212 papers/s=0.2157 pages/s=1.6917
progress completed=1082 failed=17 in_flight=7 remaining=1211 papers/s=0.2157 pages/s=1.6915
progress completed=1083 failed=17 in_flight=7 remaining=1210 papers/s=0.2155 pages/s=1.6896
progress completed=1084 failed=17 in_flight=7 remaining=1209 papers/s=0.215 pages/s=1.6856
progress completed=1085 failed=17 in_flight=7 remaining=1208 papers/s=0.2152 pages/s=1.687
progress completed=1086 failed=17 in_flight=7 remaining=1207 papers/s=0.2154 pages/s=1.689
progress completed=1087 failed=17 in_flight=7 remaining=1206 papers/s=0.215 pages/s=1.6853
progress completed=1088 failed=17 in_flight=7 remaining=1205 papers/s=0.2152 pages/s=1.6865
progress completed=1089 failed=17 in_flight=7 remaining=1204 papers/s=0.2154 pages/s=1.6874
progress completed=1090 failed=17 in_flight=7 remaining=1203 papers/s=0.2155 pages/s=1.6891
progress completed=1091 failed=17 in_flight=7 remaining=1202 papers/s=0.2156 pages/s=1.6903
progress completed=1092 failed=17 in_flight=7 remaining=1201 papers/s=0.2155 pages/s=1.689
progress completed=1093 failed=17 in_flight=7 remaining=1200 papers/s=0.2151 pages/s=1.6852
progress completed=1094 failed=17 in_flight=7 remaining=1199 papers/s=0.2153 pages/s=1.6863
progress completed=1095 failed=17 in_flight=7 remaining=1198 papers/s=0.2155 pages/s=1.6873
progress completed=1096 failed=17 in_flight=7 remaining=1197 papers/s=0.2157 pages/s=1.6892
progress completed=1097 failed=17 in_flight=7 remaining=1196 papers/s=0.2158 pages/s=1.6906
progress completed=1098 failed=17 in_flight=7 remaining=1195 papers/s=0.2159 pages/s=1.6911
progress completed=1099 failed=17 in_flight=7 remaining=1194 papers/s=0.2161 pages/s=1.6923
progress completed=1100 failed=17 in_flight=7 remaining=1193 papers/s=0.2158 pages/s=1.6893
progress completed=1101 failed=17 in_flight=7 remaining=1192 papers/s=0.215 pages/s=1.6828
progress completed=1102 failed=17 in_flight=7 remaining=1191 papers/s=0.2152 pages/s=1.6845
progress completed=1103 failed=17 in_flight=7 remaining=1190 papers/s=0.2154 pages/s=1.6861
progress completed=1104 failed=17 in_flight=7 remaining=1189 papers/s=0.2156 pages/s=1.6879
progress completed=1105 failed=17 in_flight=7 remaining=1188 papers/s=0.2158 pages/s=1.6898
progress completed=1106 failed=17 in_flight=7 remaining=1187 papers/s=0.2158 pages/s=1.6901
progress completed=1107 failed=17 in_flight=7 remaining=1186 papers/s=0.216 pages/s=1.692
progress completed=1108 failed=17 in_flight=7 remaining=1185 papers/s=0.2162 pages/s=1.6936
progress completed=1109 failed=17 in_flight=7 remaining=1184 papers/s=0.2161 pages/s=1.6927
progress completed=1110 failed=17 in_flight=7 remaining=1183 papers/s=0.2154 pages/s=1.6868
progress completed=1111 failed=17 in_flight=7 remaining=1182 papers/s=0.2156 pages/s=1.6881
progress completed=1112 failed=17 in_flight=7 remaining=1181 papers/s=0.2157 pages/s=1.6901
progress completed=1113 failed=17 in_flight=7 remaining=1180 papers/s=0.2159 pages/s=1.692
progress completed=1114 failed=17 in_flight=7 remaining=1179 papers/s=0.2161 pages/s=1.6939
progress completed=1115 failed=17 in_flight=7 remaining=1178 papers/s=0.2162 pages/s=1.6949
progress completed=1116 failed=17 in_flight=7 remaining=1177 papers/s=0.2162 pages/s=1.6953
progress completed=1117 failed=17 in_flight=7 remaining=1176 papers/s=0.2161 pages/s=1.6951
progress completed=1118 failed=17 in_flight=7 remaining=1175 papers/s=0.2161 pages/s=1.6954
progress completed=1119 failed=17 in_flight=7 remaining=1174 papers/s=0.2153 pages/s=1.6895
progress completed=1120 failed=17 in_flight=7 remaining=1173 papers/s=0.2155 pages/s=1.6907
progress completed=1121 failed=17 in_flight=7 remaining=1172 papers/s=0.2157 pages/s=1.6918
progress completed=1122 failed=17 in_flight=7 remaining=1171 papers/s=0.2159 pages/s=1.6931
progress completed=1123 failed=17 in_flight=7 remaining=1170 papers/s=0.216 pages/s=1.6934
progress completed=1124 failed=17 in_flight=7 remaining=1169 papers/s=0.2162 pages/s=1.6953
progress completed=1125 failed=17 in_flight=7 remaining=1168 papers/s=0.2164 pages/s=1.6972
progress completed=1126 failed=17 in_flight=7 remaining=1167 papers/s=0.216 pages/s=1.694
progress completed=1127 failed=17 in_flight=7 remaining=1166 papers/s=0.2158 pages/s=1.6924
progress completed=1128 failed=17 in_flight=7 remaining=1165 papers/s=0.216 pages/s=1.6939
progress completed=1129 failed=17 in_flight=7 remaining=1164 papers/s=0.2156 pages/s=1.6918
progress completed=1130 failed=17 in_flight=7 remaining=1163 papers/s=0.2158 pages/s=1.6927
progress completed=1131 failed=17 in_flight=7 remaining=1162 papers/s=0.216 pages/s=1.6946
progress completed=1132 failed=17 in_flight=7 remaining=1161 papers/s=0.2162 pages/s=1.6964
progress completed=1133 failed=17 in_flight=7 remaining=1160 papers/s=0.216 pages/s=1.6956
progress completed=1134 failed=17 in_flight=7 remaining=1159 papers/s=0.2158 pages/s=1.6938
progress completed=1135 failed=17 in_flight=7 remaining=1158 papers/s=0.2157 pages/s=1.6932
progress completed=1136 failed=17 in_flight=7 remaining=1157 papers/s=0.2154 pages/s=1.6905
progress completed=1137 failed=17 in_flight=7 remaining=1156 papers/s=0.2156 pages/s=1.6924
progress completed=1138 failed=17 in_flight=7 remaining=1155 papers/s=0.2158 pages/s=1.6942
progress completed=1139 failed=17 in_flight=7 remaining=1154 papers/s=0.2159 pages/s=1.6961
progress completed=1140 failed=17 in_flight=7 remaining=1153 papers/s=0.2159 pages/s=1.6964
progress completed=1141 failed=17 in_flight=7 remaining=1152 papers/s=0.216 pages/s=1.6976
progress completed=1142 failed=17 in_flight=7 remaining=1151 papers/s=0.2159 pages/s=1.6968
progress completed=1143 failed=17 in_flight=7 remaining=1150 papers/s=0.2154 pages/s=1.6931
progress completed=1144 failed=17 in_flight=7 remaining=1149 papers/s=0.2155 pages/s=1.694
progress completed=1145 failed=17 in_flight=7 remaining=1148 papers/s=0.2157 pages/s=1.6951
progress completed=1146 failed=17 in_flight=7 remaining=1147 papers/s=0.2159 pages/s=1.6962
progress completed=1147 failed=17 in_flight=7 remaining=1146 papers/s=0.2161 pages/s=1.6973
progress completed=1148 failed=17 in_flight=7 remaining=1145 papers/s=0.2161 pages/s=1.6975
progress completed=1149 failed=17 in_flight=7 remaining=1144 papers/s=0.2159 pages/s=1.696
progress completed=1150 failed=17 in_flight=7 remaining=1143 papers/s=0.2159 pages/s=1.6959
progress completed=1151 failed=17 in_flight=7 remaining=1142 papers/s=0.216 pages/s=1.6977
progress completed=1152 failed=17 in_flight=7 remaining=1141 papers/s=0.2158 pages/s=1.6954
progress completed=1153 failed=17 in_flight=7 remaining=1140 papers/s=0.2158 pages/s=1.6948
progress completed=1154 failed=17 in_flight=7 remaining=1139 papers/s=0.2159 pages/s=1.6959
progress completed=1155 failed=17 in_flight=7 remaining=1138 papers/s=0.2161 pages/s=1.6973
progress completed=1156 failed=17 in_flight=7 remaining=1137 papers/s=0.2162 pages/s=1.6975
progress completed=1157 failed=17 in_flight=7 remaining=1136 papers/s=0.2164 pages/s=1.6993
