Job 27335344 processes the full train+test split from /scratch-shared/sfris1/pdf_datasets.
MinerU server and caller concurrency: 8
MinerU server log: scripts/extraction/slurm/27335344.server.log
MinerU caller log: scripts/extraction/slurm/27335344.caller.log
Temporary path: /tmp/sfris1/mineru_27335344
[2026-09-29T05:25:29Z] Starting caller: env PYTHONPATH=/gpfs/home5/sfris1/multimodal-tip-of-tongue-for-scientific-papers/src .venv-mineru/bin/python -m extraction --input-dir /scratch-shared/sfris1/pdf_datasets --split-index /scratch-shared/sfris1/data/splits/pdf_dataset_split.json --split train+test --output-dir /scratch-shared/sfris1/processed --api-url http://127.0.0.1:38489 --max-in-flight 8 --domains Medicine
{
  "mineru_health": {
    "completed_tasks": 0,
    "failed_tasks": 0,
    "max_concurrent_requests": 8,
    "processing_tasks": 0,
    "processing_window_size": 64,
    "protocol_version": 2,
    "queued_tasks": 0,
    "servers": [
      {
        "base_url": "http://127.0.0.1:47515",
        "completed_tasks": 0,
        "failed_tasks": 0,
        "gpu": "0",
        "healthy": true,
        "last_checked_at": "2026-09-29T05:25:45.033246+00:00",
        "last_error": null,
        "max_concurrent_requests": 8,
        "processing_tasks": 0,
        "processing_window_size": 64,
        "queued_tasks": 0,
        "server_id": "local-gpu-0",
        "source": "local"
      }
    ],
    "status": "healthy",
    "version": "3.4.0"
  }
}
progress completed=1 failed=0 in_flight=7 remaining=2309 papers/s=0.0126 pages/s=0.1004
progress completed=2 failed=0 in_flight=7 remaining=2308 papers/s=0.0209 pages/s=0.188
progress completed=3 failed=0 in_flight=7 remaining=2307 papers/s=0.0313 pages/s=0.2819
progress completed=4 failed=0 in_flight=7 remaining=2306 papers/s=0.0417 pages/s=0.3861
progress completed=5 failed=0 in_flight=7 remaining=2305 papers/s=0.0512 pages/s=0.4609
progress completed=6 failed=0 in_flight=7 remaining=2304 papers/s=0.0614 pages/s=0.532
progress completed=7 failed=0 in_flight=7 remaining=2303 papers/s=0.0715 pages/s=0.6027
progress completed=8 failed=0 in_flight=7 remaining=2302 papers/s=0.0816 pages/s=0.7037
progress completed=9 failed=0 in_flight=7 remaining=2301 papers/s=0.072 pages/s=0.6322
progress completed=10 failed=0 in_flight=7 remaining=2300 papers/s=0.08 pages/s=0.7038
progress completed=11 failed=0 in_flight=7 remaining=2299 papers/s=0.0879 pages/s=0.7835
progress completed=12 failed=0 in_flight=7 remaining=2298 papers/s=0.0958 pages/s=0.8625
progress completed=13 failed=0 in_flight=7 remaining=2297 papers/s=0.1017 pages/s=0.9235
progress completed=14 failed=0 in_flight=7 remaining=2296 papers/s=0.1085 pages/s=0.9842
progress completed=15 failed=0 in_flight=7 remaining=2295 papers/s=0.1099 pages/s=1.0041
progress completed=16 failed=0 in_flight=7 remaining=2294 papers/s=0.116 pages/s=1.0655
progress completed=17 failed=0 in_flight=7 remaining=2293 papers/s=0.1108 pages/s=1.0233
progress completed=18 failed=0 in_flight=7 remaining=2292 papers/s=0.1173 pages/s=1.0556
progress completed=19 failed=0 in_flight=7 remaining=2291 papers/s=0.1238 pages/s=1.0944
progress completed=20 failed=0 in_flight=7 remaining=2290 papers/s=0.127 pages/s=1.1301
progress completed=21 failed=0 in_flight=7 remaining=2289 papers/s=0.1322 pages/s=1.1705
progress completed=22 failed=0 in_flight=7 remaining=2288 papers/s=0.1336 pages/s=1.1905
progress completed=23 failed=0 in_flight=7 remaining=2287 papers/s=0.1396 pages/s=1.2507
progress completed=24 failed=0 in_flight=7 remaining=2286 papers/s=0.1438 pages/s=1.2943
progress completed=25 failed=0 in_flight=7 remaining=2285 papers/s=0.1364 pages/s=1.2333
progress completed=26 failed=0 in_flight=7 remaining=2284 papers/s=0.1418 pages/s=1.2711
progress completed=27 failed=0 in_flight=7 remaining=2283 papers/s=0.1395 pages/s=1.2449
progress completed=28 failed=0 in_flight=7 remaining=2282 papers/s=0.1446 pages/s=1.2962
progress completed=29 failed=0 in_flight=7 remaining=2281 papers/s=0.1497 pages/s=1.3474
progress completed=30 failed=0 in_flight=7 remaining=2280 papers/s=0.1548 pages/s=1.3986
progress completed=31 failed=0 in_flight=7 remaining=2279 papers/s=0.1566 pages/s=1.4147
progress completed=32 failed=0 in_flight=7 remaining=2278 papers/s=0.1616 pages/s=1.4646
progress completed=33 failed=0 in_flight=7 remaining=2277 papers/s=0.1563 pages/s=1.4212
progress completed=34 failed=0 in_flight=7 remaining=2276 papers/s=0.161 pages/s=1.4635
progress completed=35 failed=0 in_flight=7 remaining=2275 papers/s=0.1634 pages/s=1.4891
progress completed=36 failed=0 in_flight=7 remaining=2274 papers/s=0.159 pages/s=1.4531
progress completed=37 failed=0 in_flight=7 remaining=2273 papers/s=0.1634 pages/s=1.497
progress completed=38 failed=0 in_flight=7 remaining=2272 papers/s=0.1677 pages/s=1.5406
progress completed=39 failed=0 in_flight=7 remaining=2271 papers/s=0.172 pages/s=1.5833
progress completed=40 failed=0 in_flight=7 remaining=2270 papers/s=0.1763 pages/s=1.6262
progress completed=41 failed=0 in_flight=7 remaining=2269 papers/s=0.1694 pages/s=1.5658
progress completed=42 failed=0 in_flight=7 remaining=2268 papers/s=0.1697 pages/s=1.5639
progress completed=43 failed=0 in_flight=7 remaining=2267 papers/s=0.1737 pages/s=1.5997
progress completed=44 failed=0 in_flight=7 remaining=2266 papers/s=0.1708 pages/s=1.5758
progress completed=45 failed=0 in_flight=7 remaining=2265 papers/s=0.1712 pages/s=1.5826
progress completed=46 failed=0 in_flight=7 remaining=2264 papers/s=0.175 pages/s=1.6203
progress completed=47 failed=0 in_flight=7 remaining=2263 papers/s=0.1787 pages/s=1.6578
progress completed=48 failed=0 in_flight=7 remaining=2262 papers/s=0.1754 pages/s=1.6297
progress completed=49 failed=0 in_flight=7 remaining=2261 papers/s=0.1743 pages/s=1.6217
progress completed=50 failed=0 in_flight=7 remaining=2260 papers/s=0.1776 pages/s=1.6555
progress completed=51 failed=0 in_flight=7 remaining=2259 papers/s=0.1714 pages/s=1.5994
progress completed=52 failed=0 in_flight=7 remaining=2258 papers/s=0.1747 pages/s=1.6325
progress completed=53 failed=0 in_flight=7 remaining=2257 papers/s=0.178 pages/s=1.6658
progress completed=54 failed=0 in_flight=7 remaining=2256 papers/s=0.1813 pages/s=1.6988
progress completed=55 failed=0 in_flight=7 remaining=2255 papers/s=0.1785 pages/s=1.675
progress completed=56 failed=0 in_flight=7 remaining=2254 papers/s=0.1817 pages/s=1.7065
progress completed=57 failed=0 in_flight=7 remaining=2253 papers/s=0.1806 pages/s=1.6987
progress completed=58 failed=0 in_flight=7 remaining=2252 papers/s=0.183 pages/s=1.713
progress completed=59 failed=0 in_flight=7 remaining=2251 papers/s=0.1814 pages/s=1.7006
progress completed=60 failed=0 in_flight=7 remaining=2250 papers/s=0.1845 pages/s=1.7311
progress completed=61 failed=0 in_flight=7 remaining=2249 papers/s=0.1857 pages/s=1.7322
progress completed=62 failed=0 in_flight=7 remaining=2248 papers/s=0.1831 pages/s=1.7067
progress completed=63 failed=0 in_flight=7 remaining=2247 papers/s=0.186 pages/s=1.7359
progress completed=64 failed=0 in_flight=7 remaining=2246 papers/s=0.1876 pages/s=1.753
progress completed=65 failed=0 in_flight=7 remaining=2245 papers/s=0.1846 pages/s=1.7267
progress completed=66 failed=0 in_flight=7 remaining=2244 papers/s=0.1874 pages/s=1.7549
progress completed=67 failed=0 in_flight=7 remaining=2243 papers/s=0.1902 pages/s=1.783
progress completed=68 failed=0 in_flight=7 remaining=2242 papers/s=0.1886 pages/s=1.7691
progress completed=69 failed=0 in_flight=7 remaining=2241 papers/s=0.1865 pages/s=1.7517
progress completed=70 failed=0 in_flight=7 remaining=2240 papers/s=0.1885 pages/s=1.7716
progress completed=71 failed=0 in_flight=7 remaining=2239 papers/s=0.1911 pages/s=1.7954
progress completed=72 failed=0 in_flight=7 remaining=2238 papers/s=0.1937 pages/s=1.8215
progress completed=73 failed=0 in_flight=7 remaining=2237 papers/s=0.1834 pages/s=1.7262
progress completed=74 failed=0 in_flight=7 remaining=2236 papers/s=0.1859 pages/s=1.7461
progress completed=75 failed=0 in_flight=7 remaining=2235 papers/s=0.1882 pages/s=1.7693
progress completed=76 failed=0 in_flight=7 remaining=2234 papers/s=0.1907 pages/s=1.794
progress completed=77 failed=0 in_flight=7 remaining=2233 papers/s=0.1931 pages/s=1.8186
progress completed=78 failed=0 in_flight=7 remaining=2232 papers/s=0.1956 pages/s=1.8432
progress completed=79 failed=0 in_flight=7 remaining=2231 papers/s=0.1953 pages/s=1.8341
progress completed=80 failed=0 in_flight=7 remaining=2230 papers/s=0.1963 pages/s=1.8456
progress completed=81 failed=0 in_flight=7 remaining=2229 papers/s=0.1949 pages/s=1.8266
progress completed=82 failed=0 in_flight=7 remaining=2228 papers/s=0.1894 pages/s=1.7671
progress completed=83 failed=0 in_flight=7 remaining=2227 papers/s=0.1917 pages/s=1.7829
progress completed=84 failed=0 in_flight=7 remaining=2226 papers/s=0.194 pages/s=1.8012
progress completed=85 failed=0 in_flight=7 remaining=2225 papers/s=0.196 pages/s=1.8213
progress completed=86 failed=0 in_flight=7 remaining=2224 papers/s=0.1973 pages/s=1.8353
progress completed=87 failed=0 in_flight=7 remaining=2223 papers/s=0.199 pages/s=1.8502
progress completed=88 failed=0 in_flight=7 remaining=2222 papers/s=0.2012 pages/s=1.8728
progress completed=89 failed=0 in_flight=7 remaining=2221 papers/s=0.198 pages/s=1.8447
progress completed=90 failed=0 in_flight=7 remaining=2220 papers/s=0.1923 pages/s=1.7929
progress completed=91 failed=0 in_flight=7 remaining=2219 papers/s=0.1944 pages/s=1.8098
progress completed=92 failed=0 in_flight=7 remaining=2218 papers/s=0.1954 pages/s=1.8177
progress completed=93 failed=0 in_flight=7 remaining=2217 papers/s=0.1975 pages/s=1.8388
progress completed=94 failed=0 in_flight=7 remaining=2216 papers/s=0.1996 pages/s=1.8598
progress completed=95 failed=0 in_flight=7 remaining=2215 papers/s=0.2017 pages/s=1.8808
progress completed=96 failed=0 in_flight=7 remaining=2214 papers/s=0.2 pages/s=1.8665
progress completed=97 failed=0 in_flight=7 remaining=2213 papers/s=0.2004 pages/s=1.8717
progress completed=98 failed=0 in_flight=7 remaining=2212 papers/s=0.1992 pages/s=1.8598
progress completed=99 failed=0 in_flight=7 remaining=2211 papers/s=0.196 pages/s=1.8312
progress completed=100 failed=0 in_flight=7 remaining=2210 papers/s=0.1972 pages/s=1.8397
progress completed=101 failed=0 in_flight=7 remaining=2209 papers/s=0.1991 pages/s=1.8591
progress completed=102 failed=0 in_flight=7 remaining=2208 papers/s=0.197 pages/s=1.8406
progress completed=103 failed=0 in_flight=7 remaining=2207 papers/s=0.1984 pages/s=1.8546
progress completed=104 failed=0 in_flight=7 remaining=2206 papers/s=0.2003 pages/s=1.8736
progress completed=105 failed=0 in_flight=7 remaining=2205 papers/s=0.2013 pages/s=1.8842
progress completed=106 failed=0 in_flight=7 remaining=2204 papers/s=0.2005 pages/s=1.8779
progress completed=107 failed=0 in_flight=7 remaining=2203 papers/s=0.1972 pages/s=1.8428
progress completed=108 failed=0 in_flight=7 remaining=2202 papers/s=0.199 pages/s=1.859
progress completed=109 failed=0 in_flight=7 remaining=2201 papers/s=0.1992 pages/s=1.8626
progress completed=110 failed=0 in_flight=7 remaining=2200 papers/s=0.2009 pages/s=1.8797
progress completed=111 failed=0 in_flight=7 remaining=2199 papers/s=0.2027 pages/s=1.8971
progress completed=112 failed=0 in_flight=7 remaining=2198 papers/s=0.2018 pages/s=1.881
progress completed=113 failed=0 in_flight=7 remaining=2197 papers/s=0.2031 pages/s=1.8948
progress completed=114 failed=0 in_flight=7 remaining=2196 papers/s=0.2049 pages/s=1.9123
progress completed=115 failed=0 in_flight=7 remaining=2195 papers/s=0.2031 pages/s=1.8893
progress completed=116 failed=0 in_flight=7 remaining=2194 papers/s=0.1998 pages/s=1.8549
progress completed=117 failed=0 in_flight=7 remaining=2193 papers/s=0.2015 pages/s=1.8719
progress completed=118 failed=0 in_flight=7 remaining=2192 papers/s=0.2031 pages/s=1.8861
progress completed=119 failed=0 in_flight=7 remaining=2191 papers/s=0.2046 pages/s=1.9017
progress completed=120 failed=0 in_flight=7 remaining=2190 papers/s=0.2063 pages/s=1.9182
progress completed=121 failed=0 in_flight=7 remaining=2189 papers/s=0.2059 pages/s=1.9161
progress completed=122 failed=0 in_flight=7 remaining=2188 papers/s=0.2072 pages/s=1.9295
progress completed=123 failed=0 in_flight=7 remaining=2187 papers/s=0.2053 pages/s=1.9044
progress completed=124 failed=0 in_flight=7 remaining=2186 papers/s=0.207 pages/s=1.9193
progress completed=125 failed=0 in_flight=7 remaining=2185 papers/s=0.2086 pages/s=1.9275
progress completed=126 failed=0 in_flight=7 remaining=2184 papers/s=0.2102 pages/s=1.9406
progress completed=127 failed=0 in_flight=7 remaining=2183 papers/s=0.207 pages/s=1.9087
progress completed=128 failed=0 in_flight=7 remaining=2182 papers/s=0.2086 pages/s=1.9215
progress completed=129 failed=0 in_flight=7 remaining=2181 papers/s=0.2102 pages/s=1.9343
progress completed=130 failed=0 in_flight=7 remaining=2180 papers/s=0.2118 pages/s=1.9489
progress completed=131 failed=0 in_flight=7 remaining=2179 papers/s=0.2084 pages/s=1.9183
progress completed=132 failed=0 in_flight=7 remaining=2178 papers/s=0.2099 pages/s=1.9308
progress completed=133 failed=0 in_flight=7 remaining=2177 papers/s=0.207 pages/s=1.9007
progress completed=134 failed=0 in_flight=7 remaining=2176 papers/s=0.2084 pages/s=1.9148
progress completed=135 failed=0 in_flight=7 remaining=2175 papers/s=0.2099 pages/s=1.9297
progress completed=136 failed=0 in_flight=7 remaining=2174 papers/s=0.2115 pages/s=1.9451
progress completed=137 failed=0 in_flight=7 remaining=2173 papers/s=0.2108 pages/s=1.9405
progress completed=138 failed=0 in_flight=7 remaining=2172 papers/s=0.2119 pages/s=1.9513
progress completed=139 failed=0 in_flight=7 remaining=2171 papers/s=0.2087 pages/s=1.9237
progress completed=140 failed=0 in_flight=7 remaining=2170 papers/s=0.2102 pages/s=1.938
progress completed=141 failed=0 in_flight=7 remaining=2169 papers/s=0.2096 pages/s=1.9343
progress completed=142 failed=0 in_flight=7 remaining=2168 papers/s=0.2111 pages/s=1.9488
progress completed=143 failed=0 in_flight=7 remaining=2167 papers/s=0.2102 pages/s=1.9415
progress completed=144 failed=0 in_flight=7 remaining=2166 papers/s=0.2116 pages/s=1.9558
progress completed=145 failed=0 in_flight=7 remaining=2165 papers/s=0.213 pages/s=1.967
progress completed=146 failed=0 in_flight=7 remaining=2164 papers/s=0.2135 pages/s=1.9724
progress completed=147 failed=0 in_flight=7 remaining=2163 papers/s=0.2092 pages/s=1.927
progress completed=148 failed=0 in_flight=7 remaining=2162 papers/s=0.2106 pages/s=1.9397
progress completed=149 failed=0 in_flight=7 remaining=2161 papers/s=0.212 pages/s=1.9536
progress completed=150 failed=0 in_flight=7 remaining=2160 papers/s=0.2134 pages/s=1.9676
progress completed=151 failed=0 in_flight=7 remaining=2159 papers/s=0.2119 pages/s=1.9519
progress completed=152 failed=0 in_flight=7 remaining=2158 papers/s=0.2133 pages/s=1.9657
progress completed=153 failed=0 in_flight=7 remaining=2157 papers/s=0.2146 pages/s=1.9753
progress completed=154 failed=0 in_flight=7 remaining=2156 papers/s=0.215 pages/s=1.98
progress completed=155 failed=0 in_flight=7 remaining=2155 papers/s=0.2134 pages/s=1.966
progress completed=156 failed=0 in_flight=7 remaining=2154 papers/s=0.2148 pages/s=1.9783
progress completed=157 failed=0 in_flight=7 remaining=2153 papers/s=0.2118 pages/s=1.9482
progress completed=158 failed=0 in_flight=7 remaining=2152 papers/s=0.2131 pages/s=1.9613
progress completed=159 failed=0 in_flight=7 remaining=2151 papers/s=0.2145 pages/s=1.9746
progress completed=160 failed=0 in_flight=7 remaining=2150 papers/s=0.2158 pages/s=1.9876
progress completed=161 failed=0 in_flight=7 remaining=2149 papers/s=0.2171 pages/s=2.0009
progress completed=162 failed=0 in_flight=7 remaining=2148 papers/s=0.216 pages/s=1.9918
progress completed=163 failed=0 in_flight=7 remaining=2147 papers/s=0.2162 pages/s=1.9951
progress completed=164 failed=0 in_flight=7 remaining=2146 papers/s=0.2146 pages/s=1.9811
progress completed=165 failed=0 in_flight=7 remaining=2145 papers/s=0.2156 pages/s=1.9915
progress completed=166 failed=0 in_flight=7 remaining=2144 papers/s=0.2169 pages/s=2.0044
progress completed=167 failed=0 in_flight=7 remaining=2143 papers/s=0.2166 pages/s=2.0021
progress completed=168 failed=0 in_flight=7 remaining=2142 papers/s=0.2134 pages/s=1.9737
progress completed=169 failed=0 in_flight=7 remaining=2141 papers/s=0.2146 pages/s=1.9862
progress completed=170 failed=0 in_flight=7 remaining=2140 papers/s=0.2152 pages/s=1.9914
progress completed=171 failed=0 in_flight=7 remaining=2139 papers/s=0.2165 pages/s=2.0013
progress completed=172 failed=0 in_flight=7 remaining=2138 papers/s=0.2177 pages/s=2.0135
progress completed=173 failed=0 in_flight=7 remaining=2137 papers/s=0.2152 pages/s=1.9918
progress completed=174 failed=0 in_flight=7 remaining=2136 papers/s=0.2163 pages/s=1.9977
progress completed=175 failed=0 in_flight=7 remaining=2135 papers/s=0.2171 pages/s=2.0052
progress completed=176 failed=0 in_flight=7 remaining=2134 papers/s=0.2184 pages/s=2.0174
progress completed=177 failed=0 in_flight=7 remaining=2133 papers/s=0.2173 pages/s=2.0085
progress completed=178 failed=0 in_flight=7 remaining=2132 papers/s=0.2171 pages/s=2.0077
progress completed=179 failed=0 in_flight=7 remaining=2131 papers/s=0.2143 pages/s=1.9815
progress completed=180 failed=0 in_flight=7 remaining=2130 papers/s=0.2154 pages/s=1.9929
progress completed=181 failed=0 in_flight=7 remaining=2129 papers/s=0.2161 pages/s=1.9985
progress completed=182 failed=0 in_flight=7 remaining=2128 papers/s=0.2173 pages/s=2.0102
progress completed=183 failed=0 in_flight=7 remaining=2127 papers/s=0.2184 pages/s=2.0214
progress completed=184 failed=0 in_flight=7 remaining=2126 papers/s=0.2165 pages/s=2.0052
progress completed=185 failed=0 in_flight=7 remaining=2125 papers/s=0.2172 pages/s=2.0107
progress completed=186 failed=0 in_flight=7 remaining=2124 papers/s=0.2183 pages/s=2.0222
progress completed=187 failed=0 in_flight=7 remaining=2123 papers/s=0.2173 pages/s=2.0142
progress completed=188 failed=0 in_flight=7 remaining=2122 papers/s=0.2181 pages/s=2.0216
progress completed=189 failed=0 in_flight=7 remaining=2121 papers/s=0.2185 pages/s=2.0264
progress completed=190 failed=0 in_flight=7 remaining=2120 papers/s=0.2191 pages/s=2.0332
progress completed=191 failed=0 in_flight=7 remaining=2119 papers/s=0.2158 pages/s=2.002
progress completed=192 failed=0 in_flight=7 remaining=2118 papers/s=0.2169 pages/s=2.012
progress completed=193 failed=0 in_flight=7 remaining=2117 papers/s=0.218 pages/s=2.0231
progress completed=194 failed=0 in_flight=7 remaining=2116 papers/s=0.2191 pages/s=2.0341
progress completed=195 failed=0 in_flight=7 remaining=2115 papers/s=0.2186 pages/s=2.0245
progress completed=196 failed=0 in_flight=7 remaining=2114 papers/s=0.2191 pages/s=2.0296
progress completed=197 failed=0 in_flight=7 remaining=2113 papers/s=0.2201 pages/s=2.0404
progress completed=198 failed=0 in_flight=7 remaining=2112 papers/s=0.2209 pages/s=2.0486
progress completed=199 failed=0 in_flight=7 remaining=2111 papers/s=0.2203 pages/s=2.0418
progress completed=200 failed=0 in_flight=7 remaining=2110 papers/s=0.219 pages/s=2.0265
progress completed=201 failed=0 in_flight=7 remaining=2109 papers/s=0.2196 pages/s=2.0308
progress completed=202 failed=0 in_flight=7 remaining=2108 papers/s=0.2207 pages/s=2.0405
progress completed=203 failed=0 in_flight=7 remaining=2107 papers/s=0.2193 pages/s=2.0292
progress completed=204 failed=0 in_flight=7 remaining=2106 papers/s=0.22 pages/s=2.0359
progress completed=205 failed=0 in_flight=7 remaining=2105 papers/s=0.2211 pages/s=2.0466
progress completed=206 failed=0 in_flight=7 remaining=2104 papers/s=0.2221 pages/s=2.0573
progress completed=207 failed=0 in_flight=7 remaining=2103 papers/s=0.221 pages/s=2.0454
progress completed=208 failed=0 in_flight=7 remaining=2102 papers/s=0.2202 pages/s=2.038
progress completed=209 failed=0 in_flight=7 remaining=2101 papers/s=0.2209 pages/s=2.0454
progress completed=210 failed=0 in_flight=7 remaining=2100 papers/s=0.2219 pages/s=2.0555
progress completed=211 failed=0 in_flight=7 remaining=2099 papers/s=0.2223 pages/s=2.0558
progress completed=212 failed=0 in_flight=7 remaining=2098 papers/s=0.2214 pages/s=2.0449
progress completed=213 failed=0 in_flight=7 remaining=2097 papers/s=0.2224 pages/s=2.0551
progress completed=214 failed=0 in_flight=7 remaining=2096 papers/s=0.2228 pages/s=2.058
progress completed=215 failed=0 in_flight=7 remaining=2095 papers/s=0.2201 pages/s=2.0344
progress completed=216 failed=0 in_flight=7 remaining=2094 papers/s=0.2207 pages/s=2.0398
progress completed=217 failed=0 in_flight=7 remaining=2093 papers/s=0.2217 pages/s=2.0499
progress completed=218 failed=0 in_flight=7 remaining=2092 papers/s=0.2228 pages/s=2.0579
progress completed=219 failed=0 in_flight=7 remaining=2091 papers/s=0.2238 pages/s=2.0681
progress completed=220 failed=0 in_flight=7 remaining=2090 papers/s=0.2228 pages/s=2.0567
progress completed=221 failed=0 in_flight=7 remaining=2089 papers/s=0.2233 pages/s=2.0585
progress completed=222 failed=0 in_flight=7 remaining=2088 papers/s=0.2226 pages/s=2.0526
progress completed=223 failed=0 in_flight=7 remaining=2087 papers/s=0.2208 pages/s=2.037
progress completed=224 failed=0 in_flight=7 remaining=2086 papers/s=0.2215 pages/s=2.0441
progress completed=225 failed=0 in_flight=7 remaining=2085 papers/s=0.2225 pages/s=2.0537
progress completed=226 failed=0 in_flight=7 remaining=2084 papers/s=0.2234 pages/s=2.0634
progress completed=227 failed=0 in_flight=7 remaining=2083 papers/s=0.2238 pages/s=2.0679
progress completed=228 failed=0 in_flight=7 remaining=2082 papers/s=0.2234 pages/s=2.0643
progress completed=229 failed=0 in_flight=7 remaining=2081 papers/s=0.2236 pages/s=2.0648
progress completed=230 failed=0 in_flight=7 remaining=2080 papers/s=0.2222 pages/s=2.0534
progress completed=231 failed=0 in_flight=7 remaining=2079 papers/s=0.2232 pages/s=2.06
progress completed=232 failed=0 in_flight=7 remaining=2078 papers/s=0.2242 pages/s=2.0657
progress completed=233 failed=0 in_flight=7 remaining=2077 papers/s=0.225 pages/s=2.0699
progress completed=234 failed=0 in_flight=7 remaining=2076 papers/s=0.2254 pages/s=2.0709
progress completed=235 failed=0 in_flight=7 remaining=2075 papers/s=0.2263 pages/s=2.0781
progress completed=236 failed=0 in_flight=7 remaining=2074 papers/s=0.2254 pages/s=2.0706
progress completed=237 failed=0 in_flight=7 remaining=2073 papers/s=0.2224 pages/s=2.043
progress completed=238 failed=0 in_flight=7 remaining=2072 papers/s=0.2233 pages/s=2.052
progress completed=239 failed=0 in_flight=7 remaining=2071 papers/s=0.224 pages/s=2.0588
progress completed=240 failed=0 in_flight=7 remaining=2070 papers/s=0.2249 pages/s=2.0662
progress completed=241 failed=0 in_flight=7 remaining=2069 papers/s=0.2255 pages/s=2.0718
progress completed=242 failed=0 in_flight=7 remaining=2068 papers/s=0.2257 pages/s=2.0744
progress completed=243 failed=0 in_flight=7 remaining=2067 papers/s=0.2261 pages/s=2.0788
progress completed=244 failed=0 in_flight=7 remaining=2066 papers/s=0.2258 pages/s=2.0723
progress completed=245 failed=0 in_flight=7 remaining=2065 papers/s=0.2241 pages/s=2.0558
progress completed=246 failed=0 in_flight=7 remaining=2064 papers/s=0.2248 pages/s=2.0637
progress completed=247 failed=0 in_flight=7 remaining=2063 papers/s=0.2257 pages/s=2.0727
progress completed=248 failed=0 in_flight=7 remaining=2062 papers/s=0.2264 pages/s=2.08
progress completed=249 failed=0 in_flight=7 remaining=2061 papers/s=0.2269 pages/s=2.0852
progress completed=250 failed=0 in_flight=7 remaining=2060 papers/s=0.2278 pages/s=2.0943
progress completed=251 failed=0 in_flight=7 remaining=2059 papers/s=0.2277 pages/s=2.094
progress completed=252 failed=0 in_flight=7 remaining=2058 papers/s=0.2286 pages/s=2.1009
progress completed=253 failed=0 in_flight=7 remaining=2057 papers/s=0.226 pages/s=2.0781
progress completed=254 failed=0 in_flight=7 remaining=2056 papers/s=0.2269 pages/s=2.0834
progress completed=255 failed=0 in_flight=7 remaining=2055 papers/s=0.2269 pages/s=2.0839
progress completed=256 failed=0 in_flight=7 remaining=2054 papers/s=0.2278 pages/s=2.0927
progress completed=257 failed=0 in_flight=7 remaining=2053 papers/s=0.2266 pages/s=2.0829
progress completed=258 failed=0 in_flight=7 remaining=2052 papers/s=0.2275 pages/s=2.0915
progress completed=259 failed=0 in_flight=7 remaining=2051 papers/s=0.2278 pages/s=2.0944
progress completed=260 failed=0 in_flight=7 remaining=2050 papers/s=0.2286 pages/s=2.1026
progress completed=261 failed=0 in_flight=7 remaining=2049 papers/s=0.2279 pages/s=2.093
progress completed=262 failed=0 in_flight=7 remaining=2048 papers/s=0.2288 pages/s=2.0998
progress completed=263 failed=0 in_flight=7 remaining=2047 papers/s=0.2287 pages/s=2.0964
progress completed=264 failed=0 in_flight=7 remaining=2046 papers/s=0.2279 pages/s=2.0884
progress completed=265 failed=0 in_flight=7 remaining=2045 papers/s=0.2285 pages/s=2.0918
progress completed=266 failed=0 in_flight=7 remaining=2044 papers/s=0.2293 pages/s=2.0984
progress completed=267 failed=0 in_flight=7 remaining=2043 papers/s=0.2297 pages/s=2.1021
progress completed=268 failed=0 in_flight=7 remaining=2042 papers/s=0.2299 pages/s=2.103
progress completed=269 failed=0 in_flight=7 remaining=2041 papers/s=0.2293 pages/s=2.0966
progress completed=270 failed=0 in_flight=7 remaining=2040 papers/s=0.2301 pages/s=2.105
progress completed=271 failed=0 in_flight=7 remaining=2039 papers/s=0.2287 pages/s=2.0915
progress completed=272 failed=0 in_flight=7 remaining=2038 papers/s=0.2296 pages/s=2.0999
progress completed=273 failed=0 in_flight=7 remaining=2037 papers/s=0.2304 pages/s=2.108
progress completed=274 failed=0 in_flight=7 remaining=2036 papers/s=0.2288 pages/s=2.0945
progress completed=275 failed=0 in_flight=7 remaining=2035 papers/s=0.2296 pages/s=2.1025
progress completed=276 failed=0 in_flight=7 remaining=2034 papers/s=0.2304 pages/s=2.1106
progress completed=277 failed=0 in_flight=7 remaining=2033 papers/s=0.229 pages/s=2.0951
progress completed=278 failed=0 in_flight=7 remaining=2032 papers/s=0.2295 pages/s=2.0974
progress completed=279 failed=0 in_flight=7 remaining=2031 papers/s=0.2303 pages/s=2.1055
progress completed=280 failed=0 in_flight=7 remaining=2030 papers/s=0.2311 pages/s=2.1133
progress completed=281 failed=0 in_flight=7 remaining=2029 papers/s=0.2306 pages/s=2.1081
progress completed=282 failed=0 in_flight=7 remaining=2028 papers/s=0.2308 pages/s=2.1111
progress completed=283 failed=0 in_flight=7 remaining=2027 papers/s=0.2301 pages/s=2.1026
progress completed=284 failed=0 in_flight=7 remaining=2026 papers/s=0.2306 pages/s=2.1063
progress completed=285 failed=0 in_flight=7 remaining=2025 papers/s=0.2314 pages/s=2.1142
progress completed=286 failed=0 in_flight=7 remaining=2024 papers/s=0.2299 pages/s=2.0987
progress completed=287 failed=0 in_flight=7 remaining=2023 papers/s=0.2306 pages/s=2.1064
progress completed=288 failed=0 in_flight=7 remaining=2022 papers/s=0.231 pages/s=2.11
progress completed=289 failed=0 in_flight=7 remaining=2021 papers/s=0.2293 pages/s=2.0922
progress completed=290 failed=0 in_flight=7 remaining=2020 papers/s=0.2301 pages/s=2.0999
progress completed=291 failed=0 in_flight=7 remaining=2019 papers/s=0.2308 pages/s=2.1075
progress completed=292 failed=0 in_flight=7 remaining=2018 papers/s=0.2314 pages/s=2.1138
progress completed=293 failed=0 in_flight=7 remaining=2017 papers/s=0.2313 pages/s=2.1132
progress completed=294 failed=0 in_flight=7 remaining=2016 papers/s=0.2321 pages/s=2.1171
progress completed=295 failed=0 in_flight=7 remaining=2015 papers/s=0.229 pages/s=2.0883
progress completed=296 failed=0 in_flight=7 remaining=2014 papers/s=0.2298 pages/s=2.0921
progress completed=297 failed=0 in_flight=7 remaining=2013 papers/s=0.2305 pages/s=2.0998
progress completed=298 failed=0 in_flight=7 remaining=2012 papers/s=0.2313 pages/s=2.1073
progress completed=299 failed=0 in_flight=7 remaining=2011 papers/s=0.2321 pages/s=2.1149
progress completed=300 failed=0 in_flight=7 remaining=2010 papers/s=0.2312 pages/s=2.1051
progress completed=301 failed=0 in_flight=7 remaining=2009 papers/s=0.2319 pages/s=2.1117
progress completed=302 failed=0 in_flight=7 remaining=2008 papers/s=0.2325 pages/s=2.1183
progress completed=303 failed=0 in_flight=7 remaining=2007 papers/s=0.2313 pages/s=2.1057
progress completed=304 failed=0 in_flight=7 remaining=2006 papers/s=0.2294 pages/s=2.0881
progress completed=305 failed=0 in_flight=7 remaining=2005 papers/s=0.2301 pages/s=2.0947
progress completed=306 failed=0 in_flight=7 remaining=2004 papers/s=0.2308 pages/s=2.1012
progress completed=307 failed=0 in_flight=7 remaining=2003 papers/s=0.2315 pages/s=2.1086
progress completed=308 failed=0 in_flight=7 remaining=2002 papers/s=0.2316 pages/s=2.1068
progress completed=309 failed=0 in_flight=7 remaining=2001 papers/s=0.2323 pages/s=2.114
progress completed=310 failed=0 in_flight=7 remaining=2000 papers/s=0.233 pages/s=2.1213
progress completed=311 failed=0 in_flight=7 remaining=1999 papers/s=0.2323 pages/s=2.1147
progress completed=312 failed=0 in_flight=7 remaining=1998 papers/s=0.2322 pages/s=2.1118
progress completed=313 failed=0 in_flight=7 remaining=1997 papers/s=0.2307 pages/s=2.0958
progress completed=314 failed=0 in_flight=7 remaining=1996 papers/s=0.2314 pages/s=2.1031
progress completed=315 failed=0 in_flight=7 remaining=1995 papers/s=0.2321 pages/s=2.1102
progress completed=316 failed=0 in_flight=7 remaining=1994 papers/s=0.2316 pages/s=2.1053
progress completed=317 failed=0 in_flight=7 remaining=1993 papers/s=0.2323 pages/s=2.1126
progress completed=318 failed=0 in_flight=7 remaining=1992 papers/s=0.2324 pages/s=2.1144
progress completed=319 failed=0 in_flight=7 remaining=1991 papers/s=0.2327 pages/s=2.1172
progress completed=320 failed=0 in_flight=7 remaining=1990 papers/s=0.2315 pages/s=2.1043
progress completed=321 failed=0 in_flight=7 remaining=1989 papers/s=0.2322 pages/s=2.1079
progress completed=322 failed=0 in_flight=7 remaining=1988 papers/s=0.2328 pages/s=2.1129
progress completed=323 failed=0 in_flight=7 remaining=1987 papers/s=0.233 pages/s=2.1141
progress completed=324 failed=0 in_flight=7 remaining=1986 papers/s=0.2337 pages/s=2.1211
progress completed=325 failed=0 in_flight=7 remaining=1985 papers/s=0.2328 pages/s=2.1136
progress completed=326 failed=0 in_flight=7 remaining=1984 papers/s=0.2323 pages/s=2.1099
progress completed=327 failed=0 in_flight=7 remaining=1983 papers/s=0.2324 pages/s=2.1108
progress completed=328 failed=0 in_flight=7 remaining=1982 papers/s=0.2331 pages/s=2.1177
progress completed=329 failed=0 in_flight=7 remaining=1981 papers/s=0.2338 pages/s=2.1232
progress completed=330 failed=0 in_flight=7 remaining=1980 papers/s=0.2331 pages/s=2.1176
progress completed=331 failed=0 in_flight=7 remaining=1979 papers/s=0.2338 pages/s=2.1243
progress completed=332 failed=0 in_flight=7 remaining=1978 papers/s=0.2345 pages/s=2.1313
progress completed=333 failed=0 in_flight=7 remaining=1977 papers/s=0.2315 pages/s=2.1026
progress completed=334 failed=0 in_flight=7 remaining=1976 papers/s=0.2322 pages/s=2.1079
progress completed=335 failed=0 in_flight=7 remaining=1975 papers/s=0.2329 pages/s=2.1126
progress completed=336 failed=0 in_flight=7 remaining=1974 papers/s=0.2325 pages/s=2.1099
progress completed=337 failed=0 in_flight=7 remaining=1973 papers/s=0.2331 pages/s=2.116
progress completed=338 failed=0 in_flight=7 remaining=1972 papers/s=0.2337 pages/s=2.1217
progress completed=339 failed=0 in_flight=7 remaining=1971 papers/s=0.2344 pages/s=2.1278
progress completed=340 failed=0 in_flight=7 remaining=1970 papers/s=0.235 pages/s=2.1326
progress completed=341 failed=0 in_flight=7 remaining=1969 papers/s=0.2335 pages/s=2.1194
progress completed=342 failed=0 in_flight=7 remaining=1968 papers/s=0.2316 pages/s=2.1025
progress completed=343 failed=0 in_flight=7 remaining=1967 papers/s=0.2322 pages/s=2.1091
progress completed=344 failed=0 in_flight=7 remaining=1966 papers/s=0.2329 pages/s=2.1158
progress completed=345 failed=0 in_flight=7 remaining=1965 papers/s=0.2336 pages/s=2.1211
progress completed=346 failed=0 in_flight=7 remaining=1964 papers/s=0.2342 pages/s=2.1277
progress completed=347 failed=0 in_flight=7 remaining=1963 papers/s=0.234 pages/s=2.1248
progress completed=348 failed=0 in_flight=7 remaining=1962 papers/s=0.2341 pages/s=2.1261
progress completed=349 failed=0 in_flight=7 remaining=1961 papers/s=0.2332 pages/s=2.1174
progress completed=350 failed=0 in_flight=7 remaining=1960 papers/s=0.2338 pages/s=2.1237
progress completed=351 failed=0 in_flight=7 remaining=1959 papers/s=0.2341 pages/s=2.1263
progress completed=352 failed=0 in_flight=7 remaining=1958 papers/s=0.2335 pages/s=2.1216
progress completed=353 failed=0 in_flight=7 remaining=1957 papers/s=0.2322 pages/s=2.108
progress completed=354 failed=0 in_flight=7 remaining=1956 papers/s=0.2328 pages/s=2.1124
progress completed=355 failed=0 in_flight=7 remaining=1955 papers/s=0.2332 pages/s=2.1169
progress completed=356 failed=0 in_flight=7 remaining=1954 papers/s=0.2329 pages/s=2.1146
progress completed=357 failed=0 in_flight=7 remaining=1953 papers/s=0.2336 pages/s=2.121
progress completed=358 failed=0 in_flight=7 remaining=1952 papers/s=0.2342 pages/s=2.1273
progress completed=359 failed=0 in_flight=7 remaining=1951 papers/s=0.2343 pages/s=2.1277
progress completed=360 failed=0 in_flight=7 remaining=1950 papers/s=0.2333 pages/s=2.1169
progress completed=361 failed=0 in_flight=7 remaining=1949 papers/s=0.2339 pages/s=2.1232
progress completed=362 failed=0 in_flight=7 remaining=1948 papers/s=0.2328 pages/s=2.1118
progress completed=363 failed=0 in_flight=7 remaining=1947 papers/s=0.2334 pages/s=2.1155
progress completed=364 failed=0 in_flight=7 remaining=1946 papers/s=0.2341 pages/s=2.1219
progress completed=365 failed=0 in_flight=7 remaining=1945 papers/s=0.2337 pages/s=2.119
progress completed=366 failed=0 in_flight=7 remaining=1944 papers/s=0.2342 pages/s=2.1246
progress completed=367 failed=0 in_flight=7 remaining=1943 papers/s=0.2346 pages/s=2.1285
progress completed=368 failed=0 in_flight=7 remaining=1942 papers/s=0.2341 pages/s=2.1243
progress completed=369 failed=0 in_flight=7 remaining=1941 papers/s=0.2323 pages/s=2.1094
progress completed=370 failed=0 in_flight=7 remaining=1940 papers/s=0.233 pages/s=2.1137
progress completed=371 failed=0 in_flight=7 remaining=1939 papers/s=0.2336 pages/s=2.1199
progress completed=372 failed=0 in_flight=7 remaining=1938 papers/s=0.2342 pages/s=2.1261
progress completed=373 failed=0 in_flight=7 remaining=1937 papers/s=0.2338 pages/s=2.1233
progress completed=374 failed=0 in_flight=7 remaining=1936 papers/s=0.2344 pages/s=2.1295
progress completed=375 failed=0 in_flight=7 remaining=1935 papers/s=0.2346 pages/s=2.1314
progress completed=376 failed=0 in_flight=7 remaining=1934 papers/s=0.234 pages/s=2.127
progress completed=377 failed=0 in_flight=7 remaining=1933 papers/s=0.2338 pages/s=2.124
progress completed=378 failed=0 in_flight=7 remaining=1932 papers/s=0.2344 pages/s=2.1301
progress completed=379 failed=0 in_flight=7 remaining=1931 papers/s=0.2334 pages/s=2.1215
progress completed=380 failed=0 in_flight=7 remaining=1930 papers/s=0.234 pages/s=2.1272
progress completed=381 failed=0 in_flight=7 remaining=1929 papers/s=0.2342 pages/s=2.1303
progress completed=382 failed=0 in_flight=7 remaining=1928 papers/s=0.2348 pages/s=2.1364
progress completed=383 failed=0 in_flight=7 remaining=1927 papers/s=0.2355 pages/s=2.1424
progress completed=384 failed=0 in_flight=7 remaining=1926 papers/s=0.2353 pages/s=2.1382
progress completed=385 failed=0 in_flight=7 remaining=1925 papers/s=0.2336 pages/s=2.1206
progress completed=386 failed=0 in_flight=7 remaining=1924 papers/s=0.2339 pages/s=2.1242
progress completed=387 failed=0 in_flight=7 remaining=1923 papers/s=0.2345 pages/s=2.1302
progress completed=388 failed=0 in_flight=7 remaining=1922 papers/s=0.2351 pages/s=2.1355
progress completed=389 failed=0 in_flight=7 remaining=1921 papers/s=0.2357 pages/s=2.1403
progress completed=390 failed=0 in_flight=7 remaining=1920 papers/s=0.2363 pages/s=2.146
progress completed=391 failed=0 in_flight=7 remaining=1919 papers/s=0.2353 pages/s=2.1379
progress completed=392 failed=0 in_flight=7 remaining=1918 papers/s=0.2357 pages/s=2.1401
progress completed=393 failed=0 in_flight=7 remaining=1917 papers/s=0.2345 pages/s=2.1293
progress completed=394 failed=0 in_flight=7 remaining=1916 papers/s=0.235 pages/s=2.1344
progress completed=395 failed=0 in_flight=7 remaining=1915 papers/s=0.2352 pages/s=2.1356
progress completed=396 failed=0 in_flight=7 remaining=1914 papers/s=0.2357 pages/s=2.1402
progress completed=397 failed=0 in_flight=7 remaining=1913 papers/s=0.235 pages/s=2.1343
progress completed=398 failed=0 in_flight=7 remaining=1912 papers/s=0.2356 pages/s=2.1401
progress completed=399 failed=0 in_flight=7 remaining=1911 papers/s=0.235 pages/s=2.133
progress completed=400 failed=0 in_flight=7 remaining=1910 papers/s=0.2354 pages/s=2.1358
progress completed=401 failed=0 in_flight=7 remaining=1909 papers/s=0.2359 pages/s=2.1414
progress completed=402 failed=0 in_flight=7 remaining=1908 papers/s=0.2344 pages/s=2.1254
progress completed=403 failed=0 in_flight=7 remaining=1907 papers/s=0.235 pages/s=2.1311
progress completed=404 failed=0 in_flight=7 remaining=1906 papers/s=0.2343 pages/s=2.1257
progress completed=405 failed=0 in_flight=7 remaining=1905 papers/s=0.2349 pages/s=2.1291
progress completed=406 failed=0 in_flight=7 remaining=1904 papers/s=0.2355 pages/s=2.133
progress completed=407 failed=0 in_flight=7 remaining=1903 papers/s=0.236 pages/s=2.1387
progress completed=408 failed=0 in_flight=7 remaining=1902 papers/s=0.2362 pages/s=2.1401
progress completed=409 failed=0 in_flight=7 remaining=1901 papers/s=0.2367 pages/s=2.1455
progress completed=410 failed=0 in_flight=7 remaining=1900 papers/s=0.2339 pages/s=2.1185
progress completed=411 failed=0 in_flight=7 remaining=1899 papers/s=0.2344 pages/s=2.1234
progress completed=412 failed=0 in_flight=7 remaining=1898 papers/s=0.2349 pages/s=2.1281
progress completed=413 failed=0 in_flight=7 remaining=1897 papers/s=0.2354 pages/s=2.1319
progress completed=414 failed=0 in_flight=7 remaining=1896 papers/s=0.236 pages/s=2.1375
progress completed=415 failed=0 in_flight=7 remaining=1895 papers/s=0.2365 pages/s=2.1428
progress completed=416 failed=0 in_flight=7 remaining=1894 papers/s=0.2371 pages/s=2.1484
progress completed=417 failed=0 in_flight=7 remaining=1893 papers/s=0.2376 pages/s=2.154
progress completed=418 failed=0 in_flight=7 remaining=1892 papers/s=0.2341 pages/s=2.1215
progress completed=419 failed=0 in_flight=7 remaining=1891 papers/s=0.2345 pages/s=2.1243
progress completed=420 failed=0 in_flight=7 remaining=1890 papers/s=0.235 pages/s=2.1298
progress completed=421 failed=0 in_flight=7 remaining=1889 papers/s=0.2356 pages/s=2.1353
progress completed=422 failed=0 in_flight=7 remaining=1888 papers/s=0.2361 pages/s=2.1403
progress completed=423 failed=0 in_flight=7 remaining=1887 papers/s=0.2367 pages/s=2.1453
progress completed=424 failed=0 in_flight=7 remaining=1886 papers/s=0.2372 pages/s=2.1503
progress completed=425 failed=0 in_flight=7 remaining=1885 papers/s=0.2365 pages/s=2.144
progress completed=426 failed=0 in_flight=7 remaining=1884 papers/s=0.2369 pages/s=2.1454
progress completed=427 failed=0 in_flight=7 remaining=1883 papers/s=0.2352 pages/s=2.1282
progress completed=428 failed=0 in_flight=7 remaining=1882 papers/s=0.2358 pages/s=2.1336
progress completed=429 failed=0 in_flight=7 remaining=1881 papers/s=0.235 pages/s=2.1272
progress completed=430 failed=0 in_flight=7 remaining=1880 papers/s=0.2356 pages/s=2.1326
progress completed=431 failed=0 in_flight=7 remaining=1879 papers/s=0.2361 pages/s=2.1375
progress completed=432 failed=0 in_flight=7 remaining=1878 papers/s=0.2366 pages/s=2.1423
progress completed=433 failed=0 in_flight=7 remaining=1877 papers/s=0.2366 pages/s=2.1425
progress completed=434 failed=0 in_flight=7 remaining=1876 papers/s=0.2371 pages/s=2.1477
progress completed=435 failed=0 in_flight=7 remaining=1875 papers/s=0.2367 pages/s=2.1441
progress completed=436 failed=0 in_flight=7 remaining=1874 papers/s=0.237 pages/s=2.1477
progress completed=437 failed=0 in_flight=7 remaining=1873 papers/s=0.2369 pages/s=2.1451
progress completed=438 failed=0 in_flight=7 remaining=1872 papers/s=0.2351 pages/s=2.1297
progress completed=439 failed=0 in_flight=7 remaining=1871 papers/s=0.2357 pages/s=2.135
progress completed=440 failed=0 in_flight=7 remaining=1870 papers/s=0.2361 pages/s=2.1377
progress completed=441 failed=0 in_flight=7 remaining=1869 papers/s=0.2366 pages/s=2.1424
progress completed=442 failed=0 in_flight=7 remaining=1868 papers/s=0.2371 pages/s=2.1477
progress completed=443 failed=0 in_flight=7 remaining=1867 papers/s=0.2377 pages/s=2.1529
progress completed=444 failed=0 in_flight=7 remaining=1866 papers/s=0.2363 pages/s=2.1385
progress completed=445 failed=0 in_flight=7 remaining=1865 papers/s=0.2368 pages/s=2.1437
progress completed=446 failed=0 in_flight=7 remaining=1864 papers/s=0.2368 pages/s=2.1431
progress completed=447 failed=0 in_flight=7 remaining=1863 papers/s=0.2373 pages/s=2.1467
progress completed=448 failed=0 in_flight=7 remaining=1862 papers/s=0.2375 pages/s=2.1475
progress completed=449 failed=0 in_flight=7 remaining=1861 papers/s=0.2374 pages/s=2.1465
progress completed=450 failed=0 in_flight=7 remaining=1860 papers/s=0.2368 pages/s=2.1421
progress completed=451 failed=0 in_flight=7 remaining=1859 papers/s=0.2357 pages/s=2.1315
progress completed=452 failed=0 in_flight=7 remaining=1858 papers/s=0.2362 pages/s=2.1366
progress completed=453 failed=0 in_flight=7 remaining=1857 papers/s=0.2367 pages/s=2.1415
progress completed=454 failed=0 in_flight=7 remaining=1856 papers/s=0.2372 pages/s=2.1467
progress completed=455 failed=0 in_flight=7 remaining=1855 papers/s=0.2372 pages/s=2.1467
progress completed=456 failed=0 in_flight=7 remaining=1854 papers/s=0.2375 pages/s=2.1496
progress completed=457 failed=0 in_flight=7 remaining=1853 papers/s=0.2378 pages/s=2.1507
progress completed=458 failed=0 in_flight=7 remaining=1852 papers/s=0.2368 pages/s=2.1429
progress completed=459 failed=0 in_flight=7 remaining=1851 papers/s=0.2373 pages/s=2.1479
progress completed=460 failed=0 in_flight=7 remaining=1850 papers/s=0.2373 pages/s=2.148
progress completed=461 failed=0 in_flight=7 remaining=1849 papers/s=0.2363 pages/s=2.1397
progress completed=462 failed=0 in_flight=7 remaining=1848 papers/s=0.2368 pages/s=2.1447
progress completed=463 failed=0 in_flight=7 remaining=1847 papers/s=0.2373 pages/s=2.1491
progress completed=464 failed=0 in_flight=7 remaining=1846 papers/s=0.2375 pages/s=2.1494
progress completed=465 failed=0 in_flight=7 remaining=1845 papers/s=0.238 pages/s=2.1545
progress completed=466 failed=0 in_flight=7 remaining=1844 papers/s=0.2373 pages/s=2.1473
progress completed=467 failed=0 in_flight=7 remaining=1843 papers/s=0.2376 pages/s=2.1509
progress completed=468 failed=0 in_flight=7 remaining=1842 papers/s=0.238 pages/s=2.1546
progress completed=469 failed=0 in_flight=7 remaining=1841 papers/s=0.2372 pages/s=2.1483
progress completed=470 failed=0 in_flight=7 remaining=1840 papers/s=0.2374 pages/s=2.1488
progress completed=471 failed=0 in_flight=7 remaining=1839 papers/s=0.2379 pages/s=2.1522
progress completed=472 failed=0 in_flight=7 remaining=1838 papers/s=0.2365 pages/s=2.14
progress completed=473 failed=0 in_flight=7 remaining=1837 papers/s=0.237 pages/s=2.1449
progress completed=474 failed=0 in_flight=7 remaining=1836 papers/s=0.2375 pages/s=2.1498
progress completed=475 failed=0 in_flight=7 remaining=1835 papers/s=0.2377 pages/s=2.152
progress completed=476 failed=0 in_flight=7 remaining=1834 papers/s=0.238 pages/s=2.1554
progress completed=477 failed=0 in_flight=7 remaining=1833 papers/s=0.2359 pages/s=2.1367
progress completed=478 failed=0 in_flight=7 remaining=1832 papers/s=0.2364 pages/s=2.1416
progress completed=479 failed=0 in_flight=7 remaining=1831 papers/s=0.2368 pages/s=2.1464
progress completed=480 failed=0 in_flight=7 remaining=1830 papers/s=0.236 pages/s=2.1396
progress completed=481 failed=0 in_flight=7 remaining=1829 papers/s=0.2364 pages/s=2.1428
progress completed=482 failed=0 in_flight=7 remaining=1828 papers/s=0.2369 pages/s=2.1476
progress completed=483 failed=0 in_flight=7 remaining=1827 papers/s=0.237 pages/s=2.1485
progress completed=484 failed=0 in_flight=7 remaining=1826 papers/s=0.2375 pages/s=2.1533
progress completed=485 failed=0 in_flight=7 remaining=1825 papers/s=0.2369 pages/s=2.1474
progress completed=486 failed=0 in_flight=7 remaining=1824 papers/s=0.2372 pages/s=2.1508
progress completed=487 failed=0 in_flight=7 remaining=1823 papers/s=0.2377 pages/s=2.1553
progress completed=488 failed=0 in_flight=7 remaining=1822 papers/s=0.2367 pages/s=2.1459
progress completed=489 failed=0 in_flight=7 remaining=1821 papers/s=0.2372 pages/s=2.1502
progress completed=490 failed=0 in_flight=7 remaining=1820 papers/s=0.2361 pages/s=2.1401
progress completed=491 failed=0 in_flight=7 remaining=1819 papers/s=0.2365 pages/s=2.1448
progress completed=492 failed=0 in_flight=7 remaining=1818 papers/s=0.237 pages/s=2.1479
progress completed=493 failed=0 in_flight=7 remaining=1817 papers/s=0.2371 pages/s=2.1492
progress completed=494 failed=0 in_flight=7 remaining=1816 papers/s=0.2376 pages/s=2.152
progress completed=495 failed=0 in_flight=7 remaining=1815 papers/s=0.2381 pages/s=2.1568
progress completed=496 failed=0 in_flight=7 remaining=1814 papers/s=0.2378 pages/s=2.1526
progress completed=497 failed=0 in_flight=7 remaining=1813 papers/s=0.2363 pages/s=2.1384
progress completed=498 failed=0 in_flight=7 remaining=1812 papers/s=0.2367 pages/s=2.1407
progress completed=499 failed=0 in_flight=7 remaining=1811 papers/s=0.2372 pages/s=2.1454
progress completed=500 failed=0 in_flight=7 remaining=1810 papers/s=0.2375 pages/s=2.1486
progress completed=501 failed=0 in_flight=7 remaining=1809 papers/s=0.2372 pages/s=2.1464
progress completed=502 failed=0 in_flight=7 remaining=1808 papers/s=0.2377 pages/s=2.1496
progress completed=503 failed=0 in_flight=7 remaining=1807 papers/s=0.2382 pages/s=2.1542
progress completed=504 failed=0 in_flight=7 remaining=1806 papers/s=0.238 pages/s=2.1525
progress completed=505 failed=0 in_flight=7 remaining=1805 papers/s=0.2384 pages/s=2.1557
progress completed=506 failed=0 in_flight=7 remaining=1804 papers/s=0.2381 pages/s=2.1537
progress completed=507 failed=0 in_flight=7 remaining=1803 papers/s=0.238 pages/s=2.1528
progress completed=508 failed=0 in_flight=7 remaining=1802 papers/s=0.2381 pages/s=2.1543
progress completed=509 failed=0 in_flight=7 remaining=1801 papers/s=0.2367 pages/s=2.1408
progress completed=510 failed=0 in_flight=7 remaining=1800 papers/s=0.2372 pages/s=2.1453
progress completed=511 failed=0 in_flight=7 remaining=1799 papers/s=0.2375 pages/s=2.1475
progress completed=512 failed=0 in_flight=7 remaining=1798 papers/s=0.2378 pages/s=2.1504
progress completed=513 failed=0 in_flight=7 remaining=1797 papers/s=0.2383 pages/s=2.1547
progress completed=514 failed=0 in_flight=7 remaining=1796 papers/s=0.2387 pages/s=2.1592
progress completed=515 failed=0 in_flight=7 remaining=1795 papers/s=0.2382 pages/s=2.1538
progress completed=516 failed=0 in_flight=7 remaining=1794 papers/s=0.2387 pages/s=2.1565
progress completed=517 failed=0 in_flight=7 remaining=1793 papers/s=0.2385 pages/s=2.1541
progress completed=518 failed=0 in_flight=7 remaining=1792 papers/s=0.2376 pages/s=2.1446
progress completed=519 failed=0 in_flight=7 remaining=1791 papers/s=0.238 pages/s=2.1485
progress completed=520 failed=0 in_flight=7 remaining=1790 papers/s=0.2383 pages/s=2.1515
progress completed=521 failed=0 in_flight=7 remaining=1789 papers/s=0.2385 pages/s=2.1526
progress completed=522 failed=0 in_flight=7 remaining=1788 papers/s=0.2384 pages/s=2.1524
progress completed=523 failed=0 in_flight=7 remaining=1787 papers/s=0.2386 pages/s=2.1524
progress completed=524 failed=0 in_flight=7 remaining=1786 papers/s=0.2391 pages/s=2.1569
progress completed=525 failed=0 in_flight=7 remaining=1785 papers/s=0.2395 pages/s=2.1614
progress completed=526 failed=0 in_flight=7 remaining=1784 papers/s=0.2393 pages/s=2.1585
progress completed=527 failed=0 in_flight=7 remaining=1783 papers/s=0.2392 pages/s=2.158
progress completed=528 failed=0 in_flight=7 remaining=1782 papers/s=0.239 pages/s=2.1539
progress completed=529 failed=0 in_flight=7 remaining=1781 papers/s=0.2379 pages/s=2.143
progress completed=530 failed=0 in_flight=7 remaining=1780 papers/s=0.2383 pages/s=2.1461
progress completed=531 failed=0 in_flight=7 remaining=1779 papers/s=0.2384 pages/s=2.1474
progress completed=532 failed=0 in_flight=7 remaining=1778 papers/s=0.2388 pages/s=2.1518
progress completed=533 failed=0 in_flight=7 remaining=1777 papers/s=0.2392 pages/s=2.1562
progress completed=534 failed=0 in_flight=7 remaining=1776 papers/s=0.2397 pages/s=2.1601
progress completed=535 failed=0 in_flight=7 remaining=1775 papers/s=0.2395 pages/s=2.1574
progress completed=536 failed=0 in_flight=7 remaining=1774 papers/s=0.2397 pages/s=2.16
progress completed=537 failed=0 in_flight=7 remaining=1773 papers/s=0.2392 pages/s=2.1555
progress completed=538 failed=0 in_flight=7 remaining=1772 papers/s=0.2379 pages/s=2.1431
progress completed=539 failed=0 in_flight=7 remaining=1771 papers/s=0.2383 pages/s=2.1474
progress completed=540 failed=0 in_flight=7 remaining=1770 papers/s=0.2387 pages/s=2.1518
progress completed=541 failed=0 in_flight=7 remaining=1769 papers/s=0.2392 pages/s=2.1561
progress completed=542 failed=0 in_flight=7 remaining=1768 papers/s=0.2389 pages/s=2.1543
progress completed=543 failed=0 in_flight=7 remaining=1767 papers/s=0.2393 pages/s=2.1583
progress completed=544 failed=0 in_flight=7 remaining=1766 papers/s=0.2393 pages/s=2.1588
progress completed=545 failed=0 in_flight=7 remaining=1765 papers/s=0.2385 pages/s=2.1519
progress completed=546 failed=0 in_flight=7 remaining=1764 papers/s=0.2389 pages/s=2.1553
progress completed=547 failed=0 in_flight=7 remaining=1763 papers/s=0.2382 pages/s=2.1494
progress completed=548 failed=0 in_flight=7 remaining=1762 papers/s=0.2387 pages/s=2.1537
progress completed=549 failed=0 in_flight=7 remaining=1761 papers/s=0.2391 pages/s=2.1579
progress completed=550 failed=0 in_flight=7 remaining=1760 papers/s=0.2392 pages/s=2.1592
progress completed=551 failed=0 in_flight=7 remaining=1759 papers/s=0.2396 pages/s=2.1629
progress completed=552 failed=0 in_flight=7 remaining=1758 papers/s=0.2392 pages/s=2.1591
progress completed=553 failed=0 in_flight=7 remaining=1757 papers/s=0.2394 pages/s=2.1601
progress completed=554 failed=0 in_flight=7 remaining=1756 papers/s=0.2383 pages/s=2.1503
progress completed=555 failed=0 in_flight=7 remaining=1755 papers/s=0.2387 pages/s=2.1545
progress completed=556 failed=0 in_flight=7 remaining=1754 papers/s=0.2391 pages/s=2.1583
progress completed=557 failed=0 in_flight=7 remaining=1753 papers/s=0.2388 pages/s=2.1552
progress completed=558 failed=0 in_flight=7 remaining=1752 papers/s=0.2389 pages/s=2.1564
progress completed=559 failed=0 in_flight=7 remaining=1751 papers/s=0.2392 pages/s=2.1589
progress completed=560 failed=0 in_flight=7 remaining=1750 papers/s=0.2392 pages/s=2.1595
progress completed=561 failed=0 in_flight=7 remaining=1749 papers/s=0.2394 pages/s=2.161
progress completed=562 failed=0 in_flight=7 remaining=1748 papers/s=0.2382 pages/s=2.1502
progress completed=563 failed=0 in_flight=7 remaining=1747 papers/s=0.2386 pages/s=2.1529
progress completed=564 failed=0 in_flight=7 remaining=1746 papers/s=0.2389 pages/s=2.1552
progress completed=565 failed=0 in_flight=7 remaining=1745 papers/s=0.2393 pages/s=2.1594
progress completed=566 failed=0 in_flight=7 remaining=1744 papers/s=0.2397 pages/s=2.1635
progress completed=567 failed=0 in_flight=7 remaining=1743 papers/s=0.2392 pages/s=2.16
progress completed=568 failed=0 in_flight=7 remaining=1742 papers/s=0.2385 pages/s=2.1523
progress completed=569 failed=0 in_flight=7 remaining=1741 papers/s=0.2389 pages/s=2.1556
progress completed=570 failed=0 in_flight=7 remaining=1740 papers/s=0.2392 pages/s=2.158
progress completed=571 failed=0 in_flight=7 remaining=1739 papers/s=0.2395 pages/s=2.161
progress completed=572 failed=0 in_flight=7 remaining=1738 papers/s=0.2389 pages/s=2.155
progress completed=573 failed=0 in_flight=7 remaining=1737 papers/s=0.2393 pages/s=2.1591
progress completed=574 failed=0 in_flight=7 remaining=1736 papers/s=0.2387 pages/s=2.154
progress completed=575 failed=0 in_flight=7 remaining=1735 papers/s=0.2391 pages/s=2.1581
progress completed=576 failed=0 in_flight=7 remaining=1734 papers/s=0.2385 pages/s=2.1526
progress completed=577 failed=0 in_flight=7 remaining=1733 papers/s=0.2388 pages/s=2.1541
progress completed=578 failed=0 in_flight=7 remaining=1732 papers/s=0.2392 pages/s=2.1582
progress completed=579 failed=0 in_flight=7 remaining=1731 papers/s=0.2396 pages/s=2.1622
progress completed=580 failed=0 in_flight=7 remaining=1730 papers/s=0.2392 pages/s=2.1581
progress completed=581 failed=0 in_flight=7 remaining=1729 papers/s=0.2391 pages/s=2.156
progress completed=582 failed=0 in_flight=7 remaining=1728 papers/s=0.2392 pages/s=2.1579
progress completed=583 failed=0 in_flight=7 remaining=1727 papers/s=0.2386 pages/s=2.1516
progress completed=584 failed=0 in_flight=7 remaining=1726 papers/s=0.2389 pages/s=2.1541
progress completed=585 failed=0 in_flight=7 remaining=1725 papers/s=0.2393 pages/s=2.1581
progress completed=586 failed=0 in_flight=7 remaining=1724 papers/s=0.2397 pages/s=2.162
progress completed=587 failed=0 in_flight=7 remaining=1723 papers/s=0.2384 pages/s=2.1512
progress completed=588 failed=0 in_flight=7 remaining=1722 papers/s=0.2388 pages/s=2.1534
progress completed=589 failed=0 in_flight=7 remaining=1721 papers/s=0.2381 pages/s=2.1464
progress completed=590 failed=0 in_flight=7 remaining=1720 papers/s=0.2385 pages/s=2.1503
progress completed=591 failed=0 in_flight=7 remaining=1719 papers/s=0.2387 pages/s=2.1522
progress completed=592 failed=0 in_flight=7 remaining=1718 papers/s=0.2391 pages/s=2.1562
progress completed=593 failed=0 in_flight=7 remaining=1717 papers/s=0.2395 pages/s=2.1594
progress completed=594 failed=0 in_flight=7 remaining=1716 papers/s=0.2399 pages/s=2.1633
progress completed=595 failed=0 in_flight=7 remaining=1715 papers/s=0.2396 pages/s=2.1594
progress completed=596 failed=0 in_flight=7 remaining=1714 papers/s=0.2399 pages/s=2.1617
progress completed=597 failed=0 in_flight=7 remaining=1713 papers/s=0.2387 pages/s=2.1507
progress completed=598 failed=0 in_flight=7 remaining=1712 papers/s=0.2388 pages/s=2.1526
progress completed=599 failed=0 in_flight=7 remaining=1711 papers/s=0.2392 pages/s=2.1565
progress completed=600 failed=0 in_flight=7 remaining=1710 papers/s=0.2387 pages/s=2.1525
progress completed=601 failed=0 in_flight=7 remaining=1709 papers/s=0.2388 pages/s=2.1534
progress completed=602 failed=0 in_flight=7 remaining=1708 papers/s=0.2392 pages/s=2.1573
progress completed=603 failed=0 in_flight=7 remaining=1707 papers/s=0.2396 pages/s=2.1608
progress completed=604 failed=0 in_flight=7 remaining=1706 papers/s=0.24 pages/s=2.1648
progress completed=605 failed=0 in_flight=7 remaining=1705 papers/s=0.2393 pages/s=2.1589
progress completed=606 failed=0 in_flight=7 remaining=1704 papers/s=0.2381 pages/s=2.1485
progress completed=607 failed=0 in_flight=7 remaining=1703 papers/s=0.2384 pages/s=2.1519
progress completed=608 failed=0 in_flight=7 remaining=1702 papers/s=0.2388 pages/s=2.1553
progress completed=609 failed=0 in_flight=7 remaining=1701 papers/s=0.2392 pages/s=2.1584
progress completed=610 failed=0 in_flight=7 remaining=1700 papers/s=0.239 pages/s=2.1573
progress completed=611 failed=0 in_flight=7 remaining=1699 papers/s=0.2394 pages/s=2.1612
progress completed=612 failed=0 in_flight=7 remaining=1698 papers/s=0.2396 pages/s=2.1634
progress completed=613 failed=0 in_flight=7 remaining=1697 papers/s=0.2393 pages/s=2.1606
progress completed=614 failed=0 in_flight=7 remaining=1696 papers/s=0.2386 pages/s=2.1528
progress completed=615 failed=0 in_flight=7 remaining=1695 papers/s=0.239 pages/s=2.1551
progress completed=616 failed=0 in_flight=7 remaining=1694 papers/s=0.2394 pages/s=2.1578
progress completed=617 failed=0 in_flight=7 remaining=1693 papers/s=0.2394 pages/s=2.1583
progress completed=618 failed=0 in_flight=7 remaining=1692 papers/s=0.2397 pages/s=2.1612
progress completed=619 failed=0 in_flight=7 remaining=1691 papers/s=0.2392 pages/s=2.1569
progress completed=620 failed=0 in_flight=7 remaining=1690 papers/s=0.2396 pages/s=2.1606
progress completed=621 failed=0 in_flight=7 remaining=1689 papers/s=0.2397 pages/s=2.1619
progress completed=622 failed=0 in_flight=7 remaining=1688 papers/s=0.2395 pages/s=2.161
progress completed=623 failed=0 in_flight=7 remaining=1687 papers/s=0.2397 pages/s=2.1622
progress completed=624 failed=0 in_flight=7 remaining=1686 papers/s=0.2385 pages/s=2.1515
progress completed=625 failed=0 in_flight=7 remaining=1685 papers/s=0.2389 pages/s=2.1549
progress completed=626 failed=0 in_flight=7 remaining=1684 papers/s=0.2391 pages/s=2.1568
progress completed=627 failed=0 in_flight=7 remaining=1683 papers/s=0.2395 pages/s=2.1606
progress completed=628 failed=0 in_flight=7 remaining=1682 papers/s=0.2399 pages/s=2.1632
progress completed=629 failed=0 in_flight=7 remaining=1681 papers/s=0.2403 pages/s=2.1669
progress completed=630 failed=0 in_flight=7 remaining=1680 papers/s=0.24 pages/s=2.1635
progress completed=631 failed=0 in_flight=7 remaining=1679 papers/s=0.2396 pages/s=2.1591
progress completed=632 failed=0 in_flight=7 remaining=1678 papers/s=0.24 pages/s=2.1624
progress completed=633 failed=0 in_flight=7 remaining=1677 papers/s=0.2397 pages/s=2.1602
progress completed=634 failed=0 in_flight=7 remaining=1676 papers/s=0.2399 pages/s=2.1619
progress completed=635 failed=0 in_flight=7 remaining=1675 papers/s=0.2392 pages/s=2.1558
progress completed=636 failed=0 in_flight=7 remaining=1674 papers/s=0.2395 pages/s=2.1582
progress completed=637 failed=0 in_flight=7 remaining=1673 papers/s=0.2398 pages/s=2.1615
progress completed=638 failed=0 in_flight=7 remaining=1672 papers/s=0.2402 pages/s=2.1651
progress completed=639 failed=0 in_flight=7 remaining=1671 papers/s=0.2399 pages/s=2.1632
progress completed=640 failed=0 in_flight=7 remaining=1670 papers/s=0.2391 pages/s=2.1542
progress completed=641 failed=0 in_flight=7 remaining=1669 papers/s=0.2394 pages/s=2.1571
progress completed=642 failed=0 in_flight=7 remaining=1668 papers/s=0.2398 pages/s=2.1605
progress completed=643 failed=0 in_flight=7 remaining=1667 papers/s=0.24 pages/s=2.1627
progress completed=644 failed=0 in_flight=7 remaining=1666 papers/s=0.2403 pages/s=2.1634
progress completed=645 failed=0 in_flight=7 remaining=1665 papers/s=0.2406 pages/s=2.1667
progress completed=646 failed=0 in_flight=7 remaining=1664 papers/s=0.2402 pages/s=2.1636
progress completed=647 failed=0 in_flight=7 remaining=1663 papers/s=0.2405 pages/s=2.1666
progress completed=648 failed=0 in_flight=7 remaining=1662 papers/s=0.2394 pages/s=2.1567
progress completed=649 failed=0 in_flight=7 remaining=1661 papers/s=0.2397 pages/s=2.1596
progress completed=650 failed=0 in_flight=7 remaining=1660 papers/s=0.2394 pages/s=2.1567
progress completed=651 failed=0 in_flight=7 remaining=1659 papers/s=0.2397 pages/s=2.16
progress completed=652 failed=0 in_flight=7 remaining=1658 papers/s=0.2401 pages/s=2.1636
progress completed=653 failed=0 in_flight=7 remaining=1657 papers/s=0.2404 pages/s=2.1671
progress completed=654 failed=0 in_flight=7 remaining=1656 papers/s=0.2408 pages/s=2.1707
progress completed=655 failed=0 in_flight=7 remaining=1655 papers/s=0.2407 pages/s=2.1704
progress completed=656 failed=0 in_flight=7 remaining=1654 papers/s=0.2411 pages/s=2.1722
progress completed=657 failed=0 in_flight=7 remaining=1653 papers/s=0.2392 pages/s=2.1542
progress completed=658 failed=0 in_flight=7 remaining=1652 papers/s=0.2395 pages/s=2.1563
progress completed=659 failed=0 in_flight=7 remaining=1651 papers/s=0.2399 pages/s=2.1599
progress completed=660 failed=0 in_flight=7 remaining=1650 papers/s=0.2402 pages/s=2.1635
progress completed=661 failed=0 in_flight=7 remaining=1649 papers/s=0.2406 pages/s=2.1663
progress completed=662 failed=0 in_flight=7 remaining=1648 papers/s=0.2408 pages/s=2.1689
progress completed=663 failed=0 in_flight=7 remaining=1647 papers/s=0.2412 pages/s=2.1724
progress completed=664 failed=0 in_flight=7 remaining=1646 papers/s=0.2412 pages/s=2.1723
progress completed=665 failed=0 in_flight=7 remaining=1645 papers/s=0.2409 pages/s=2.1679
progress completed=666 failed=0 in_flight=7 remaining=1644 papers/s=0.241 pages/s=2.1697
progress completed=667 failed=0 in_flight=7 remaining=1643 papers/s=0.2398 pages/s=2.1575
progress completed=668 failed=0 in_flight=7 remaining=1642 papers/s=0.2402 pages/s=2.1607
progress completed=669 failed=0 in_flight=7 remaining=1641 papers/s=0.2405 pages/s=2.1635
progress completed=670 failed=0 in_flight=7 remaining=1640 papers/s=0.2409 pages/s=2.1671
progress completed=671 failed=0 in_flight=7 remaining=1639 papers/s=0.2406 pages/s=2.1652
progress completed=672 failed=0 in_flight=7 remaining=1638 papers/s=0.241 pages/s=2.1688
progress completed=673 failed=0 in_flight=7 remaining=1637 papers/s=0.2409 pages/s=2.1687
progress completed=674 failed=0 in_flight=7 remaining=1636 papers/s=0.2411 pages/s=2.1702
progress completed=675 failed=0 in_flight=7 remaining=1635 papers/s=0.2404 pages/s=2.1624
progress completed=676 failed=0 in_flight=7 remaining=1634 papers/s=0.2407 pages/s=2.1645
progress completed=677 failed=0 in_flight=7 remaining=1633 papers/s=0.241 pages/s=2.168
progress completed=678 failed=0 in_flight=7 remaining=1632 papers/s=0.2408 pages/s=2.1659
progress completed=679 failed=0 in_flight=7 remaining=1631 papers/s=0.2412 pages/s=2.1693
progress completed=680 failed=0 in_flight=7 remaining=1630 papers/s=0.2411 pages/s=2.1682
progress completed=681 failed=0 in_flight=7 remaining=1629 papers/s=0.2405 pages/s=2.1623
progress completed=682 failed=0 in_flight=7 remaining=1628 papers/s=0.2409 pages/s=2.1658
progress completed=683 failed=0 in_flight=7 remaining=1627 papers/s=0.2412 pages/s=2.1693
progress completed=684 failed=0 in_flight=7 remaining=1626 papers/s=0.241 pages/s=2.167
progress completed=685 failed=0 in_flight=7 remaining=1625 papers/s=0.2413 pages/s=2.1705
progress completed=686 failed=0 in_flight=7 remaining=1624 papers/s=0.2414 pages/s=2.171
progress completed=687 failed=0 in_flight=7 remaining=1623 papers/s=0.2406 pages/s=2.1642
progress completed=688 failed=0 in_flight=7 remaining=1622 papers/s=0.241 pages/s=2.1675
progress completed=689 failed=0 in_flight=7 remaining=1621 papers/s=0.2413 pages/s=2.171
progress completed=690 failed=0 in_flight=7 remaining=1620 papers/s=0.2406 pages/s=2.164
progress completed=691 failed=0 in_flight=7 remaining=1619 papers/s=0.2409 pages/s=2.1674
progress completed=692 failed=0 in_flight=7 remaining=1618 papers/s=0.2412 pages/s=2.1709
progress completed=693 failed=0 in_flight=7 remaining=1617 papers/s=0.2416 pages/s=2.1743
progress completed=694 failed=0 in_flight=7 remaining=1616 papers/s=0.2419 pages/s=2.1776
progress completed=695 failed=0 in_flight=7 remaining=1615 papers/s=0.2409 pages/s=2.1671
progress completed=696 failed=0 in_flight=7 remaining=1614 papers/s=0.2412 pages/s=2.1695
progress completed=697 failed=0 in_flight=7 remaining=1613 papers/s=0.2401 pages/s=2.1595
progress completed=698 failed=0 in_flight=7 remaining=1612 papers/s=0.2405 pages/s=2.1629
progress completed=699 failed=0 in_flight=7 remaining=1611 papers/s=0.2408 pages/s=2.1663
progress completed=700 failed=0 in_flight=7 remaining=1610 papers/s=0.2412 pages/s=2.1697
progress completed=701 failed=0 in_flight=7 remaining=1609 papers/s=0.2412 pages/s=2.1705
progress completed=702 failed=0 in_flight=7 remaining=1608 papers/s=0.2415 pages/s=2.1739
progress completed=703 failed=0 in_flight=7 remaining=1607 papers/s=0.241 pages/s=2.169
progress completed=704 failed=0 in_flight=7 remaining=1606 papers/s=0.2402 pages/s=2.1626
progress completed=705 failed=0 in_flight=7 remaining=1605 papers/s=0.2405 pages/s=2.1647
progress completed=706 failed=0 in_flight=7 remaining=1604 papers/s=0.2408 pages/s=2.168
progress completed=707 failed=0 in_flight=7 remaining=1603 papers/s=0.2411 pages/s=2.1712
progress completed=708 failed=0 in_flight=7 remaining=1602 papers/s=0.2405 pages/s=2.1658
progress completed=709 failed=0 in_flight=7 remaining=1601 papers/s=0.2407 pages/s=2.1682
progress completed=710 failed=0 in_flight=7 remaining=1600 papers/s=0.241 pages/s=2.1713
progress completed=711 failed=0 in_flight=7 remaining=1599 papers/s=0.2405 pages/s=2.1666
progress completed=712 failed=0 in_flight=7 remaining=1598 papers/s=0.2409 pages/s=2.1685
progress completed=713 failed=0 in_flight=7 remaining=1597 papers/s=0.2408 pages/s=2.1686
progress completed=714 failed=0 in_flight=7 remaining=1596 papers/s=0.2412 pages/s=2.1719
progress completed=715 failed=0 in_flight=7 remaining=1595 papers/s=0.2412 pages/s=2.1721
progress completed=716 failed=0 in_flight=7 remaining=1594 papers/s=0.2409 pages/s=2.1691
progress completed=717 failed=0 in_flight=7 remaining=1593 papers/s=0.2409 pages/s=2.1697
progress completed=718 failed=0 in_flight=7 remaining=1592 papers/s=0.2413 pages/s=2.173
progress completed=719 failed=0 in_flight=7 remaining=1591 papers/s=0.2407 pages/s=2.1684
progress completed=720 failed=0 in_flight=7 remaining=1590 papers/s=0.2411 pages/s=2.1716
progress completed=721 failed=0 in_flight=7 remaining=1589 papers/s=0.2414 pages/s=2.1746
progress completed=722 failed=0 in_flight=7 remaining=1588 papers/s=0.2411 pages/s=2.1725
progress completed=723 failed=0 in_flight=7 remaining=1587 papers/s=0.2407 pages/s=2.1689
progress completed=724 failed=0 in_flight=7 remaining=1586 papers/s=0.2409 pages/s=2.1709
progress completed=725 failed=0 in_flight=7 remaining=1585 papers/s=0.2412 pages/s=2.1741
progress completed=726 failed=0 in_flight=7 remaining=1584 papers/s=0.2413 pages/s=2.1758
progress completed=727 failed=0 in_flight=7 remaining=1583 papers/s=0.2407 pages/s=2.1706
progress completed=728 failed=0 in_flight=7 remaining=1582 papers/s=0.2411 pages/s=2.1738
progress completed=729 failed=0 in_flight=7 remaining=1581 papers/s=0.2414 pages/s=2.1771
progress completed=730 failed=0 in_flight=7 remaining=1580 papers/s=0.2407 pages/s=2.1703
progress completed=731 failed=0 in_flight=7 remaining=1579 papers/s=0.2409 pages/s=2.1728
progress completed=732 failed=0 in_flight=7 remaining=1578 papers/s=0.2411 pages/s=2.1748
progress completed=733 failed=0 in_flight=7 remaining=1577 papers/s=0.2412 pages/s=2.1753
progress completed=734 failed=0 in_flight=7 remaining=1576 papers/s=0.2415 pages/s=2.1785
progress completed=735 failed=0 in_flight=7 remaining=1575 papers/s=0.2414 pages/s=2.1782
progress completed=736 failed=0 in_flight=7 remaining=1574 papers/s=0.241 pages/s=2.1746
progress completed=737 failed=0 in_flight=7 remaining=1573 papers/s=0.2401 pages/s=2.1671
progress completed=738 failed=0 in_flight=7 remaining=1572 papers/s=0.2404 pages/s=2.1703
progress completed=739 failed=0 in_flight=7 remaining=1571 papers/s=0.2407 pages/s=2.1735
progress completed=740 failed=0 in_flight=7 remaining=1570 papers/s=0.2411 pages/s=2.1767
progress completed=741 failed=0 in_flight=7 remaining=1569 papers/s=0.2414 pages/s=2.1799
progress completed=742 failed=0 in_flight=7 remaining=1568 papers/s=0.2417 pages/s=2.183
progress completed=743 failed=0 in_flight=7 remaining=1567 papers/s=0.242 pages/s=2.1862
progress completed=744 failed=0 in_flight=7 remaining=1566 papers/s=0.2406 pages/s=2.1735
progress completed=745 failed=0 in_flight=7 remaining=1565 papers/s=0.2409 pages/s=2.1754
progress completed=746 failed=0 in_flight=7 remaining=1564 papers/s=0.2404 pages/s=2.1706
progress completed=747 failed=0 in_flight=7 remaining=1563 papers/s=0.2407 pages/s=2.1738
progress completed=748 failed=0 in_flight=7 remaining=1562 papers/s=0.241 pages/s=2.1766
progress completed=749 failed=0 in_flight=7 remaining=1561 papers/s=0.2411 pages/s=2.1778
progress completed=750 failed=0 in_flight=7 remaining=1560 papers/s=0.2414 pages/s=2.181
progress completed=751 failed=0 in_flight=7 remaining=1559 papers/s=0.2417 pages/s=2.1842
progress completed=752 failed=0 in_flight=7 remaining=1558 papers/s=0.2413 pages/s=2.1813
progress completed=753 failed=0 in_flight=7 remaining=1557 papers/s=0.2413 pages/s=2.1815
progress completed=754 failed=0 in_flight=7 remaining=1556 papers/s=0.2404 pages/s=2.1724
progress completed=755 failed=0 in_flight=7 remaining=1555 papers/s=0.2407 pages/s=2.1749
progress completed=756 failed=0 in_flight=7 remaining=1554 papers/s=0.241 pages/s=2.1781
progress completed=757 failed=0 in_flight=7 remaining=1553 papers/s=0.2413 pages/s=2.1809
progress completed=758 failed=0 in_flight=7 remaining=1552 papers/s=0.2416 pages/s=2.184
progress completed=759 failed=0 in_flight=7 remaining=1551 papers/s=0.2416 pages/s=2.1842
progress completed=760 failed=0 in_flight=7 remaining=1550 papers/s=0.2413 pages/s=2.1813
progress completed=761 failed=0 in_flight=7 remaining=1549 papers/s=0.2416 pages/s=2.1844
progress completed=762 failed=0 in_flight=7 remaining=1548 papers/s=0.2405 pages/s=2.1745
progress completed=763 failed=0 in_flight=7 remaining=1547 papers/s=0.2408 pages/s=2.1775
progress completed=764 failed=0 in_flight=7 remaining=1546 papers/s=0.241 pages/s=2.1799
progress completed=765 failed=0 in_flight=7 remaining=1545 papers/s=0.2413 pages/s=2.1827
progress completed=766 failed=0 in_flight=7 remaining=1544 papers/s=0.2416 pages/s=2.1858
progress completed=767 failed=0 in_flight=7 remaining=1543 papers/s=0.2418 pages/s=2.1886
progress completed=768 failed=0 in_flight=7 remaining=1542 papers/s=0.2407 pages/s=2.1781
progress completed=769 failed=0 in_flight=7 remaining=1541 papers/s=0.2409 pages/s=2.181
progress completed=770 failed=0 in_flight=7 remaining=1540 papers/s=0.2412 pages/s=2.1841
progress completed=771 failed=0 in_flight=7 remaining=1539 papers/s=0.2409 pages/s=2.1815
progress completed=772 failed=0 in_flight=7 remaining=1538 papers/s=0.2412 pages/s=2.1846
progress completed=773 failed=0 in_flight=7 remaining=1537 papers/s=0.2415 pages/s=2.187
progress completed=774 failed=0 in_flight=7 remaining=1536 papers/s=0.2414 pages/s=2.1868
progress completed=775 failed=0 in_flight=7 remaining=1535 papers/s=0.2417 pages/s=2.1898
progress completed=776 failed=0 in_flight=7 remaining=1534 papers/s=0.2413 pages/s=2.1862
progress completed=777 failed=0 in_flight=7 remaining=1533 papers/s=0.2416 pages/s=2.1883
progress completed=778 failed=0 in_flight=7 remaining=1532 papers/s=0.2418 pages/s=2.1909
progress completed=779 failed=0 in_flight=7 remaining=1531 papers/s=0.2421 pages/s=2.1934
progress completed=780 failed=0 in_flight=7 remaining=1530 papers/s=0.2413 pages/s=2.1864
progress completed=781 failed=0 in_flight=7 remaining=1529 papers/s=0.2416 pages/s=2.1895
progress completed=782 failed=0 in_flight=7 remaining=1528 papers/s=0.2412 pages/s=2.187
progress completed=783 failed=0 in_flight=7 remaining=1527 papers/s=0.2416 pages/s=2.19
progress completed=784 failed=0 in_flight=7 remaining=1526 papers/s=0.2418 pages/s=2.1927
progress completed=785 failed=0 in_flight=7 remaining=1525 papers/s=0.242 pages/s=2.1944
progress completed=786 failed=0 in_flight=7 remaining=1524 papers/s=0.2418 pages/s=2.193
progress completed=787 failed=0 in_flight=7 remaining=1523 papers/s=0.242 pages/s=2.1948
progress completed=788 failed=0 in_flight=7 remaining=1522 papers/s=0.2423 pages/s=2.1978
progress completed=789 failed=0 in_flight=7 remaining=1521 papers/s=0.2416 pages/s=2.192
progress completed=790 failed=0 in_flight=7 remaining=1520 papers/s=0.2418 pages/s=2.1941
progress completed=791 failed=0 in_flight=7 remaining=1519 papers/s=0.2421 pages/s=2.1972
progress completed=792 failed=0 in_flight=7 remaining=1518 papers/s=0.2422 pages/s=2.1982
progress completed=793 failed=0 in_flight=7 remaining=1517 papers/s=0.2415 pages/s=2.192
progress completed=794 failed=0 in_flight=7 remaining=1516 papers/s=0.2418 pages/s=2.195
progress completed=795 failed=0 in_flight=7 remaining=1515 papers/s=0.2421 pages/s=2.1979
progress completed=796 failed=0 in_flight=7 remaining=1514 papers/s=0.2422 pages/s=2.1986
progress completed=797 failed=0 in_flight=7 remaining=1513 papers/s=0.2425 pages/s=2.2016
progress completed=798 failed=0 in_flight=7 remaining=1512 papers/s=0.2423 pages/s=2.2002
progress completed=799 failed=0 in_flight=7 remaining=1511 papers/s=0.242 pages/s=2.198
progress completed=800 failed=0 in_flight=7 remaining=1510 papers/s=0.2414 pages/s=2.1928
progress completed=801 failed=0 in_flight=7 remaining=1509 papers/s=0.2417 pages/s=2.1955
progress completed=802 failed=0 in_flight=7 remaining=1508 papers/s=0.2419 pages/s=2.1975
progress completed=803 failed=0 in_flight=7 remaining=1507 papers/s=0.242 pages/s=2.1995
progress completed=804 failed=0 in_flight=7 remaining=1506 papers/s=0.2423 pages/s=2.2025
progress completed=805 failed=0 in_flight=7 remaining=1505 papers/s=0.2426 pages/s=2.2049
progress completed=806 failed=0 in_flight=7 remaining=1504 papers/s=0.2423 pages/s=2.2017
progress completed=807 failed=0 in_flight=7 remaining=1503 papers/s=0.2426 pages/s=2.2046
progress completed=808 failed=0 in_flight=7 remaining=1502 papers/s=0.2417 pages/s=2.1968
progress completed=809 failed=0 in_flight=7 remaining=1501 papers/s=0.2418 pages/s=2.198
progress completed=810 failed=0 in_flight=7 remaining=1500 papers/s=0.2421 pages/s=2.2008
progress completed=811 failed=0 in_flight=7 remaining=1499 papers/s=0.2418 pages/s=2.1981
progress completed=812 failed=0 in_flight=7 remaining=1498 papers/s=0.2419 pages/s=2.1994
progress completed=813 failed=0 in_flight=7 remaining=1497 papers/s=0.2421 pages/s=2.2022
progress completed=814 failed=0 in_flight=7 remaining=1496 papers/s=0.2424 pages/s=2.2052
progress completed=815 failed=0 in_flight=7 remaining=1495 papers/s=0.2427 pages/s=2.208
progress completed=816 failed=0 in_flight=7 remaining=1494 papers/s=0.241 pages/s=2.1929
progress completed=817 failed=0 in_flight=7 remaining=1493 papers/s=0.2413 pages/s=2.1958
progress completed=818 failed=0 in_flight=7 remaining=1492 papers/s=0.2416 pages/s=2.1987
progress completed=819 failed=0 in_flight=7 remaining=1491 papers/s=0.2419 pages/s=2.2016
progress completed=820 failed=0 in_flight=7 remaining=1490 papers/s=0.2419 pages/s=2.2016
progress completed=821 failed=0 in_flight=7 remaining=1489 papers/s=0.2419 pages/s=2.2023
progress completed=822 failed=0 in_flight=7 remaining=1488 papers/s=0.2422 pages/s=2.2052
progress completed=823 failed=0 in_flight=7 remaining=1487 papers/s=0.2422 pages/s=2.2056
progress completed=824 failed=0 in_flight=7 remaining=1486 papers/s=0.242 pages/s=2.2022
progress completed=825 failed=0 in_flight=7 remaining=1485 papers/s=0.2422 pages/s=2.2044
progress completed=826 failed=0 in_flight=7 remaining=1484 papers/s=0.2424 pages/s=2.2073
progress completed=827 failed=0 in_flight=7 remaining=1483 papers/s=0.2425 pages/s=2.2079
progress completed=828 failed=0 in_flight=7 remaining=1482 papers/s=0.2424 pages/s=2.2071
progress completed=829 failed=0 in_flight=7 remaining=1481 papers/s=0.2416 pages/s=2.1999
progress completed=830 failed=0 in_flight=7 remaining=1480 papers/s=0.2418 pages/s=2.2027
progress completed=831 failed=0 in_flight=7 remaining=1479 papers/s=0.242 pages/s=2.2045
progress completed=832 failed=0 in_flight=7 remaining=1478 papers/s=0.2423 pages/s=2.2074
progress completed=833 failed=0 in_flight=7 remaining=1477 papers/s=0.2426 pages/s=2.2102
progress completed=834 failed=0 in_flight=7 remaining=1476 papers/s=0.2422 pages/s=2.2074
progress completed=835 failed=0 in_flight=7 remaining=1475 papers/s=0.2425 pages/s=2.2102
progress completed=836 failed=0 in_flight=7 remaining=1474 papers/s=0.242 pages/s=2.206
progress completed=837 failed=0 in_flight=7 remaining=1473 papers/s=0.2423 pages/s=2.2088
progress completed=838 failed=0 in_flight=7 remaining=1472 papers/s=0.2419 pages/s=2.2052
progress completed=839 failed=0 in_flight=7 remaining=1471 papers/s=0.2421 pages/s=2.207
progress completed=840 failed=0 in_flight=7 remaining=1470 papers/s=0.242 pages/s=2.2055
progress completed=841 failed=0 in_flight=7 remaining=1469 papers/s=0.2422 pages/s=2.2083
progress completed=842 failed=0 in_flight=7 remaining=1468 papers/s=0.2424 pages/s=2.2103
progress completed=843 failed=0 in_flight=7 remaining=1467 papers/s=0.2427 pages/s=2.212
progress completed=844 failed=0 in_flight=7 remaining=1466 papers/s=0.2428 pages/s=2.213
progress completed=845 failed=0 in_flight=7 remaining=1465 papers/s=0.2424 pages/s=2.2096
progress completed=846 failed=0 in_flight=7 remaining=1464 papers/s=0.2416 pages/s=2.2031
progress completed=847 failed=0 in_flight=7 remaining=1463 papers/s=0.2419 pages/s=2.2054
progress completed=848 failed=0 in_flight=7 remaining=1462 papers/s=0.2422 pages/s=2.2082
progress completed=849 failed=0 in_flight=7 remaining=1461 papers/s=0.2424 pages/s=2.21
progress completed=850 failed=0 in_flight=7 remaining=1460 papers/s=0.2426 pages/s=2.2122
progress completed=851 failed=0 in_flight=7 remaining=1459 papers/s=0.2427 pages/s=2.2137
progress completed=852 failed=0 in_flight=7 remaining=1458 papers/s=0.2429 pages/s=2.2154
progress completed=853 failed=0 in_flight=7 remaining=1457 papers/s=0.2427 pages/s=2.2141
progress completed=854 failed=0 in_flight=7 remaining=1456 papers/s=0.2411 pages/s=2.1996
progress completed=855 failed=0 in_flight=7 remaining=1455 papers/s=0.2414 pages/s=2.2024
progress completed=856 failed=0 in_flight=7 remaining=1454 papers/s=0.2416 pages/s=2.2052
progress completed=857 failed=0 in_flight=7 remaining=1453 papers/s=0.2418 pages/s=2.2069
progress completed=858 failed=0 in_flight=7 remaining=1452 papers/s=0.2421 pages/s=2.2096
progress completed=859 failed=0 in_flight=7 remaining=1451 papers/s=0.2423 pages/s=2.2124
progress completed=860 failed=0 in_flight=7 remaining=1450 papers/s=0.2426 pages/s=2.2152
progress completed=861 failed=0 in_flight=7 remaining=1449 papers/s=0.2419 pages/s=2.2086
progress completed=862 failed=0 in_flight=7 remaining=1448 papers/s=0.2421 pages/s=2.2113
progress completed=863 failed=0 in_flight=7 remaining=1447 papers/s=0.2415 pages/s=2.2054
progress completed=864 failed=0 in_flight=7 remaining=1446 papers/s=0.2418 pages/s=2.2082
progress completed=865 failed=0 in_flight=7 remaining=1445 papers/s=0.242 pages/s=2.2101
progress completed=866 failed=0 in_flight=7 remaining=1444 papers/s=0.2421 pages/s=2.2121
progress completed=867 failed=0 in_flight=7 remaining=1443 papers/s=0.2419 pages/s=2.2098
progress completed=868 failed=0 in_flight=7 remaining=1442 papers/s=0.2421 pages/s=2.2124
progress completed=869 failed=0 in_flight=7 remaining=1441 papers/s=0.2413 pages/s=2.2042
progress completed=870 failed=0 in_flight=7 remaining=1440 papers/s=0.2416 pages/s=2.2069
progress completed=871 failed=0 in_flight=7 remaining=1439 papers/s=0.2419 pages/s=2.2096
progress completed=872 failed=0 in_flight=7 remaining=1438 papers/s=0.2419 pages/s=2.2099
progress completed=873 failed=0 in_flight=7 remaining=1437 papers/s=0.2421 pages/s=2.2126
progress completed=874 failed=0 in_flight=7 remaining=1436 papers/s=0.2424 pages/s=2.2154
progress completed=875 failed=0 in_flight=7 remaining=1435 papers/s=0.2421 pages/s=2.2122
progress completed=876 failed=0 in_flight=7 remaining=1434 papers/s=0.2422 pages/s=2.214
progress completed=877 failed=0 in_flight=7 remaining=1433 papers/s=0.2422 pages/s=2.2134
progress completed=878 failed=0 in_flight=7 remaining=1432 papers/s=0.2421 pages/s=2.2117
progress completed=879 failed=0 in_flight=7 remaining=1431 papers/s=0.2411 pages/s=2.2019
progress completed=880 failed=0 in_flight=7 remaining=1430 papers/s=0.2414 pages/s=2.2046
progress completed=881 failed=0 in_flight=7 remaining=1429 papers/s=0.2416 pages/s=2.2073
progress completed=882 failed=0 in_flight=7 remaining=1428 papers/s=0.2417 pages/s=2.2079
progress completed=883 failed=0 in_flight=7 remaining=1427 papers/s=0.242 pages/s=2.2106
progress completed=884 failed=0 in_flight=7 remaining=1426 papers/s=0.2422 pages/s=2.2133
progress completed=885 failed=0 in_flight=7 remaining=1425 papers/s=0.2424 pages/s=2.2154
progress completed=886 failed=0 in_flight=7 remaining=1424 papers/s=0.2421 pages/s=2.2111
progress completed=887 failed=0 in_flight=7 remaining=1423 papers/s=0.2424 pages/s=2.2134
progress completed=888 failed=0 in_flight=7 remaining=1422 papers/s=0.2425 pages/s=2.2142
progress completed=889 failed=0 in_flight=7 remaining=1421 papers/s=0.2422 pages/s=2.2105
progress completed=890 failed=0 in_flight=7 remaining=1420 papers/s=0.2424 pages/s=2.2123
progress completed=891 failed=0 in_flight=7 remaining=1419 papers/s=0.2427 pages/s=2.2147
progress completed=892 failed=0 in_flight=7 remaining=1418 papers/s=0.2425 pages/s=2.2125
progress completed=893 failed=0 in_flight=7 remaining=1417 papers/s=0.2419 pages/s=2.2072
progress completed=894 failed=0 in_flight=7 remaining=1416 papers/s=0.2422 pages/s=2.2095
progress completed=895 failed=0 in_flight=7 remaining=1415 papers/s=0.2423 pages/s=2.2104
progress completed=896 failed=0 in_flight=7 remaining=1414 papers/s=0.2424 pages/s=2.2113
progress completed=897 failed=0 in_flight=7 remaining=1413 papers/s=0.2424 pages/s=2.2111
progress completed=898 failed=0 in_flight=7 remaining=1412 papers/s=0.2426 pages/s=2.2123
progress completed=899 failed=0 in_flight=7 remaining=1411 papers/s=0.2427 pages/s=2.2125
progress completed=900 failed=0 in_flight=7 remaining=1410 papers/s=0.2429 pages/s=2.2151
progress completed=901 failed=0 in_flight=7 remaining=1409 papers/s=0.2425 pages/s=2.2113
progress completed=902 failed=0 in_flight=7 remaining=1408 papers/s=0.2419 pages/s=2.2054
progress completed=903 failed=0 in_flight=7 remaining=1407 papers/s=0.2421 pages/s=2.208
progress completed=904 failed=0 in_flight=7 remaining=1406 papers/s=0.2422 pages/s=2.2083
progress completed=905 failed=0 in_flight=7 remaining=1405 papers/s=0.2425 pages/s=2.2109
progress completed=906 failed=0 in_flight=7 remaining=1404 papers/s=0.2428 pages/s=2.2133
progress completed=907 failed=0 in_flight=7 remaining=1403 papers/s=0.2427 pages/s=2.2128
progress completed=908 failed=0 in_flight=7 remaining=1402 papers/s=0.2428 pages/s=2.2137
progress completed=909 failed=0 in_flight=7 remaining=1401 papers/s=0.2423 pages/s=2.2088
progress completed=910 failed=0 in_flight=7 remaining=1400 papers/s=0.2426 pages/s=2.2112
progress completed=911 failed=0 in_flight=7 remaining=1399 papers/s=0.2427 pages/s=2.2114
progress completed=912 failed=0 in_flight=7 remaining=1398 papers/s=0.2429 pages/s=2.214
progress completed=913 failed=0 in_flight=7 remaining=1397 papers/s=0.242 pages/s=2.2055
progress completed=914 failed=0 in_flight=7 remaining=1396 papers/s=0.2421 pages/s=2.2071
progress completed=915 failed=0 in_flight=7 remaining=1395 papers/s=0.2424 pages/s=2.2096
progress completed=916 failed=0 in_flight=7 remaining=1394 papers/s=0.242 pages/s=2.2051
progress completed=917 failed=0 in_flight=7 remaining=1393 papers/s=0.2422 pages/s=2.2075
progress completed=918 failed=0 in_flight=7 remaining=1392 papers/s=0.2425 pages/s=2.21
progress completed=919 failed=0 in_flight=7 remaining=1391 papers/s=0.2417 pages/s=2.2027
progress completed=920 failed=0 in_flight=7 remaining=1390 papers/s=0.2419 pages/s=2.2038
progress completed=921 failed=0 in_flight=7 remaining=1389 papers/s=0.242 pages/s=2.2052
progress completed=922 failed=0 in_flight=7 remaining=1388 papers/s=0.2422 pages/s=2.2077
progress completed=923 failed=0 in_flight=7 remaining=1387 papers/s=0.2419 pages/s=2.2047
progress completed=924 failed=0 in_flight=7 remaining=1386 papers/s=0.2422 pages/s=2.207
progress completed=925 failed=0 in_flight=7 remaining=1385 papers/s=0.2423 pages/s=2.2084
progress completed=926 failed=0 in_flight=7 remaining=1384 papers/s=0.2419 pages/s=2.2048
progress completed=927 failed=0 in_flight=7 remaining=1383 papers/s=0.241 pages/s=2.196
progress completed=928 failed=0 in_flight=7 remaining=1382 papers/s=0.2412 pages/s=2.198
progress completed=929 failed=0 in_flight=7 remaining=1381 papers/s=0.2415 pages/s=2.2002
progress completed=930 failed=0 in_flight=7 remaining=1380 papers/s=0.2417 pages/s=2.2027
progress completed=931 failed=0 in_flight=7 remaining=1379 papers/s=0.242 pages/s=2.2053
progress completed=932 failed=0 in_flight=7 remaining=1378 papers/s=0.242 pages/s=2.2056
progress completed=933 failed=0 in_flight=7 remaining=1377 papers/s=0.2423 pages/s=2.2081
progress completed=934 failed=0 in_flight=7 remaining=1376 papers/s=0.2418 pages/s=2.2034
progress completed=935 failed=0 in_flight=7 remaining=1375 papers/s=0.2412 pages/s=2.1974
progress completed=936 failed=0 in_flight=7 remaining=1374 papers/s=0.2414 pages/s=2.1992
progress completed=937 failed=0 in_flight=7 remaining=1373 papers/s=0.2417 pages/s=2.2018
progress completed=938 failed=0 in_flight=7 remaining=1372 papers/s=0.2419 pages/s=2.2043
progress completed=939 failed=0 in_flight=7 remaining=1371 papers/s=0.2422 pages/s=2.2061
progress completed=940 failed=0 in_flight=7 remaining=1370 papers/s=0.2425 pages/s=2.2086
progress completed=941 failed=0 in_flight=7 remaining=1369 papers/s=0.2422 pages/s=2.2059
progress completed=942 failed=0 in_flight=7 remaining=1368 papers/s=0.2411 pages/s=2.1962
progress completed=943 failed=0 in_flight=7 remaining=1367 papers/s=0.2413 pages/s=2.198
progress completed=944 failed=0 in_flight=7 remaining=1366 papers/s=0.2416 pages/s=2.2002
progress completed=945 failed=0 in_flight=7 remaining=1365 papers/s=0.2416 pages/s=2.1995
progress completed=946 failed=0 in_flight=7 remaining=1364 papers/s=0.2418 pages/s=2.2018
progress completed=947 failed=0 in_flight=7 remaining=1363 papers/s=0.2421 pages/s=2.2041
progress completed=948 failed=0 in_flight=7 remaining=1362 papers/s=0.2423 pages/s=2.2061
progress completed=949 failed=0 in_flight=7 remaining=1361 papers/s=0.242 pages/s=2.2038
progress completed=950 failed=0 in_flight=7 remaining=1360 papers/s=0.2417 pages/s=2.2005
progress completed=951 failed=0 in_flight=7 remaining=1359 papers/s=0.2419 pages/s=2.2028
progress completed=952 failed=0 in_flight=7 remaining=1358 papers/s=0.2413 pages/s=2.196
progress completed=953 failed=0 in_flight=7 remaining=1357 papers/s=0.2415 pages/s=2.1985
progress completed=954 failed=0 in_flight=7 remaining=1356 papers/s=0.2418 pages/s=2.201
progress completed=955 failed=0 in_flight=7 remaining=1355 papers/s=0.242 pages/s=2.2036
progress completed=956 failed=0 in_flight=7 remaining=1354 papers/s=0.2423 pages/s=2.206
progress completed=957 failed=0 in_flight=7 remaining=1353 papers/s=0.2423 pages/s=2.2064
progress completed=958 failed=0 in_flight=7 remaining=1352 papers/s=0.242 pages/s=2.2043
progress completed=959 failed=0 in_flight=7 remaining=1351 papers/s=0.2418 pages/s=2.2014
progress completed=960 failed=0 in_flight=7 remaining=1350 papers/s=0.2421 pages/s=2.2026
progress completed=961 failed=0 in_flight=7 remaining=1349 papers/s=0.2417 pages/s=2.1994
progress completed=962 failed=0 in_flight=7 remaining=1348 papers/s=0.242 pages/s=2.2019
progress completed=963 failed=0 in_flight=7 remaining=1347 papers/s=0.2421 pages/s=2.2035
progress completed=964 failed=0 in_flight=7 remaining=1346 papers/s=0.2421 pages/s=2.2034
progress completed=965 failed=0 in_flight=7 remaining=1345 papers/s=0.2424 pages/s=2.2059
progress completed=966 failed=0 in_flight=7 remaining=1344 papers/s=0.2424 pages/s=2.2057
progress completed=967 failed=0 in_flight=7 remaining=1343 papers/s=0.2424 pages/s=2.2053
progress completed=968 failed=0 in_flight=7 remaining=1342 papers/s=0.2419 pages/s=2.2001
progress completed=969 failed=0 in_flight=7 remaining=1341 papers/s=0.2421 pages/s=2.2025
progress completed=970 failed=0 in_flight=7 remaining=1340 papers/s=0.2421 pages/s=2.202
progress completed=971 failed=0 in_flight=7 remaining=1339 papers/s=0.2424 pages/s=2.2044
progress completed=972 failed=0 in_flight=7 remaining=1338 papers/s=0.2426 pages/s=2.2066
progress completed=973 failed=0 in_flight=7 remaining=1337 papers/s=0.2425 pages/s=2.2054
progress completed=974 failed=0 in_flight=7 remaining=1336 papers/s=0.2422 pages/s=2.202
progress completed=975 failed=0 in_flight=7 remaining=1335 papers/s=0.2424 pages/s=2.2037
progress completed=976 failed=0 in_flight=7 remaining=1334 papers/s=0.2426 pages/s=2.2062
progress completed=977 failed=0 in_flight=7 remaining=1333 papers/s=0.2423 pages/s=2.2024
progress completed=978 failed=0 in_flight=7 remaining=1332 papers/s=0.2425 pages/s=2.2048
progress completed=979 failed=0 in_flight=7 remaining=1331 papers/s=0.2428 pages/s=2.2066
progress completed=980 failed=0 in_flight=7 remaining=1330 papers/s=0.243 pages/s=2.2087
progress completed=981 failed=0 in_flight=7 remaining=1329 papers/s=0.2429 pages/s=2.2071
progress completed=982 failed=0 in_flight=7 remaining=1328 papers/s=0.2427 pages/s=2.2054
progress completed=983 failed=0 in_flight=7 remaining=1327 papers/s=0.2428 pages/s=2.2066
progress completed=984 failed=0 in_flight=7 remaining=1326 papers/s=0.2422 pages/s=2.2015
progress completed=985 failed=0 in_flight=7 remaining=1325 papers/s=0.2425 pages/s=2.204
progress completed=986 failed=0 in_flight=7 remaining=1324 papers/s=0.2427 pages/s=2.2063
progress completed=987 failed=0 in_flight=7 remaining=1323 papers/s=0.2427 pages/s=2.2067
progress completed=988 failed=0 in_flight=7 remaining=1322 papers/s=0.2423 pages/s=2.2034
progress completed=989 failed=0 in_flight=7 remaining=1321 papers/s=0.2426 pages/s=2.2057
progress completed=990 failed=0 in_flight=7 remaining=1320 papers/s=0.2427 pages/s=2.2069
progress completed=991 failed=0 in_flight=7 remaining=1319 papers/s=0.2429 pages/s=2.2093
progress completed=992 failed=0 in_flight=7 remaining=1318 papers/s=0.2426 pages/s=2.2058
progress completed=993 failed=0 in_flight=7 remaining=1317 papers/s=0.2426 pages/s=2.205
progress completed=994 failed=0 in_flight=7 remaining=1316 papers/s=0.2421 pages/s=2.2001
progress completed=995 failed=0 in_flight=7 remaining=1315 papers/s=0.2424 pages/s=2.202
progress completed=996 failed=0 in_flight=7 remaining=1314 papers/s=0.2426 pages/s=2.2041
progress completed=997 failed=0 in_flight=7 remaining=1313 papers/s=0.2428 pages/s=2.206
progress completed=998 failed=0 in_flight=7 remaining=1312 papers/s=0.2431 pages/s=2.2084
progress completed=999 failed=0 in_flight=7 remaining=1311 papers/s=0.243 pages/s=2.208
progress completed=1000 failed=0 in_flight=7 remaining=1310 papers/s=0.2426 pages/s=2.2031
progress completed=1001 failed=0 in_flight=7 remaining=1309 papers/s=0.2428 pages/s=2.2048
progress completed=1002 failed=0 in_flight=7 remaining=1308 papers/s=0.2425 pages/s=2.2017
progress completed=1003 failed=0 in_flight=7 remaining=1307 papers/s=0.2427 pages/s=2.2041
progress completed=1004 failed=0 in_flight=7 remaining=1306 papers/s=0.2426 pages/s=2.2038
progress completed=1005 failed=0 in_flight=7 remaining=1305 papers/s=0.2429 pages/s=2.2062
progress completed=1006 failed=0 in_flight=7 remaining=1304 papers/s=0.2431 pages/s=2.2086
progress completed=1007 failed=0 in_flight=7 remaining=1303 papers/s=0.2431 pages/s=2.2084
progress completed=1008 failed=0 in_flight=7 remaining=1302 papers/s=0.243 pages/s=2.207
progress completed=1009 failed=0 in_flight=7 remaining=1301 papers/s=0.2433 pages/s=2.2094
progress completed=1010 failed=0 in_flight=7 remaining=1300 papers/s=0.2434 pages/s=2.2105
progress completed=1011 failed=0 in_flight=7 remaining=1299 papers/s=0.2432 pages/s=2.2095
progress completed=1012 failed=0 in_flight=7 remaining=1298 papers/s=0.2429 pages/s=2.2061
progress completed=1013 failed=0 in_flight=7 remaining=1297 papers/s=0.243 pages/s=2.2075
progress completed=1014 failed=0 in_flight=7 remaining=1296 papers/s=0.2432 pages/s=2.2095
progress completed=1015 failed=0 in_flight=7 remaining=1295 papers/s=0.2428 pages/s=2.2054
progress completed=1016 failed=0 in_flight=7 remaining=1294 papers/s=0.243 pages/s=2.2077
progress completed=1017 failed=0 in_flight=7 remaining=1293 papers/s=0.2432 pages/s=2.2086
progress completed=1018 failed=0 in_flight=7 remaining=1292 papers/s=0.2433 pages/s=2.2099
progress completed=1019 failed=0 in_flight=7 remaining=1291 papers/s=0.2435 pages/s=2.2123
progress completed=1020 failed=0 in_flight=7 remaining=1290 papers/s=0.2433 pages/s=2.2093
progress completed=1021 failed=0 in_flight=7 remaining=1289 papers/s=0.2435 pages/s=2.2117
progress completed=1022 failed=0 in_flight=7 remaining=1288 papers/s=0.2433 pages/s=2.2093
progress completed=1023 failed=0 in_flight=7 remaining=1287 papers/s=0.2428 pages/s=2.2051
progress completed=1024 failed=0 in_flight=7 remaining=1286 papers/s=0.2431 pages/s=2.2072
progress completed=1025 failed=0 in_flight=7 remaining=1285 papers/s=0.2431 pages/s=2.2076
progress completed=1026 failed=0 in_flight=7 remaining=1284 papers/s=0.2433 pages/s=2.2095
progress completed=1027 failed=0 in_flight=7 remaining=1283 papers/s=0.2435 pages/s=2.2115
progress completed=1028 failed=0 in_flight=7 remaining=1282 papers/s=0.2434 pages/s=2.2096
progress completed=1029 failed=0 in_flight=7 remaining=1281 papers/s=0.2435 pages/s=2.2103
progress completed=1030 failed=0 in_flight=7 remaining=1280 papers/s=0.2437 pages/s=2.2119
progress completed=1031 failed=0 in_flight=7 remaining=1279 papers/s=0.2429 pages/s=2.2048
progress completed=1032 failed=0 in_flight=7 remaining=1278 papers/s=0.2431 pages/s=2.2061
progress completed=1033 failed=0 in_flight=7 remaining=1277 papers/s=0.2433 pages/s=2.2077
progress completed=1034 failed=0 in_flight=7 remaining=1276 papers/s=0.2435 pages/s=2.2091
progress completed=1035 failed=0 in_flight=7 remaining=1275 papers/s=0.2438 pages/s=2.211
progress completed=1036 failed=0 in_flight=7 remaining=1274 papers/s=0.2435 pages/s=2.2087
progress completed=1037 failed=0 in_flight=7 remaining=1273 papers/s=0.2437 pages/s=2.2104
progress completed=1038 failed=0 in_flight=7 remaining=1272 papers/s=0.2438 pages/s=2.2108
progress completed=1039 failed=0 in_flight=7 remaining=1271 papers/s=0.2439 pages/s=2.2122
progress completed=1040 failed=0 in_flight=7 remaining=1270 papers/s=0.2437 pages/s=2.2103
progress completed=1041 failed=0 in_flight=7 remaining=1269 papers/s=0.2429 pages/s=2.2028
progress completed=1042 failed=0 in_flight=7 remaining=1268 papers/s=0.2431 pages/s=2.2044
progress completed=1043 failed=0 in_flight=7 remaining=1267 papers/s=0.2433 pages/s=2.2062
progress completed=1044 failed=0 in_flight=7 remaining=1266 papers/s=0.2435 pages/s=2.2076
progress completed=1045 failed=0 in_flight=7 remaining=1265 papers/s=0.2437 pages/s=2.2099
progress completed=1046 failed=0 in_flight=7 remaining=1264 papers/s=0.2438 pages/s=2.2111
progress completed=1047 failed=0 in_flight=7 remaining=1263 papers/s=0.244 pages/s=2.2131
progress completed=1048 failed=0 in_flight=7 remaining=1262 papers/s=0.2439 pages/s=2.2122
progress completed=1049 failed=0 in_flight=7 remaining=1261 papers/s=0.244 pages/s=2.2123
progress completed=1050 failed=0 in_flight=7 remaining=1260 papers/s=0.2432 pages/s=2.2049
progress completed=1051 failed=0 in_flight=7 remaining=1259 papers/s=0.2434 pages/s=2.2065
progress completed=1052 failed=0 in_flight=7 remaining=1258 papers/s=0.2436 pages/s=2.2084
progress completed=1053 failed=0 in_flight=7 remaining=1257 papers/s=0.2435 pages/s=2.2075
progress completed=1054 failed=0 in_flight=7 remaining=1256 papers/s=0.2437 pages/s=2.2097
progress completed=1055 failed=0 in_flight=7 remaining=1255 papers/s=0.2439 pages/s=2.2119
progress completed=1056 failed=0 in_flight=7 remaining=1254 papers/s=0.2441 pages/s=2.2136
progress completed=1057 failed=0 in_flight=7 remaining=1253 papers/s=0.2441 pages/s=2.2138
progress completed=1058 failed=0 in_flight=7 remaining=1252 papers/s=0.2439 pages/s=2.2123
progress completed=1059 failed=0 in_flight=7 remaining=1251 papers/s=0.2431 pages/s=2.2046
progress completed=1060 failed=0 in_flight=7 remaining=1250 papers/s=0.2434 pages/s=2.2066
progress completed=1061 failed=0 in_flight=7 remaining=1249 papers/s=0.2436 pages/s=2.2086
progress completed=1062 failed=0 in_flight=7 remaining=1248 papers/s=0.2435 pages/s=2.2081
progress completed=1063 failed=0 in_flight=7 remaining=1247 papers/s=0.2437 pages/s=2.2103
progress completed=1064 failed=0 in_flight=7 remaining=1246 papers/s=0.2439 pages/s=2.2123
progress completed=1065 failed=0 in_flight=7 remaining=1245 papers/s=0.2442 pages/s=2.2146
progress completed=1066 failed=0 in_flight=7 remaining=1244 papers/s=0.2439 pages/s=2.2128
progress completed=1067 failed=0 in_flight=7 remaining=1243 papers/s=0.2438 pages/s=2.2116
progress completed=1068 failed=0 in_flight=7 remaining=1242 papers/s=0.2438 pages/s=2.2122
progress completed=1069 failed=0 in_flight=7 remaining=1241 papers/s=0.2435 pages/s=2.2092
progress completed=1070 failed=0 in_flight=7 remaining=1240 papers/s=0.2437 pages/s=2.2114
progress completed=1071 failed=0 in_flight=7 remaining=1239 papers/s=0.2434 pages/s=2.2087
progress completed=1072 failed=0 in_flight=7 remaining=1238 papers/s=0.2437 pages/s=2.2105
progress completed=1073 failed=0 in_flight=7 remaining=1237 papers/s=0.2439 pages/s=2.2126
progress completed=1074 failed=0 in_flight=7 remaining=1236 papers/s=0.2437 pages/s=2.2111
progress completed=1075 failed=0 in_flight=7 remaining=1235 papers/s=0.2438 pages/s=2.2122
progress completed=1076 failed=0 in_flight=7 remaining=1234 papers/s=0.244 pages/s=2.2131
progress completed=1077 failed=0 in_flight=7 remaining=1233 papers/s=0.2437 pages/s=2.2102
progress completed=1078 failed=0 in_flight=7 remaining=1232 papers/s=0.2438 pages/s=2.2116
progress completed=1079 failed=0 in_flight=7 remaining=1231 papers/s=0.2435 pages/s=2.209
progress completed=1080 failed=0 in_flight=7 remaining=1230 papers/s=0.2437 pages/s=2.2105
progress completed=1081 failed=0 in_flight=7 remaining=1229 papers/s=0.2439 pages/s=2.2127
progress completed=1082 failed=0 in_flight=7 remaining=1228 papers/s=0.2436 pages/s=2.2099
progress completed=1083 failed=0 in_flight=7 remaining=1227 papers/s=0.2437 pages/s=2.2111
progress completed=1084 failed=0 in_flight=7 remaining=1226 papers/s=0.2439 pages/s=2.2131
progress completed=1085 failed=0 in_flight=7 remaining=1225 papers/s=0.2436 pages/s=2.2103
progress completed=1086 failed=0 in_flight=7 remaining=1224 papers/s=0.2436 pages/s=2.2105
progress completed=1087 failed=0 in_flight=7 remaining=1223 papers/s=0.2439 pages/s=2.2126
progress completed=1088 failed=0 in_flight=7 remaining=1222 papers/s=0.2437 pages/s=2.2113
progress completed=1089 failed=0 in_flight=7 remaining=1221 papers/s=0.2439 pages/s=2.213
progress completed=1090 failed=0 in_flight=7 remaining=1220 papers/s=0.2441 pages/s=2.215
progress completed=1091 failed=0 in_flight=7 remaining=1219 papers/s=0.2441 pages/s=2.2145
progress completed=1092 failed=0 in_flight=7 remaining=1218 papers/s=0.2441 pages/s=2.2152
progress completed=1093 failed=0 in_flight=7 remaining=1217 papers/s=0.2435 pages/s=2.21
progress completed=1094 failed=0 in_flight=7 remaining=1216 papers/s=0.2437 pages/s=2.2122
progress completed=1095 failed=0 in_flight=7 remaining=1215 papers/s=0.2438 pages/s=2.2126
progress completed=1096 failed=0 in_flight=7 remaining=1214 papers/s=0.2438 pages/s=2.2135
progress completed=1097 failed=0 in_flight=7 remaining=1213 papers/s=0.2437 pages/s=2.2125
progress completed=1098 failed=0 in_flight=7 remaining=1212 papers/s=0.2439 pages/s=2.2145
progress completed=1099 failed=0 in_flight=7 remaining=1211 papers/s=0.2436 pages/s=2.2117
progress completed=1100 failed=0 in_flight=7 remaining=1210 papers/s=0.2438 pages/s=2.2139
progress completed=1101 failed=0 in_flight=7 remaining=1209 papers/s=0.244 pages/s=2.2153
progress completed=1102 failed=0 in_flight=7 remaining=1208 papers/s=0.2442 pages/s=2.2175
progress completed=1103 failed=0 in_flight=7 remaining=1207 papers/s=0.2435 pages/s=2.2108
progress completed=1104 failed=0 in_flight=7 remaining=1206 papers/s=0.2437 pages/s=2.2119
progress completed=1105 failed=0 in_flight=7 remaining=1205 papers/s=0.2439 pages/s=2.2138
progress completed=1106 failed=0 in_flight=7 remaining=1204 papers/s=0.2441 pages/s=2.2159
progress completed=1107 failed=0 in_flight=7 remaining=1203 papers/s=0.2443 pages/s=2.2181
progress completed=1108 failed=0 in_flight=7 remaining=1202 papers/s=0.2444 pages/s=2.2184
progress completed=1109 failed=0 in_flight=7 remaining=1201 papers/s=0.2433 pages/s=2.2081
progress completed=1110 failed=0 in_flight=7 remaining=1200 papers/s=0.2435 pages/s=2.2101
progress completed=1111 failed=0 in_flight=7 remaining=1199 papers/s=0.2437 pages/s=2.2122
progress completed=1112 failed=0 in_flight=7 remaining=1198 papers/s=0.2435 pages/s=2.2108
progress completed=1113 failed=0 in_flight=7 remaining=1197 papers/s=0.2437 pages/s=2.213
progress completed=1114 failed=0 in_flight=7 remaining=1196 papers/s=0.244 pages/s=2.2147
progress completed=1115 failed=0 in_flight=7 remaining=1195 papers/s=0.244 pages/s=2.2151
progress completed=1116 failed=0 in_flight=7 remaining=1194 papers/s=0.2442 pages/s=2.2173
progress completed=1117 failed=0 in_flight=7 remaining=1193 papers/s=0.2439 pages/s=2.2146
progress completed=1118 failed=0 in_flight=7 remaining=1192 papers/s=0.2442 pages/s=2.2157
progress completed=1119 failed=0 in_flight=7 remaining=1191 papers/s=0.2441 pages/s=2.2154
progress completed=1120 failed=0 in_flight=7 remaining=1190 papers/s=0.2442 pages/s=2.2169
progress completed=1121 failed=0 in_flight=7 remaining=1189 papers/s=0.2438 pages/s=2.2133
progress completed=1122 failed=0 in_flight=7 remaining=1188 papers/s=0.244 pages/s=2.2151
progress completed=1123 failed=0 in_flight=7 remaining=1187 papers/s=0.2442 pages/s=2.2172
progress completed=1124 failed=0 in_flight=7 remaining=1186 papers/s=0.2444 pages/s=2.2194
progress completed=1125 failed=0 in_flight=7 remaining=1185 papers/s=0.2404 pages/s=2.1822
progress completed=1126 failed=0 in_flight=7 remaining=1184 papers/s=0.2397 pages/s=2.175
progress completed=1127 failed=0 in_flight=7 remaining=1183 papers/s=0.2399 pages/s=2.1768
progress completed=1128 failed=0 in_flight=7 remaining=1182 papers/s=0.2401 pages/s=2.1784
progress completed=1129 failed=0 in_flight=7 remaining=1181 papers/s=0.2403 pages/s=2.1801
progress completed=1130 failed=0 in_flight=7 remaining=1180 papers/s=0.2404 pages/s=2.1813
progress completed=1131 failed=0 in_flight=7 remaining=1179 papers/s=0.2404 pages/s=2.1815
progress completed=1132 failed=0 in_flight=7 remaining=1178 papers/s=0.2406 pages/s=2.183
progress completed=1133 failed=0 in_flight=7 remaining=1177 papers/s=0.2405 pages/s=2.182
progress completed=1134 failed=0 in_flight=7 remaining=1176 papers/s=0.2403 pages/s=2.1803
progress completed=1135 failed=0 in_flight=7 remaining=1175 papers/s=0.2398 pages/s=2.1755
progress completed=1136 failed=0 in_flight=7 remaining=1174 papers/s=0.24 pages/s=2.1776
progress completed=1137 failed=0 in_flight=7 remaining=1173 papers/s=0.2401 pages/s=2.1787
progress completed=1138 failed=0 in_flight=7 remaining=1172 papers/s=0.2403 pages/s=2.1808
progress completed=1139 failed=0 in_flight=7 remaining=1171 papers/s=0.2405 pages/s=2.1827
progress completed=1140 failed=0 in_flight=7 remaining=1170 papers/s=0.2405 pages/s=2.1826
progress completed=1141 failed=0 in_flight=7 remaining=1169 papers/s=0.2406 pages/s=2.1838
progress completed=1142 failed=0 in_flight=7 remaining=1168 papers/s=0.2404 pages/s=2.1827
progress completed=1143 failed=0 in_flight=7 remaining=1167 papers/s=0.2406 pages/s=2.1838
progress completed=1144 failed=0 in_flight=7 remaining=1166 papers/s=0.2407 pages/s=2.1839
progress completed=1145 failed=0 in_flight=7 remaining=1165 papers/s=0.2407 pages/s=2.1826
progress completed=1146 failed=0 in_flight=7 remaining=1164 papers/s=0.2408 pages/s=2.1833
progress completed=1147 failed=0 in_flight=7 remaining=1163 papers/s=0.2406 pages/s=2.1822
progress completed=1148 failed=0 in_flight=7 remaining=1162 papers/s=0.2407 pages/s=2.1834
progress completed=1149 failed=0 in_flight=7 remaining=1161 papers/s=0.24 pages/s=2.1763
progress completed=1150 failed=0 in_flight=7 remaining=1160 papers/s=0.2402 pages/s=2.1779
progress completed=1151 failed=0 in_flight=7 remaining=1159 papers/s=0.2404 pages/s=2.1798
progress completed=1152 failed=0 in_flight=7 remaining=1158 papers/s=0.2406 pages/s=2.1814
progress completed=1153 failed=0 in_flight=7 remaining=1157 papers/s=0.2408 pages/s=2.1835
progress completed=1154 failed=0 in_flight=7 remaining=1156 papers/s=0.241 pages/s=2.1855
progress completed=1155 failed=0 in_flight=7 remaining=1155 papers/s=0.2405 pages/s=2.1802
progress completed=1156 failed=0 in_flight=7 remaining=1154 papers/s=0.24 pages/s=2.176
progress completed=1157 failed=0 in_flight=7 remaining=1153 papers/s=0.2402 pages/s=2.1776
progress completed=1158 failed=0 in_flight=7 remaining=1152 papers/s=0.2404 pages/s=2.1796
progress completed=1159 failed=0 in_flight=7 remaining=1151 papers/s=0.2401 pages/s=2.1769
progress completed=1160 failed=0 in_flight=7 remaining=1150 papers/s=0.2403 pages/s=2.1789
progress completed=1161 failed=0 in_flight=7 remaining=1149 papers/s=0.2406 pages/s=2.1809
progress completed=1162 failed=0 in_flight=7 remaining=1148 papers/s=0.2406 pages/s=2.1815
progress completed=1163 failed=0 in_flight=7 remaining=1147 papers/s=0.2408 pages/s=2.1829
progress completed=1164 failed=0 in_flight=7 remaining=1146 papers/s=0.2401 pages/s=2.176
progress completed=1165 failed=0 in_flight=7 remaining=1145 papers/s=0.2403 pages/s=2.1776
progress completed=1166 failed=0 in_flight=7 remaining=1144 papers/s=0.2405 pages/s=2.1796
progress completed=1167 failed=0 in_flight=7 remaining=1143 papers/s=0.2403 pages/s=2.1774
progress completed=1168 failed=0 in_flight=7 remaining=1142 papers/s=0.2405 pages/s=2.1789
progress completed=1169 failed=0 in_flight=7 remaining=1141 papers/s=0.2407 pages/s=2.1807
progress completed=1170 failed=0 in_flight=7 remaining=1140 papers/s=0.2408 pages/s=2.1806
progress completed=1171 failed=0 in_flight=7 remaining=1139 papers/s=0.241 pages/s=2.1827
progress completed=1172 failed=0 in_flight=7 remaining=1138 papers/s=0.2408 pages/s=2.181
progress completed=1173 failed=0 in_flight=7 remaining=1137 papers/s=0.2409 pages/s=2.1812
progress completed=1174 failed=0 in_flight=7 remaining=1136 papers/s=0.2404 pages/s=2.1762
progress completed=1175 failed=0 in_flight=7 remaining=1135 papers/s=0.2406 pages/s=2.178
progress completed=1176 failed=0 in_flight=7 remaining=1134 papers/s=0.2408 pages/s=2.18
progress completed=1177 failed=0 in_flight=7 remaining=1133 papers/s=0.241 pages/s=2.182
progress completed=1178 failed=0 in_flight=7 remaining=1132 papers/s=0.241 pages/s=2.1821
progress completed=1179 failed=0 in_flight=7 remaining=1131 papers/s=0.2407 pages/s=2.1794
progress completed=1180 failed=0 in_flight=7 remaining=1130 papers/s=0.2406 pages/s=2.1782
progress completed=1181 failed=0 in_flight=7 remaining=1129 papers/s=0.2408 pages/s=2.1792
progress completed=1182 failed=0 in_flight=7 remaining=1128 papers/s=0.241 pages/s=2.1812
progress completed=1183 failed=0 in_flight=7 remaining=1127 papers/s=0.2407 pages/s=2.1785
progress completed=1184 failed=0 in_flight=7 remaining=1126 papers/s=0.2409 pages/s=2.1803
progress completed=1185 failed=0 in_flight=7 remaining=1125 papers/s=0.241 pages/s=2.1815
progress completed=1186 failed=0 in_flight=7 remaining=1124 papers/s=0.2412 pages/s=2.1835
progress completed=1187 failed=0 in_flight=7 remaining=1123 papers/s=0.2408 pages/s=2.1804
progress completed=1188 failed=0 in_flight=7 remaining=1122 papers/s=0.2409 pages/s=2.1804
progress completed=1189 failed=0 in_flight=7 remaining=1121 papers/s=0.2407 pages/s=2.1784
progress completed=1190 failed=0 in_flight=7 remaining=1120 papers/s=0.2409 pages/s=2.1804
progress completed=1191 failed=0 in_flight=7 remaining=1119 papers/s=0.241 pages/s=2.1815
progress completed=1192 failed=0 in_flight=7 remaining=1118 papers/s=0.2411 pages/s=2.1827
progress completed=1193 failed=0 in_flight=7 remaining=1117 papers/s=0.2401 pages/s=2.1736
progress completed=1194 failed=0 in_flight=7 remaining=1116 papers/s=0.2403 pages/s=2.1747
progress completed=1195 failed=0 in_flight=7 remaining=1115 papers/s=0.2404 pages/s=2.1759
progress completed=1196 failed=0 in_flight=7 remaining=1114 papers/s=0.2406 pages/s=2.1779
progress completed=1197 failed=0 in_flight=7 remaining=1113 papers/s=0.2408 pages/s=2.1792
progress completed=1198 failed=0 in_flight=7 remaining=1112 papers/s=0.241 pages/s=2.1808
progress completed=1199 failed=0 in_flight=7 remaining=1111 papers/s=0.2412 pages/s=2.1828
progress completed=1200 failed=0 in_flight=7 remaining=1110 papers/s=0.2414 pages/s=2.1848
progress completed=1201 failed=0 in_flight=7 remaining=1109 papers/s=0.2405 pages/s=2.1767
progress completed=1202 failed=0 in_flight=7 remaining=1108 papers/s=0.2407 pages/s=2.1781
progress completed=1203 failed=0 in_flight=7 remaining=1107 papers/s=0.2404 pages/s=2.1747
progress completed=1204 failed=0 in_flight=7 remaining=1106 papers/s=0.2405 pages/s=2.1767
progress completed=1205 failed=0 in_flight=7 remaining=1105 papers/s=0.2407 pages/s=2.1787
progress completed=1206 failed=0 in_flight=7 remaining=1104 papers/s=0.2409 pages/s=2.1801
progress completed=1207 failed=0 in_flight=7 remaining=1103 papers/s=0.2411 pages/s=2.1818
progress completed=1208 failed=0 in_flight=7 remaining=1102 papers/s=0.241 pages/s=2.1814
progress completed=1209 failed=0 in_flight=7 remaining=1101 papers/s=0.2404 pages/s=2.1762
progress completed=1210 failed=0 in_flight=7 remaining=1100 papers/s=0.2406 pages/s=2.1776
progress completed=1211 failed=0 in_flight=7 remaining=1099 papers/s=0.2402 pages/s=2.1741
progress completed=1212 failed=0 in_flight=7 remaining=1098 papers/s=0.2404 pages/s=2.176
progress completed=1213 failed=0 in_flight=7 remaining=1097 papers/s=0.2406 pages/s=2.178
progress completed=1214 failed=0 in_flight=7 remaining=1096 papers/s=0.2407 pages/s=2.1794
progress completed=1215 failed=0 in_flight=7 remaining=1095 papers/s=0.2408 pages/s=2.1801
progress completed=1216 failed=0 in_flight=7 remaining=1094 papers/s=0.241 pages/s=2.182
progress completed=1217 failed=0 in_flight=7 remaining=1093 papers/s=0.2405 pages/s=2.1777
progress completed=1218 failed=0 in_flight=7 remaining=1092 papers/s=0.2407 pages/s=2.1796
progress completed=1219 failed=0 in_flight=7 remaining=1091 papers/s=0.2409 pages/s=2.1815
progress completed=1220 failed=0 in_flight=7 remaining=1090 papers/s=0.2403 pages/s=2.1761
progress completed=1221 failed=0 in_flight=7 remaining=1089 papers/s=0.2405 pages/s=2.1775
progress completed=1222 failed=0 in_flight=7 remaining=1088 papers/s=0.2406 pages/s=2.1784
progress completed=1223 failed=0 in_flight=7 remaining=1087 papers/s=0.2408 pages/s=2.1803
progress completed=1224 failed=0 in_flight=7 remaining=1086 papers/s=0.241 pages/s=2.1822
progress completed=1225 failed=0 in_flight=7 remaining=1085 papers/s=0.2402 pages/s=2.1747
progress completed=1226 failed=0 in_flight=7 remaining=1084 papers/s=0.2403 pages/s=2.1758
progress completed=1227 failed=0 in_flight=7 remaining=1083 papers/s=0.2405 pages/s=2.1775
progress completed=1228 failed=0 in_flight=7 remaining=1082 papers/s=0.2407 pages/s=2.1791
progress completed=1229 failed=0 in_flight=7 remaining=1081 papers/s=0.2409 pages/s=2.181
progress completed=1230 failed=0 in_flight=7 remaining=1080 papers/s=0.2411 pages/s=2.1829
progress completed=1231 failed=0 in_flight=7 remaining=1079 papers/s=0.2408 pages/s=2.1799
progress completed=1232 failed=0 in_flight=7 remaining=1078 papers/s=0.241 pages/s=2.1814
progress completed=1233 failed=0 in_flight=7 remaining=1077 papers/s=0.241 pages/s=2.1819
progress completed=1234 failed=0 in_flight=7 remaining=1076 papers/s=0.2407 pages/s=2.1788
progress completed=1235 failed=0 in_flight=7 remaining=1075 papers/s=0.2408 pages/s=2.1799
progress completed=1236 failed=0 in_flight=7 remaining=1074 papers/s=0.241 pages/s=2.1818
progress completed=1237 failed=0 in_flight=7 remaining=1073 papers/s=0.2406 pages/s=2.1777
progress completed=1238 failed=0 in_flight=7 remaining=1072 papers/s=0.2408 pages/s=2.179
progress completed=1239 failed=0 in_flight=7 remaining=1071 papers/s=0.2409 pages/s=2.1793
progress completed=1240 failed=0 in_flight=7 remaining=1070 papers/s=0.241 pages/s=2.1811
progress completed=1241 failed=0 in_flight=7 remaining=1069 papers/s=0.2412 pages/s=2.183
progress completed=1242 failed=0 in_flight=7 remaining=1068 papers/s=0.241 pages/s=2.1814
progress completed=1243 failed=0 in_flight=7 remaining=1067 papers/s=0.2407 pages/s=2.1779
progress completed=1244 failed=0 in_flight=7 remaining=1066 papers/s=0.2409 pages/s=2.1791
progress completed=1245 failed=0 in_flight=7 remaining=1065 papers/s=0.2411 pages/s=2.1808
progress completed=1246 failed=0 in_flight=7 remaining=1064 papers/s=0.2409 pages/s=2.1783
progress completed=1247 failed=0 in_flight=7 remaining=1063 papers/s=0.241 pages/s=2.1791
progress completed=1248 failed=0 in_flight=7 remaining=1062 papers/s=0.2412 pages/s=2.181
progress completed=1249 failed=0 in_flight=7 remaining=1061 papers/s=0.2413 pages/s=2.1824
progress completed=1250 failed=0 in_flight=7 remaining=1060 papers/s=0.2413 pages/s=2.1827
progress completed=1251 failed=0 in_flight=7 remaining=1059 papers/s=0.2413 pages/s=2.1824
progress completed=1252 failed=0 in_flight=7 remaining=1058 papers/s=0.2405 pages/s=2.175
progress completed=1253 failed=0 in_flight=7 remaining=1057 papers/s=0.2407 pages/s=2.1765
progress completed=1254 failed=0 in_flight=7 remaining=1056 papers/s=0.2408 pages/s=2.1778
progress completed=1255 failed=0 in_flight=7 remaining=1055 papers/s=0.241 pages/s=2.1797
progress completed=1256 failed=0 in_flight=7 remaining=1054 papers/s=0.241 pages/s=2.1798
progress completed=1257 failed=0 in_flight=7 remaining=1053 papers/s=0.2412 pages/s=2.1813
progress completed=1258 failed=0 in_flight=7 remaining=1052 papers/s=0.2414 pages/s=2.1832
progress completed=1259 failed=0 in_flight=7 remaining=1051 papers/s=0.2413 pages/s=2.1821
progress completed=1260 failed=0 in_flight=7 remaining=1050 papers/s=0.2414 pages/s=2.1826
progress completed=1261 failed=0 in_flight=7 remaining=1049 papers/s=0.2414 pages/s=2.1823
progress completed=1262 failed=0 in_flight=7 remaining=1048 papers/s=0.2413 pages/s=2.1806
progress completed=1263 failed=0 in_flight=7 remaining=1047 papers/s=0.2414 pages/s=2.1823
progress completed=1264 failed=0 in_flight=7 remaining=1046 papers/s=0.2412 pages/s=2.1797
progress completed=1265 failed=0 in_flight=7 remaining=1045 papers/s=0.2413 pages/s=2.1809
progress completed=1266 failed=0 in_flight=7 remaining=1044 papers/s=0.2414 pages/s=2.1825
progress completed=1267 failed=0 in_flight=7 remaining=1043 papers/s=0.2416 pages/s=2.1844
progress completed=1268 failed=0 in_flight=7 remaining=1042 papers/s=0.2416 pages/s=2.1835
progress completed=1269 failed=0 in_flight=7 remaining=1041 papers/s=0.2414 pages/s=2.1815
progress completed=1270 failed=0 in_flight=7 remaining=1040 papers/s=0.2416 pages/s=2.1832
progress completed=1271 failed=0 in_flight=7 remaining=1039 papers/s=0.2416 pages/s=2.184
progress completed=1272 failed=0 in_flight=7 remaining=1038 papers/s=0.2416 pages/s=2.1829
progress completed=1273 failed=0 in_flight=7 remaining=1037 papers/s=0.2418 pages/s=2.1842
progress completed=1274 failed=0 in_flight=7 remaining=1036 papers/s=0.2414 pages/s=2.1807
progress completed=1275 failed=0 in_flight=7 remaining=1035 papers/s=0.2416 pages/s=2.1826
progress completed=1276 failed=0 in_flight=7 remaining=1034 papers/s=0.2417 pages/s=2.1844
progress completed=1277 failed=0 in_flight=7 remaining=1033 papers/s=0.2416 pages/s=2.1835
progress completed=1278 failed=0 in_flight=7 remaining=1032 papers/s=0.2413 pages/s=2.1801
progress completed=1279 failed=0 in_flight=7 remaining=1031 papers/s=0.2415 pages/s=2.182
progress completed=1280 failed=0 in_flight=7 remaining=1030 papers/s=0.2412 pages/s=2.1799
progress completed=1281 failed=0 in_flight=7 remaining=1029 papers/s=0.2414 pages/s=2.1817
progress completed=1282 failed=0 in_flight=7 remaining=1028 papers/s=0.2416 pages/s=2.1836
progress completed=1283 failed=0 in_flight=7 remaining=1027 papers/s=0.2416 pages/s=2.1839
progress completed=1284 failed=0 in_flight=7 remaining=1026 papers/s=0.2418 pages/s=2.1858
progress completed=1285 failed=0 in_flight=7 remaining=1025 papers/s=0.2417 pages/s=2.1851
progress completed=1286 failed=0 in_flight=7 remaining=1024 papers/s=0.2412 pages/s=2.181
progress completed=1287 failed=0 in_flight=7 remaining=1023 papers/s=0.2414 pages/s=2.1828
progress completed=1288 failed=0 in_flight=7 remaining=1022 papers/s=0.2416 pages/s=2.1843
progress completed=1289 failed=0 in_flight=7 remaining=1021 papers/s=0.2418 pages/s=2.1862
progress completed=1290 failed=0 in_flight=7 remaining=1020 papers/s=0.2414 pages/s=2.1824
progress completed=1291 failed=0 in_flight=7 remaining=1019 papers/s=0.2415 pages/s=2.1842
progress completed=1292 failed=0 in_flight=7 remaining=1018 papers/s=0.2417 pages/s=2.1852
progress completed=1293 failed=0 in_flight=7 remaining=1017 papers/s=0.2419 pages/s=2.1868
progress completed=1294 failed=0 in_flight=7 remaining=1016 papers/s=0.2415 pages/s=2.1834
progress completed=1295 failed=0 in_flight=7 remaining=1015 papers/s=0.2417 pages/s=2.1853
progress completed=1296 failed=0 in_flight=7 remaining=1014 papers/s=0.2418 pages/s=2.186
